evidence_id,subject_type,subject_id,predicate,object_value,source_id,locator,quote,evidence_support,source_level,review_status,reviewer_note,origin_evidence_id
FE-EVI-0357C10A69,event,EVT-00004,event_occurrence,鲁迅与柔石会面,SRC-0117,1930年3月30日,星期。昙。上午往齿科医院治疗。白薇及林惠元来。午后侍桁、雪峰、柔石来。广平来。得李春朴信。晚三弟及王蕴如携烨儿来,support,A,machine_extracted,原事件证据置信度：0.93,EVI-0357C10A69
FE-EVI-04DD852F1C,event,EVT-00005,event_occurrence,鲁迅与柔石会面,SRC-0740,第106页,"没有东西抄出,请求开释。审判长未予理睬。开庭审讯时,柔石的同乡好友、左联作家林淡秋受王育和之托也出席旁听,因案情重大,当局出于保密考虑,旁听者极少。为救援柔石,鲁迅曾捐过款。1931年2月7日《鲁迅日记》: “为赎黄后绘,捐款一百元。“ “柔石等被",support,B,machine_extracted,原事件证据置信度：0.91,EVI-04DD852F1C
FE-EVI-0528D7CD44,event,EVT-00001,event_occurrence,中国左翼作家联盟成立大会,SRC-0283,第97页,"30年代的大规模革和文化运动到1930年2月中国自由运动大同盟成立,达到了又一个高潮。加人这个反对白色恐余、争取人身言论出版结社自由群众组织的,大多是左翼作家及进步文化人,包括许多后来中国左鬓作家联盟的成员如鲁迅、潘汉年、郁达夫、田汉、郑伯奇、彭康、画室 ( 冯雪峰 ) 、王",support,B,machine_extracted,原事件证据置信度：0.88,EVI-0528D7CD44
FE-EVI-21007B9057,event,EVT-00001,event_occurrence,中国左翼作家联盟成立大会,SRC-0827,第45页,"行前还和外甥苟克嘉一同拜访了鲁迅先生,向他汇报情况,听取他的指示;潘漠华是从开封去的。在中共党组织的领导上,“从1930年4、5月起,北方文化界开始着手筹备成立北方左翼作家联盟。当时",support,B,machine_extracted,原事件证据置信度：0.86,EVI-21007B9057
FE-EVI-2EC5596E2B,event,EVT-00017,event_occurrence,鲁迅与内山完造通信,SRC-0345,1929年2月16日,晴。午后寄其中堂信。寄小峰信。寄淑卿信。寄陈毓泰、温梓川信并还稿。寄疑今信并还稿。寄许羡蒙《语丝》。林语堂来。下午往内山书店。晚寄陈望道、汪馥泉信并译稿。疑今信复退回，因觅不到住址。夜雪峰来,support,A,machine_extracted,原事件证据置信度：0.83,EVI-2EC5596E2B
FE-EVI-3B84F7AC63,event,EVT-00001,event_occurrence,中国左翼作家联盟成立大会,SRC-0683,第256页,起了重要作用。1930年3月2日出席中国左翼作家联盟成立,support,B,machine_extracted,原事件证据置信度：0.9,EVI-3B84F7AC63
FE-EVI-43ECB964FE,event,EVT-00005,event_occurrence,鲁迅与柔石会面,SRC-0900,第526页,"证,鲁迅《为丁忘却的记念》等2篇著名杂文和1931年1月楞石等被害后左联和革命作家国",support,B,machine_extracted,原事件证据置信度：0.91,EVI-43ECB964FE
FE-EVI-489692805D,event,EVT-00001,event_occurrence,中国左翼作家联盟成立大会,SRC-0125,第175页,"“组织“、“反抗“。1930年3月2日,出席中国左翼作家联盟成立",support,B,machine_extracted,原事件证据置信度：0.91,EVI-489692805D
FE-EVI-58338B3D55,event,EVT-00001,event_occurrence,中国左翼作家联盟成立大会,SRC-0797,第507页,"小说家。1930年3月2日出席中国左翼作家联盟成立大会,为左联发起人之一。左联成立后,参加左",support,B,machine_extracted,原事件证据置信度：0.88,EVI-58338B3D55
FE-EVI-6883382B0E,event,EVT-00001,event_occurrence,中国左翼作家联盟成立大会,SRC-0538,第354页,"丝社几方面人士,磋商筹组中国左翼作家联盟。工作中,尊重与信任鲁迅,逼事同鲁迅商量,表现了优良的工作作风.1930年2",support,B,machine_extracted,原事件证据置信度：0.9,EVI-6883382B0E
FE-EVI-8DB5BD3637,event,EVT-00001,event_occurrence,中国左翼作家联盟成立大会,SRC-0014,第128页,"“员会。中国左翼作家联盟的成立报导。署名“记者“,载《拓荒者》1930年3月10目1",support,B,machine_extracted,原事件证据置信度：0.9,EVI-8DB5BD3637
FE-EVI-D016A6A994,event,EVT-00005,event_occurrence,鲁迅与柔石会面,SRC-0910,第109页,"剑子手,才打吻到上述消息。“@ 鲁迅和左联的同志们终于获悉, .柔石等已于2月7日夜或2月8日娆晨被",support,B,machine_extracted,原事件证据置信度：0.91,EVI-D016A6A994
FE-EVI-FD8EBDD93E,event,EVT-00001,event_occurrence,中国左翼作家联盟成立大会,SRC-0892,第276页,"同盟。3月2日,出席中国左翼作家联盟成立大会,在会上报告筠备经过,当选为常务委员.",support,B,machine_extracted,原事件证据置信度：0.88,EVI-FD8EBDD93E
FE-OME-00001,person,ZLH-001,organization_membership,ORG-001,SRC-0001,persons.role,原始人物表将该人物标注为“核心领导”。,lead,D,pending,人物角色不能单独证明正式成员身份。,OME-00001
FE-OME-00002,person,ZLH-002,organization_membership,ORG-001,SRC-0001,persons.role,原始人物表将该人物标注为“核心领导”。,lead,D,pending,人物角色不能单独证明正式成员身份。,OME-00002
FE-OME-00003,person,ZLH-003,organization_membership,ORG-001,SRC-0001,persons.role,原始人物表将该人物标注为“核心领导”。,lead,D,pending,人物角色不能单独证明正式成员身份。,OME-00003
FE-OME-00004,person,ZLH-004,organization_membership,ORG-001,SRC-0001,persons.role,原始人物表将该人物标注为“核心领导”。,lead,D,pending,人物角色不能单独证明正式成员身份。,OME-00004
FE-OME-00005,person,ZLH-005,organization_membership,ORG-001,SRC-0001,persons.role,原始人物表将该人物标注为“核心领导”。,lead,D,pending,人物角色不能单独证明正式成员身份。,OME-00005
FE-OME-00006,person,ZLH-006,organization_membership,ORG-001,SRC-0001,persons.role,原始人物表将该人物标注为“核心领导”。,lead,D,pending,人物角色不能单独证明正式成员身份。,OME-00006
FE-OME-00007,person,ZLH-007,organization_membership,ORG-001,SRC-0001,persons.role,原始人物表将该人物标注为“核心领导”。,lead,D,pending,人物角色不能单独证明正式成员身份。,OME-00007
FE-OME-00008,person,ZLH-008,organization_membership,ORG-001,SRC-0001,persons.role,原始人物表将该人物标注为“核心领导”。,lead,D,pending,人物角色不能单独证明正式成员身份。,OME-00008
FE-OME-00009,person,ZLH-009,organization_membership,ORG-001,SRC-0001,persons.role,原始人物表将该人物标注为“核心领导”。,lead,D,pending,人物角色不能单独证明正式成员身份。,OME-00009
FE-OME-00010,person,ZLH-010,organization_membership,ORG-001,SRC-0001,persons.role,原始人物表将该人物标注为“核心领导”。,lead,D,pending,人物角色不能单独证明正式成员身份。,OME-00010
FE-OME-00014,person,ZLH-014,organization_membership,ORG-001,SRC-0001,persons.role,原始人物表将该人物标注为“核心领导”。,lead,D,pending,人物角色不能单独证明正式成员身份。,OME-00014
FE-OME-00015,person,ZLH-015,organization_membership,ORG-001,SRC-0001,persons.role,原始人物表将该人物标注为“核心领导”。,lead,D,pending,人物角色不能单独证明正式成员身份。,OME-00015
FE-OME-00017,person,ZLH-017,organization_membership,ORG-001,SRC-0001,persons.role,原始人物表将该人物标注为“骨干成员”。,lead,D,pending,人物角色不能单独证明正式成员身份。,OME-00017
FE-OME-00018,person,ZLH-018,organization_membership,ORG-001,SRC-0001,persons.role,原始人物表将该人物标注为“骨干成员”。,lead,D,pending,人物角色不能单独证明正式成员身份。,OME-00018
FE-OME-00021,person,ZLH-021,organization_membership,ORG-001,SRC-0001,persons.role,原始人物表将该人物标注为“骨干成员”。,lead,D,pending,人物角色不能单独证明正式成员身份。,OME-00021
FE-OME-00022,person,ZLH-022,organization_membership,ORG-001,SRC-0001,persons.role,原始人物表将该人物标注为“骨干成员”。,lead,D,pending,人物角色不能单独证明正式成员身份。,OME-00022
FE-OME-00023,person,ZLH-023,organization_membership,ORG-001,SRC-0001,persons.role,原始人物表将该人物标注为“骨干成员”。,lead,D,pending,人物角色不能单独证明正式成员身份。,OME-00023
FE-OME-00024,person,ZLH-024,organization_membership,ORG-001,SRC-0001,persons.role,原始人物表将该人物标注为“骨干成员”。,lead,D,pending,人物角色不能单独证明正式成员身份。,OME-00024
FE-OME-00025,person,ZLH-025,organization_membership,ORG-001,SRC-0001,persons.role,原始人物表将该人物标注为“骨干成员”。,lead,D,pending,人物角色不能单独证明正式成员身份。,OME-00025
FE-OME-00026,person,ZLH-026,organization_membership,ORG-001,SRC-0001,persons.role,原始人物表将该人物标注为“骨干成员”。,lead,D,pending,人物角色不能单独证明正式成员身份。,OME-00026
FE-OME-00029,person,ZLH-029,organization_membership,ORG-001,SRC-0001,persons.role,原始人物表将该人物标注为“骨干成员”。,lead,D,pending,人物角色不能单独证明正式成员身份。,OME-00029
FE-OME-00031,person,ZLH-031,organization_membership,ORG-001,SRC-0001,persons.role,原始人物表将该人物标注为“骨干成员”。,lead,D,pending,人物角色不能单独证明正式成员身份。,OME-00031
FE-OME-00032,person,ZLH-032,organization_membership,ORG-001,SRC-0001,persons.role,原始人物表将该人物标注为“骨干成员”。,lead,D,pending,人物角色不能单独证明正式成员身份。,OME-00032
FE-OME-00033,person,ZLH-033,organization_membership,ORG-001,SRC-0001,persons.role,原始人物表将该人物标注为“骨干成员”。,lead,D,pending,人物角色不能单独证明正式成员身份。,OME-00033
FE-OME-00035,person,ZLH-035,organization_membership,ORG-001,SRC-0001,persons.role,原始人物表将该人物标注为“骨干成员”。,lead,D,pending,人物角色不能单独证明正式成员身份。,OME-00035
FE-OME-00036,person,ZLH-036,organization_membership,ORG-001,SRC-0001,persons.role,原始人物表将该人物标注为“骨干成员”。,lead,D,pending,人物角色不能单独证明正式成员身份。,OME-00036
FE-OME-00037,person,ZLH-037,organization_membership,ORG-001,SRC-0001,persons.role,原始人物表将该人物标注为“骨干成员”。,lead,D,pending,人物角色不能单独证明正式成员身份。,OME-00037
FE-OME-00039,person,ZLH-039,organization_membership,ORG-001,SRC-0001,persons.role,原始人物表将该人物标注为“骨干成员”。,lead,D,pending,人物角色不能单独证明正式成员身份。,OME-00039
FE-OME-00040,person,ZLH-040,organization_membership,ORG-001,SRC-0001,persons.role,原始人物表将该人物标注为“骨干成员”。,lead,D,pending,人物角色不能单独证明正式成员身份。,OME-00040
FE-OME-00045,person,ZLH-045,organization_membership,ORG-001,SRC-0001,persons.role,原始人物表将该人物标注为“骨干成员”。,lead,D,pending,人物角色不能单独证明正式成员身份。,OME-00045
FE-OME-00047,person,ZLH-047,organization_membership,ORG-001,SRC-0001,persons.role,原始人物表将该人物标注为“骨干成员”。,lead,D,pending,人物角色不能单独证明正式成员身份。,OME-00047
FE-OME-00048,person,ZLH-048,organization_membership,ORG-001,SRC-0001,persons.role,原始人物表将该人物标注为“骨干成员”。,lead,D,pending,人物角色不能单独证明正式成员身份。,OME-00048
FE-OME-00054,person,ZLH-054,organization_membership,ORG-001,SRC-0001,persons.role,原始人物表将该人物标注为“骨干成员”。,lead,D,pending,人物角色不能单独证明正式成员身份。,OME-00054
FE-OME-00059,person,ZLH-059,organization_membership,ORG-001,SRC-0001,persons.role,原始人物表将该人物标注为“骨干成员”。,lead,D,pending,人物角色不能单独证明正式成员身份。,OME-00059
FE-OME-00063,person,ZLH-063,organization_membership,ORG-001,SRC-0001,persons.role,原始人物表将该人物标注为“普通成员”。,lead,D,pending,人物角色不能单独证明正式成员身份。,OME-00063
FE-OME-00067,person,ZLH-067,organization_membership,ORG-001,SRC-0001,persons.role,原始人物表将该人物标注为“普通成员”。,lead,D,pending,人物角色不能单独证明正式成员身份。,OME-00067
FE-OME-00073,person,ZLH-073,organization_membership,ORG-001,SRC-0001,persons.role,原始人物表将该人物标注为“普通成员”。,lead,D,pending,人物角色不能单独证明正式成员身份。,OME-00073
FE-OME-00076,person,ZLH-076,organization_membership,ORG-001,SRC-0001,persons.role,原始人物表将该人物标注为“普通成员”。,lead,D,pending,人物角色不能单独证明正式成员身份。,OME-00076
FE-OME-00083,person,ZLH-083,organization_membership,ORG-001,SRC-0001,persons.role,原始人物表将该人物标注为“普通成员”。,lead,D,pending,人物角色不能单独证明正式成员身份。,OME-00083
FE-OME-00087,person,ZLH-087,organization_membership,ORG-001,SRC-0001,persons.role,原始人物表将该人物标注为“普通成员”。,lead,D,pending,人物角色不能单独证明正式成员身份。,OME-00087
FE-OME-00091,person,ZLH-091,organization_membership,ORG-001,SRC-0001,persons.role,原始人物表将该人物标注为“普通成员”。,lead,D,pending,人物角色不能单独证明正式成员身份。,OME-00091
FE-OME-00098,person,ZLH-098,organization_membership,ORG-001,SRC-0001,persons.role,原始人物表将该人物标注为“相关人士”。,lead,D,pending,人物角色不能单独证明正式成员身份。,OME-00098
FE-OME-00100,person,ZLH-100,organization_membership,ORG-001,SRC-0001,persons.role,原始人物表将该人物标注为“普通成员”。,lead,D,pending,人物角色不能单独证明正式成员身份。,OME-00100
FE-OME-00105,person,ZLH-105,organization_membership,ORG-001,SRC-0001,persons.role,原始人物表将该人物标注为“普通成员”。,lead,D,pending,人物角色不能单独证明正式成员身份。,OME-00105
FE-OME-00113,person,ZLH-113,organization_membership,ORG-001,SRC-0001,persons.role,原始人物表将该人物标注为“相关人士”。,lead,D,pending,人物角色不能单独证明正式成员身份。,OME-00113
FE-OME-00114,person,ZLH-114,organization_membership,ORG-001,SRC-0001,persons.role,原始人物表将该人物标注为“相关人士”。,lead,D,pending,人物角色不能单独证明正式成员身份。,OME-00114
FE-OME-00115,person,ZLH-115,organization_membership,ORG-001,SRC-0001,persons.role,原始人物表将该人物标注为“相关人士”。,lead,D,pending,人物角色不能单独证明正式成员身份。,OME-00115
FE-OME-00116,person,ZLH-116,organization_membership,ORG-001,SRC-0001,persons.role,原始人物表将该人物标注为“普通成员”。,lead,D,pending,人物角色不能单独证明正式成员身份。,OME-00116
FE-OME-00119,person,ZLH-119,organization_membership,ORG-001,SRC-0001,persons.role,原始人物表将该人物标注为“普通成员”。,lead,D,pending,人物角色不能单独证明正式成员身份。,OME-00119
FE-OME-00120,person,ZLH-120,organization_membership,ORG-001,SRC-0001,persons.role,原始人物表将该人物标注为“普通成员”。,lead,D,pending,人物角色不能单独证明正式成员身份。,OME-00120
FE-OME-00121,person,ZLH-121,organization_membership,ORG-001,SRC-0001,persons.role,原始人物表将该人物标注为“外围联络人”。,lead,D,pending,人物角色不能单独证明正式成员身份。,OME-00121
FE-OME-00123,person,ZLH-123,organization_membership,ORG-001,SRC-0001,persons.role,原始人物表将该人物标注为“外围联络人”。,lead,D,pending,人物角色不能单独证明正式成员身份。,OME-00123
FE-OME-00124,person,ZLH-124,organization_membership,ORG-001,SRC-0001,persons.role,原始人物表将该人物标注为“外围联络人”。,lead,D,pending,人物角色不能单独证明正式成员身份。,OME-00124
FE-OME-00125,person,ZLH-125,organization_membership,ORG-001,SRC-0001,persons.role,原始人物表将该人物标注为“外围联络人”。,lead,D,pending,人物角色不能单独证明正式成员身份。,OME-00125
FE-OME-00126,person,ZLH-126,organization_membership,ORG-001,SRC-0001,persons.role,原始人物表将该人物标注为“外围联络人”。,lead,D,pending,人物角色不能单独证明正式成员身份。,OME-00126
FE-OME-00127,person,ZLH-127,organization_membership,ORG-001,SRC-0001,persons.role,原始人物表将该人物标注为“外围联络人”。,lead,D,pending,人物角色不能单独证明正式成员身份。,OME-00127
FE-OME-00128,person,ZLH-128,organization_membership,ORG-001,SRC-0001,persons.role,原始人物表将该人物标注为“外围联络人”。,lead,D,pending,人物角色不能单独证明正式成员身份。,OME-00128
FE-OME-00130,person,ZLH-130,organization_membership,ORG-001,SRC-0001,persons.role,原始人物表将该人物标注为“外围联络人”。,lead,D,pending,人物角色不能单独证明正式成员身份。,OME-00130
FE-OME-00131,person,ZLH-131,organization_membership,ORG-001,SRC-0001,persons.role,原始人物表将该人物标注为“外围联络人”。,lead,D,pending,人物角色不能单独证明正式成员身份。,OME-00131
FE-OME-00132,person,ZLH-132,organization_membership,ORG-001,SRC-0001,persons.role,原始人物表将该人物标注为“外围联络人”。,lead,D,pending,人物角色不能单独证明正式成员身份。,OME-00132
FE-OME-00133,person,ZLH-133,organization_membership,ORG-001,SRC-0001,persons.role,原始人物表将该人物标注为“外围联络人”。,lead,D,pending,人物角色不能单独证明正式成员身份。,OME-00133
FE-OME-00134,person,ZLH-134,organization_membership,ORG-001,SRC-0001,persons.role,原始人物表将该人物标注为“外围联络人”。,lead,D,pending,人物角色不能单独证明正式成员身份。,OME-00134
FE-OME-00135,person,ZLH-135,organization_membership,ORG-001,SRC-0001,persons.role,原始人物表将该人物标注为“外围联络人”。,lead,D,pending,人物角色不能单独证明正式成员身份。,OME-00135
FE-OME-00136,person,ZLH-136,organization_membership,ORG-001,SRC-0001,persons.role,原始人物表将该人物标注为“相关人士”。,lead,D,pending,人物角色不能单独证明正式成员身份。,OME-00136
FE-OME-00137,person,ZLH-137,organization_membership,ORG-001,SRC-0001,persons.role,原始人物表将该人物标注为“相关人士”。,lead,D,pending,人物角色不能单独证明正式成员身份。,OME-00137
FE-OME-00138,person,ZLH-138,organization_membership,ORG-001,SRC-0001,persons.role,原始人物表将该人物标注为“相关人士”。,lead,D,pending,人物角色不能单独证明正式成员身份。,OME-00138
FE-OME-00140,person,ZLH-140,organization_membership,ORG-001,SRC-0001,persons.role,原始人物表将该人物标注为“相关人士”。,lead,D,pending,人物角色不能单独证明正式成员身份。,OME-00140
FE-OME-00142,person,ZLH-142,organization_membership,ORG-001,SRC-0001,persons.role,原始人物表将该人物标注为“相关人士”。,lead,D,pending,人物角色不能单独证明正式成员身份。,OME-00142
FE-OME-00143,person,ZLH-143,organization_membership,ORG-001,SRC-0001,persons.role,原始人物表将该人物标注为“相关人士”。,lead,D,pending,人物角色不能单独证明正式成员身份。,OME-00143
FE-OME-00146,person,ZLH-146,organization_membership,ORG-001,SRC-0001,persons.role,原始人物表将该人物标注为“相关人士”。,lead,D,pending,人物角色不能单独证明正式成员身份。,OME-00146
FE-OME-00147,person,ZLH-147,organization_membership,ORG-001,SRC-0001,persons.role,原始人物表将该人物标注为“相关人士”。,lead,D,pending,人物角色不能单独证明正式成员身份。,OME-00147
FE-OME-00148,person,ZLH-148,organization_membership,ORG-001,SRC-0001,persons.role,原始人物表将该人物标注为“相关人士”。,lead,D,pending,人物角色不能单独证明正式成员身份。,OME-00148
FE-OME-00149,person,ZLH-149,organization_membership,ORG-001,SRC-0001,persons.role,原始人物表将该人物标注为“相关人士”。,lead,D,pending,人物角色不能单独证明正式成员身份。,OME-00149
FE-OME-00151,person,ZLH-098,organization_membership,ORG-001,SRC-0747,第8页,"伟大的爱国主义、民主主义、国际主义、共产主义战士宋庆龄以及藩元培、柳亚子、杨铨、沈钩儒、李公朴、王造时、章乃咤、史良、胡愈之等社会君流,反对蒋介石国民党的专制独裁、卖国投降,从政治上支持左联和左翼文学运动;学术界文艺界的陈望道、叶圣陶、郑振铎、曹靖华、巴金、夏不尊、李一埕、王统照、范文澜、明承仕、朱自清、艾思奇、唐弛、李何林、靳以、杜宣;新闻出版界的邹韬奋、杜重远、黎烈文、曹聚仁、赵家壁、黄源、萧乾、傅东华、赵景深、金仲华、徐调孝、章锡琛、吴朗西、马国亮、张梓生、孟十还、谢六逸、钱歌川、楼炜春、李小峰、费慎祥、杨晋豪、沈兹九、蔡幔晖和在国民党军队中工作的宣侠父等,都从各方面支持帮助左联,为左翼文学远动做了不少有益的工作;林语堂、施蛐存、沈从文、朱曼华等,与左联和左鬟文学运动存在距离或是分歧,但许多时侯还是认瞠帮助左联及左翼文学运动的",lead,B,pending,由明确身份表述自动提取，建议人工抽查。,OME-00151
FE-OME-00152,person,ZLH-128,organization_membership,ORG-001,SRC-0747,第8页,"伟大的爱国主义、民主主义、国际主义、共产主义战士宋庆龄以及藩元培、柳亚子、杨铨、沈钩儒、李公朴、王造时、章乃咤、史良、胡愈之等社会君流,反对蒋介石国民党的专制独裁、卖国投降,从政治上支持左联和左翼文学运动;学术界文艺界的陈望道、叶圣陶、郑振铎、曹靖华、巴金、夏不尊、李一埕、王统照、范文澜、明承仕、朱自清、艾思奇、唐弛、李何林、靳以、杜宣;新闻出版界的邹韬奋、杜重远、黎烈文、曹聚仁、赵家壁、黄源、萧乾、傅东华、赵景深、金仲华、徐调孝、章锡琛、吴朗西、马国亮、张梓生、孟十还、谢六逸、钱歌川、楼炜春、李小峰、费慎祥、杨晋豪、沈兹九、蔡幔晖和在国民党军队中工作的宣侠父等,都从各方面支持帮助左联,为左翼文学远动做了不少有益的工作;林语堂、施蛐存、沈从文、朱曼华等,与左联和左鬟文学运动存在距离或是分歧,但许多时侯还是认瞠帮助左联及左翼文学运动的",lead,B,pending,由明确身份表述自动提取，建议人工抽查。,OME-00152
FE-OME-00153,person,ZLH-008,organization_membership,ORG-001,SRC-0704,第9页,"中国左翼作家联盟是30年代左翼文化运动的主力军,其他还有社联(中国左翼社会科学家联盟)、剧联(中国左翼戏剧家联盟)、美联(中国左翼美术家联盟)、乐联@(中国左翼音乐工作者联盟)、语联〔中国左鬟世界语工作者联盟)、教联(中国左翼教育工作者联盟)、影联(中国左翼电影工作者联盟)等,这八个左翼文化团体,文学史家称为“八大联“,左联与它们关系密切:人员相互流动,如田汉既是左联常委,又是剧联实际领导人;朱镜我、杜国库(林伯修)、王学文等既是左联成员,又参加社联工作;各联领导及其他成员也有许多左联的朋友,时常往来,相互交流,相互参加彼此的活动;在上级领导下,左联有时还跟兄弟联盟(例如剧联)开展工作韶赛,树立了草命队伍中团结互助的榜样",support,B,pending,由明确身份表述自动提取，建议人工抽查。,OME-00153
FE-OME-00154,person,ZLH-017,organization_membership,ORG-001,SRC-0170,第10页,────────────────────────────────────────目录第一章“在白色恐怖中集绪一…(1)第一节鲁迅周围的人们…(1)第二节“无产阶级十命文学的提倡一…(2)第三节太阳社及其仪…(3)第四节“繁莱的出版明(3)第五节“左联的篝备(5)第二章“在红色巨潮中请生…(6)第一节-左联咤竖0(6)一、左联咤竞大传(6)二、左联的领导机松0(7)三、常委会下属部门…...g(8)四、左联各硒宪传0(8)五、左联的区委丁小组0(9)第二节若干史实辩此.(9)一、潘漠华出席过左联战立大会围8(9)二、左联成立新史料:冯涓璋如是谥一…(10)三、左联盛员知参尘(11)四、郜达夫怎样离开左联0(12)五、潘梓年领导过左联易0(12)第三节左联初创期的重要活动与事件.(13)一、活既的秘宿办公处(13)二、召开第一次盅员大传(13)红鉴(14)四、反对查封艺术剽祁0(14)五、揭穿敌人挑拨离间的阴谥…(15)六、荸盼、胡也频和丁玲加人左联…(15)七、中国苏维埃区域代表大会和左联第二次、第三次盟员大会…(16)八、声援中华艺术大学自动启封的斗争000(18)艾'」、簪番壕〕zz,lead,B,pending,由明确身份表述自动提取，建议人工抽查。,OME-00154
FE-OME-00155,person,ZLH-021,organization_membership,ORG-001,SRC-0170,第10页,────────────────────────────────────────目录第一章“在白色恐怖中集绪一…(1)第一节鲁迅周围的人们…(1)第二节“无产阶级十命文学的提倡一…(2)第三节太阳社及其仪…(3)第四节“繁莱的出版明(3)第五节“左联的篝备(5)第二章“在红色巨潮中请生…(6)第一节-左联咤竖0(6)一、左联咤竞大传(6)二、左联的领导机松0(7)三、常委会下属部门…...g(8)四、左联各硒宪传0(8)五、左联的区委丁小组0(9)第二节若干史实辩此.(9)一、潘漠华出席过左联战立大会围8(9)二、左联成立新史料:冯涓璋如是谥一…(10)三、左联盛员知参尘(11)四、郜达夫怎样离开左联0(12)五、潘梓年领导过左联易0(12)第三节左联初创期的重要活动与事件.(13)一、活既的秘宿办公处(13)二、召开第一次盅员大传(13)红鉴(14)四、反对查封艺术剽祁0(14)五、揭穿敌人挑拨离间的阴谥…(15)六、荸盼、胡也频和丁玲加人左联…(15)七、中国苏维埃区域代表大会和左联第二次、第三次盟员大会…(16)八、声援中华艺术大学自动启封的斗争000(18)艾'」、簪番壕〕zz,lead,B,pending,由明确身份表述自动提取，建议人工抽查。,OME-00155
FE-OME-00156,person,ZLH-005,organization_membership,ORG-001,SRC-0170,第11页,────────────────────────────────────────十、发表《左联八一富音加(20)十一、左联执委会资说0(20)十二、鲁迅五十寿辰纶盖伟0(20)十三、左联第四次盟员大佳.(22)十四、举办“文艺暑期补习班“和“现代学艺研究扈“一(23)第四节“左联的舆论机美50(23)一、左联初创期的机美刑0(24)二、其他左翼刊物…(26)第五节与国民党“民族主义文学“的斗争.(28)一、《民族主义文学“溃的出籁.(28)二、左联作家对“民族主义文学“的批判斗争一.(28)第六节“蓬勃发展的左联组织…(30)一、战斗在北方大提(31)二、战斗在日本丞京(56)井、其他各地左联.(61)第七节“三处左联办析…(62)一、“溪南左联“:一留怪闻0(62)二、“湘鄂左翼作家联盟“在着里2一…(66)三、有没有“武汊左联0(67)第八节“左联的对外联紫.(69)一、左联文化大倬蕾世…(69)二、左联与欧美、日本的联系.(75)第九节“左联初创期的文学一…(75)一、鲁迅等盟员作家的文学浑勐…(75)二、李伟森、柔石、胡也频、冯铿、殷夫的作晏…(77)三、其他左翼作家作晏00(,support,B,pending,由明确身份表述自动提取，建议人工抽查。,OME-00156
FE-OME-00157,person,ZLH-005,organization_membership,ORG-001,SRC-0170,第21页,"据几位左联发起人及早期盟员的回忆,先后担任过左联党团书记的有冯乃超、阳翰笙、钱杏郫、冯雪峰、耶林、丁玲、周扬",support,B,pending,由明确身份表述自动提取，建议人工抽查。,OME-00157
FE-OME-00158,person,ZLH-007,organization_membership,ORG-001,SRC-0170,第21页,"据几位左联发起人及早期盟员的回忆,先后担任过左联党团书记的有冯乃超、阳翰笙、钱杏郫、冯雪峰、耶林、丁玲、周扬",support,B,pending,由明确身份表述自动提取，建议人工抽查。,OME-00158
FE-OME-00160,person,ZLH-014,organization_membership,ORG-001,SRC-0170,第21页,"据几位左联发起人及早期盟员的回忆,先后担任过左联党团书记的有冯乃超、阳翰笙、钱杏郫、冯雪峰、耶林、丁玲、周扬",support,B,pending,由明确身份表述自动提取，建议人工抽查。,OME-00160
FE-OME-00161,person,ZLH-021,organization_membership,ORG-001,SRC-0170,第21页,"据几位左联发起人及早期盟员的回忆,先后担任过左联党团书记的有冯乃超、阳翰笙、钱杏郫、冯雪峰、耶林、丁玲、周扬",support,B,pending,由明确身份表述自动提取，建议人工抽查。,OME-00161
FE-OME-00162,person,ZLH-032,organization_membership,ORG-001,SRC-0739,第22页,"1935年以后的一年多时间,抱任过左联常委的有杨潮、彭慧、彭柏山、徐懋庸、何家槐、王淑明、林淡秋等",support,B,pending,由明确身份表述自动提取，建议人工抽查。,OME-00162
FE-OME-00163,person,ZLH-047,organization_membership,ORG-001,SRC-0739,第22页,"1935年以后的一年多时间,抱任过左联常委的有杨潮、彭慧、彭柏山、徐懋庸、何家槐、王淑明、林淡秋等",support,B,pending,由明确身份表述自动提取，建议人工抽查。,OME-00163
FE-OME-00164,person,ZLH-119,organization_membership,ORG-001,SRC-0739,第22页,"1935年以后的一年多时间,抱任过左联常委的有杨潮、彭慧、彭柏山、徐懋庸、何家槐、王淑明、林淡秋等",support,B,pending,由明确身份表述自动提取，建议人工抽查。,OME-00164
FE-OME-00165,person,ZLH-026,organization_membership,ORG-001,SRC-0767,第23页,"@胡风《回忆参加左联前后(二)》,《新文学史料》1984年第3期",support,B,pending,由明确身份表述自动提取，建议人工抽查。,OME-00165
FE-OME-00166,person,ZLH-001,organization_membership,ORG-001,SRC-0695,第25页,"多年来,为撰写《左联词典》,笔者从20世纪80年代起进行了广泛的社会调查,发掘并核实了许多左联史料,据我所知,左联成员总数约在440人左右,主要有:鲁迅、髯秋白、茅盾、郭沫若、潘池年(以下按生年或姓氏语音为序)、林伯修、钱亦石、白薇、洪深、黄素、王学文、郑伯奇、何畏、萧三、鄄达夫、陶商孙、方光然、金奎光、彭家煌、田汊、王一榴、董绍明、宣侠父、阿英、穆木天、魏金枝、夏衍、杨骚、杨潮、应修人、周毓英、冯乃超、洪灵菲、蒋光憔、卢芳、彭康、王任叔、许峨、杨邮人、叶林、朱镜我、冯润璋、胡风、林淡秦、歪超、柔石、唐瑜、王淑明、阳翰笙、周全平、戴平万、冯雪峰、胡也频、李伟森、螂绀弩、沈起予、艾芜、丁玲、杜君慧、侯枫、刘锡五、沙汀、夏征农、许幸之、叶沉、安娥、戴望舒、黎锦明、楼适夷、杨刚、姚蓬子、叶灵凤、方土人、刘一梦、任白戈、石凌鹤、王蕾嘉、吴冠如、徐平羽、张天翼、祝秀侠、董每戡、杜衡、冯锂、葛琴、关雷、廖沫沙、彭慧、邹韵铎、童长荣、于伶、周文、方之中、龚冰肺、韩侍桁、雷渡波、欧阳山、尹庚、周扬、周立波、冯宪章、金丁、丽尼、罗烽、马宁、任钩、石灵、王洁予、向思康、殷夫、柏山、东平、董曼尼、高云览、韩",support,B,pending,由明确身份表述自动提取，建议人工抽查。,OME-00166
FE-OME-00167,person,ZLH-002,organization_membership,ORG-001,SRC-0695,第25页,"多年来,为撰写《左联词典》,笔者从20世纪80年代起进行了广泛的社会调查,发掘并核实了许多左联史料,据我所知,左联成员总数约在440人左右,主要有:鲁迅、髯秋白、茅盾、郭沫若、潘池年(以下按生年或姓氏语音为序)、林伯修、钱亦石、白薇、洪深、黄素、王学文、郑伯奇、何畏、萧三、鄄达夫、陶商孙、方光然、金奎光、彭家煌、田汊、王一榴、董绍明、宣侠父、阿英、穆木天、魏金枝、夏衍、杨骚、杨潮、应修人、周毓英、冯乃超、洪灵菲、蒋光憔、卢芳、彭康、王任叔、许峨、杨邮人、叶林、朱镜我、冯润璋、胡风、林淡秦、歪超、柔石、唐瑜、王淑明、阳翰笙、周全平、戴平万、冯雪峰、胡也频、李伟森、螂绀弩、沈起予、艾芜、丁玲、杜君慧、侯枫、刘锡五、沙汀、夏征农、许幸之、叶沉、安娥、戴望舒、黎锦明、楼适夷、杨刚、姚蓬子、叶灵凤、方土人、刘一梦、任白戈、石凌鹤、王蕾嘉、吴冠如、徐平羽、张天翼、祝秀侠、董每戡、杜衡、冯锂、葛琴、关雷、廖沫沙、彭慧、邹韵铎、童长荣、于伶、周文、方之中、龚冰肺、韩侍桁、雷渡波、欧阳山、尹庚、周扬、周立波、冯宪章、金丁、丽尼、罗烽、马宁、任钩、石灵、王洁予、向思康、殷夫、柏山、东平、董曼尼、高云览、韩",support,B,pending,由明确身份表述自动提取，建议人工抽查。,OME-00167
FE-OME-00168,person,ZLH-004,organization_membership,ORG-001,SRC-0695,第25页,"多年来,为撰写《左联词典》,笔者从20世纪80年代起进行了广泛的社会调查,发掘并核实了许多左联史料,据我所知,左联成员总数约在440人左右,主要有:鲁迅、髯秋白、茅盾、郭沫若、潘池年(以下按生年或姓氏语音为序)、林伯修、钱亦石、白薇、洪深、黄素、王学文、郑伯奇、何畏、萧三、鄄达夫、陶商孙、方光然、金奎光、彭家煌、田汊、王一榴、董绍明、宣侠父、阿英、穆木天、魏金枝、夏衍、杨骚、杨潮、应修人、周毓英、冯乃超、洪灵菲、蒋光憔、卢芳、彭康、王任叔、许峨、杨邮人、叶林、朱镜我、冯润璋、胡风、林淡秦、歪超、柔石、唐瑜、王淑明、阳翰笙、周全平、戴平万、冯雪峰、胡也频、李伟森、螂绀弩、沈起予、艾芜、丁玲、杜君慧、侯枫、刘锡五、沙汀、夏征农、许幸之、叶沉、安娥、戴望舒、黎锦明、楼适夷、杨刚、姚蓬子、叶灵凤、方土人、刘一梦、任白戈、石凌鹤、王蕾嘉、吴冠如、徐平羽、张天翼、祝秀侠、董每戡、杜衡、冯锂、葛琴、关雷、廖沫沙、彭慧、邹韵铎、童长荣、于伶、周文、方之中、龚冰肺、韩侍桁、雷渡波、欧阳山、尹庚、周扬、周立波、冯宪章、金丁、丽尼、罗烽、马宁、任钩、石灵、王洁予、向思康、殷夫、柏山、东平、董曼尼、高云览、韩",support,B,pending,由明确身份表述自动提取，建议人工抽查。,OME-00168
FE-OME-00169,person,ZLH-005,organization_membership,ORG-001,SRC-0695,第25页,"多年来,为撰写《左联词典》,笔者从20世纪80年代起进行了广泛的社会调查,发掘并核实了许多左联史料,据我所知,左联成员总数约在440人左右,主要有:鲁迅、髯秋白、茅盾、郭沫若、潘池年(以下按生年或姓氏语音为序)、林伯修、钱亦石、白薇、洪深、黄素、王学文、郑伯奇、何畏、萧三、鄄达夫、陶商孙、方光然、金奎光、彭家煌、田汊、王一榴、董绍明、宣侠父、阿英、穆木天、魏金枝、夏衍、杨骚、杨潮、应修人、周毓英、冯乃超、洪灵菲、蒋光憔、卢芳、彭康、王任叔、许峨、杨邮人、叶林、朱镜我、冯润璋、胡风、林淡秦、歪超、柔石、唐瑜、王淑明、阳翰笙、周全平、戴平万、冯雪峰、胡也频、李伟森、螂绀弩、沈起予、艾芜、丁玲、杜君慧、侯枫、刘锡五、沙汀、夏征农、许幸之、叶沉、安娥、戴望舒、黎锦明、楼适夷、杨刚、姚蓬子、叶灵凤、方土人、刘一梦、任白戈、石凌鹤、王蕾嘉、吴冠如、徐平羽、张天翼、祝秀侠、董每戡、杜衡、冯锂、葛琴、关雷、廖沫沙、彭慧、邹韵铎、童长荣、于伶、周文、方之中、龚冰肺、韩侍桁、雷渡波、欧阳山、尹庚、周扬、周立波、冯宪章、金丁、丽尼、罗烽、马宁、任钩、石灵、王洁予、向思康、殷夫、柏山、东平、董曼尼、高云览、韩",support,B,pending,由明确身份表述自动提取，建议人工抽查。,OME-00169
FE-OME-00170,person,ZLH-007,organization_membership,ORG-001,SRC-0695,第25页,"多年来,为撰写《左联词典》,笔者从20世纪80年代起进行了广泛的社会调查,发掘并核实了许多左联史料,据我所知,左联成员总数约在440人左右,主要有:鲁迅、髯秋白、茅盾、郭沫若、潘池年(以下按生年或姓氏语音为序)、林伯修、钱亦石、白薇、洪深、黄素、王学文、郑伯奇、何畏、萧三、鄄达夫、陶商孙、方光然、金奎光、彭家煌、田汊、王一榴、董绍明、宣侠父、阿英、穆木天、魏金枝、夏衍、杨骚、杨潮、应修人、周毓英、冯乃超、洪灵菲、蒋光憔、卢芳、彭康、王任叔、许峨、杨邮人、叶林、朱镜我、冯润璋、胡风、林淡秦、歪超、柔石、唐瑜、王淑明、阳翰笙、周全平、戴平万、冯雪峰、胡也频、李伟森、螂绀弩、沈起予、艾芜、丁玲、杜君慧、侯枫、刘锡五、沙汀、夏征农、许幸之、叶沉、安娥、戴望舒、黎锦明、楼适夷、杨刚、姚蓬子、叶灵凤、方土人、刘一梦、任白戈、石凌鹤、王蕾嘉、吴冠如、徐平羽、张天翼、祝秀侠、董每戡、杜衡、冯锂、葛琴、关雷、廖沫沙、彭慧、邹韵铎、童长荣、于伶、周文、方之中、龚冰肺、韩侍桁、雷渡波、欧阳山、尹庚、周扬、周立波、冯宪章、金丁、丽尼、罗烽、马宁、任钩、石灵、王洁予、向思康、殷夫、柏山、东平、董曼尼、高云览、韩",support,B,pending,由明确身份表述自动提取，建议人工抽查。,OME-00170
FE-OME-00171,person,ZLH-009,organization_membership,ORG-001,SRC-0695,第25页,"多年来,为撰写《左联词典》,笔者从20世纪80年代起进行了广泛的社会调查,发掘并核实了许多左联史料,据我所知,左联成员总数约在440人左右,主要有:鲁迅、髯秋白、茅盾、郭沫若、潘池年(以下按生年或姓氏语音为序)、林伯修、钱亦石、白薇、洪深、黄素、王学文、郑伯奇、何畏、萧三、鄄达夫、陶商孙、方光然、金奎光、彭家煌、田汊、王一榴、董绍明、宣侠父、阿英、穆木天、魏金枝、夏衍、杨骚、杨潮、应修人、周毓英、冯乃超、洪灵菲、蒋光憔、卢芳、彭康、王任叔、许峨、杨邮人、叶林、朱镜我、冯润璋、胡风、林淡秦、歪超、柔石、唐瑜、王淑明、阳翰笙、周全平、戴平万、冯雪峰、胡也频、李伟森、螂绀弩、沈起予、艾芜、丁玲、杜君慧、侯枫、刘锡五、沙汀、夏征农、许幸之、叶沉、安娥、戴望舒、黎锦明、楼适夷、杨刚、姚蓬子、叶灵凤、方土人、刘一梦、任白戈、石凌鹤、王蕾嘉、吴冠如、徐平羽、张天翼、祝秀侠、董每戡、杜衡、冯锂、葛琴、关雷、廖沫沙、彭慧、邹韵铎、童长荣、于伶、周文、方之中、龚冰肺、韩侍桁、雷渡波、欧阳山、尹庚、周扬、周立波、冯宪章、金丁、丽尼、罗烽、马宁、任钩、石灵、王洁予、向思康、殷夫、柏山、东平、董曼尼、高云览、韩",support,B,pending,由明确身份表述自动提取，建议人工抽查。,OME-00171
FE-OME-00172,person,ZLH-010,organization_membership,ORG-001,SRC-0695,第25页,"多年来,为撰写《左联词典》,笔者从20世纪80年代起进行了广泛的社会调查,发掘并核实了许多左联史料,据我所知,左联成员总数约在440人左右,主要有:鲁迅、髯秋白、茅盾、郭沫若、潘池年(以下按生年或姓氏语音为序)、林伯修、钱亦石、白薇、洪深、黄素、王学文、郑伯奇、何畏、萧三、鄄达夫、陶商孙、方光然、金奎光、彭家煌、田汊、王一榴、董绍明、宣侠父、阿英、穆木天、魏金枝、夏衍、杨骚、杨潮、应修人、周毓英、冯乃超、洪灵菲、蒋光憔、卢芳、彭康、王任叔、许峨、杨邮人、叶林、朱镜我、冯润璋、胡风、林淡秦、歪超、柔石、唐瑜、王淑明、阳翰笙、周全平、戴平万、冯雪峰、胡也频、李伟森、螂绀弩、沈起予、艾芜、丁玲、杜君慧、侯枫、刘锡五、沙汀、夏征农、许幸之、叶沉、安娥、戴望舒、黎锦明、楼适夷、杨刚、姚蓬子、叶灵凤、方土人、刘一梦、任白戈、石凌鹤、王蕾嘉、吴冠如、徐平羽、张天翼、祝秀侠、董每戡、杜衡、冯锂、葛琴、关雷、廖沫沙、彭慧、邹韵铎、童长荣、于伶、周文、方之中、龚冰肺、韩侍桁、雷渡波、欧阳山、尹庚、周扬、周立波、冯宪章、金丁、丽尼、罗烽、马宁、任钩、石灵、王洁予、向思康、殷夫、柏山、东平、董曼尼、高云览、韩",support,B,pending,由明确身份表述自动提取，建议人工抽查。,OME-00172
FE-OME-00174,person,ZLH-014,organization_membership,ORG-001,SRC-0695,第25页,"多年来,为撰写《左联词典》,笔者从20世纪80年代起进行了广泛的社会调查,发掘并核实了许多左联史料,据我所知,左联成员总数约在440人左右,主要有:鲁迅、髯秋白、茅盾、郭沫若、潘池年(以下按生年或姓氏语音为序)、林伯修、钱亦石、白薇、洪深、黄素、王学文、郑伯奇、何畏、萧三、鄄达夫、陶商孙、方光然、金奎光、彭家煌、田汊、王一榴、董绍明、宣侠父、阿英、穆木天、魏金枝、夏衍、杨骚、杨潮、应修人、周毓英、冯乃超、洪灵菲、蒋光憔、卢芳、彭康、王任叔、许峨、杨邮人、叶林、朱镜我、冯润璋、胡风、林淡秦、歪超、柔石、唐瑜、王淑明、阳翰笙、周全平、戴平万、冯雪峰、胡也频、李伟森、螂绀弩、沈起予、艾芜、丁玲、杜君慧、侯枫、刘锡五、沙汀、夏征农、许幸之、叶沉、安娥、戴望舒、黎锦明、楼适夷、杨刚、姚蓬子、叶灵凤、方土人、刘一梦、任白戈、石凌鹤、王蕾嘉、吴冠如、徐平羽、张天翼、祝秀侠、董每戡、杜衡、冯锂、葛琴、关雷、廖沫沙、彭慧、邹韵铎、童长荣、于伶、周文、方之中、龚冰肺、韩侍桁、雷渡波、欧阳山、尹庚、周扬、周立波、冯宪章、金丁、丽尼、罗烽、马宁、任钩、石灵、王洁予、向思康、殷夫、柏山、东平、董曼尼、高云览、韩",support,B,pending,由明确身份表述自动提取，建议人工抽查。,OME-00174
FE-OME-00176,person,ZLH-017,organization_membership,ORG-001,SRC-0695,第25页,"多年来,为撰写《左联词典》,笔者从20世纪80年代起进行了广泛的社会调查,发掘并核实了许多左联史料,据我所知,左联成员总数约在440人左右,主要有:鲁迅、髯秋白、茅盾、郭沫若、潘池年(以下按生年或姓氏语音为序)、林伯修、钱亦石、白薇、洪深、黄素、王学文、郑伯奇、何畏、萧三、鄄达夫、陶商孙、方光然、金奎光、彭家煌、田汊、王一榴、董绍明、宣侠父、阿英、穆木天、魏金枝、夏衍、杨骚、杨潮、应修人、周毓英、冯乃超、洪灵菲、蒋光憔、卢芳、彭康、王任叔、许峨、杨邮人、叶林、朱镜我、冯润璋、胡风、林淡秦、歪超、柔石、唐瑜、王淑明、阳翰笙、周全平、戴平万、冯雪峰、胡也频、李伟森、螂绀弩、沈起予、艾芜、丁玲、杜君慧、侯枫、刘锡五、沙汀、夏征农、许幸之、叶沉、安娥、戴望舒、黎锦明、楼适夷、杨刚、姚蓬子、叶灵凤、方土人、刘一梦、任白戈、石凌鹤、王蕾嘉、吴冠如、徐平羽、张天翼、祝秀侠、董每戡、杜衡、冯锂、葛琴、关雷、廖沫沙、彭慧、邹韵铎、童长荣、于伶、周文、方之中、龚冰肺、韩侍桁、雷渡波、欧阳山、尹庚、周扬、周立波、冯宪章、金丁、丽尼、罗烽、马宁、任钩、石灵、王洁予、向思康、殷夫、柏山、东平、董曼尼、高云览、韩",support,B,pending,由明确身份表述自动提取，建议人工抽查。,OME-00176
FE-OME-00178,person,ZLH-021,organization_membership,ORG-001,SRC-0695,第25页,"多年来,为撰写《左联词典》,笔者从20世纪80年代起进行了广泛的社会调查,发掘并核实了许多左联史料,据我所知,左联成员总数约在440人左右,主要有:鲁迅、髯秋白、茅盾、郭沫若、潘池年(以下按生年或姓氏语音为序)、林伯修、钱亦石、白薇、洪深、黄素、王学文、郑伯奇、何畏、萧三、鄄达夫、陶商孙、方光然、金奎光、彭家煌、田汊、王一榴、董绍明、宣侠父、阿英、穆木天、魏金枝、夏衍、杨骚、杨潮、应修人、周毓英、冯乃超、洪灵菲、蒋光憔、卢芳、彭康、王任叔、许峨、杨邮人、叶林、朱镜我、冯润璋、胡风、林淡秦、歪超、柔石、唐瑜、王淑明、阳翰笙、周全平、戴平万、冯雪峰、胡也频、李伟森、螂绀弩、沈起予、艾芜、丁玲、杜君慧、侯枫、刘锡五、沙汀、夏征农、许幸之、叶沉、安娥、戴望舒、黎锦明、楼适夷、杨刚、姚蓬子、叶灵凤、方土人、刘一梦、任白戈、石凌鹤、王蕾嘉、吴冠如、徐平羽、张天翼、祝秀侠、董每戡、杜衡、冯锂、葛琴、关雷、廖沫沙、彭慧、邹韵铎、童长荣、于伶、周文、方之中、龚冰肺、韩侍桁、雷渡波、欧阳山、尹庚、周扬、周立波、冯宪章、金丁、丽尼、罗烽、马宁、任钩、石灵、王洁予、向思康、殷夫、柏山、东平、董曼尼、高云览、韩",support,B,pending,由明确身份表述自动提取，建议人工抽查。,OME-00178
FE-OME-00179,person,ZLH-022,organization_membership,ORG-001,SRC-0695,第25页,"多年来,为撰写《左联词典》,笔者从20世纪80年代起进行了广泛的社会调查,发掘并核实了许多左联史料,据我所知,左联成员总数约在440人左右,主要有:鲁迅、髯秋白、茅盾、郭沫若、潘池年(以下按生年或姓氏语音为序)、林伯修、钱亦石、白薇、洪深、黄素、王学文、郑伯奇、何畏、萧三、鄄达夫、陶商孙、方光然、金奎光、彭家煌、田汊、王一榴、董绍明、宣侠父、阿英、穆木天、魏金枝、夏衍、杨骚、杨潮、应修人、周毓英、冯乃超、洪灵菲、蒋光憔、卢芳、彭康、王任叔、许峨、杨邮人、叶林、朱镜我、冯润璋、胡风、林淡秦、歪超、柔石、唐瑜、王淑明、阳翰笙、周全平、戴平万、冯雪峰、胡也频、李伟森、螂绀弩、沈起予、艾芜、丁玲、杜君慧、侯枫、刘锡五、沙汀、夏征农、许幸之、叶沉、安娥、戴望舒、黎锦明、楼适夷、杨刚、姚蓬子、叶灵凤、方土人、刘一梦、任白戈、石凌鹤、王蕾嘉、吴冠如、徐平羽、张天翼、祝秀侠、董每戡、杜衡、冯锂、葛琴、关雷、廖沫沙、彭慧、邹韵铎、童长荣、于伶、周文、方之中、龚冰肺、韩侍桁、雷渡波、欧阳山、尹庚、周扬、周立波、冯宪章、金丁、丽尼、罗烽、马宁、任钩、石灵、王洁予、向思康、殷夫、柏山、东平、董曼尼、高云览、韩",support,B,pending,由明确身份表述自动提取，建议人工抽查。,OME-00179
FE-OME-00180,person,ZLH-023,organization_membership,ORG-001,SRC-0695,第25页,"多年来,为撰写《左联词典》,笔者从20世纪80年代起进行了广泛的社会调查,发掘并核实了许多左联史料,据我所知,左联成员总数约在440人左右,主要有:鲁迅、髯秋白、茅盾、郭沫若、潘池年(以下按生年或姓氏语音为序)、林伯修、钱亦石、白薇、洪深、黄素、王学文、郑伯奇、何畏、萧三、鄄达夫、陶商孙、方光然、金奎光、彭家煌、田汊、王一榴、董绍明、宣侠父、阿英、穆木天、魏金枝、夏衍、杨骚、杨潮、应修人、周毓英、冯乃超、洪灵菲、蒋光憔、卢芳、彭康、王任叔、许峨、杨邮人、叶林、朱镜我、冯润璋、胡风、林淡秦、歪超、柔石、唐瑜、王淑明、阳翰笙、周全平、戴平万、冯雪峰、胡也频、李伟森、螂绀弩、沈起予、艾芜、丁玲、杜君慧、侯枫、刘锡五、沙汀、夏征农、许幸之、叶沉、安娥、戴望舒、黎锦明、楼适夷、杨刚、姚蓬子、叶灵凤、方土人、刘一梦、任白戈、石凌鹤、王蕾嘉、吴冠如、徐平羽、张天翼、祝秀侠、董每戡、杜衡、冯锂、葛琴、关雷、廖沫沙、彭慧、邹韵铎、童长荣、于伶、周文、方之中、龚冰肺、韩侍桁、雷渡波、欧阳山、尹庚、周扬、周立波、冯宪章、金丁、丽尼、罗烽、马宁、任钩、石灵、王洁予、向思康、殷夫、柏山、东平、董曼尼、高云览、韩",support,B,pending,由明确身份表述自动提取，建议人工抽查。,OME-00180
FE-OME-00181,person,ZLH-024,organization_membership,ORG-001,SRC-0695,第25页,"多年来,为撰写《左联词典》,笔者从20世纪80年代起进行了广泛的社会调查,发掘并核实了许多左联史料,据我所知,左联成员总数约在440人左右,主要有:鲁迅、髯秋白、茅盾、郭沫若、潘池年(以下按生年或姓氏语音为序)、林伯修、钱亦石、白薇、洪深、黄素、王学文、郑伯奇、何畏、萧三、鄄达夫、陶商孙、方光然、金奎光、彭家煌、田汊、王一榴、董绍明、宣侠父、阿英、穆木天、魏金枝、夏衍、杨骚、杨潮、应修人、周毓英、冯乃超、洪灵菲、蒋光憔、卢芳、彭康、王任叔、许峨、杨邮人、叶林、朱镜我、冯润璋、胡风、林淡秦、歪超、柔石、唐瑜、王淑明、阳翰笙、周全平、戴平万、冯雪峰、胡也频、李伟森、螂绀弩、沈起予、艾芜、丁玲、杜君慧、侯枫、刘锡五、沙汀、夏征农、许幸之、叶沉、安娥、戴望舒、黎锦明、楼适夷、杨刚、姚蓬子、叶灵凤、方土人、刘一梦、任白戈、石凌鹤、王蕾嘉、吴冠如、徐平羽、张天翼、祝秀侠、董每戡、杜衡、冯锂、葛琴、关雷、廖沫沙、彭慧、邹韵铎、童长荣、于伶、周文、方之中、龚冰肺、韩侍桁、雷渡波、欧阳山、尹庚、周扬、周立波、冯宪章、金丁、丽尼、罗烽、马宁、任钩、石灵、王洁予、向思康、殷夫、柏山、东平、董曼尼、高云览、韩",support,B,pending,由明确身份表述自动提取，建议人工抽查。,OME-00181
FE-OME-00182,person,ZLH-025,organization_membership,ORG-001,SRC-0695,第25页,"多年来,为撰写《左联词典》,笔者从20世纪80年代起进行了广泛的社会调查,发掘并核实了许多左联史料,据我所知,左联成员总数约在440人左右,主要有:鲁迅、髯秋白、茅盾、郭沫若、潘池年(以下按生年或姓氏语音为序)、林伯修、钱亦石、白薇、洪深、黄素、王学文、郑伯奇、何畏、萧三、鄄达夫、陶商孙、方光然、金奎光、彭家煌、田汊、王一榴、董绍明、宣侠父、阿英、穆木天、魏金枝、夏衍、杨骚、杨潮、应修人、周毓英、冯乃超、洪灵菲、蒋光憔、卢芳、彭康、王任叔、许峨、杨邮人、叶林、朱镜我、冯润璋、胡风、林淡秦、歪超、柔石、唐瑜、王淑明、阳翰笙、周全平、戴平万、冯雪峰、胡也频、李伟森、螂绀弩、沈起予、艾芜、丁玲、杜君慧、侯枫、刘锡五、沙汀、夏征农、许幸之、叶沉、安娥、戴望舒、黎锦明、楼适夷、杨刚、姚蓬子、叶灵凤、方土人、刘一梦、任白戈、石凌鹤、王蕾嘉、吴冠如、徐平羽、张天翼、祝秀侠、董每戡、杜衡、冯锂、葛琴、关雷、廖沫沙、彭慧、邹韵铎、童长荣、于伶、周文、方之中、龚冰肺、韩侍桁、雷渡波、欧阳山、尹庚、周扬、周立波、冯宪章、金丁、丽尼、罗烽、马宁、任钩、石灵、王洁予、向思康、殷夫、柏山、东平、董曼尼、高云览、韩",support,B,pending,由明确身份表述自动提取，建议人工抽查。,OME-00182
FE-OME-00183,person,ZLH-026,organization_membership,ORG-001,SRC-0695,第25页,"多年来,为撰写《左联词典》,笔者从20世纪80年代起进行了广泛的社会调查,发掘并核实了许多左联史料,据我所知,左联成员总数约在440人左右,主要有:鲁迅、髯秋白、茅盾、郭沫若、潘池年(以下按生年或姓氏语音为序)、林伯修、钱亦石、白薇、洪深、黄素、王学文、郑伯奇、何畏、萧三、鄄达夫、陶商孙、方光然、金奎光、彭家煌、田汊、王一榴、董绍明、宣侠父、阿英、穆木天、魏金枝、夏衍、杨骚、杨潮、应修人、周毓英、冯乃超、洪灵菲、蒋光憔、卢芳、彭康、王任叔、许峨、杨邮人、叶林、朱镜我、冯润璋、胡风、林淡秦、歪超、柔石、唐瑜、王淑明、阳翰笙、周全平、戴平万、冯雪峰、胡也频、李伟森、螂绀弩、沈起予、艾芜、丁玲、杜君慧、侯枫、刘锡五、沙汀、夏征农、许幸之、叶沉、安娥、戴望舒、黎锦明、楼适夷、杨刚、姚蓬子、叶灵凤、方土人、刘一梦、任白戈、石凌鹤、王蕾嘉、吴冠如、徐平羽、张天翼、祝秀侠、董每戡、杜衡、冯锂、葛琴、关雷、廖沫沙、彭慧、邹韵铎、童长荣、于伶、周文、方之中、龚冰肺、韩侍桁、雷渡波、欧阳山、尹庚、周扬、周立波、冯宪章、金丁、丽尼、罗烽、马宁、任钩、石灵、王洁予、向思康、殷夫、柏山、东平、董曼尼、高云览、韩",support,B,pending,由明确身份表述自动提取，建议人工抽查。,OME-00183
FE-OME-00184,person,ZLH-031,organization_membership,ORG-001,SRC-0695,第25页,"多年来,为撰写《左联词典》,笔者从20世纪80年代起进行了广泛的社会调查,发掘并核实了许多左联史料,据我所知,左联成员总数约在440人左右,主要有:鲁迅、髯秋白、茅盾、郭沫若、潘池年(以下按生年或姓氏语音为序)、林伯修、钱亦石、白薇、洪深、黄素、王学文、郑伯奇、何畏、萧三、鄄达夫、陶商孙、方光然、金奎光、彭家煌、田汊、王一榴、董绍明、宣侠父、阿英、穆木天、魏金枝、夏衍、杨骚、杨潮、应修人、周毓英、冯乃超、洪灵菲、蒋光憔、卢芳、彭康、王任叔、许峨、杨邮人、叶林、朱镜我、冯润璋、胡风、林淡秦、歪超、柔石、唐瑜、王淑明、阳翰笙、周全平、戴平万、冯雪峰、胡也频、李伟森、螂绀弩、沈起予、艾芜、丁玲、杜君慧、侯枫、刘锡五、沙汀、夏征农、许幸之、叶沉、安娥、戴望舒、黎锦明、楼适夷、杨刚、姚蓬子、叶灵凤、方土人、刘一梦、任白戈、石凌鹤、王蕾嘉、吴冠如、徐平羽、张天翼、祝秀侠、董每戡、杜衡、冯锂、葛琴、关雷、廖沫沙、彭慧、邹韵铎、童长荣、于伶、周文、方之中、龚冰肺、韩侍桁、雷渡波、欧阳山、尹庚、周扬、周立波、冯宪章、金丁、丽尼、罗烽、马宁、任钩、石灵、王洁予、向思康、殷夫、柏山、东平、董曼尼、高云览、韩",support,B,pending,由明确身份表述自动提取，建议人工抽查。,OME-00184
FE-OME-00185,person,ZLH-032,organization_membership,ORG-001,SRC-0695,第25页,"多年来,为撰写《左联词典》,笔者从20世纪80年代起进行了广泛的社会调查,发掘并核实了许多左联史料,据我所知,左联成员总数约在440人左右,主要有:鲁迅、髯秋白、茅盾、郭沫若、潘池年(以下按生年或姓氏语音为序)、林伯修、钱亦石、白薇、洪深、黄素、王学文、郑伯奇、何畏、萧三、鄄达夫、陶商孙、方光然、金奎光、彭家煌、田汊、王一榴、董绍明、宣侠父、阿英、穆木天、魏金枝、夏衍、杨骚、杨潮、应修人、周毓英、冯乃超、洪灵菲、蒋光憔、卢芳、彭康、王任叔、许峨、杨邮人、叶林、朱镜我、冯润璋、胡风、林淡秦、歪超、柔石、唐瑜、王淑明、阳翰笙、周全平、戴平万、冯雪峰、胡也频、李伟森、螂绀弩、沈起予、艾芜、丁玲、杜君慧、侯枫、刘锡五、沙汀、夏征农、许幸之、叶沉、安娥、戴望舒、黎锦明、楼适夷、杨刚、姚蓬子、叶灵凤、方土人、刘一梦、任白戈、石凌鹤、王蕾嘉、吴冠如、徐平羽、张天翼、祝秀侠、董每戡、杜衡、冯锂、葛琴、关雷、廖沫沙、彭慧、邹韵铎、童长荣、于伶、周文、方之中、龚冰肺、韩侍桁、雷渡波、欧阳山、尹庚、周扬、周立波、冯宪章、金丁、丽尼、罗烽、马宁、任钩、石灵、王洁予、向思康、殷夫、柏山、东平、董曼尼、高云览、韩",support,B,pending,由明确身份表述自动提取，建议人工抽查。,OME-00185
FE-OME-00186,person,ZLH-033,organization_membership,ORG-001,SRC-0695,第25页,"多年来,为撰写《左联词典》,笔者从20世纪80年代起进行了广泛的社会调查,发掘并核实了许多左联史料,据我所知,左联成员总数约在440人左右,主要有:鲁迅、髯秋白、茅盾、郭沫若、潘池年(以下按生年或姓氏语音为序)、林伯修、钱亦石、白薇、洪深、黄素、王学文、郑伯奇、何畏、萧三、鄄达夫、陶商孙、方光然、金奎光、彭家煌、田汊、王一榴、董绍明、宣侠父、阿英、穆木天、魏金枝、夏衍、杨骚、杨潮、应修人、周毓英、冯乃超、洪灵菲、蒋光憔、卢芳、彭康、王任叔、许峨、杨邮人、叶林、朱镜我、冯润璋、胡风、林淡秦、歪超、柔石、唐瑜、王淑明、阳翰笙、周全平、戴平万、冯雪峰、胡也频、李伟森、螂绀弩、沈起予、艾芜、丁玲、杜君慧、侯枫、刘锡五、沙汀、夏征农、许幸之、叶沉、安娥、戴望舒、黎锦明、楼适夷、杨刚、姚蓬子、叶灵凤、方土人、刘一梦、任白戈、石凌鹤、王蕾嘉、吴冠如、徐平羽、张天翼、祝秀侠、董每戡、杜衡、冯锂、葛琴、关雷、廖沫沙、彭慧、邹韵铎、童长荣、于伶、周文、方之中、龚冰肺、韩侍桁、雷渡波、欧阳山、尹庚、周扬、周立波、冯宪章、金丁、丽尼、罗烽、马宁、任钩、石灵、王洁予、向思康、殷夫、柏山、东平、董曼尼、高云览、韩",support,B,pending,由明确身份表述自动提取，建议人工抽查。,OME-00186
FE-OME-00188,person,ZLH-035,organization_membership,ORG-001,SRC-0695,第25页,"多年来,为撰写《左联词典》,笔者从20世纪80年代起进行了广泛的社会调查,发掘并核实了许多左联史料,据我所知,左联成员总数约在440人左右,主要有:鲁迅、髯秋白、茅盾、郭沫若、潘池年(以下按生年或姓氏语音为序)、林伯修、钱亦石、白薇、洪深、黄素、王学文、郑伯奇、何畏、萧三、鄄达夫、陶商孙、方光然、金奎光、彭家煌、田汊、王一榴、董绍明、宣侠父、阿英、穆木天、魏金枝、夏衍、杨骚、杨潮、应修人、周毓英、冯乃超、洪灵菲、蒋光憔、卢芳、彭康、王任叔、许峨、杨邮人、叶林、朱镜我、冯润璋、胡风、林淡秦、歪超、柔石、唐瑜、王淑明、阳翰笙、周全平、戴平万、冯雪峰、胡也频、李伟森、螂绀弩、沈起予、艾芜、丁玲、杜君慧、侯枫、刘锡五、沙汀、夏征农、许幸之、叶沉、安娥、戴望舒、黎锦明、楼适夷、杨刚、姚蓬子、叶灵凤、方土人、刘一梦、任白戈、石凌鹤、王蕾嘉、吴冠如、徐平羽、张天翼、祝秀侠、董每戡、杜衡、冯锂、葛琴、关雷、廖沫沙、彭慧、邹韵铎、童长荣、于伶、周文、方之中、龚冰肺、韩侍桁、雷渡波、欧阳山、尹庚、周扬、周立波、冯宪章、金丁、丽尼、罗烽、马宁、任钩、石灵、王洁予、向思康、殷夫、柏山、东平、董曼尼、高云览、韩",support,B,pending,由明确身份表述自动提取，建议人工抽查。,OME-00188
FE-OME-00189,person,ZLH-036,organization_membership,ORG-001,SRC-0695,第25页,"多年来,为撰写《左联词典》,笔者从20世纪80年代起进行了广泛的社会调查,发掘并核实了许多左联史料,据我所知,左联成员总数约在440人左右,主要有:鲁迅、髯秋白、茅盾、郭沫若、潘池年(以下按生年或姓氏语音为序)、林伯修、钱亦石、白薇、洪深、黄素、王学文、郑伯奇、何畏、萧三、鄄达夫、陶商孙、方光然、金奎光、彭家煌、田汊、王一榴、董绍明、宣侠父、阿英、穆木天、魏金枝、夏衍、杨骚、杨潮、应修人、周毓英、冯乃超、洪灵菲、蒋光憔、卢芳、彭康、王任叔、许峨、杨邮人、叶林、朱镜我、冯润璋、胡风、林淡秦、歪超、柔石、唐瑜、王淑明、阳翰笙、周全平、戴平万、冯雪峰、胡也频、李伟森、螂绀弩、沈起予、艾芜、丁玲、杜君慧、侯枫、刘锡五、沙汀、夏征农、许幸之、叶沉、安娥、戴望舒、黎锦明、楼适夷、杨刚、姚蓬子、叶灵凤、方土人、刘一梦、任白戈、石凌鹤、王蕾嘉、吴冠如、徐平羽、张天翼、祝秀侠、董每戡、杜衡、冯锂、葛琴、关雷、廖沫沙、彭慧、邹韵铎、童长荣、于伶、周文、方之中、龚冰肺、韩侍桁、雷渡波、欧阳山、尹庚、周扬、周立波、冯宪章、金丁、丽尼、罗烽、马宁、任钩、石灵、王洁予、向思康、殷夫、柏山、东平、董曼尼、高云览、韩",support,B,pending,由明确身份表述自动提取，建议人工抽查。,OME-00189
FE-OME-00190,person,ZLH-037,organization_membership,ORG-001,SRC-0695,第25页,"多年来,为撰写《左联词典》,笔者从20世纪80年代起进行了广泛的社会调查,发掘并核实了许多左联史料,据我所知,左联成员总数约在440人左右,主要有:鲁迅、髯秋白、茅盾、郭沫若、潘池年(以下按生年或姓氏语音为序)、林伯修、钱亦石、白薇、洪深、黄素、王学文、郑伯奇、何畏、萧三、鄄达夫、陶商孙、方光然、金奎光、彭家煌、田汊、王一榴、董绍明、宣侠父、阿英、穆木天、魏金枝、夏衍、杨骚、杨潮、应修人、周毓英、冯乃超、洪灵菲、蒋光憔、卢芳、彭康、王任叔、许峨、杨邮人、叶林、朱镜我、冯润璋、胡风、林淡秦、歪超、柔石、唐瑜、王淑明、阳翰笙、周全平、戴平万、冯雪峰、胡也频、李伟森、螂绀弩、沈起予、艾芜、丁玲、杜君慧、侯枫、刘锡五、沙汀、夏征农、许幸之、叶沉、安娥、戴望舒、黎锦明、楼适夷、杨刚、姚蓬子、叶灵凤、方土人、刘一梦、任白戈、石凌鹤、王蕾嘉、吴冠如、徐平羽、张天翼、祝秀侠、董每戡、杜衡、冯锂、葛琴、关雷、廖沫沙、彭慧、邹韵铎、童长荣、于伶、周文、方之中、龚冰肺、韩侍桁、雷渡波、欧阳山、尹庚、周扬、周立波、冯宪章、金丁、丽尼、罗烽、马宁、任钩、石灵、王洁予、向思康、殷夫、柏山、东平、董曼尼、高云览、韩",support,B,pending,由明确身份表述自动提取，建议人工抽查。,OME-00190
FE-OME-00192,person,ZLH-039,organization_membership,ORG-001,SRC-0695,第25页,"多年来,为撰写《左联词典》,笔者从20世纪80年代起进行了广泛的社会调查,发掘并核实了许多左联史料,据我所知,左联成员总数约在440人左右,主要有:鲁迅、髯秋白、茅盾、郭沫若、潘池年(以下按生年或姓氏语音为序)、林伯修、钱亦石、白薇、洪深、黄素、王学文、郑伯奇、何畏、萧三、鄄达夫、陶商孙、方光然、金奎光、彭家煌、田汊、王一榴、董绍明、宣侠父、阿英、穆木天、魏金枝、夏衍、杨骚、杨潮、应修人、周毓英、冯乃超、洪灵菲、蒋光憔、卢芳、彭康、王任叔、许峨、杨邮人、叶林、朱镜我、冯润璋、胡风、林淡秦、歪超、柔石、唐瑜、王淑明、阳翰笙、周全平、戴平万、冯雪峰、胡也频、李伟森、螂绀弩、沈起予、艾芜、丁玲、杜君慧、侯枫、刘锡五、沙汀、夏征农、许幸之、叶沉、安娥、戴望舒、黎锦明、楼适夷、杨刚、姚蓬子、叶灵凤、方土人、刘一梦、任白戈、石凌鹤、王蕾嘉、吴冠如、徐平羽、张天翼、祝秀侠、董每戡、杜衡、冯锂、葛琴、关雷、廖沫沙、彭慧、邹韵铎、童长荣、于伶、周文、方之中、龚冰肺、韩侍桁、雷渡波、欧阳山、尹庚、周扬、周立波、冯宪章、金丁、丽尼、罗烽、马宁、任钩、石灵、王洁予、向思康、殷夫、柏山、东平、董曼尼、高云览、韩",support,B,pending,由明确身份表述自动提取，建议人工抽查。,OME-00192
FE-OME-00193,person,ZLH-040,organization_membership,ORG-001,SRC-0695,第25页,"多年来,为撰写《左联词典》,笔者从20世纪80年代起进行了广泛的社会调查,发掘并核实了许多左联史料,据我所知,左联成员总数约在440人左右,主要有:鲁迅、髯秋白、茅盾、郭沫若、潘池年(以下按生年或姓氏语音为序)、林伯修、钱亦石、白薇、洪深、黄素、王学文、郑伯奇、何畏、萧三、鄄达夫、陶商孙、方光然、金奎光、彭家煌、田汊、王一榴、董绍明、宣侠父、阿英、穆木天、魏金枝、夏衍、杨骚、杨潮、应修人、周毓英、冯乃超、洪灵菲、蒋光憔、卢芳、彭康、王任叔、许峨、杨邮人、叶林、朱镜我、冯润璋、胡风、林淡秦、歪超、柔石、唐瑜、王淑明、阳翰笙、周全平、戴平万、冯雪峰、胡也频、李伟森、螂绀弩、沈起予、艾芜、丁玲、杜君慧、侯枫、刘锡五、沙汀、夏征农、许幸之、叶沉、安娥、戴望舒、黎锦明、楼适夷、杨刚、姚蓬子、叶灵凤、方土人、刘一梦、任白戈、石凌鹤、王蕾嘉、吴冠如、徐平羽、张天翼、祝秀侠、董每戡、杜衡、冯锂、葛琴、关雷、廖沫沙、彭慧、邹韵铎、童长荣、于伶、周文、方之中、龚冰肺、韩侍桁、雷渡波、欧阳山、尹庚、周扬、周立波、冯宪章、金丁、丽尼、罗烽、马宁、任钩、石灵、王洁予、向思康、殷夫、柏山、东平、董曼尼、高云览、韩",support,B,pending,由明确身份表述自动提取，建议人工抽查。,OME-00193
FE-OME-00195,person,ZLH-045,organization_membership,ORG-001,SRC-0695,第25页,"多年来,为撰写《左联词典》,笔者从20世纪80年代起进行了广泛的社会调查,发掘并核实了许多左联史料,据我所知,左联成员总数约在440人左右,主要有:鲁迅、髯秋白、茅盾、郭沫若、潘池年(以下按生年或姓氏语音为序)、林伯修、钱亦石、白薇、洪深、黄素、王学文、郑伯奇、何畏、萧三、鄄达夫、陶商孙、方光然、金奎光、彭家煌、田汊、王一榴、董绍明、宣侠父、阿英、穆木天、魏金枝、夏衍、杨骚、杨潮、应修人、周毓英、冯乃超、洪灵菲、蒋光憔、卢芳、彭康、王任叔、许峨、杨邮人、叶林、朱镜我、冯润璋、胡风、林淡秦、歪超、柔石、唐瑜、王淑明、阳翰笙、周全平、戴平万、冯雪峰、胡也频、李伟森、螂绀弩、沈起予、艾芜、丁玲、杜君慧、侯枫、刘锡五、沙汀、夏征农、许幸之、叶沉、安娥、戴望舒、黎锦明、楼适夷、杨刚、姚蓬子、叶灵凤、方土人、刘一梦、任白戈、石凌鹤、王蕾嘉、吴冠如、徐平羽、张天翼、祝秀侠、董每戡、杜衡、冯锂、葛琴、关雷、廖沫沙、彭慧、邹韵铎、童长荣、于伶、周文、方之中、龚冰肺、韩侍桁、雷渡波、欧阳山、尹庚、周扬、周立波、冯宪章、金丁、丽尼、罗烽、马宁、任钩、石灵、王洁予、向思康、殷夫、柏山、东平、董曼尼、高云览、韩",support,B,pending,由明确身份表述自动提取，建议人工抽查。,OME-00195
FE-OME-00196,person,ZLH-048,organization_membership,ORG-001,SRC-0695,第25页,"多年来,为撰写《左联词典》,笔者从20世纪80年代起进行了广泛的社会调查,发掘并核实了许多左联史料,据我所知,左联成员总数约在440人左右,主要有:鲁迅、髯秋白、茅盾、郭沫若、潘池年(以下按生年或姓氏语音为序)、林伯修、钱亦石、白薇、洪深、黄素、王学文、郑伯奇、何畏、萧三、鄄达夫、陶商孙、方光然、金奎光、彭家煌、田汊、王一榴、董绍明、宣侠父、阿英、穆木天、魏金枝、夏衍、杨骚、杨潮、应修人、周毓英、冯乃超、洪灵菲、蒋光憔、卢芳、彭康、王任叔、许峨、杨邮人、叶林、朱镜我、冯润璋、胡风、林淡秦、歪超、柔石、唐瑜、王淑明、阳翰笙、周全平、戴平万、冯雪峰、胡也频、李伟森、螂绀弩、沈起予、艾芜、丁玲、杜君慧、侯枫、刘锡五、沙汀、夏征农、许幸之、叶沉、安娥、戴望舒、黎锦明、楼适夷、杨刚、姚蓬子、叶灵凤、方土人、刘一梦、任白戈、石凌鹤、王蕾嘉、吴冠如、徐平羽、张天翼、祝秀侠、董每戡、杜衡、冯锂、葛琴、关雷、廖沫沙、彭慧、邹韵铎、童长荣、于伶、周文、方之中、龚冰肺、韩侍桁、雷渡波、欧阳山、尹庚、周扬、周立波、冯宪章、金丁、丽尼、罗烽、马宁、任钩、石灵、王洁予、向思康、殷夫、柏山、东平、董曼尼、高云览、韩",support,B,pending,由明确身份表述自动提取，建议人工抽查。,OME-00196
FE-OME-00198,person,ZLH-054,organization_membership,ORG-001,SRC-0695,第25页,"多年来,为撰写《左联词典》,笔者从20世纪80年代起进行了广泛的社会调查,发掘并核实了许多左联史料,据我所知,左联成员总数约在440人左右,主要有:鲁迅、髯秋白、茅盾、郭沫若、潘池年(以下按生年或姓氏语音为序)、林伯修、钱亦石、白薇、洪深、黄素、王学文、郑伯奇、何畏、萧三、鄄达夫、陶商孙、方光然、金奎光、彭家煌、田汊、王一榴、董绍明、宣侠父、阿英、穆木天、魏金枝、夏衍、杨骚、杨潮、应修人、周毓英、冯乃超、洪灵菲、蒋光憔、卢芳、彭康、王任叔、许峨、杨邮人、叶林、朱镜我、冯润璋、胡风、林淡秦、歪超、柔石、唐瑜、王淑明、阳翰笙、周全平、戴平万、冯雪峰、胡也频、李伟森、螂绀弩、沈起予、艾芜、丁玲、杜君慧、侯枫、刘锡五、沙汀、夏征农、许幸之、叶沉、安娥、戴望舒、黎锦明、楼适夷、杨刚、姚蓬子、叶灵凤、方土人、刘一梦、任白戈、石凌鹤、王蕾嘉、吴冠如、徐平羽、张天翼、祝秀侠、董每戡、杜衡、冯锂、葛琴、关雷、廖沫沙、彭慧、邹韵铎、童长荣、于伶、周文、方之中、龚冰肺、韩侍桁、雷渡波、欧阳山、尹庚、周扬、周立波、冯宪章、金丁、丽尼、罗烽、马宁、任钩、石灵、王洁予、向思康、殷夫、柏山、东平、董曼尼、高云览、韩",support,B,pending,由明确身份表述自动提取，建议人工抽查。,OME-00198
FE-OME-00200,person,ZLH-059,organization_membership,ORG-001,SRC-0695,第25页,"多年来,为撰写《左联词典》,笔者从20世纪80年代起进行了广泛的社会调查,发掘并核实了许多左联史料,据我所知,左联成员总数约在440人左右,主要有:鲁迅、髯秋白、茅盾、郭沫若、潘池年(以下按生年或姓氏语音为序)、林伯修、钱亦石、白薇、洪深、黄素、王学文、郑伯奇、何畏、萧三、鄄达夫、陶商孙、方光然、金奎光、彭家煌、田汊、王一榴、董绍明、宣侠父、阿英、穆木天、魏金枝、夏衍、杨骚、杨潮、应修人、周毓英、冯乃超、洪灵菲、蒋光憔、卢芳、彭康、王任叔、许峨、杨邮人、叶林、朱镜我、冯润璋、胡风、林淡秦、歪超、柔石、唐瑜、王淑明、阳翰笙、周全平、戴平万、冯雪峰、胡也频、李伟森、螂绀弩、沈起予、艾芜、丁玲、杜君慧、侯枫、刘锡五、沙汀、夏征农、许幸之、叶沉、安娥、戴望舒、黎锦明、楼适夷、杨刚、姚蓬子、叶灵凤、方土人、刘一梦、任白戈、石凌鹤、王蕾嘉、吴冠如、徐平羽、张天翼、祝秀侠、董每戡、杜衡、冯锂、葛琴、关雷、廖沫沙、彭慧、邹韵铎、童长荣、于伶、周文、方之中、龚冰肺、韩侍桁、雷渡波、欧阳山、尹庚、周扬、周立波、冯宪章、金丁、丽尼、罗烽、马宁、任钩、石灵、王洁予、向思康、殷夫、柏山、东平、董曼尼、高云览、韩",support,B,pending,由明确身份表述自动提取，建议人工抽查。,OME-00200
FE-OME-00202,person,ZLH-063,organization_membership,ORG-001,SRC-0695,第25页,"多年来,为撰写《左联词典》,笔者从20世纪80年代起进行了广泛的社会调查,发掘并核实了许多左联史料,据我所知,左联成员总数约在440人左右,主要有:鲁迅、髯秋白、茅盾、郭沫若、潘池年(以下按生年或姓氏语音为序)、林伯修、钱亦石、白薇、洪深、黄素、王学文、郑伯奇、何畏、萧三、鄄达夫、陶商孙、方光然、金奎光、彭家煌、田汊、王一榴、董绍明、宣侠父、阿英、穆木天、魏金枝、夏衍、杨骚、杨潮、应修人、周毓英、冯乃超、洪灵菲、蒋光憔、卢芳、彭康、王任叔、许峨、杨邮人、叶林、朱镜我、冯润璋、胡风、林淡秦、歪超、柔石、唐瑜、王淑明、阳翰笙、周全平、戴平万、冯雪峰、胡也频、李伟森、螂绀弩、沈起予、艾芜、丁玲、杜君慧、侯枫、刘锡五、沙汀、夏征农、许幸之、叶沉、安娥、戴望舒、黎锦明、楼适夷、杨刚、姚蓬子、叶灵凤、方土人、刘一梦、任白戈、石凌鹤、王蕾嘉、吴冠如、徐平羽、张天翼、祝秀侠、董每戡、杜衡、冯锂、葛琴、关雷、廖沫沙、彭慧、邹韵铎、童长荣、于伶、周文、方之中、龚冰肺、韩侍桁、雷渡波、欧阳山、尹庚、周扬、周立波、冯宪章、金丁、丽尼、罗烽、马宁、任钩、石灵、王洁予、向思康、殷夫、柏山、东平、董曼尼、高云览、韩",support,B,pending,由明确身份表述自动提取，建议人工抽查。,OME-00202
FE-OME-00203,person,ZLH-076,organization_membership,ORG-001,SRC-0695,第25页,"多年来,为撰写《左联词典》,笔者从20世纪80年代起进行了广泛的社会调查,发掘并核实了许多左联史料,据我所知,左联成员总数约在440人左右,主要有:鲁迅、髯秋白、茅盾、郭沫若、潘池年(以下按生年或姓氏语音为序)、林伯修、钱亦石、白薇、洪深、黄素、王学文、郑伯奇、何畏、萧三、鄄达夫、陶商孙、方光然、金奎光、彭家煌、田汊、王一榴、董绍明、宣侠父、阿英、穆木天、魏金枝、夏衍、杨骚、杨潮、应修人、周毓英、冯乃超、洪灵菲、蒋光憔、卢芳、彭康、王任叔、许峨、杨邮人、叶林、朱镜我、冯润璋、胡风、林淡秦、歪超、柔石、唐瑜、王淑明、阳翰笙、周全平、戴平万、冯雪峰、胡也频、李伟森、螂绀弩、沈起予、艾芜、丁玲、杜君慧、侯枫、刘锡五、沙汀、夏征农、许幸之、叶沉、安娥、戴望舒、黎锦明、楼适夷、杨刚、姚蓬子、叶灵凤、方土人、刘一梦、任白戈、石凌鹤、王蕾嘉、吴冠如、徐平羽、张天翼、祝秀侠、董每戡、杜衡、冯锂、葛琴、关雷、廖沫沙、彭慧、邹韵铎、童长荣、于伶、周文、方之中、龚冰肺、韩侍桁、雷渡波、欧阳山、尹庚、周扬、周立波、冯宪章、金丁、丽尼、罗烽、马宁、任钩、石灵、王洁予、向思康、殷夫、柏山、东平、董曼尼、高云览、韩",support,B,pending,由明确身份表述自动提取，建议人工抽查。,OME-00203
FE-OME-00206,person,ZLH-087,organization_membership,ORG-001,SRC-0695,第25页,"多年来,为撰写《左联词典》,笔者从20世纪80年代起进行了广泛的社会调查,发掘并核实了许多左联史料,据我所知,左联成员总数约在440人左右,主要有:鲁迅、髯秋白、茅盾、郭沫若、潘池年(以下按生年或姓氏语音为序)、林伯修、钱亦石、白薇、洪深、黄素、王学文、郑伯奇、何畏、萧三、鄄达夫、陶商孙、方光然、金奎光、彭家煌、田汊、王一榴、董绍明、宣侠父、阿英、穆木天、魏金枝、夏衍、杨骚、杨潮、应修人、周毓英、冯乃超、洪灵菲、蒋光憔、卢芳、彭康、王任叔、许峨、杨邮人、叶林、朱镜我、冯润璋、胡风、林淡秦、歪超、柔石、唐瑜、王淑明、阳翰笙、周全平、戴平万、冯雪峰、胡也频、李伟森、螂绀弩、沈起予、艾芜、丁玲、杜君慧、侯枫、刘锡五、沙汀、夏征农、许幸之、叶沉、安娥、戴望舒、黎锦明、楼适夷、杨刚、姚蓬子、叶灵凤、方土人、刘一梦、任白戈、石凌鹤、王蕾嘉、吴冠如、徐平羽、张天翼、祝秀侠、董每戡、杜衡、冯锂、葛琴、关雷、廖沫沙、彭慧、邹韵铎、童长荣、于伶、周文、方之中、龚冰肺、韩侍桁、雷渡波、欧阳山、尹庚、周扬、周立波、冯宪章、金丁、丽尼、罗烽、马宁、任钩、石灵、王洁予、向思康、殷夫、柏山、东平、董曼尼、高云览、韩",support,B,pending,由明确身份表述自动提取，建议人工抽查。,OME-00206
FE-OME-00207,person,ZLH-100,organization_membership,ORG-001,SRC-0695,第25页,"多年来,为撰写《左联词典》,笔者从20世纪80年代起进行了广泛的社会调查,发掘并核实了许多左联史料,据我所知,左联成员总数约在440人左右,主要有:鲁迅、髯秋白、茅盾、郭沫若、潘池年(以下按生年或姓氏语音为序)、林伯修、钱亦石、白薇、洪深、黄素、王学文、郑伯奇、何畏、萧三、鄄达夫、陶商孙、方光然、金奎光、彭家煌、田汊、王一榴、董绍明、宣侠父、阿英、穆木天、魏金枝、夏衍、杨骚、杨潮、应修人、周毓英、冯乃超、洪灵菲、蒋光憔、卢芳、彭康、王任叔、许峨、杨邮人、叶林、朱镜我、冯润璋、胡风、林淡秦、歪超、柔石、唐瑜、王淑明、阳翰笙、周全平、戴平万、冯雪峰、胡也频、李伟森、螂绀弩、沈起予、艾芜、丁玲、杜君慧、侯枫、刘锡五、沙汀、夏征农、许幸之、叶沉、安娥、戴望舒、黎锦明、楼适夷、杨刚、姚蓬子、叶灵凤、方土人、刘一梦、任白戈、石凌鹤、王蕾嘉、吴冠如、徐平羽、张天翼、祝秀侠、董每戡、杜衡、冯锂、葛琴、关雷、廖沫沙、彭慧、邹韵铎、童长荣、于伶、周文、方之中、龚冰肺、韩侍桁、雷渡波、欧阳山、尹庚、周扬、周立波、冯宪章、金丁、丽尼、罗烽、马宁、任钩、石灵、王洁予、向思康、殷夫、柏山、东平、董曼尼、高云览、韩",support,B,pending,由明确身份表述自动提取，建议人工抽查。,OME-00207
FE-OME-00209,person,ZLH-105,organization_membership,ORG-001,SRC-0695,第25页,"多年来,为撰写《左联词典》,笔者从20世纪80年代起进行了广泛的社会调查,发掘并核实了许多左联史料,据我所知,左联成员总数约在440人左右,主要有:鲁迅、髯秋白、茅盾、郭沫若、潘池年(以下按生年或姓氏语音为序)、林伯修、钱亦石、白薇、洪深、黄素、王学文、郑伯奇、何畏、萧三、鄄达夫、陶商孙、方光然、金奎光、彭家煌、田汊、王一榴、董绍明、宣侠父、阿英、穆木天、魏金枝、夏衍、杨骚、杨潮、应修人、周毓英、冯乃超、洪灵菲、蒋光憔、卢芳、彭康、王任叔、许峨、杨邮人、叶林、朱镜我、冯润璋、胡风、林淡秦、歪超、柔石、唐瑜、王淑明、阳翰笙、周全平、戴平万、冯雪峰、胡也频、李伟森、螂绀弩、沈起予、艾芜、丁玲、杜君慧、侯枫、刘锡五、沙汀、夏征农、许幸之、叶沉、安娥、戴望舒、黎锦明、楼适夷、杨刚、姚蓬子、叶灵凤、方土人、刘一梦、任白戈、石凌鹤、王蕾嘉、吴冠如、徐平羽、张天翼、祝秀侠、董每戡、杜衡、冯锂、葛琴、关雷、廖沫沙、彭慧、邹韵铎、童长荣、于伶、周文、方之中、龚冰肺、韩侍桁、雷渡波、欧阳山、尹庚、周扬、周立波、冯宪章、金丁、丽尼、罗烽、马宁、任钩、石灵、王洁予、向思康、殷夫、柏山、东平、董曼尼、高云览、韩",support,B,pending,由明确身份表述自动提取，建议人工抽查。,OME-00209
FE-OME-00211,person,ZLH-119,organization_membership,ORG-001,SRC-0695,第25页,"多年来,为撰写《左联词典》,笔者从20世纪80年代起进行了广泛的社会调查,发掘并核实了许多左联史料,据我所知,左联成员总数约在440人左右,主要有:鲁迅、髯秋白、茅盾、郭沫若、潘池年(以下按生年或姓氏语音为序)、林伯修、钱亦石、白薇、洪深、黄素、王学文、郑伯奇、何畏、萧三、鄄达夫、陶商孙、方光然、金奎光、彭家煌、田汊、王一榴、董绍明、宣侠父、阿英、穆木天、魏金枝、夏衍、杨骚、杨潮、应修人、周毓英、冯乃超、洪灵菲、蒋光憔、卢芳、彭康、王任叔、许峨、杨邮人、叶林、朱镜我、冯润璋、胡风、林淡秦、歪超、柔石、唐瑜、王淑明、阳翰笙、周全平、戴平万、冯雪峰、胡也频、李伟森、螂绀弩、沈起予、艾芜、丁玲、杜君慧、侯枫、刘锡五、沙汀、夏征农、许幸之、叶沉、安娥、戴望舒、黎锦明、楼适夷、杨刚、姚蓬子、叶灵凤、方土人、刘一梦、任白戈、石凌鹤、王蕾嘉、吴冠如、徐平羽、张天翼、祝秀侠、董每戡、杜衡、冯锂、葛琴、关雷、廖沫沙、彭慧、邹韵铎、童长荣、于伶、周文、方之中、龚冰肺、韩侍桁、雷渡波、欧阳山、尹庚、周扬、周立波、冯宪章、金丁、丽尼、罗烽、马宁、任钩、石灵、王洁予、向思康、殷夫、柏山、东平、董曼尼、高云览、韩",support,B,pending,由明确身份表述自动提取，建议人工抽查。,OME-00211
FE-OME-00212,person,ZLH-120,organization_membership,ORG-001,SRC-0695,第25页,"多年来,为撰写《左联词典》,笔者从20世纪80年代起进行了广泛的社会调查,发掘并核实了许多左联史料,据我所知,左联成员总数约在440人左右,主要有:鲁迅、髯秋白、茅盾、郭沫若、潘池年(以下按生年或姓氏语音为序)、林伯修、钱亦石、白薇、洪深、黄素、王学文、郑伯奇、何畏、萧三、鄄达夫、陶商孙、方光然、金奎光、彭家煌、田汊、王一榴、董绍明、宣侠父、阿英、穆木天、魏金枝、夏衍、杨骚、杨潮、应修人、周毓英、冯乃超、洪灵菲、蒋光憔、卢芳、彭康、王任叔、许峨、杨邮人、叶林、朱镜我、冯润璋、胡风、林淡秦、歪超、柔石、唐瑜、王淑明、阳翰笙、周全平、戴平万、冯雪峰、胡也频、李伟森、螂绀弩、沈起予、艾芜、丁玲、杜君慧、侯枫、刘锡五、沙汀、夏征农、许幸之、叶沉、安娥、戴望舒、黎锦明、楼适夷、杨刚、姚蓬子、叶灵凤、方土人、刘一梦、任白戈、石凌鹤、王蕾嘉、吴冠如、徐平羽、张天翼、祝秀侠、董每戡、杜衡、冯锂、葛琴、关雷、廖沫沙、彭慧、邹韵铎、童长荣、于伶、周文、方之中、龚冰肺、韩侍桁、雷渡波、欧阳山、尹庚、周扬、周立波、冯宪章、金丁、丽尼、罗烽、马宁、任钩、石灵、王洁予、向思康、殷夫、柏山、东平、董曼尼、高云览、韩",support,B,pending,由明确身份表述自动提取，建议人工抽查。,OME-00212
FE-OME-00219,person,ZLH-014,organization_membership,ORG-001,SRC-0749,第38页,"《萌芽月刊》出到5月1日第1卷第5期被禁,第6期改名《新地月刊》,发表了苏联作家伦支的《我们为什么不是和平主义耆》(觉非译),鲁迅的《〈艺术论〉译序》,续载法捷耶夫的《溃灭》,又刊出了冯乃超的重要论文《中国无产阶级文艺运动与左联成立的意义》",lead,B,pending,由明确身份表述自动提取，建议人工抽查。,OME-00219
FE-OME-00220,person,ZLH-142,organization_membership,ORG-001,SRC-0749,第38页,"《萌芽月刊》出到5月1日第1卷第5期被禁,第6期改名《新地月刊》,发表了苏联作家伦支的《我们为什么不是和平主义耆》(觉非译),鲁迅的《〈艺术论〉译序》,续载法捷耶夫的《溃灭》,又刊出了冯乃超的重要论文《中国无产阶级文艺运动与左联成立的意义》",lead,B,pending,由明确身份表述自动提取，建议人工抽查。,OME-00220
FE-OME-00221,person,ZLH-003,organization_membership,ORG-001,SRC-0651,第40页,这些反动理论遭到瞿秋白、朱镜我、王学文等左联成员的有力批判,support,B,pending,由明确身份表述自动提取，建议人工抽查。,OME-00221
FE-OME-00223,person,ZLH-083,organization_membership,ORG-001,SRC-0989,第73页,"“1933年6月,胡风、聂绀弩等回国后,9月,中国左联盟员林焕平和他的几位同志又来到东京",support,B,pending,由明确身份表述自动提取，建议人工抽查。,OME-00223
FE-OME-00224,person,ZLH-008,organization_membership,ORG-001,SRC-0170,第74页,"其他中国左联盟员田汉、杨骚、凌鹤、徐懋座等也在此发表作品,这些都使刊物的活力倍增",support,B,pending,由明确身份表述自动提取，建议人工抽查。,OME-00224
FE-OME-00226,person,ZLH-001,organization_membership,ORG-001,SRC-0283,第97页,"他在1930年7月12一15日上海《民国日报》抛出一篇题名《对于争取自由的认识》的大文,恶狠狠地把矛头对准鲁迅和左联:“攻击新月派的大同盟派,他们梦想着什么自由昵",lead,B,pending,由明确身份表述自动提取，建议人工抽查。,OME-00226
FE-OME-00227,person,ZLH-018,organization_membership,ORG-001,SRC-0170,第105页,"2.荻救李伟森、柔石、胡也频、殷夫、冯铿、林育南等左翼作家及党的重要干部被捕的消息,在中共党内和左联引起巨大震动,大家关心他们,希望党组织和社会善良人士能营救他们脱出魔掌",lead,B,pending,由明确身份表述自动提取，建议人工抽查。,OME-00227
FE-OME-00229,person,ZLH-001,organization_membership,ORG-001,SRC-0910,第109页,"“@鲁迅和左联的同志们终于获悉,.柔石等已于2月7日夜或2月8日娆晨被害于龙华警备司令部",lead,B,pending,由明确身份表述自动提取，建议人工抽查。,OME-00229
FE-OME-00231,person,ZLH-005,organization_membership,ORG-001,SRC-0170,第111页,"四、冯雪峰接任左联党团书记李伟森、柔石等牺性后,左联遭此打击,一些盟员被迫离开上海,另一些盟员暂时中断联盟的工作,更有极少数,于胤从“左翼“变成右翼,成为“民族主义文学“的走卒,如周毓英等",support,B,pending,由明确身份表述自动提取，建议人工抽查。,OME-00231
FE-OME-00234,person,ZLH-014,organization_membership,ORG-001,SRC-0170,第111页,"就在这关键时刻,中国左翼文化总同盟(文总)决定由冯雪峰接替冯乃超担任左联党团书记,冯乃超改任文总党团书记",support,B,pending,由明确身份表述自动提取，建议人工抽查。,OME-00234
FE-OME-00235,person,ZLH-001,organization_membership,ORG-001,SRC-0170,第120页,"2.一幅纪念左联五烈士的木刻“一人艺社“上海分社的青年木刻家汪占辉,从《文艺新闻》上读到5位作家的死讯,万分悲愤,鲁迅与左联五烈士冒怀苏作〇陈弘《深切的怀念和敬意一一日本朋友回忆鲁迅在同文书院的讲演》,1981年9月19日《人民日报》",lead,B,pending,由明确身份表述自动提取，建议人工抽查。,OME-00235
FE-OME-00236,person,ZLH-003,organization_membership,ORG-001,SRC-0170,第132页,瞿秋白参与左联领导30年代是中国知识分子大飞既或大倒退的时代,lead,B,pending,由明确身份表述自动提取，建议人工抽查。,OME-00236
FE-OME-00237,person,ZLH-005,organization_membership,ORG-001,SRC-0170,第132页,"朋后,通过左联党团书记冯雪峰的往来穿梭、互相传话,“秋白同志就开始和左联发生关系,并且比较直接地领导我们工作了",lead,B,pending,由明确身份表述自动提取，建议人工抽查。,OME-00237
FE-OME-00238,person,ZLH-002,organization_membership,ORG-001,SRC-0170,第132页,"同年8月4日左联执委会通过的决议《无产阶级文学运动新的情势和我们的任务》,当年的左联行政书记茅盾在晚年的回忆录中曾对此作了恰当的批评",support,B,pending,由明确身份表述自动提取，建议人工抽查。,OME-00238
FE-OME-00239,person,ZLH-009,organization_membership,ORG-001,SRC-0170,第135页,"周与左耀作家钱杏郭是安徽同乡,对钱的文学活动又深为了解,因而首先就邀请他去公司担任电影脚本的编写工作,钱杏郫又约请左联成员郑伯奇、沈端先一起去明星公司",support,B,pending,由明确身份表述自动提取，建议人工抽查。,OME-00239
FE-OME-00240,person,ZLH-003,organization_membership,ORG-001,SRC-0170,第135页,"瞿秋白参加左联领导工作时,肺结核病缠身,又受到王明路线政治上的迫害打击,国民党当局更以2万元大洋悬赏,和中共领导人周恩来一同受到严厉通缉,身处危境,他衰弱的病体经受着巨大压力",support,B,pending,由明确身份表述自动提取，建议人工抽查。,OME-00240
FE-OME-00241,person,ZLH-003,organization_membership,ORG-001,SRC-0170,第137页,"虽然结论如何,没有继续公布,我们不得而知,但是从这个文件可以看出,从瞿秋白参加左联领导工作后,左联秘书处的干劲足了,政进工作的揩施也较有力度,成立初期领导层的散漫无力状态正在得到克服",support,B,pending,由明确身份表述自动提取，建议人工抽查。,OME-00241
FE-OME-00242,person,ZLH-005,organization_membership,ORG-001,SRC-0170,第141页,"1932年1月17日下午,也就是市民大会刚刚结束,在青年会一楼召开了“中国著作者协会“发起会,共35位著作家出席,其中有左联成员蓬子、穆木天、郑伯奇、钱亦石、何畏、何丹仁(冯雪峰)、袁殊、适夷、丁玲、杨骚、叶华蒂(以群)、沈起予,余为陈子展、王礼锡、────────────────────────────────────────",support,B,pending,由明确身份表述自动提取，建议人工抽查。,OME-00242
FE-OME-00243,person,ZLH-009,organization_membership,ORG-001,SRC-0170,第141页,"1932年1月17日下午,也就是市民大会刚刚结束,在青年会一楼召开了“中国著作者协会“发起会,共35位著作家出席,其中有左联成员蓬子、穆木天、郑伯奇、钱亦石、何畏、何丹仁(冯雪峰)、袁殊、适夷、丁玲、杨骚、叶华蒂(以群)、沈起予,余为陈子展、王礼锡、────────────────────────────────────────",support,B,pending,由明确身份表述自动提取，建议人工抽查。,OME-00243
FE-OME-00244,person,ZLH-021,organization_membership,ORG-001,SRC-0170,第141页,"1932年1月17日下午,也就是市民大会刚刚结束,在青年会一楼召开了“中国著作者协会“发起会,共35位著作家出席,其中有左联成员蓬子、穆木天、郑伯奇、钱亦石、何畏、何丹仁(冯雪峰)、袁殊、适夷、丁玲、杨骚、叶华蒂(以群)、沈起予,余为陈子展、王礼锡、────────────────────────────────────────",support,B,pending,由明确身份表述自动提取，建议人工抽查。,OME-00244
FE-OME-00245,person,ZLH-036,organization_membership,ORG-001,SRC-0170,第141页,"1932年1月17日下午,也就是市民大会刚刚结束,在青年会一楼召开了“中国著作者协会“发起会,共35位著作家出席,其中有左联成员蓬子、穆木天、郑伯奇、钱亦石、何畏、何丹仁(冯雪峰)、袁殊、适夷、丁玲、杨骚、叶华蒂(以群)、沈起予,余为陈子展、王礼锡、────────────────────────────────────────",support,B,pending,由明确身份表述自动提取，建议人工抽查。,OME-00245
FE-OME-00246,person,ZLH-100,organization_membership,ORG-001,SRC-0170,第141页,"1932年1月17日下午,也就是市民大会刚刚结束,在青年会一楼召开了“中国著作者协会“发起会,共35位著作家出席,其中有左联成员蓬子、穆木天、郑伯奇、钱亦石、何畏、何丹仁(冯雪峰)、袁殊、适夷、丁玲、杨骚、叶华蒂(以群)、沈起予,余为陈子展、王礼锡、────────────────────────────────────────",support,B,pending,由明确身份表述自动提取，建议人工抽查。,OME-00246
FE-OME-00247,person,ZLH-105,organization_membership,ORG-001,SRC-0170,第141页,"1932年1月17日下午,也就是市民大会刚刚结束,在青年会一楼召开了“中国著作者协会“发起会,共35位著作家出席,其中有左联成员蓬子、穆木天、郑伯奇、钱亦石、何畏、何丹仁(冯雪峰)、袁殊、适夷、丁玲、杨骚、叶华蒂(以群)、沈起予,余为陈子展、王礼锡、────────────────────────────────────────",support,B,pending,由明确身份表述自动提取，建议人工抽查。,OME-00247
FE-OME-00248,person,ZLH-001,organization_membership,ORG-001,SRC-0170,第182页,"文中对若干作品的评论未必得当,但他宣扬的一种理论观点却值得重视,胡风说:“愈和新兴阶级底主观相接近,就愈能把揭到客观的现实,-..-..一切和新兴阶级底主观游离的或相反的客观主义,都是旁观主义,“虚伪的客观主义「,......我们诚恳地希望作者们“百尺竿头更进一步“,和新兴阶级底主观能够有比现在较好的接近,......“5.《关于胡秋原、苏汶与左联的文艺论战》及其他在冯雪峰、相秋白、周扬、鲁迅、朐风等左联领导人和评论家奋起批驳“自由人“、“第三种人“时,另一些左联成员和盟外人士也发表文章表示声援,他们是舒月、刘微尘、陈望道、祝秀侠、金丁、谷万川等",lead,B,pending,由明确身份表述自动提取，建议人工抽查。,OME-00248
FE-OME-00249,person,ZLH-005,organization_membership,ORG-001,SRC-0170,第182页,"文中对若干作品的评论未必得当,但他宣扬的一种理论观点却值得重视,胡风说:“愈和新兴阶级底主观相接近,就愈能把揭到客观的现实,-..-..一切和新兴阶级底主观游离的或相反的客观主义,都是旁观主义,“虚伪的客观主义「,......我们诚恳地希望作者们“百尺竿头更进一步“,和新兴阶级底主观能够有比现在较好的接近,......“5.《关于胡秋原、苏汶与左联的文艺论战》及其他在冯雪峰、相秋白、周扬、鲁迅、朐风等左联领导人和评论家奋起批驳“自由人“、“第三种人“时,另一些左联成员和盟外人士也发表文章表示声援,他们是舒月、刘微尘、陈望道、祝秀侠、金丁、谷万川等",lead,B,pending,由明确身份表述自动提取，建议人工抽查。,OME-00249
FE-OME-00250,person,ZLH-007,organization_membership,ORG-001,SRC-0170,第182页,"文中对若干作品的评论未必得当,但他宣扬的一种理论观点却值得重视,胡风说:“愈和新兴阶级底主观相接近,就愈能把揭到客观的现实,-..-..一切和新兴阶级底主观游离的或相反的客观主义,都是旁观主义,“虚伪的客观主义「,......我们诚恳地希望作者们“百尺竿头更进一步“,和新兴阶级底主观能够有比现在较好的接近,......“5.《关于胡秋原、苏汶与左联的文艺论战》及其他在冯雪峰、相秋白、周扬、鲁迅、朐风等左联领导人和评论家奋起批驳“自由人“、“第三种人“时,另一些左联成员和盟外人士也发表文章表示声援,他们是舒月、刘微尘、陈望道、祝秀侠、金丁、谷万川等",lead,B,pending,由明确身份表述自动提取，建议人工抽查。,OME-00250
FE-OME-00251,person,ZLH-001,organization_membership,ORG-001,SRC-0815,第189页,"汞雪峰是左联发起人之一,曾任左联党囡书记,和鲁迅先生又有着非同寻常的关系,这件事情便得到左联的全力配合与鲁迅先生的鼎力相助",support,B,pending,由明确身份表述自动提取，建议人工抽查。,OME-00251
FE-OME-00252,person,ZLH-037,organization_membership,ORG-001,SRC-0815,第189页,"为了和日本共产党方面商谈有关事宜,党组织派遣左联成员楼适夷去东京",support,B,pending,由明确身份表述自动提取，建议人工抽查。,OME-00252
FE-OME-00255,person,ZLH-073,organization_membership,ORG-001,SRC-0868,第213页,"开始时因不明白它的政治倾向或因受上述儿个人的拉稿(他们都是左联成员),方之中、戴平万、柳倩、王余杞、黎锦明等左联盟员作家都曾在此发表过作品,但为数甚少,也不是他们的重要作品",support,B,pending,由明确身份表述自动提取，建议人工抽查。,OME-00255
FE-OME-00258,person,ZLH-001,organization_membership,ORG-001,SRC-0828,第233页,"编委会人员是郁达夫、茅盾、胡愈之、洪深、陈望道、徐调孚、傅东华、叶绍钩、郑振铎;“特约撰稿员“中有丁玲、方光焘、田汉、白薇、沈起予、张天翼、郑伯奇、鲁迅、适夷、谢冰苔、穆木天等左联盟员作家,还有冰心、王统照、王鲁彦、巴金、朱自清、老舍、周建人、周作人、施蛟存、俞平伯、胡秋原、耿济之、夏丐尊、梁宗岱、许地山、郭绍虞、黎烈文、谢六逸、丰子恺、顾颉刚等知名作家、学者,阵容坚强,未来刊物的高水平高质量是有保证的",support,B,pending,由明确身份表述自动提取，建议人工抽查。,OME-00258
FE-OME-00259,person,ZLH-002,organization_membership,ORG-001,SRC-0828,第233页,"编委会人员是郁达夫、茅盾、胡愈之、洪深、陈望道、徐调孚、傅东华、叶绍钩、郑振铎;“特约撰稿员“中有丁玲、方光焘、田汉、白薇、沈起予、张天翼、郑伯奇、鲁迅、适夷、谢冰苔、穆木天等左联盟员作家,还有冰心、王统照、王鲁彦、巴金、朱自清、老舍、周建人、周作人、施蛟存、俞平伯、胡秋原、耿济之、夏丐尊、梁宗岱、许地山、郭绍虞、黎烈文、谢六逸、丰子恺、顾颉刚等知名作家、学者,阵容坚强,未来刊物的高水平高质量是有保证的",support,B,pending,由明确身份表述自动提取，建议人工抽查。,OME-00259
FE-OME-00260,person,ZLH-008,organization_membership,ORG-001,SRC-0828,第233页,"编委会人员是郁达夫、茅盾、胡愈之、洪深、陈望道、徐调孚、傅东华、叶绍钩、郑振铎;“特约撰稿员“中有丁玲、方光焘、田汉、白薇、沈起予、张天翼、郑伯奇、鲁迅、适夷、谢冰苔、穆木天等左联盟员作家,还有冰心、王统照、王鲁彦、巴金、朱自清、老舍、周建人、周作人、施蛟存、俞平伯、胡秋原、耿济之、夏丐尊、梁宗岱、许地山、郭绍虞、黎烈文、谢六逸、丰子恺、顾颉刚等知名作家、学者,阵容坚强,未来刊物的高水平高质量是有保证的",support,B,pending,由明确身份表述自动提取，建议人工抽查。,OME-00260
FE-OME-00261,person,ZLH-009,organization_membership,ORG-001,SRC-0828,第233页,"编委会人员是郁达夫、茅盾、胡愈之、洪深、陈望道、徐调孚、傅东华、叶绍钩、郑振铎;“特约撰稿员“中有丁玲、方光焘、田汉、白薇、沈起予、张天翼、郑伯奇、鲁迅、适夷、谢冰苔、穆木天等左联盟员作家,还有冰心、王统照、王鲁彦、巴金、朱自清、老舍、周建人、周作人、施蛟存、俞平伯、胡秋原、耿济之、夏丐尊、梁宗岱、许地山、郭绍虞、黎烈文、谢六逸、丰子恺、顾颉刚等知名作家、学者,阵容坚强,未来刊物的高水平高质量是有保证的",support,B,pending,由明确身份表述自动提取，建议人工抽查。,OME-00261
FE-OME-00262,person,ZLH-010,organization_membership,ORG-001,SRC-0828,第233页,"编委会人员是郁达夫、茅盾、胡愈之、洪深、陈望道、徐调孚、傅东华、叶绍钩、郑振铎;“特约撰稿员“中有丁玲、方光焘、田汉、白薇、沈起予、张天翼、郑伯奇、鲁迅、适夷、谢冰苔、穆木天等左联盟员作家,还有冰心、王统照、王鲁彦、巴金、朱自清、老舍、周建人、周作人、施蛟存、俞平伯、胡秋原、耿济之、夏丐尊、梁宗岱、许地山、郭绍虞、黎烈文、谢六逸、丰子恺、顾颉刚等知名作家、学者,阵容坚强,未来刊物的高水平高质量是有保证的",support,B,pending,由明确身份表述自动提取，建议人工抽查。,OME-00262
FE-OME-00263,person,ZLH-015,organization_membership,ORG-001,SRC-0828,第233页,"编委会人员是郁达夫、茅盾、胡愈之、洪深、陈望道、徐调孚、傅东华、叶绍钩、郑振铎;“特约撰稿员“中有丁玲、方光焘、田汉、白薇、沈起予、张天翼、郑伯奇、鲁迅、适夷、谢冰苔、穆木天等左联盟员作家,还有冰心、王统照、王鲁彦、巴金、朱自清、老舍、周建人、周作人、施蛟存、俞平伯、胡秋原、耿济之、夏丐尊、梁宗岱、许地山、郭绍虞、黎烈文、谢六逸、丰子恺、顾颉刚等知名作家、学者,阵容坚强,未来刊物的高水平高质量是有保证的",support,B,pending,由明确身份表述自动提取，建议人工抽查。,OME-00263
FE-OME-00264,person,ZLH-021,organization_membership,ORG-001,SRC-0828,第233页,"编委会人员是郁达夫、茅盾、胡愈之、洪深、陈望道、徐调孚、傅东华、叶绍钩、郑振铎;“特约撰稿员“中有丁玲、方光焘、田汉、白薇、沈起予、张天翼、郑伯奇、鲁迅、适夷、谢冰苔、穆木天等左联盟员作家,还有冰心、王统照、王鲁彦、巴金、朱自清、老舍、周建人、周作人、施蛟存、俞平伯、胡秋原、耿济之、夏丐尊、梁宗岱、许地山、郭绍虞、黎烈文、谢六逸、丰子恺、顾颉刚等知名作家、学者,阵容坚强,未来刊物的高水平高质量是有保证的",support,B,pending,由明确身份表述自动提取，建议人工抽查。,OME-00264
FE-OME-00265,person,ZLH-022,organization_membership,ORG-001,SRC-0828,第233页,"编委会人员是郁达夫、茅盾、胡愈之、洪深、陈望道、徐调孚、傅东华、叶绍钩、郑振铎;“特约撰稿员“中有丁玲、方光焘、田汉、白薇、沈起予、张天翼、郑伯奇、鲁迅、适夷、谢冰苔、穆木天等左联盟员作家,还有冰心、王统照、王鲁彦、巴金、朱自清、老舍、周建人、周作人、施蛟存、俞平伯、胡秋原、耿济之、夏丐尊、梁宗岱、许地山、郭绍虞、黎烈文、谢六逸、丰子恺、顾颉刚等知名作家、学者,阵容坚强,未来刊物的高水平高质量是有保证的",support,B,pending,由明确身份表述自动提取，建议人工抽查。,OME-00265
FE-OME-00266,person,ZLH-036,organization_membership,ORG-001,SRC-0828,第233页,"编委会人员是郁达夫、茅盾、胡愈之、洪深、陈望道、徐调孚、傅东华、叶绍钩、郑振铎;“特约撰稿员“中有丁玲、方光焘、田汉、白薇、沈起予、张天翼、郑伯奇、鲁迅、适夷、谢冰苔、穆木天等左联盟员作家,还有冰心、王统照、王鲁彦、巴金、朱自清、老舍、周建人、周作人、施蛟存、俞平伯、胡秋原、耿济之、夏丐尊、梁宗岱、许地山、郭绍虞、黎烈文、谢六逸、丰子恺、顾颉刚等知名作家、学者,阵容坚强,未来刊物的高水平高质量是有保证的",support,B,pending,由明确身份表述自动提取，建议人工抽查。,OME-00266
FE-OME-00267,person,ZLH-059,organization_membership,ORG-001,SRC-0828,第233页,"编委会人员是郁达夫、茅盾、胡愈之、洪深、陈望道、徐调孚、傅东华、叶绍钩、郑振铎;“特约撰稿员“中有丁玲、方光焘、田汉、白薇、沈起予、张天翼、郑伯奇、鲁迅、适夷、谢冰苔、穆木天等左联盟员作家,还有冰心、王统照、王鲁彦、巴金、朱自清、老舍、周建人、周作人、施蛟存、俞平伯、胡秋原、耿济之、夏丐尊、梁宗岱、许地山、郭绍虞、黎烈文、谢六逸、丰子恺、顾颉刚等知名作家、学者,阵容坚强,未来刊物的高水平高质量是有保证的",support,B,pending,由明确身份表述自动提取，建议人工抽查。,OME-00267
FE-OME-00268,person,ZLH-105,organization_membership,ORG-001,SRC-0828,第233页,"编委会人员是郁达夫、茅盾、胡愈之、洪深、陈望道、徐调孚、傅东华、叶绍钩、郑振铎;“特约撰稿员“中有丁玲、方光焘、田汉、白薇、沈起予、张天翼、郑伯奇、鲁迅、适夷、谢冰苔、穆木天等左联盟员作家,还有冰心、王统照、王鲁彦、巴金、朱自清、老舍、周建人、周作人、施蛟存、俞平伯、胡秋原、耿济之、夏丐尊、梁宗岱、许地山、郭绍虞、黎烈文、谢六逸、丰子恺、顾颉刚等知名作家、学者,阵容坚强,未来刊物的高水平高质量是有保证的",support,B,pending,由明确身份表述自动提取，建议人工抽查。,OME-00268
FE-OME-00271,person,ZLH-033,organization_membership,ORG-001,SRC-0782,第71页,"左联盟员周文的夫人郑育之去北站迎接,并护送她到安全地带,等候机会去陕北革命根据地",support,B,pending,由明确身份表述自动提取，建议人工抽查。,OME-00271
FE-OME-00272,person,ZLH-009,organization_membership,ORG-001,SRC-0170,第254页,"穆木天被捕当晓,夫人彭慧(也是左联成员)买通监视他们家的警察,吩咐她的大姐彭淑端将穆木天的消息立即通知在良友图书公司工作的左联成员郑伯奇,郑又把穆被捕的事通知了左翼文艺界相关人士,此后一段时间大家都没有去穆木天家,避免了受牵连",support,B,pending,由明确身份表述自动提取，建议人工抽查。,OME-00272
FE-OME-00273,person,ZLH-007,organization_membership,ORG-001,SRC-0170,第256页,"后来周扬任左联党团书记,又请律师设法暑救",support,B,pending,由明确身份表述自动提取，建议人工抽查。,OME-00273
FE-OME-00274,person,ZLH-010,organization_membership,ORG-001,SRC-1067,第261页,"7月,左联盟员作家洪深、王余杞、孟超、刘西蒙(风斯)、杜宇以及王统照、老舍、臧克家、赵少侯、王亚平、吴伯箫、李同愈等12人都在青岛,他们或是长期在此工作,或是因短期任务滞留在此,这些人中有作家、诗人、翻译家、剧作家、评论家,因而大家都想办一个什么刊物,一来可以发表自己的思想,二来也可对青岛的新文艺事业有所贡献、有所促进",support,B,pending,由明确身份表述自动提取，建议人工抽查。,OME-00274
FE-OME-00275,person,ZLH-007,organization_membership,ORG-001,SRC-0170,第276页,"在这场“大众语“及“大众语文学“的大讨论中,祝秀侠、吴奚如、钟望阳、王任叔、许幸之、张天冀、穆木天、齐速、何家槐、廖沫论、江家为、蒋弼、凄鹅、周扬、张天虚、郑伯奇、周立波等左联盟员作家都积极参加讨论,发表文章各抒己见,既推进运动的发展,又扩大了左联的影响,进一步确立了左联在30年代中国文化界的中心地位",support,B,pending,由明确身份表述自动提取，建议人工抽查。,OME-00275
FE-OME-00276,person,ZLH-009,organization_membership,ORG-001,SRC-0170,第276页,"在这场“大众语“及“大众语文学“的大讨论中,祝秀侠、吴奚如、钟望阳、王任叔、许幸之、张天冀、穆木天、齐速、何家槐、廖沫论、江家为、蒋弼、凄鹅、周扬、张天虚、郑伯奇、周立波等左联盟员作家都积极参加讨论,发表文章各抒己见,既推进运动的发展,又扩大了左联的影响,进一步确立了左联在30年代中国文化界的中心地位",support,B,pending,由明确身份表述自动提取，建议人工抽查。,OME-00276
FE-OME-00278,person,ZLH-036,organization_membership,ORG-001,SRC-0170,第276页,"在这场“大众语“及“大众语文学“的大讨论中,祝秀侠、吴奚如、钟望阳、王任叔、许幸之、张天冀、穆木天、齐速、何家槐、廖沫论、江家为、蒋弼、凄鹅、周扬、张天虚、郑伯奇、周立波等左联盟员作家都积极参加讨论,发表文章各抒己见,既推进运动的发展,又扩大了左联的影响,进一步确立了左联在30年代中国文化界的中心地位",support,B,pending,由明确身份表述自动提取，建议人工抽查。,OME-00278
FE-OME-00279,person,ZLH-045,organization_membership,ORG-001,SRC-0170,第276页,"在这场“大众语“及“大众语文学“的大讨论中,祝秀侠、吴奚如、钟望阳、王任叔、许幸之、张天冀、穆木天、齐速、何家槐、廖沫论、江家为、蒋弼、凄鹅、周扬、张天虚、郑伯奇、周立波等左联盟员作家都积极参加讨论,发表文章各抒己见,既推进运动的发展,又扩大了左联的影响,进一步确立了左联在30年代中国文化界的中心地位",support,B,pending,由明确身份表述自动提取，建议人工抽查。,OME-00279
FE-OME-00280,person,ZLH-048,organization_membership,ORG-001,SRC-0170,第276页,"在这场“大众语“及“大众语文学“的大讨论中,祝秀侠、吴奚如、钟望阳、王任叔、许幸之、张天冀、穆木天、齐速、何家槐、廖沫论、江家为、蒋弼、凄鹅、周扬、张天虚、郑伯奇、周立波等左联盟员作家都积极参加讨论,发表文章各抒己见,既推进运动的发展,又扩大了左联的影响,进一步确立了左联在30年代中国文化界的中心地位",support,B,pending,由明确身份表述自动提取，建议人工抽查。,OME-00280
FE-OME-00281,person,ZLH-054,organization_membership,ORG-001,SRC-0170,第276页,"在这场“大众语“及“大众语文学“的大讨论中,祝秀侠、吴奚如、钟望阳、王任叔、许幸之、张天冀、穆木天、齐速、何家槐、廖沫论、江家为、蒋弼、凄鹅、周扬、张天虚、郑伯奇、周立波等左联盟员作家都积极参加讨论,发表文章各抒己见,既推进运动的发展,又扩大了左联的影响,进一步确立了左联在30年代中国文化界的中心地位",support,B,pending,由明确身份表述自动提取，建议人工抽查。,OME-00281
FE-OME-00282,person,ZLH-119,organization_membership,ORG-001,SRC-0170,第276页,"在这场“大众语“及“大众语文学“的大讨论中,祝秀侠、吴奚如、钟望阳、王任叔、许幸之、张天冀、穆木天、齐速、何家槐、廖沫论、江家为、蒋弼、凄鹅、周扬、张天虚、郑伯奇、周立波等左联盟员作家都积极参加讨论,发表文章各抒己见,既推进运动的发展,又扩大了左联的影响,进一步确立了左联在30年代中国文化界的中心地位",support,B,pending,由明确身份表述自动提取，建议人工抽查。,OME-00282
FE-OME-00283,person,ZLH-029,organization_membership,ORG-001,SRC-0170,第277页,左联盟员作家聂绀弩主编的《中华日报》副刊《动向》首先闻风而动,support,B,pending,由明确身份表述自动提取，建议人工抽查。,OME-00283
FE-OME-00284,person,ZLH-004,organization_membership,ORG-001,SRC-0855,第284页,"发起推行“手头字“的是《小朋友》社、《小朋友画报》社、《太白》社、《文学》社、《中学生杂志》社、《中华教育》社、《世界知识》社、《生活教育》社、《时事类编》社、《新中华杂志》社、《新生周刊》社、《译文》社、《现代》杂志社、《漫画生活》社、《读书生活》社等15个团体和陈望道、夏与尊等200位文化界人士,其中有左联成员方光焊、白薇、任白戈、沈西苓、沈起予、沈端先(夏衍)、李辉英、艾芜、东平、欧阳山、周伯勋、阿英、征农、胡风、洪深、郁达夫、奚如、祝佛朗(祝秀侠)、草明、徐懋庸、张天翼、陈君冶、陈君涵、许幸之、郭沫若、杨潮、杨骚、郑伯奇、蒋弼、黎锦明、钱亦石、聂绀弩、魏猛克等33人",support,B,pending,由明确身份表述自动提取，建议人工抽查。,OME-00284
FE-OME-00285,person,ZLH-009,organization_membership,ORG-001,SRC-0855,第284页,"发起推行“手头字“的是《小朋友》社、《小朋友画报》社、《太白》社、《文学》社、《中学生杂志》社、《中华教育》社、《世界知识》社、《生活教育》社、《时事类编》社、《新中华杂志》社、《新生周刊》社、《译文》社、《现代》杂志社、《漫画生活》社、《读书生活》社等15个团体和陈望道、夏与尊等200位文化界人士,其中有左联成员方光焊、白薇、任白戈、沈西苓、沈起予、沈端先(夏衍)、李辉英、艾芜、东平、欧阳山、周伯勋、阿英、征农、胡风、洪深、郁达夫、奚如、祝佛朗(祝秀侠)、草明、徐懋庸、张天翼、陈君冶、陈君涵、许幸之、郭沫若、杨潮、杨骚、郑伯奇、蒋弼、黎锦明、钱亦石、聂绀弩、魏猛克等33人",support,B,pending,由明确身份表述自动提取，建议人工抽查。,OME-00285
FE-OME-00286,person,ZLH-010,organization_membership,ORG-001,SRC-0855,第284页,"发起推行“手头字“的是《小朋友》社、《小朋友画报》社、《太白》社、《文学》社、《中学生杂志》社、《中华教育》社、《世界知识》社、《生活教育》社、《时事类编》社、《新中华杂志》社、《新生周刊》社、《译文》社、《现代》杂志社、《漫画生活》社、《读书生活》社等15个团体和陈望道、夏与尊等200位文化界人士,其中有左联成员方光焊、白薇、任白戈、沈西苓、沈起予、沈端先(夏衍)、李辉英、艾芜、东平、欧阳山、周伯勋、阿英、征农、胡风、洪深、郁达夫、奚如、祝佛朗(祝秀侠)、草明、徐懋庸、张天翼、陈君冶、陈君涵、许幸之、郭沫若、杨潮、杨骚、郑伯奇、蒋弼、黎锦明、钱亦石、聂绀弩、魏猛克等33人",support,B,pending,由明确身份表述自动提取，建议人工抽查。,OME-00286
FE-OME-00287,person,ZLH-015,organization_membership,ORG-001,SRC-0855,第284页,"发起推行“手头字“的是《小朋友》社、《小朋友画报》社、《太白》社、《文学》社、《中学生杂志》社、《中华教育》社、《世界知识》社、《生活教育》社、《时事类编》社、《新中华杂志》社、《新生周刊》社、《译文》社、《现代》杂志社、《漫画生活》社、《读书生活》社等15个团体和陈望道、夏与尊等200位文化界人士,其中有左联成员方光焊、白薇、任白戈、沈西苓、沈起予、沈端先(夏衍)、李辉英、艾芜、东平、欧阳山、周伯勋、阿英、征农、胡风、洪深、郁达夫、奚如、祝佛朗(祝秀侠)、草明、徐懋庸、张天翼、陈君冶、陈君涵、许幸之、郭沫若、杨潮、杨骚、郑伯奇、蒋弼、黎锦明、钱亦石、聂绀弩、魏猛克等33人",support,B,pending,由明确身份表述自动提取，建议人工抽查。,OME-00287
FE-OME-00288,person,ZLH-022,organization_membership,ORG-001,SRC-0855,第284页,"发起推行“手头字“的是《小朋友》社、《小朋友画报》社、《太白》社、《文学》社、《中学生杂志》社、《中华教育》社、《世界知识》社、《生活教育》社、《时事类编》社、《新中华杂志》社、《新生周刊》社、《译文》社、《现代》杂志社、《漫画生活》社、《读书生活》社等15个团体和陈望道、夏与尊等200位文化界人士,其中有左联成员方光焊、白薇、任白戈、沈西苓、沈起予、沈端先(夏衍)、李辉英、艾芜、东平、欧阳山、周伯勋、阿英、征农、胡风、洪深、郁达夫、奚如、祝佛朗(祝秀侠)、草明、徐懋庸、张天翼、陈君冶、陈君涵、许幸之、郭沫若、杨潮、杨骚、郑伯奇、蒋弼、黎锦明、钱亦石、聂绀弩、魏猛克等33人",support,B,pending,由明确身份表述自动提取，建议人工抽查。,OME-00288
FE-OME-00289,person,ZLH-024,organization_membership,ORG-001,SRC-0855,第284页,"发起推行“手头字“的是《小朋友》社、《小朋友画报》社、《太白》社、《文学》社、《中学生杂志》社、《中华教育》社、《世界知识》社、《生活教育》社、《时事类编》社、《新中华杂志》社、《新生周刊》社、《译文》社、《现代》杂志社、《漫画生活》社、《读书生活》社等15个团体和陈望道、夏与尊等200位文化界人士,其中有左联成员方光焊、白薇、任白戈、沈西苓、沈起予、沈端先(夏衍)、李辉英、艾芜、东平、欧阳山、周伯勋、阿英、征农、胡风、洪深、郁达夫、奚如、祝佛朗(祝秀侠)、草明、徐懋庸、张天翼、陈君冶、陈君涵、许幸之、郭沫若、杨潮、杨骚、郑伯奇、蒋弼、黎锦明、钱亦石、聂绀弩、魏猛克等33人",support,B,pending,由明确身份表述自动提取，建议人工抽查。,OME-00289
FE-OME-00290,person,ZLH-026,organization_membership,ORG-001,SRC-0855,第284页,"发起推行“手头字“的是《小朋友》社、《小朋友画报》社、《太白》社、《文学》社、《中学生杂志》社、《中华教育》社、《世界知识》社、《生活教育》社、《时事类编》社、《新中华杂志》社、《新生周刊》社、《译文》社、《现代》杂志社、《漫画生活》社、《读书生活》社等15个团体和陈望道、夏与尊等200位文化界人士,其中有左联成员方光焊、白薇、任白戈、沈西苓、沈起予、沈端先(夏衍)、李辉英、艾芜、东平、欧阳山、周伯勋、阿英、征农、胡风、洪深、郁达夫、奚如、祝佛朗(祝秀侠)、草明、徐懋庸、张天翼、陈君冶、陈君涵、许幸之、郭沫若、杨潮、杨骚、郑伯奇、蒋弼、黎锦明、钱亦石、聂绀弩、魏猛克等33人",support,B,pending,由明确身份表述自动提取，建议人工抽查。,OME-00290
FE-OME-00291,person,ZLH-029,organization_membership,ORG-001,SRC-0855,第284页,"发起推行“手头字“的是《小朋友》社、《小朋友画报》社、《太白》社、《文学》社、《中学生杂志》社、《中华教育》社、《世界知识》社、《生活教育》社、《时事类编》社、《新中华杂志》社、《新生周刊》社、《译文》社、《现代》杂志社、《漫画生活》社、《读书生活》社等15个团体和陈望道、夏与尊等200位文化界人士,其中有左联成员方光焊、白薇、任白戈、沈西苓、沈起予、沈端先(夏衍)、李辉英、艾芜、东平、欧阳山、周伯勋、阿英、征农、胡风、洪深、郁达夫、奚如、祝佛朗(祝秀侠)、草明、徐懋庸、张天翼、陈君冶、陈君涵、许幸之、郭沫若、杨潮、杨骚、郑伯奇、蒋弼、黎锦明、钱亦石、聂绀弩、魏猛克等33人",support,B,pending,由明确身份表述自动提取，建议人工抽查。,OME-00291
FE-OME-00292,person,ZLH-032,organization_membership,ORG-001,SRC-0855,第284页,"发起推行“手头字“的是《小朋友》社、《小朋友画报》社、《太白》社、《文学》社、《中学生杂志》社、《中华教育》社、《世界知识》社、《生活教育》社、《时事类编》社、《新中华杂志》社、《新生周刊》社、《译文》社、《现代》杂志社、《漫画生活》社、《读书生活》社等15个团体和陈望道、夏与尊等200位文化界人士,其中有左联成员方光焊、白薇、任白戈、沈西苓、沈起予、沈端先(夏衍)、李辉英、艾芜、东平、欧阳山、周伯勋、阿英、征农、胡风、洪深、郁达夫、奚如、祝佛朗(祝秀侠)、草明、徐懋庸、张天翼、陈君冶、陈君涵、许幸之、郭沫若、杨潮、杨骚、郑伯奇、蒋弼、黎锦明、钱亦石、聂绀弩、魏猛克等33人",support,B,pending,由明确身份表述自动提取，建议人工抽查。,OME-00292
FE-OME-00293,person,ZLH-035,organization_membership,ORG-001,SRC-0855,第284页,"发起推行“手头字“的是《小朋友》社、《小朋友画报》社、《太白》社、《文学》社、《中学生杂志》社、《中华教育》社、《世界知识》社、《生活教育》社、《时事类编》社、《新中华杂志》社、《新生周刊》社、《译文》社、《现代》杂志社、《漫画生活》社、《读书生活》社等15个团体和陈望道、夏与尊等200位文化界人士,其中有左联成员方光焊、白薇、任白戈、沈西苓、沈起予、沈端先(夏衍)、李辉英、艾芜、东平、欧阳山、周伯勋、阿英、征农、胡风、洪深、郁达夫、奚如、祝佛朗(祝秀侠)、草明、徐懋庸、张天翼、陈君冶、陈君涵、许幸之、郭沫若、杨潮、杨骚、郑伯奇、蒋弼、黎锦明、钱亦石、聂绀弩、魏猛克等33人",support,B,pending,由明确身份表述自动提取，建议人工抽查。,OME-00293
FE-OME-00294,person,ZLH-039,organization_membership,ORG-001,SRC-0855,第284页,"发起推行“手头字“的是《小朋友》社、《小朋友画报》社、《太白》社、《文学》社、《中学生杂志》社、《中华教育》社、《世界知识》社、《生活教育》社、《时事类编》社、《新中华杂志》社、《新生周刊》社、《译文》社、《现代》杂志社、《漫画生活》社、《读书生活》社等15个团体和陈望道、夏与尊等200位文化界人士,其中有左联成员方光焊、白薇、任白戈、沈西苓、沈起予、沈端先(夏衍)、李辉英、艾芜、东平、欧阳山、周伯勋、阿英、征农、胡风、洪深、郁达夫、奚如、祝佛朗(祝秀侠)、草明、徐懋庸、张天翼、陈君冶、陈君涵、许幸之、郭沫若、杨潮、杨骚、郑伯奇、蒋弼、黎锦明、钱亦石、聂绀弩、魏猛克等33人",support,B,pending,由明确身份表述自动提取，建议人工抽查。,OME-00294
FE-OME-00295,person,ZLH-040,organization_membership,ORG-001,SRC-0855,第284页,"发起推行“手头字“的是《小朋友》社、《小朋友画报》社、《太白》社、《文学》社、《中学生杂志》社、《中华教育》社、《世界知识》社、《生活教育》社、《时事类编》社、《新中华杂志》社、《新生周刊》社、《译文》社、《现代》杂志社、《漫画生活》社、《读书生活》社等15个团体和陈望道、夏与尊等200位文化界人士,其中有左联成员方光焊、白薇、任白戈、沈西苓、沈起予、沈端先(夏衍)、李辉英、艾芜、东平、欧阳山、周伯勋、阿英、征农、胡风、洪深、郁达夫、奚如、祝佛朗(祝秀侠)、草明、徐懋庸、张天翼、陈君冶、陈君涵、许幸之、郭沫若、杨潮、杨骚、郑伯奇、蒋弼、黎锦明、钱亦石、聂绀弩、魏猛克等33人",support,B,pending,由明确身份表述自动提取，建议人工抽查。,OME-00295
FE-OME-00296,person,ZLH-054,organization_membership,ORG-001,SRC-0855,第284页,"发起推行“手头字“的是《小朋友》社、《小朋友画报》社、《太白》社、《文学》社、《中学生杂志》社、《中华教育》社、《世界知识》社、《生活教育》社、《时事类编》社、《新中华杂志》社、《新生周刊》社、《译文》社、《现代》杂志社、《漫画生活》社、《读书生活》社等15个团体和陈望道、夏与尊等200位文化界人士,其中有左联成员方光焊、白薇、任白戈、沈西苓、沈起予、沈端先(夏衍)、李辉英、艾芜、东平、欧阳山、周伯勋、阿英、征农、胡风、洪深、郁达夫、奚如、祝佛朗(祝秀侠)、草明、徐懋庸、张天翼、陈君冶、陈君涵、许幸之、郭沫若、杨潮、杨骚、郑伯奇、蒋弼、黎锦明、钱亦石、聂绀弩、魏猛克等33人",support,B,pending,由明确身份表述自动提取，建议人工抽查。,OME-00296
FE-OME-00298,person,ZLH-059,organization_membership,ORG-001,SRC-0855,第284页,"发起推行“手头字“的是《小朋友》社、《小朋友画报》社、《太白》社、《文学》社、《中学生杂志》社、《中华教育》社、《世界知识》社、《生活教育》社、《时事类编》社、《新中华杂志》社、《新生周刊》社、《译文》社、《现代》杂志社、《漫画生活》社、《读书生活》社等15个团体和陈望道、夏与尊等200位文化界人士,其中有左联成员方光焊、白薇、任白戈、沈西苓、沈起予、沈端先(夏衍)、李辉英、艾芜、东平、欧阳山、周伯勋、阿英、征农、胡风、洪深、郁达夫、奚如、祝佛朗(祝秀侠)、草明、徐懋庸、张天翼、陈君冶、陈君涵、许幸之、郭沫若、杨潮、杨骚、郑伯奇、蒋弼、黎锦明、钱亦石、聂绀弩、魏猛克等33人",support,B,pending,由明确身份表述自动提取，建议人工抽查。,OME-00298
FE-OME-00299,person,ZLH-063,organization_membership,ORG-001,SRC-0855,第284页,"发起推行“手头字“的是《小朋友》社、《小朋友画报》社、《太白》社、《文学》社、《中学生杂志》社、《中华教育》社、《世界知识》社、《生活教育》社、《时事类编》社、《新中华杂志》社、《新生周刊》社、《译文》社、《现代》杂志社、《漫画生活》社、《读书生活》社等15个团体和陈望道、夏与尊等200位文化界人士,其中有左联成员方光焊、白薇、任白戈、沈西苓、沈起予、沈端先(夏衍)、李辉英、艾芜、东平、欧阳山、周伯勋、阿英、征农、胡风、洪深、郁达夫、奚如、祝佛朗(祝秀侠)、草明、徐懋庸、张天翼、陈君冶、陈君涵、许幸之、郭沫若、杨潮、杨骚、郑伯奇、蒋弼、黎锦明、钱亦石、聂绀弩、魏猛克等33人",support,B,pending,由明确身份表述自动提取，建议人工抽查。,OME-00299
FE-OME-00300,person,ZLH-105,organization_membership,ORG-001,SRC-0855,第284页,"发起推行“手头字“的是《小朋友》社、《小朋友画报》社、《太白》社、《文学》社、《中学生杂志》社、《中华教育》社、《世界知识》社、《生活教育》社、《时事类编》社、《新中华杂志》社、《新生周刊》社、《译文》社、《现代》杂志社、《漫画生活》社、《读书生活》社等15个团体和陈望道、夏与尊等200位文化界人士,其中有左联成员方光焊、白薇、任白戈、沈西苓、沈起予、沈端先(夏衍)、李辉英、艾芜、东平、欧阳山、周伯勋、阿英、征农、胡风、洪深、郁达夫、奚如、祝佛朗(祝秀侠)、草明、徐懋庸、张天翼、陈君冶、陈君涵、许幸之、郭沫若、杨潮、杨骚、郑伯奇、蒋弼、黎锦明、钱亦石、聂绀弩、魏猛克等33人",support,B,pending,由明确身份表述自动提取，建议人工抽查。,OME-00300
FE-OME-00301,person,ZLH-120,organization_membership,ORG-001,SRC-0855,第284页,"发起推行“手头字“的是《小朋友》社、《小朋友画报》社、《太白》社、《文学》社、《中学生杂志》社、《中华教育》社、《世界知识》社、《生活教育》社、《时事类编》社、《新中华杂志》社、《新生周刊》社、《译文》社、《现代》杂志社、《漫画生活》社、《读书生活》社等15个团体和陈望道、夏与尊等200位文化界人士,其中有左联成员方光焊、白薇、任白戈、沈西苓、沈起予、沈端先(夏衍)、李辉英、艾芜、东平、欧阳山、周伯勋、阿英、征农、胡风、洪深、郁达夫、奚如、祝佛朗(祝秀侠)、草明、徐懋庸、张天翼、陈君冶、陈君涵、许幸之、郭沫若、杨潮、杨骚、郑伯奇、蒋弼、黎锦明、钱亦石、聂绀弩、魏猛克等33人",support,B,pending,由明确身份表述自动提取，建议人工抽查。,OME-00301
FE-OME-00302,person,ZLH-010,organization_membership,ORG-001,SRC-0939,第295页,"创刊号上公布了特约撰述68人名单,其中有左联成员艾芜、方光焘、佛朗(祝秀侠)、高滔、何谷天(周文)、洪深、黄芝冈、张天翼、李辉英、廖堆容(廖沫沙)、聂绀弩、欧阳山、任白戈、家征农、沈起予、草明、魏猛克、杨骚,其他还有巴金、冰心、沉模、杜重远、丰子恺、风子(唐弛)、耿济之、顾均正、黄源、胡仲持、朐愈之、金仲华、靳以、榴奋、周木斋、周予同、赵元任、朱光湛、克士(周建人)、老舍、李健吾、落华生、马宗融、孟斯根(孟十还)、夏七尊、陈子展、谢六逸、孙伏园、陶行知、蔡慕晖、蔡希陶、王鲁彦、王伯祥、王统炜、吴组编、吴文祺、叶籁士、乐嗣炳等,还有谷人(郭沫若)",support,B,pending,由明确身份表述自动提取，建议人工抽查。,OME-00302
FE-OME-00303,person,ZLH-022,organization_membership,ORG-001,SRC-0939,第295页,"创刊号上公布了特约撰述68人名单,其中有左联成员艾芜、方光焘、佛朗(祝秀侠)、高滔、何谷天(周文)、洪深、黄芝冈、张天翼、李辉英、廖堆容(廖沫沙)、聂绀弩、欧阳山、任白戈、家征农、沈起予、草明、魏猛克、杨骚,其他还有巴金、冰心、沉模、杜重远、丰子恺、风子(唐弛)、耿济之、顾均正、黄源、胡仲持、朐愈之、金仲华、靳以、榴奋、周木斋、周予同、赵元任、朱光湛、克士(周建人)、老舍、李健吾、落华生、马宗融、孟斯根(孟十还)、夏七尊、陈子展、谢六逸、孙伏园、陶行知、蔡慕晖、蔡希陶、王鲁彦、王伯祥、王统炜、吴组编、吴文祺、叶籁士、乐嗣炳等,还有谷人(郭沫若)",support,B,pending,由明确身份表述自动提取，建议人工抽查。,OME-00303
FE-OME-00304,person,ZLH-024,organization_membership,ORG-001,SRC-0939,第295页,"创刊号上公布了特约撰述68人名单,其中有左联成员艾芜、方光焘、佛朗(祝秀侠)、高滔、何谷天(周文)、洪深、黄芝冈、张天翼、李辉英、廖堆容(廖沫沙)、聂绀弩、欧阳山、任白戈、家征农、沈起予、草明、魏猛克、杨骚,其他还有巴金、冰心、沉模、杜重远、丰子恺、风子(唐弛)、耿济之、顾均正、黄源、胡仲持、朐愈之、金仲华、靳以、榴奋、周木斋、周予同、赵元任、朱光湛、克士(周建人)、老舍、李健吾、落华生、马宗融、孟斯根(孟十还)、夏七尊、陈子展、谢六逸、孙伏园、陶行知、蔡慕晖、蔡希陶、王鲁彦、王伯祥、王统炜、吴组编、吴文祺、叶籁士、乐嗣炳等,还有谷人(郭沫若)",support,B,pending,由明确身份表述自动提取，建议人工抽查。,OME-00304
FE-OME-00305,person,ZLH-029,organization_membership,ORG-001,SRC-0939,第295页,"创刊号上公布了特约撰述68人名单,其中有左联成员艾芜、方光焘、佛朗(祝秀侠)、高滔、何谷天(周文)、洪深、黄芝冈、张天翼、李辉英、廖堆容(廖沫沙)、聂绀弩、欧阳山、任白戈、家征农、沈起予、草明、魏猛克、杨骚,其他还有巴金、冰心、沉模、杜重远、丰子恺、风子(唐弛)、耿济之、顾均正、黄源、胡仲持、朐愈之、金仲华、靳以、榴奋、周木斋、周予同、赵元任、朱光湛、克士(周建人)、老舍、李健吾、落华生、马宗融、孟斯根(孟十还)、夏七尊、陈子展、谢六逸、孙伏园、陶行知、蔡慕晖、蔡希陶、王鲁彦、王伯祥、王统炜、吴组编、吴文祺、叶籁士、乐嗣炳等,还有谷人(郭沫若)",support,B,pending,由明确身份表述自动提取，建议人工抽查。,OME-00305
FE-OME-00306,person,ZLH-033,organization_membership,ORG-001,SRC-0939,第295页,"创刊号上公布了特约撰述68人名单,其中有左联成员艾芜、方光焘、佛朗(祝秀侠)、高滔、何谷天(周文)、洪深、黄芝冈、张天翼、李辉英、廖堆容(廖沫沙)、聂绀弩、欧阳山、任白戈、家征农、沈起予、草明、魏猛克、杨骚,其他还有巴金、冰心、沉模、杜重远、丰子恺、风子(唐弛)、耿济之、顾均正、黄源、胡仲持、朐愈之、金仲华、靳以、榴奋、周木斋、周予同、赵元任、朱光湛、克士(周建人)、老舍、李健吾、落华生、马宗融、孟斯根(孟十还)、夏七尊、陈子展、谢六逸、孙伏园、陶行知、蔡慕晖、蔡希陶、王鲁彦、王伯祥、王统炜、吴组编、吴文祺、叶籁士、乐嗣炳等,还有谷人(郭沫若)",support,B,pending,由明确身份表述自动提取，建议人工抽查。,OME-00306
FE-OME-00307,person,ZLH-035,organization_membership,ORG-001,SRC-0939,第295页,"创刊号上公布了特约撰述68人名单,其中有左联成员艾芜、方光焘、佛朗(祝秀侠)、高滔、何谷天(周文)、洪深、黄芝冈、张天翼、李辉英、廖堆容(廖沫沙)、聂绀弩、欧阳山、任白戈、家征农、沈起予、草明、魏猛克、杨骚,其他还有巴金、冰心、沉模、杜重远、丰子恺、风子(唐弛)、耿济之、顾均正、黄源、胡仲持、朐愈之、金仲华、靳以、榴奋、周木斋、周予同、赵元任、朱光湛、克士(周建人)、老舍、李健吾、落华生、马宗融、孟斯根(孟十还)、夏七尊、陈子展、谢六逸、孙伏园、陶行知、蔡慕晖、蔡希陶、王鲁彦、王伯祥、王统炜、吴组编、吴文祺、叶籁士、乐嗣炳等,还有谷人(郭沫若)",support,B,pending,由明确身份表述自动提取，建议人工抽查。,OME-00307
FE-OME-00308,person,ZLH-039,organization_membership,ORG-001,SRC-0939,第295页,"创刊号上公布了特约撰述68人名单,其中有左联成员艾芜、方光焘、佛朗(祝秀侠)、高滔、何谷天(周文)、洪深、黄芝冈、张天翼、李辉英、廖堆容(廖沫沙)、聂绀弩、欧阳山、任白戈、家征农、沈起予、草明、魏猛克、杨骚,其他还有巴金、冰心、沉模、杜重远、丰子恺、风子(唐弛)、耿济之、顾均正、黄源、胡仲持、朐愈之、金仲华、靳以、榴奋、周木斋、周予同、赵元任、朱光湛、克士(周建人)、老舍、李健吾、落华生、马宗融、孟斯根(孟十还)、夏七尊、陈子展、谢六逸、孙伏园、陶行知、蔡慕晖、蔡希陶、王鲁彦、王伯祥、王统炜、吴组编、吴文祺、叶籁士、乐嗣炳等,还有谷人(郭沫若)",support,B,pending,由明确身份表述自动提取，建议人工抽查。,OME-00308
FE-OME-00309,person,ZLH-040,organization_membership,ORG-001,SRC-0939,第295页,"创刊号上公布了特约撰述68人名单,其中有左联成员艾芜、方光焘、佛朗(祝秀侠)、高滔、何谷天(周文)、洪深、黄芝冈、张天翼、李辉英、廖堆容(廖沫沙)、聂绀弩、欧阳山、任白戈、家征农、沈起予、草明、魏猛克、杨骚,其他还有巴金、冰心、沉模、杜重远、丰子恺、风子(唐弛)、耿济之、顾均正、黄源、胡仲持、朐愈之、金仲华、靳以、榴奋、周木斋、周予同、赵元任、朱光湛、克士(周建人)、老舍、李健吾、落华生、马宗融、孟斯根(孟十还)、夏七尊、陈子展、谢六逸、孙伏园、陶行知、蔡慕晖、蔡希陶、王鲁彦、王伯祥、王统炜、吴组编、吴文祺、叶籁士、乐嗣炳等,还有谷人(郭沫若)",support,B,pending,由明确身份表述自动提取，建议人工抽查。,OME-00309
FE-OME-00313,person,ZLH-063,organization_membership,ORG-001,SRC-0939,第295页,"创刊号上公布了特约撰述68人名单,其中有左联成员艾芜、方光焘、佛朗(祝秀侠)、高滔、何谷天(周文)、洪深、黄芝冈、张天翼、李辉英、廖堆容(廖沫沙)、聂绀弩、欧阳山、任白戈、家征农、沈起予、草明、魏猛克、杨骚,其他还有巴金、冰心、沉模、杜重远、丰子恺、风子(唐弛)、耿济之、顾均正、黄源、胡仲持、朐愈之、金仲华、靳以、榴奋、周木斋、周予同、赵元任、朱光湛、克士(周建人)、老舍、李健吾、落华生、马宗融、孟斯根(孟十还)、夏七尊、陈子展、谢六逸、孙伏园、陶行知、蔡慕晖、蔡希陶、王鲁彦、王伯祥、王统炜、吴组编、吴文祺、叶籁士、乐嗣炳等,还有谷人(郭沫若)",support,B,pending,由明确身份表述自动提取，建议人工抽查。,OME-00313
FE-OME-00314,person,ZLH-105,organization_membership,ORG-001,SRC-0939,第295页,"创刊号上公布了特约撰述68人名单,其中有左联成员艾芜、方光焘、佛朗(祝秀侠)、高滔、何谷天(周文)、洪深、黄芝冈、张天翼、李辉英、廖堆容(廖沫沙)、聂绀弩、欧阳山、任白戈、家征农、沈起予、草明、魏猛克、杨骚,其他还有巴金、冰心、沉模、杜重远、丰子恺、风子(唐弛)、耿济之、顾均正、黄源、胡仲持、朐愈之、金仲华、靳以、榴奋、周木斋、周予同、赵元任、朱光湛、克士(周建人)、老舍、李健吾、落华生、马宗融、孟斯根(孟十还)、夏七尊、陈子展、谢六逸、孙伏园、陶行知、蔡慕晖、蔡希陶、王鲁彦、王伯祥、王统炜、吴组编、吴文祺、叶籁士、乐嗣炳等,还有谷人(郭沫若)",support,B,pending,由明确身份表述自动提取，建议人工抽查。,OME-00314
FE-OME-00315,person,ZLH-120,organization_membership,ORG-001,SRC-0939,第295页,"创刊号上公布了特约撰述68人名单,其中有左联成员艾芜、方光焘、佛朗(祝秀侠)、高滔、何谷天(周文)、洪深、黄芝冈、张天翼、李辉英、廖堆容(廖沫沙)、聂绀弩、欧阳山、任白戈、家征农、沈起予、草明、魏猛克、杨骚,其他还有巴金、冰心、沉模、杜重远、丰子恺、风子(唐弛)、耿济之、顾均正、黄源、胡仲持、朐愈之、金仲华、靳以、榴奋、周木斋、周予同、赵元任、朱光湛、克士(周建人)、老舍、李健吾、落华生、马宗融、孟斯根(孟十还)、夏七尊、陈子展、谢六逸、孙伏园、陶行知、蔡慕晖、蔡希陶、王鲁彦、王伯祥、王统炜、吴组编、吴文祺、叶籁士、乐嗣炳等,还有谷人(郭沫若)",support,B,pending,由明确身份表述自动提取，建议人工抽查。,OME-00315
FE-OME-00318,person,ZLH-032,organization_membership,ORG-001,SRC-0990,第316页,时任左联行政书记的作家徐懋庸和另两位盟员作家周立波、王────────────────────────────────────────,support,B,pending,由明确身份表述自动提取，建议人工抽查。,OME-00318
FE-OME-00319,person,ZLH-045,organization_membership,ORG-001,SRC-0990,第316页,时任左联行政书记的作家徐懋庸和另两位盟员作家周立波、王────────────────────────────────────────,support,B,pending,由明确身份表述自动提取，建议人工抽查。,OME-00319
FE-OME-00320,person,ZLH-001,organization_membership,ORG-001,SRC-0659,第318页,他处处攻击左翼文学运动和左联盟主鲁迅,lead,B,pending,由明确身份表述自动提取，建议人工抽查。,OME-00320
FE-OME-00321,person,ZLH-007,organization_membership,ORG-001,SRC-1038,第329页,"为了继续领导各左翼团体继续战斗,重建了临时性的新文委,周扬任书记,文总也建立了新的党团,胡乔木任书记,文委书记周扬兼任左联党团书记,行政书记徐懋庸",support,B,pending,由明确身份表述自动提取，建议人工抽查。,OME-00321
FE-OME-00322,person,ZLH-032,organization_membership,ORG-001,SRC-1038,第329页,"为了继续领导各左翼团体继续战斗,重建了临时性的新文委,周扬任书记,文总也建立了新的党团,胡乔木任书记,文委书记周扬兼任左联党团书记,行政书记徐懋庸",support,B,pending,由明确身份表述自动提取，建议人工抽查。,OME-00322
FE-OME-00324,person,ZLH-032,organization_membership,ORG-001,SRC-0170,第349页,"曾任左联书记的作家徐懋庸,是左联活既的文学评论家和杂文家,但兴来之时,也偶写小说,《火焰》就是其中之一",support,B,pending,由明确身份表述自动提取，建议人工抽查。,OME-00324
FE-OME-00325,person,ZLH-010,organization_membership,ORG-001,SRC-0170,第367页,"在明星影片公司担任编剧的左联成员洪深也积极向老板周剑云进言,建议邀请几位左翼作家写作剧本,拍摄进步影片,争取更多的市场份额,赢得观众",support,B,pending,由明确身份表述自动提取，建议人工抽查。,OME-00325
FE-OME-00326,person,ZLH-036,organization_membership,ORG-001,SRC-0170,第402页,"这简直有些敌我不分了,30年代的白色恐怖和左联所受的压迫,你穆木天视而不见吗",lead,B,pending,由明确身份表述自动提取，建议人工抽查。,OME-00326
FE-OME-00327,person,ZLH-008,organization_membership,ORG-001,SRC-0810,第423页,“在这份抗议宥言上签名的有左联成员田汉、洪深、阿英、阳翰笙、尤党、司徒慧敏、沈西苓、林娜、周钢鸣、林淡秋、洪道、徐懋庸、唐瑜、徐步、荒煤、许标之、舒群、罗烽、欧阳凡海、鲁思、戴平万、丽尼、钟敬之、龚川琦以及陈白尘、艾思奇、吊骥、论千里、章乃器、冼星海、马彦祥、张庚、葛一虹等共189人,support,B,pending,由明确身份表述自动提取，建议人工抽查。,OME-00327
FE-OME-00328,person,ZLH-002,organization_membership,ORG-001,SRC-0658,第437页,"1931年5月下旬,雪峰推荐茅盾担任左联行政书记;7月,协助丁玲创办左联机关刊《北斗3;10月,在瞿秋白指导下,起草左联又一个重要决议《中国无产阶级革命文学的新任务》,并在11月举行的左联执委会上通过,在11月25日出版的左联机关刊《文学导报》第1卷第8期上公布,成为此后一段时期指导左联工作的重要文件",support,B,pending,由明确身份表述自动提取，建议人工抽查。,OME-00328
FE-OME-00329,person,ZLH-021,organization_membership,ORG-001,SRC-0658,第437页,"1931年5月下旬,雪峰推荐茅盾担任左联行政书记;7月,协助丁玲创办左联机关刊《北斗3;10月,在瞿秋白指导下,起草左联又一个重要决议《中国无产阶级革命文学的新任务》,并在11月举行的左联执委会上通过,在11月25日出版的左联机关刊《文学导报》第1卷第8期上公布,成为此后一段时期指导左联工作的重要文件",support,B,pending,由明确身份表述自动提取，建议人工抽查。,OME-00329
FE-OME-00330,person,ZLH-003,organization_membership,ORG-001,SRC-0170,第441页,"这时,参与左联领导工作的瞿秋白,翻译了高尔基的《坟场》、《莫尔多姑娘》、《笑话》、《不平常的故事》等4篇小说,为解冰生活困难,急于售出书稿",lead,B,pending,由明确身份表述自动提取，建议人工抽查。,OME-00330
FE-OME-00332,person,ZLH-001,organization_membership,ORG-001,SRC-0641,第445页,"得到鲁迅、瞿秋白的大力支持和左联同人的积极努力,《北斗》月刊终于在9月问世",lead,B,pending,由明确身份表述自动提取，建议人工抽查。,OME-00332
FE-OME-00333,person,ZLH-003,organization_membership,ORG-001,SRC-0641,第445页,"得到鲁迅、瞿秋白的大力支持和左联同人的积极努力,《北斗》月刊终于在9月问世",lead,B,pending,由明确身份表述自动提取，建议人工抽查。,OME-00333
FE-OME-00334,person,ZLH-005,organization_membership,ORG-001,SRC-0641,第445页,"1932年1月17日,在南市方斜路公共体育场召开有两万市民参加的上海市民大会,丁玲和何丹仁(冯雪峰)、适夷、杨骚、华汉(阳翰笙)、华蒂(叶以群)、何畏、郑伯奇、穆木天、蔡子等左联成员都参加了大会及游行示威",support,B,pending,由明确身份表述自动提取，建议人工抽查。,OME-00334
FE-OME-00335,person,ZLH-009,organization_membership,ORG-001,SRC-0641,第445页,"1932年1月17日,在南市方斜路公共体育场召开有两万市民参加的上海市民大会,丁玲和何丹仁(冯雪峰)、适夷、杨骚、华汉(阳翰笙)、华蒂(叶以群)、何畏、郑伯奇、穆木天、蔡子等左联成员都参加了大会及游行示威",support,B,pending,由明确身份表述自动提取，建议人工抽查。,OME-00335
FE-OME-00337,person,ZLH-021,organization_membership,ORG-001,SRC-0641,第445页,"1932年1月17日,在南市方斜路公共体育场召开有两万市民参加的上海市民大会,丁玲和何丹仁(冯雪峰)、适夷、杨骚、华汉(阳翰笙)、华蒂(叶以群)、何畏、郑伯奇、穆木天、蔡子等左联成员都参加了大会及游行示威",support,B,pending,由明确身份表述自动提取，建议人工抽查。,OME-00337
FE-OME-00338,person,ZLH-036,organization_membership,ORG-001,SRC-0641,第445页,"1932年1月17日,在南市方斜路公共体育场召开有两万市民参加的上海市民大会,丁玲和何丹仁(冯雪峰)、适夷、杨骚、华汉(阳翰笙)、华蒂(叶以群)、何畏、郑伯奇、穆木天、蔡子等左联成员都参加了大会及游行示威",support,B,pending,由明确身份表述自动提取，建议人工抽查。,OME-00338
FE-OME-00339,person,ZLH-091,organization_membership,ORG-001,SRC-0641,第445页,"1932年1月17日,在南市方斜路公共体育场召开有两万市民参加的上海市民大会,丁玲和何丹仁(冯雪峰)、适夷、杨骚、华汉(阳翰笙)、华蒂(叶以群)、何畏、郑伯奇、穆木天、蔡子等左联成员都参加了大会及游行示威",support,B,pending,由明确身份表述自动提取，建议人工抽查。,OME-00339
FE-OME-00340,person,ZLH-017,organization_membership,ORG-001,SRC-0991,第448页,"胡也频不幸被害后,丁玲仍参加左联各项工作,并一如既往抓紧点滴时间创作,陆续在各报刊发表《一九三〇年春上海(之一)》、《一九三〇年春上海(之二)》、《田家冲》《水》、《某夜》、《消息》等13篇小说,即使被软禁在南京,她也偷偷写作,写了《一月二十三日》、《松子》、《杨妈的日记》、《陈伯祥》、《团聚》等作品",support,B,pending,由明确身份表述自动提取，建议人工抽查。,OME-00340
FE-OME-00341,person,ZLH-021,organization_membership,ORG-001,SRC-0991,第448页,"胡也频不幸被害后,丁玲仍参加左联各项工作,并一如既往抓紧点滴时间创作,陆续在各报刊发表《一九三〇年春上海(之一)》、《一九三〇年春上海(之二)》、《田家冲》《水》、《某夜》、《消息》等13篇小说,即使被软禁在南京,她也偷偷写作,写了《一月二十三日》、《松子》、《杨妈的日记》、《陈伯祥》、《团聚》等作品",support,B,pending,由明确身份表述自动提取，建议人工抽查。,OME-00341
FE-OME-00342,person,ZLH-007,organization_membership,ORG-001,SRC-0991,第448页,"早年去日本留学,1930年回国,在上海从事左翼文学活动,参加中国左戏剧家联盟,后转人中国左翼作家联盟,1933年5月14日左联党团书记丁玲遮国民党特务绑架后,周扬奉命接任左联党团书记,直到1936年2月左联解散",support,B,pending,由明确身份表述自动提取，建议人工抽查。,OME-00342
FE-OME-00344,person,ZLH-076,organization_membership,ORG-001,SRC-0766,第453页,"1930年2月16日出席“上海新文学运动者的讨论会“,3月2日,出席左联成立大会,任左联常委兼编辑部主任,鼓励盟员作家马宁深人到劳苦群众中去体验生活,积极创作",support,B,pending,由明确身份表述自动提取，建议人工抽查。,OME-00344
FE-OME-00346,person,ZLH-018,organization_membership,ORG-001,SRC-0766,第453页,"在左联成立前后的一系列社会文化活动中,柔石和左联女作家冯铿建立了深厚的友谊,最后成为一对恋人",lead,B,pending,由明确身份表述自动提取，建议人工抽查。,OME-00346
FE-OME-00347,person,ZLH-006,organization_membership,ORG-001,SRC-0766,第453页,"1930年5月上旬,和妻子丁玲从山东济南回到上海,经潘汉年介绍,一同加入中国左翼作家联盟",support,B,pending,由明确身份表述自动提取，建议人工抽查。,OME-00347
FE-OME-00348,person,ZLH-021,organization_membership,ORG-001,SRC-0766,第453页,"1930年5月上旬,和妻子丁玲从山东济南回到上海,经潘汉年介绍,一同加入中国左翼作家联盟",support,B,pending,由明确身份表述自动提取，建议人工抽查。,OME-00348
FE-OME-00350,person,ZLH-010,organization_membership,ORG-001,SRC-0170,第457页,"他的社会政治活动很快引起国民党当局的嫉恨,10月初,国民党特务乘他外出时搜查了他的住宅,几天后,国民党上海教育局长潘公展更登门“拜访“,警告洪深切勿“再与左联揽在一起“,否则后果不堪设想,劝他“三思而行“",lead,B,pending,由明确身份表述自动提取，建议人工抽查。,OME-00350
FE-OME-00351,person,ZLH-015,organization_membership,ORG-001,SRC-0718,第464页,"在左联的工作中,他始终难以忘怀两件事情:一是1930年左联成立不久,文委和左联开会议论郁达夫,因为郁达夫私下曾对徐志摩说过“我是个作家,不是战士“的话,又对左联成员上街贴标语散传单举行游行示威不以为然,便有人提议,要左联开除郁达夫,最后竟表失通过了,那次联席会议的主席是郑伯奇,由于种种原因,作为会议主席的他韶无力制止通过这一决议",lead,B,pending,由明确身份表述自动提取，建议人工抽查。,OME-00351
FE-OME-00352,person,ZLH-018,organization_membership,ORG-001,SRC-0170,第476页,"“冯铿等牺牲后,因白色恐余日益严重,许峨离开上海回到汕头家乡隐薇,与左联失去联系,但偶尔也向上海人民报道些当地的电影消息及个人的电影观感之类,《时事新报》就发表过他的《汕头的电影》、《电影漫画》、《三种人一一演员、观众、批评人》等文",lead,B,pending,由明确身份表述自动提取，建议人工抽查。,OME-00352
FE-OME-00353,person,ZLH-005,organization_membership,ORG-001,SRC-0170,第477页,"在上海期间,他会见了文总和左联的领导人冯雪峰、丁玲以及左联机关刊《文学月报》主编周起应(周扬)等人",lead,B,pending,由明确身份表述自动提取，建议人工抽查。,OME-00353
FE-OME-00354,person,ZLH-007,organization_membership,ORG-001,SRC-0170,第477页,"在上海期间,他会见了文总和左联的领导人冯雪峰、丁玲以及左联机关刊《文学月报》主编周起应(周扬)等人",lead,B,pending,由明确身份表述自动提取，建议人工抽查。,OME-00354
FE-OME-00355,person,ZLH-021,organization_membership,ORG-001,SRC-0170,第477页,"在上海期间,他会见了文总和左联的领导人冯雪峰、丁玲以及左联机关刊《文学月报》主编周起应(周扬)等人",lead,B,pending,由明确身份表述自动提取，建议人工抽查。,OME-00355
FE-OME-00356,person,ZLH-002,organization_membership,ORG-001,SRC-0975,第478页,"10月,胡风奉命接替茅盾担任左联行政书记",support,B,pending,由明确身份表述自动提取，建议人工抽查。,OME-00356
FE-OME-00357,person,ZLH-026,organization_membership,ORG-001,SRC-0975,第478页,"10月,胡风奉命接替茅盾担任左联行政书记",support,B,pending,由明确身份表述自动提取，建议人工抽查。,OME-00357
FE-OME-00358,person,ZLH-024,organization_membership,ORG-001,SRC-0170,第488页,"1934年8月,经诗人杜谈介绍,艾芜和左联女诗人、中国诗歌会成员王蕾嘉结为连理",lead,B,pending,由明确身份表述自动提取，建议人工抽查。,OME-00358
FE-OME-00359,person,ZLH-022,organization_membership,ORG-001,SRC-0170,第488页,"此后一段时间,他结识了关露和韩起、董曼尼、张天翼等左联盟员,交往日益密切,1932年冬,通过韩起,胡依凡又认识了左翼作家周钢鸣,后由周钢鸣介绍加人左联,他们和周文(何谷天)、汪岑同一小组,1934一1935年,胡依凡又和庄启东、方土人、陈君冶一个小组",support,B,pending,由明确身份表述自动提取，建议人工抽查。,OME-00359
FE-OME-00360,person,ZLH-029,organization_membership,ORG-001,SRC-0988,第492页,"────────────────────────────────────────478左联史在这个新副刊上唱主角的依然是左联盟员作家,聂绀弩、东平、陈北鸥、周钢鸣、陈子鹃、霁石榆、蒲风、淮岛、鲜鱼羊、江篇、勇余和王余杞自己,作品则有《十支手枪的故事》、《在荐头店》、《床上的故事》、《鸿风进行曲》、《诗的创作技巧》《丰收》(对叶紫同名小说集的评论)、《八月的乡村》(对田军同名小说的评论)、《安德烈.纪德》、《狄奥多.德莱塞》....-.令读者呼服到又一股左翼文学的清新空气,打破了北方文坛的沉闷",support,B,pending,由明确身份表述自动提取，建议人工抽查。,OME-00360
FE-OME-00361,person,ZLH-083,organization_membership,ORG-001,SRC-1016,第506页,"1933年9月,魏晋和妻子曾奕随同林焕平以及陈一言(陈业勋)、麦穗等到达日本东京,随后,林维梁(林基路)、欧阳凡海、陈斐琴、骆剑冰等左联成员相继到达东京",support,B,pending,由明确身份表述自动提取，建议人工抽查。,OME-00361
FE-OME-00362,person,ZLH-017,organization_membership,ORG-001,SRC-0170,第510页,"1930年5月,跟随胡也频、丁玲去上海,参加左联和社联合办的文艺暑期补习班学习,他在这里昕到过鲁迅先生和冯雪峰、胡也频讲课,进一步提高了思想觉悟,懂得了更多的马克恩主义文艺理论",support,B,pending,由明确身份表述自动提取，建议人工抽查。,OME-00362
FE-OME-00363,person,ZLH-021,organization_membership,ORG-001,SRC-0170,第510页,"1930年5月,跟随胡也频、丁玲去上海,参加左联和社联合办的文艺暑期补习班学习,他在这里昕到过鲁迅先生和冯雪峰、胡也频讲课,进一步提高了思想觉悟,懂得了更多的马克恩主义文艺理论",support,B,pending,由明确身份表述自动提取，建议人工抽查。,OME-00363
FE-OME-00364,person,ZLH-007,organization_membership,ORG-001,SRC-0170,第514页,"这时周起应(周扬)接任左联党团书记,为便利与各方联系,关霁担任他的内部交通",support,B,pending,由明确身份表述自动提取，建议人工抽查。,OME-00364
FE-OME-00365,person,ZLH-029,organization_membership,ORG-001,SRC-0170,第514页,"1934年,左联成员聂绀弩主编上海《中华日报》副刊《动向3》,关露奉左联之命,在《动向》上创办《诗歌特刊》(不定期刊),7月21日出第1期,从9月8日第2期起更名《诗歌》,晴“诗歌社“编,刊载大众化诗歌作品,并向社会征稿,到1935年5月18日第12期出版后停刊",support,B,pending,由明确身份表述自动提取，建议人工抽查。,OME-00365
FE-OME-00366,person,ZLH-008,organization_membership,ORG-001,SRC-0881,第521页,"1935年2月,田汉、阳翰笙被捕后,原担任左联行政书记的任白戈去日本留学,徐懋庸又接替任白戈的职务",support,B,pending,由明确身份表述自动提取，建议人工抽查。,OME-00366
FE-OME-00368,person,ZLH-032,organization_membership,ORG-001,SRC-0881,第521页,"1935年2月,田汉、阳翰笙被捕后,原担任左联行政书记的任白戈去日本留学,徐懋庸又接替任白戈的职务",support,B,pending,由明确身份表述自动提取，建议人工抽查。,OME-00368
FE-OME-00369,person,ZLH-063,organization_membership,ORG-001,SRC-0881,第521页,"1935年2月,田汉、阳翰笙被捕后,原担任左联行政书记的任白戈去日本留学,徐懋庸又接替任白戈的职务",support,B,pending,由明确身份表述自动提取，建议人工抽查。,OME-00369
FE-OME-00370,person,ZLH-001,organization_membership,ORG-001,SRC-0881,第521页,"他一次次去传达文总和左联党团的指示,鲁迅跟徐懋庸的谈话一次比一次不愉快,最后一次近乎不欢而散",lead,B,pending,由明确身份表述自动提取，建议人工抽查。,OME-00370
FE-OME-00371,person,ZLH-032,organization_membership,ORG-001,SRC-0881,第521页,"他一次次去传达文总和左联党团的指示,鲁迅跟徐懋庸的谈话一次比一次不愉快,最后一次近乎不欢而散",lead,B,pending,由明确身份表述自动提取，建议人工抽查。,OME-00371
FE-OME-00372,person,ZLH-001,organization_membership,ORG-001,SRC-0170,第523页,"香港学者王宏志在《思想激流下的中国命运一一鲁迅与左联》一书中指出,“自始至终,鲁迅和徐懋庸之间并没有建立起什么深厚的交情“,这种说法是符合实际的,徐氏8月1日的信和后两篇文章正是很好的注脚",lead,B,pending,由明确身份表述自动提取，建议人工抽查。,OME-00372
FE-OME-00373,person,ZLH-032,organization_membership,ORG-001,SRC-0170,第523页,"香港学者王宏志在《思想激流下的中国命运一一鲁迅与左联》一书中指出,“自始至终,鲁迅和徐懋庸之间并没有建立起什么深厚的交情“,这种说法是符合实际的,徐氏8月1日的信和后两篇文章正是很好的注脚",lead,B,pending,由明确身份表述自动提取，建议人工抽查。,OME-00373
FE-OME-00374,person,ZLH-001,organization_membership,ORG-001,SRC-0170,第525页,"1936年,在“国防文学“和“民族革命战争的大众文学“两个口号论争中,他拥护鲁迅等提出的“民族革命战争的大众文学“口号,他和左联真茹小组的同志都不加人中国文艺家协会",lead,B,pending,由明确身份表述自动提取，建议人工抽查。,OME-00374
FE-OME-00375,person,ZLH-067,organization_membership,ORG-001,SRC-0926,第532页,"1932年春由任钧介绍,加人中国左翼作家联盟,下半年参加左联创作委员会工作,9月,参与发起组织“中国诗歌会“,投身现实主义诗歌创作与诗歌大众化运动",support,B,pending,由明确身份表述自动提取，建议人工抽查。,OME-00375
FE-OME-00376,person,ZLH-001,organization_membership,ORG-001,SRC-0798,第535页,"也是1933年,猛克经叶紫介绍加人中国左翼作家联盟,次年,任左联宣传部干事这期间,经周扬介绍结识鲁迅先生,几度为左联刊物向先生约稿,也曾代叶紫到鲁迅先生处取名修改过的文稿,与先生接触多了,受到先生的谭谭教导,猛克对先生的认识加深了,也深为自己往日的错误痛悔不已",support,B,pending,由明确身份表述自动提取，建议人工抽查。,OME-00376
FE-OME-00377,person,ZLH-007,organization_membership,ORG-001,SRC-0798,第535页,"也是1933年,猛克经叶紫介绍加人中国左翼作家联盟,次年,任左联宣传部干事这期间,经周扬介绍结识鲁迅先生,几度为左联刊物向先生约稿,也曾代叶紫到鲁迅先生处取名修改过的文稿,与先生接触多了,受到先生的谭谭教导,猛克对先生的认识加深了,也深为自己往日的错误痛悔不已",support,B,pending,由明确身份表述自动提取，建议人工抽查。,OME-00377
FE-OME-00378,person,ZLH-023,organization_membership,ORG-001,SRC-0798,第535页,"也是1933年,猛克经叶紫介绍加人中国左翼作家联盟,次年,任左联宣传部干事这期间,经周扬介绍结识鲁迅先生,几度为左联刊物向先生约稿,也曾代叶紫到鲁迅先生处取名修改过的文稿,与先生接触多了,受到先生的谭谭教导,猛克对先生的认识加深了,也深为自己往日的错误痛悔不已",support,B,pending,由明确身份表述自动提取，建议人工抽查。,OME-00378
FE-OME-00379,person,ZLH-037,organization_membership,ORG-001,SRC-0170,第537页,"1930年秋,由妻子马景星筹资500大洋,和友人于海、翁毅夫等在上海创办《文艺新闻》周刊,专门报道左翼文坛动态、搜集国外信息,创刊不久,左联即派作家楼适夷去该刊协助工作,从此《文艺新闻》完全和左联站在一起共同战斗,成为左联的外围刊物,他本人也由楼适夷介绍,加人左联",lead,B,pending,由明确身份表述自动提取，建议人工抽查。,OME-00379
FE-OME-00380,person,ZLH-036,organization_membership,ORG-001,SRC-0170,第537页,"1932年2月初,接《北斗》杂志社通知,参加《北斗》作者座谈会,他第一次见到丁玲,结识了左联盟员作家穆木天、沙汀、艾莅,后来又结识左联诗人蒲风、任钧等",support,B,pending,由明确身份表述自动提取，建议人工抽查。,OME-00380
FE-OME-00382,person,ZLH-029,organization_membership,ORG-001,SRC-0952,第542页,"1934年4月,得左联盟员聂绀弩之助,他被推荐担任《中华日报.动向》的助理编辑,不仅有月薪大浏60元的固定收人,还有了一块能发表若干作品的园地,这些都给他贫困的家庭生活以很大帮助",support,B,pending,由明确身份表述自动提取，建议人工抽查。,OME-00382
FE-OME-00383,person,ZLH-009,organization_membership,ORG-001,SRC-1036,第547页,赵家壁对良友公司的两位左联成员郑伯奇和汪农充满敬意,support,B,pending,由明确身份表述自动提取，建议人工抽查。,OME-00383
FE-OME-00384,person,ZLH-032,organization_membership,ORG-001,SRC-0768,第550页,"1935年10月和沙千里共同编辑综合性月刊《生活知识》,邀请左联女诗人关露编辑文艺栏,左联盟员作家徐懋庸、聂绀弩、吴奚如、凌鹤、尤党、何家槐、田间、柳倩、梅雨(梅益)、周钢鸣、蒙风、欧────────────────────────────────────────",support,B,pending,由明确身份表述自动提取，建议人工抽查。,OME-00384
FE-OME-00385,person,ZLH-001,organization_membership,ORG-001,SRC-0170,第568页,"时任左联行政书记的徐懋庸第一次去见鲁迅谈此事,鲁迅的回答是:组织统一战线团体,我是赞成的,但以为“左联“不宜解散",support,B,pending,由明确身份表述自动提取，建议人工抽查。,OME-00385
FE-OME-00386,person,ZLH-032,organization_membership,ORG-001,SRC-0170,第568页,"时任左联行政书记的徐懋庸第一次去见鲁迅谈此事,鲁迅的回答是:组织统一战线团体,我是赞成的,但以为“左联“不宜解散",support,B,pending,由明确身份表述自动提取，建议人工抽查。,OME-00386
FE-OME-00387,person,ZLH-033,organization_membership,ORG-001,SRC-0170,第573页,"“8冯雪峰到上海的第2天,即5月26日下午即去寻访鲁迅,并从小客栈移住虹口施高塔路大陆新村鲁迅家,通过鲁迅先生,冯雪峰又找到了左联盟员作家周文(何谷天),周文从此成为冯雪峰的秘密政治交通",support,B,pending,由明确身份表述自动提取，建议人工抽查。,OME-00387
FE-OME-00388,person,ZLH-116,organization_membership,ORG-001,SRC-0619,第594页,"4.孙席珍评“国防文学“口号1936年8月27日,北方左联成员孙席珍写了《关于国防文学的论争》一文(载《文学界》第1卷第4号,1936年9月10日,署名丁非),参加讨论",support,B,pending,由明确身份表述自动提取，建议人工抽查。,OME-00388
FE-OME-00389,person,ZLH-009,organization_membership,ORG-001,SRC-0852,第608页,"22日下午1时50分举行“启灵祭“,胡风、张天翼、聂绀弩、欧阳山、周文等16位中外作家扶灵枢上车去万国公墓安营,唐瑜、张天虚、罗峰、尹庚、郁达夫、白薇、蒲风、何家槐、关露、欧查、钟敬之、陈企霞、胡依凡、方土人、徐懋庸、阿英、尘无、周而复、黑丁、洪道、马子华、夏征农、柳倩、周文、沙汀、艾芜、杨骚、梁文若、叶以群、丽尼、王任叔、郑伯奇、沈西苓、徐步、林娜(司马文森)、沈端先等左联成员为鲁迅先生送殡",support,B,pending,由明确身份表述自动提取，建议人工抽查。,OME-00389
FE-OME-00390,person,ZLH-015,organization_membership,ORG-001,SRC-0852,第608页,"22日下午1时50分举行“启灵祭“,胡风、张天翼、聂绀弩、欧阳山、周文等16位中外作家扶灵枢上车去万国公墓安营,唐瑜、张天虚、罗峰、尹庚、郁达夫、白薇、蒲风、何家槐、关露、欧查、钟敬之、陈企霞、胡依凡、方土人、徐懋庸、阿英、尘无、周而复、黑丁、洪道、马子华、夏征农、柳倩、周文、沙汀、艾芜、杨骚、梁文若、叶以群、丽尼、王任叔、郑伯奇、沈西苓、徐步、林娜(司马文森)、沈端先等左联成员为鲁迅先生送殡",support,B,pending,由明确身份表述自动提取，建议人工抽查。,OME-00390
FE-OME-00391,person,ZLH-022,organization_membership,ORG-001,SRC-0852,第608页,"22日下午1时50分举行“启灵祭“,胡风、张天翼、聂绀弩、欧阳山、周文等16位中外作家扶灵枢上车去万国公墓安营,唐瑜、张天虚、罗峰、尹庚、郁达夫、白薇、蒲风、何家槐、关露、欧查、钟敬之、陈企霞、胡依凡、方土人、徐懋庸、阿英、尘无、周而复、黑丁、洪道、马子华、夏征农、柳倩、周文、沙汀、艾芜、杨骚、梁文若、叶以群、丽尼、王任叔、郑伯奇、沈西苓、徐步、林娜(司马文森)、沈端先等左联成员为鲁迅先生送殡",support,B,pending,由明确身份表述自动提取，建议人工抽查。,OME-00391
FE-OME-00392,person,ZLH-024,organization_membership,ORG-001,SRC-0852,第608页,"22日下午1时50分举行“启灵祭“,胡风、张天翼、聂绀弩、欧阳山、周文等16位中外作家扶灵枢上车去万国公墓安营,唐瑜、张天虚、罗峰、尹庚、郁达夫、白薇、蒲风、何家槐、关露、欧查、钟敬之、陈企霞、胡依凡、方土人、徐懋庸、阿英、尘无、周而复、黑丁、洪道、马子华、夏征农、柳倩、周文、沙汀、艾芜、杨骚、梁文若、叶以群、丽尼、王任叔、郑伯奇、沈西苓、徐步、林娜(司马文森)、沈端先等左联成员为鲁迅先生送殡",support,B,pending,由明确身份表述自动提取，建议人工抽查。,OME-00392
FE-OME-00393,person,ZLH-025,organization_membership,ORG-001,SRC-0852,第608页,"22日下午1时50分举行“启灵祭“,胡风、张天翼、聂绀弩、欧阳山、周文等16位中外作家扶灵枢上车去万国公墓安营,唐瑜、张天虚、罗峰、尹庚、郁达夫、白薇、蒲风、何家槐、关露、欧查、钟敬之、陈企霞、胡依凡、方土人、徐懋庸、阿英、尘无、周而复、黑丁、洪道、马子华、夏征农、柳倩、周文、沙汀、艾芜、杨骚、梁文若、叶以群、丽尼、王任叔、郑伯奇、沈西苓、徐步、林娜(司马文森)、沈端先等左联成员为鲁迅先生送殡",support,B,pending,由明确身份表述自动提取，建议人工抽查。,OME-00393
FE-OME-00394,person,ZLH-026,organization_membership,ORG-001,SRC-0852,第608页,"22日下午1时50分举行“启灵祭“,胡风、张天翼、聂绀弩、欧阳山、周文等16位中外作家扶灵枢上车去万国公墓安营,唐瑜、张天虚、罗峰、尹庚、郁达夫、白薇、蒲风、何家槐、关露、欧查、钟敬之、陈企霞、胡依凡、方土人、徐懋庸、阿英、尘无、周而复、黑丁、洪道、马子华、夏征农、柳倩、周文、沙汀、艾芜、杨骚、梁文若、叶以群、丽尼、王任叔、郑伯奇、沈西苓、徐步、林娜(司马文森)、沈端先等左联成员为鲁迅先生送殡",support,B,pending,由明确身份表述自动提取，建议人工抽查。,OME-00394
FE-OME-00395,person,ZLH-029,organization_membership,ORG-001,SRC-0852,第608页,"22日下午1时50分举行“启灵祭“,胡风、张天翼、聂绀弩、欧阳山、周文等16位中外作家扶灵枢上车去万国公墓安营,唐瑜、张天虚、罗峰、尹庚、郁达夫、白薇、蒲风、何家槐、关露、欧查、钟敬之、陈企霞、胡依凡、方土人、徐懋庸、阿英、尘无、周而复、黑丁、洪道、马子华、夏征农、柳倩、周文、沙汀、艾芜、杨骚、梁文若、叶以群、丽尼、王任叔、郑伯奇、沈西苓、徐步、林娜(司马文森)、沈端先等左联成员为鲁迅先生送殡",support,B,pending,由明确身份表述自动提取，建议人工抽查。,OME-00395
FE-OME-00396,person,ZLH-032,organization_membership,ORG-001,SRC-0852,第608页,"22日下午1时50分举行“启灵祭“,胡风、张天翼、聂绀弩、欧阳山、周文等16位中外作家扶灵枢上车去万国公墓安营,唐瑜、张天虚、罗峰、尹庚、郁达夫、白薇、蒲风、何家槐、关露、欧查、钟敬之、陈企霞、胡依凡、方土人、徐懋庸、阿英、尘无、周而复、黑丁、洪道、马子华、夏征农、柳倩、周文、沙汀、艾芜、杨骚、梁文若、叶以群、丽尼、王任叔、郑伯奇、沈西苓、徐步、林娜(司马文森)、沈端先等左联成员为鲁迅先生送殡",support,B,pending,由明确身份表述自动提取，建议人工抽查。,OME-00396
FE-OME-00397,person,ZLH-033,organization_membership,ORG-001,SRC-0852,第608页,"22日下午1时50分举行“启灵祭“,胡风、张天翼、聂绀弩、欧阳山、周文等16位中外作家扶灵枢上车去万国公墓安营,唐瑜、张天虚、罗峰、尹庚、郁达夫、白薇、蒲风、何家槐、关露、欧查、钟敬之、陈企霞、胡依凡、方土人、徐懋庸、阿英、尘无、周而复、黑丁、洪道、马子华、夏征农、柳倩、周文、沙汀、艾芜、杨骚、梁文若、叶以群、丽尼、王任叔、郑伯奇、沈西苓、徐步、林娜(司马文森)、沈端先等左联成员为鲁迅先生送殡",support,B,pending,由明确身份表述自动提取，建议人工抽查。,OME-00397
FE-OME-00398,person,ZLH-039,organization_membership,ORG-001,SRC-0852,第608页,"22日下午1时50分举行“启灵祭“,胡风、张天翼、聂绀弩、欧阳山、周文等16位中外作家扶灵枢上车去万国公墓安营,唐瑜、张天虚、罗峰、尹庚、郁达夫、白薇、蒲风、何家槐、关露、欧查、钟敬之、陈企霞、胡依凡、方土人、徐懋庸、阿英、尘无、周而复、黑丁、洪道、马子华、夏征农、柳倩、周文、沙汀、艾芜、杨骚、梁文若、叶以群、丽尼、王任叔、郑伯奇、沈西苓、徐步、林娜(司马文森)、沈端先等左联成员为鲁迅先生送殡",support,B,pending,由明确身份表述自动提取，建议人工抽查。,OME-00398
FE-OME-00399,person,ZLH-048,organization_membership,ORG-001,SRC-0852,第608页,"22日下午1时50分举行“启灵祭“,胡风、张天翼、聂绀弩、欧阳山、周文等16位中外作家扶灵枢上车去万国公墓安营,唐瑜、张天虚、罗峰、尹庚、郁达夫、白薇、蒲风、何家槐、关露、欧查、钟敬之、陈企霞、胡依凡、方土人、徐懋庸、阿英、尘无、周而复、黑丁、洪道、马子华、夏征农、柳倩、周文、沙汀、艾芜、杨骚、梁文若、叶以群、丽尼、王任叔、郑伯奇、沈西苓、徐步、林娜(司马文森)、沈端先等左联成员为鲁迅先生送殡",support,B,pending,由明确身份表述自动提取，建议人工抽查。,OME-00399
FE-OME-00400,person,ZLH-059,organization_membership,ORG-001,SRC-0852,第608页,"22日下午1时50分举行“启灵祭“,胡风、张天翼、聂绀弩、欧阳山、周文等16位中外作家扶灵枢上车去万国公墓安营,唐瑜、张天虚、罗峰、尹庚、郁达夫、白薇、蒲风、何家槐、关露、欧查、钟敬之、陈企霞、胡依凡、方土人、徐懋庸、阿英、尘无、周而复、黑丁、洪道、马子华、夏征农、柳倩、周文、沙汀、艾芜、杨骚、梁文若、叶以群、丽尼、王任叔、郑伯奇、沈西苓、徐步、林娜(司马文森)、沈端先等左联成员为鲁迅先生送殡",support,B,pending,由明确身份表述自动提取，建议人工抽查。,OME-00400
FE-OME-00403,person,ZLH-091,organization_membership,ORG-001,SRC-0852,第608页,"22日下午1时50分举行“启灵祭“,胡风、张天翼、聂绀弩、欧阳山、周文等16位中外作家扶灵枢上车去万国公墓安营,唐瑜、张天虚、罗峰、尹庚、郁达夫、白薇、蒲风、何家槐、关露、欧查、钟敬之、陈企霞、胡依凡、方土人、徐懋庸、阿英、尘无、周而复、黑丁、洪道、马子华、夏征农、柳倩、周文、沙汀、艾芜、杨骚、梁文若、叶以群、丽尼、王任叔、郑伯奇、沈西苓、徐步、林娜(司马文森)、沈端先等左联成员为鲁迅先生送殡",support,B,pending,由明确身份表述自动提取，建议人工抽查。,OME-00403
FE-OME-00404,person,ZLH-119,organization_membership,ORG-001,SRC-0852,第608页,"22日下午1时50分举行“启灵祭“,胡风、张天翼、聂绀弩、欧阳山、周文等16位中外作家扶灵枢上车去万国公墓安营,唐瑜、张天虚、罗峰、尹庚、郁达夫、白薇、蒲风、何家槐、关露、欧查、钟敬之、陈企霞、胡依凡、方土人、徐懋庸、阿英、尘无、周而复、黑丁、洪道、马子华、夏征农、柳倩、周文、沙汀、艾芜、杨骚、梁文若、叶以群、丽尼、王任叔、郑伯奇、沈西苓、徐步、林娜(司马文森)、沈端先等左联成员为鲁迅先生送殡",support,B,pending,由明确身份表述自动提取，建议人工抽查。,OME-00404
FE-OME-00405,person,ZLH-120,organization_membership,ORG-001,SRC-0852,第608页,"22日下午1时50分举行“启灵祭“,胡风、张天翼、聂绀弩、欧阳山、周文等16位中外作家扶灵枢上车去万国公墓安营,唐瑜、张天虚、罗峰、尹庚、郁达夫、白薇、蒲风、何家槐、关露、欧查、钟敬之、陈企霞、胡依凡、方土人、徐懋庸、阿英、尘无、周而复、黑丁、洪道、马子华、夏征农、柳倩、周文、沙汀、艾芜、杨骚、梁文若、叶以群、丽尼、王任叔、郑伯奇、沈西苓、徐步、林娜(司马文森)、沈端先等左联成员为鲁迅先生送殡",support,B,pending,由明确身份表述自动提取，建议人工抽查。,OME-00405
FE-OME-00406,person,ZLH-120,organization_membership,ORG-001,SRC-0170,第615页,"6.进入研究另一位左联盟员作家夏征农,是我国鲁迅研究事业最早的推动者之一",support,B,pending,由明确身份表述自动提取，建议人工抽查。,OME-00406
FE-OME-00407,person,ZLH-003,organization_membership,ORG-001,SRC-0872,第632页,"《三人行》问世后,参与左联领导工作的瞿秋白同志立即发表《谈谈〈三人行)》一文,对作品进行深人分析,帮助茅盾对创作思想进行了一次大清理",lead,B,pending,由明确身份表述自动提取，建议人工抽查。,OME-00407
FE-OME-00409,person,ZLH-001,organization_membership,ORG-001,SRC-0710,第729页,"《人民日报》、《文艺报》、《文学评论》、《新文学史料》、《人民文学》及各地报刊发表了许多有关左联的文章,如苟盾《关于“左联“》,夏衍《“左联“成立前后》、《左联杂忆》,阳翰笙《中国左翼作家联盟成立的经过》、《左翼文化阵营反对国民党反动派文化“围剿“的斗争》,《冯雪峰谈左联》,《阿英忆左联》,丁玲《关于左联的片断回忆》,楼适夷《记“左联“的两个刊物》,萧三《我为“左联“在国外做了些什么》,冯润璋《我记忆中的左联》,马宁《左联杂忆》,凌鹤《参加左联的前前后后》,金丁《有关左联的一些回忆》,吴奚如《左联大众化工作委员会的活动》,任钩《关于“左联“的一些情况》,王尧山《忆在“左联“工作的前后》,魏猛克《回忆左联》,沙汀《一个左联盟员的回忆琐记》,关霁《我想起了左联》,任白戈《我在“左联“工作的时候5,王淑明《我与“左联“二三事》,草明《“左联“回忆片断》,庄启东《我参加“左联“时期文学活动的回忆片断》,方之中《高举战斗旗帜发扬光斗争生活》,朱正明《在左联时期》,柳倩《左联与中国诗歌会》,郑育之《回忆“左联“的一些情况》,向思赔《我们是共患难、经生死的同志关系一一怀念左联时期的周文同志》,齐速《",lead,B,pending,由明确身份表述自动提取，建议人工抽查。,OME-00409
FE-OME-00410,person,ZLH-076,organization_membership,ORG-001,SRC-0710,第729页,"《人民日报》、《文艺报》、《文学评论》、《新文学史料》、《人民文学》及各地报刊发表了许多有关左联的文章,如苟盾《关于“左联“》,夏衍《“左联“成立前后》、《左联杂忆》,阳翰笙《中国左翼作家联盟成立的经过》、《左翼文化阵营反对国民党反动派文化“围剿“的斗争》,《冯雪峰谈左联》,《阿英忆左联》,丁玲《关于左联的片断回忆》,楼适夷《记“左联“的两个刊物》,萧三《我为“左联“在国外做了些什么》,冯润璋《我记忆中的左联》,马宁《左联杂忆》,凌鹤《参加左联的前前后后》,金丁《有关左联的一些回忆》,吴奚如《左联大众化工作委员会的活动》,任钩《关于“左联“的一些情况》,王尧山《忆在“左联“工作的前后》,魏猛克《回忆左联》,沙汀《一个左联盟员的回忆琐记》,关霁《我想起了左联》,任白戈《我在“左联“工作的时候5,王淑明《我与“左联“二三事》,草明《“左联“回忆片断》,庄启东《我参加“左联“时期文学活动的回忆片断》,方之中《高举战斗旗帜发扬光斗争生活》,朱正明《在左联时期》,柳倩《左联与中国诗歌会》,郑育之《回忆“左联“的一些情况》,向思赔《我们是共患难、经生死的同志关系一一怀念左联时期的周文同志》,齐速《",support,B,pending,由明确身份表述自动提取，建议人工抽查。,OME-00410
FE-OME-00411,person,ZLH-001,organization_membership,ORG-001,SRC-0170,第731页,"除各种报刊上的论文、资料之外,还出版了一批专著,如戴知贤《十年内战时期的革命文化运动》(中国人民大学出版社,1988),南京大学中文系师生的《左联时期文学论文集》(南京大学1980),中国社会科学院文学研究所现代文学研究室编辑的《左联回忆录》(中国社会科学出版社1982),上海社会科学院文学研究室《30年代在上海的左联作家》(上海社会科学院出版社1988),艾晓明《中国左翼文学思潮探源》(湖南文艺出版社1991),王宏志《思想潘流下的中国命运一一鲁迅与左联》(台北风云时代出版公司,1991),张大明《不灭的火种一一左翼文学论》(四川文艺出版社,1992),中国左翼作家联盟成立大会会址纪念馆和上海鲁迅纪念馆合编《左联纪念集》(百家出版社1990年2月)、《左联────────────────────────────────────────",lead,B,pending,由明确身份表述自动提取，建议人工抽查。,OME-00411
FE-OME-00412,person,ZLH-054,organization_membership,ORG-001,SRC-0006,第101页,(416)关于中华艺大校址和左联成立大会会址(许幸之)…......(C417)左联成立大会史实寻踪(周国伟、史伯英)…..............“(417)中国左翼作家联盟理论纲领说略(郝铭鉴)…..............-(417)“稳固“和“失掉“(藩青)…(417)左翼文艺运动的战斗纲领(蔡清富….........沥C417)左联大会上通过成立的研究会(徐重庆…........0.00,lead,B,pending,由明确身份表述自动提取，建议人工抽查。,OME-00412
FE-OME-00416,person,ZLH-014,organization_membership,ORG-001,SRC-0012,第107页,负责贻彻萱实各项党的方针政策.担任过左联党团书记的有下列人员;冯乃超1930年3月一-1931年2月,support,B,pending,由明确身份表述自动提取，建议人工抽查。,OME-00416
FE-OME-00417,person,ZLH-002,organization_membership,ORG-001,SRC-0039,第108页,"根据沙汀、任白戈、林淡秋、徐懋庸等的回忆,担任过左联常委的还有茅盾、周扬、彭慧、沙汀、胡风、周文、任白戈、徐懋庸、何家槐、林淡秋等人",support,B,pending,由明确身份表述自动提取，建议人工抽查。,OME-00417
FE-OME-00418,person,ZLH-007,organization_membership,ORG-001,SRC-0039,第108页,"根据沙汀、任白戈、林淡秋、徐懋庸等的回忆,担任过左联常委的还有茅盾、周扬、彭慧、沙汀、胡风、周文、任白戈、徐懋庸、何家槐、林淡秋等人",support,B,pending,由明确身份表述自动提取，建议人工抽查。,OME-00418
FE-OME-00419,person,ZLH-025,organization_membership,ORG-001,SRC-0039,第108页,"根据沙汀、任白戈、林淡秋、徐懋庸等的回忆,担任过左联常委的还有茅盾、周扬、彭慧、沙汀、胡风、周文、任白戈、徐懋庸、何家槐、林淡秋等人",support,B,pending,由明确身份表述自动提取，建议人工抽查。,OME-00419
FE-OME-00420,person,ZLH-026,organization_membership,ORG-001,SRC-0039,第108页,"根据沙汀、任白戈、林淡秋、徐懋庸等的回忆,担任过左联常委的还有茅盾、周扬、彭慧、沙汀、胡风、周文、任白戈、徐懋庸、何家槐、林淡秋等人",support,B,pending,由明确身份表述自动提取，建议人工抽查。,OME-00420
FE-OME-00421,person,ZLH-032,organization_membership,ORG-001,SRC-0039,第108页,"根据沙汀、任白戈、林淡秋、徐懋庸等的回忆,担任过左联常委的还有茅盾、周扬、彭慧、沙汀、胡风、周文、任白戈、徐懋庸、何家槐、林淡秋等人",support,B,pending,由明确身份表述自动提取，建议人工抽查。,OME-00421
FE-OME-00422,person,ZLH-033,organization_membership,ORG-001,SRC-0039,第108页,"根据沙汀、任白戈、林淡秋、徐懋庸等的回忆,担任过左联常委的还有茅盾、周扬、彭慧、沙汀、胡风、周文、任白戈、徐懋庸、何家槐、林淡秋等人",support,B,pending,由明确身份表述自动提取，建议人工抽查。,OME-00422
FE-OME-00423,person,ZLH-047,organization_membership,ORG-001,SRC-0039,第108页,"根据沙汀、任白戈、林淡秋、徐懋庸等的回忆,担任过左联常委的还有茅盾、周扬、彭慧、沙汀、胡风、周文、任白戈、徐懋庸、何家槐、林淡秋等人",support,B,pending,由明确身份表述自动提取，建议人工抽查。,OME-00423
FE-OME-00424,person,ZLH-063,organization_membership,ORG-001,SRC-0039,第108页,"根据沙汀、任白戈、林淡秋、徐懋庸等的回忆,担任过左联常委的还有茅盾、周扬、彭慧、沙汀、胡风、周文、任白戈、徐懋庸、何家槐、林淡秋等人",support,B,pending,由明确身份表述自动提取，建议人工抽查。,OME-00424
FE-OME-00425,person,ZLH-045,organization_membership,ORG-001,SRC-0039,第108页,"有的回忆录提供,杨潮,彭柏山、彭慧、周立波、梅益等也担任过左联常委",support,B,pending,由明确身份表述自动提取，建议人工抽查。,OME-00425
FE-OME-00426,person,ZLH-001,organization_membership,ORG-001,SRC-0039,第108页,"受左联执行委员会领导,由书记、组织、宣传各1人组成,贯彻执行上级组织(中国左翼文化总同盟和左联执行委员会)交付的各项任务,如发动盟员进行社会政治活动,从事创作,开展同各兄弟联盟(如中国社会科学家联盟、中国左翼戏剧家联盟)之间的工作竞赛等.出版内部刊物《秘书处消息》,用以指导工作,交流信息王宏志《左联的组织与结构》一文(收在《思想激溃下的中国命运:鲁迅与左联》书中)归纳了有关材料,在左联秘书处工作过的人员如下:1930年周全平任书记",lead,B,pending,由明确身份表述自动提取，建议人工抽查。,OME-00426
FE-OME-00427,person,ZLH-017,organization_membership,ORG-001,SRC-0008,第131页,"1930年5月,和胡也频同时加入中国左翼作家联盟,积极投身文艺大众化工作,曾深入上海大世界游乐场考察群众文艺活动",support,B,pending,由明确身份表述自动提取，建议人工抽查。,OME-00427
FE-OME-00428,person,ZLH-119,organization_membership,ORG-001,SRC-0285,第138页,"同年,由何家槐介绍加入中国左翼作家联盟",support,B,pending,由明确身份表述自动提取，建议人工抽查。,OME-00428
FE-OME-00429,person,ZLH-119,organization_membership,ORG-001,SRC-1094,第146页,"同年和上述儿位共同筹集资伟,租贩房屋,创办“民众互助夜校“,招收失学青年工人,进行义务教育,培养革命后备力量.1934年春,由何家槐介绍加入中国左翼作家联盟.加盟后继续从事上人教育,并参加各种社会政治活动,同年参与创办《生路》杂志",support,B,pending,由明确身份表述自动提取，建议人工抽查。,OME-00429
FE-OME-00430,person,ZLH-001,organization_membership,ORG-001,SRC-0009,第171页,"同年9月,与左联盟员栖石、冯乃超等发起吴迅50寿辰纪念会.1931年2月7日,李伟森、朐也频、柔石、殴夫、冯锂5位左联盟员作家和其他19位丨共党员十部被国民党反动派杀害,左联组织受到较大损失,他临危受命,任左联党囡书记.4月,与鲁迅共同筹划出版左联机关刊《前哨》“纪念战死者专号,并作短评《我们同志的死和走狗们的卓劣》,沉痛悼念死者,问反动派抗议",support,B,pending,由明确身份表述自动提取，建议人工抽查。,OME-00430
FE-OME-00431,person,ZLH-014,organization_membership,ORG-001,SRC-0009,第171页,"同年9月,与左联盟员栖石、冯乃超等发起吴迅50寿辰纪念会.1931年2月7日,李伟森、朐也频、柔石、殴夫、冯锂5位左联盟员作家和其他19位丨共党员十部被国民党反动派杀害,左联组织受到较大损失,他临危受命,任左联党囡书记.4月,与鲁迅共同筹划出版左联机关刊《前哨》“纪念战死者专号,并作短评《我们同志的死和走狗们的卓劣》,沉痛悼念死者,问反动派抗议",lead,B,pending,由明确身份表述自动提取，建议人工抽查。,OME-00431
FE-OME-00432,person,ZLH-007,organization_membership,ORG-001,SRC-0006,第183页,"同年底回上海,通过老友沙汀,结识左联盟员周扬、艾芜,接近左翼文坛,1932年12月中苏而国政府恢复邦交,左联发表《中国著作家为中苏复交致苏联电》,他在电文上签名",support,B,pending,由明确身份表述自动提取，建议人工抽查。,OME-00432
FE-OME-00433,person,ZLH-025,organization_membership,ORG-001,SRC-0006,第183页,"同年,由沙汀介绍加入中国左翼作家联盟,在左联理论研究会工作,从事马列主义文艺理论研究",support,B,pending,由明确身份表述自动提取，建议人工抽查。,OME-00433
FE-OME-00434,person,ZLH-023,organization_membership,ORG-001,SRC-0137,第190页,"1933年在复丁中国文学系主编(复早文学》四创作《五一劳动歌》,于同年12月21日被捕,关押龙华警备司令部,不久出狱,继续从事左翼文学活动,常与左联成员蒋弼、马子华、叶紫、周文、田间、周而复、洪道等相往还",lead,B,pending,由明确身份表述自动提取，建议人工抽查。,OME-00434
FE-OME-00435,person,ZLH-033,organization_membership,ORG-001,SRC-0137,第190页,"1933年在复丁中国文学系主编(复早文学》四创作《五一劳动歌》,于同年12月21日被捕,关押龙华警备司令部,不久出狱,继续从事左翼文学活动,常与左联成员蒋弼、马子华、叶紫、周文、田间、周而复、洪道等相往还",lead,B,pending,由明确身份表述自动提取，建议人工抽查。,OME-00435
FE-OME-00436,person,ZLH-116,organization_membership,ORG-001,SRC-0126,第192页,"3月下旬,北平左联成员孙席珍去中国大学作题为(现代写实主义文学)的讲演,再度担任会场纠察",support,B,pending,由明确身份表述自动提取，建议人工抽查。,OME-00436
FE-OME-00438,person,ZLH-022,organization_membership,ORG-001,SRC-0134,第198页,"同一时期,由张天翼、彭慧介绍加入中国左翼作家联盟,在左联创作委员会诗歌组工作.常深入工人群众,在美亚绪厂、南市的纱厂、丝厂组织姐妹团、读书会、诗歌小组,在女工中进行宣传活助,创作了一批反映工人生活的诗歌",support,B,pending,由明确身份表述自动提取，建议人工抽查。,OME-00438
FE-OME-00439,person,ZLH-007,organization_membership,ORG-001,SRC-0134,第198页,"1932年5月14日丁玲被国民党特务秘密绑架,关露接替丁玲负责创作委员会的工作,并任左联党团书记周扬的“交通“同年7月初,出席中华妇女解放促进会成立大会",support,B,pending,由明确身份表述自动提取，建议人工抽查。,OME-00439
FE-OME-00440,person,ZLH-021,organization_membership,ORG-001,SRC-0134,第198页,"1932年5月14日丁玲被国民党特务秘密绑架,关露接替丁玲负责创作委员会的工作,并任左联党团书记周扬的“交通“同年7月初,出席中华妇女解放促进会成立大会",support,B,pending,由明确身份表述自动提取，建议人工抽查。,OME-00440
FE-OME-00441,person,ZLH-007,organization_membership,ORG-001,SRC-0795,第208页,"三十年代在上海京沪、沪杭甬铁路局任,业余从事文学写作与翻译.1932年在其六妹杨刚(中共党员)帮助、影响下,勤奋学习《共产党宣言)、《资本论》等经典著作,逐步克服资产阶级民主主义思想,接受马克思主义,日益坚信中国革命和中国共产党.1933年初,由周扬介绍加入中国左翼作家联盟.不久由周扬介绍加入中国共产党.喜爱马克思主义文艺理论和马雅可夫斯基的诣",support,B,pending,由明确身份表述自动提取，建议人工抽查。,OME-00441
FE-OME-00442,person,ZLH-120,organization_membership,ORG-001,SRC-0287,第209页,1935年秋与左联盟员夏征农去厂西桐林从事教育工作,support,B,pending,由明确身份表述自动提取，建议人工抽查。,OME-00442
FE-OME-00443,person,ZLH-120,organization_membership,ORG-001,SRC-0287,第209页,1935年秋与左联盟员夏征农去厂西桐林从事教育工作,lead,B,pending,由明确身份表述自动提取，建议人工抽查。,OME-00443
FE-OME-00444,person,ZLH-116,organization_membership,ORG-001,SRC-0493,第216页,"1936年秋,与北平左联成员孙席珍和曹靖华等筹备成立北平作家协会",support,B,pending,由明确身份表述自动提取，建议人工抽查。,OME-00444
FE-OME-00445,person,ZLH-007,organization_membership,ORG-001,SRC-0140,第227页,"1931年11月29日和艾芜联名给鲁迅写信,请教关于小说题材等问题,受到鲁迅的亲切教诲.1932年1月5日,鲁迅在收到他的《俄国煤油及艾芜的《太原船上》后,于10日回信指出,《俄国煤油》“顾影自怜,有废名气“,望他“反映时代中心“,开拓新的题材.先生并和许广平亲自登门送还稿件,使他深受教育同年冬,由周扬介绍加入中国左翼作家联盟.同年12月,中苏两国政府恢复邦交,左联发表《中国著作家为中苏复交致苏联电》,他在电文上签名",support,B,pending,由明确身份表述自动提取，建议人工抽查。,OME-00445
FE-OME-00447,person,ZLH-001,organization_membership,ORG-001,SRC-0128,第239页,"10月,又任中国左翼文化总同盟常委、宣传部长,分工货货联系十余所大学的文艺社团,常与周立波、殷夫、任钧等盟员去复旦大学等校开展活动,鲁迅、蔡和森等都被他请来作过报告.1931年,参与左联机关刊《北斗》的编辑,并为江西苏区_编过战士的教科书",lead,B,pending,由明确身份表述自动提取，建议人工抽查。,OME-00447
FE-OME-00449,person,ZLH-059,organization_membership,ORG-001,SRC-1057,第257页,"1930年1月从家乡到上海,入中国公学中文系读书,同年4月由白薇介绍参加艺术剧社活动.同年6月加入中国左翼作家联盟1931年9月转入暨南大学,参加中国共产党,成为学校爱国学生运动的领导人之一,1932年底被校方无理开除",support,B,pending,由明确身份表述自动提取，建议人工抽查。,OME-00449
FE-OME-00450,person,ZLH-076,organization_membership,ORG-001,SRC-0760,第267页,"同年3月,加入中国左翼作家联盟.同年4月15日,左联盟员马宁写信给钱杏邸,明确指出,周毓英这样的人是机会主义分子,是“人妖“,强调在左联这样的团体里,“切不能让机会主义者活动“,并提出“铲清文坛上的妖气",support,B,pending,由明确身份表述自动提取，建议人工抽查。,OME-00450
FE-OME-00451,person,ZLH-091,organization_membership,ORG-001,SRC-0728,第269页,"原名何开荣,笔名何谷天、周文等.四川荣经县人,1931年去安徽省教育厅工作,遇中共地下党员叶以群,协助叶组建中国左翼文化总同盟安徽分盟和中国左翼作家联盟安徽分盟,任*文总“安徽分盟组织部长.1932年秋因叛徒告密,转移上海,与先期去沪的中国左翼作家联盟组织部长叶以群会合,参加左联工作,任左联组织干事,兼任左联东北区委书记,参加领导塔南、复丁、光华等大学的左联小组",support,B,pending,由明确身份表述自动提取，建议人工抽查。,OME-00451
FE-OME-00452,person,ZLH-091,organization_membership,ORG-001,SRC-0681,第277页,"1932年初参加左联组织部长叶以群帮助建立的读书会,不久参加左联外围组织“红叶社“",support,B,pending,由明确身份表述自动提取，建议人工抽查。,OME-00452
FE-OME-00454,person,ZLH-024,organization_membership,ORG-001,SRC-0252,第287页,"同年9月,由艾芜介绍参加左联领导的中国诗歌会,并和穆木天、杨骚、森堡(任钧)、溶风等创办会刊《新诗歌》,他参与编辑",support,B,pending,由明确身份表述自动提取，建议人工抽查。,OME-00454
FE-OME-00455,person,ZLH-036,organization_membership,ORG-001,SRC-0252,第287页,"1933年初,经穆木天介绍加入中国左翼作家联盟",support,B,pending,由明确身份表述自动提取，建议人工抽查。,OME-00455
FE-OME-00456,person,ZLH-076,organization_membership,ORG-001,SRC-0731,第295页,"同年3月2日,出席中国左翼作家联盟成左联盟员简丫立大会,任执行委员,以后又任左联常委及编辑部主任,热情支持盟员作家马宁的创作",support,B,pending,由明确身份表述自动提取，建议人工抽查。,OME-00456
FE-OME-00457,person,ZLH-119,organization_membership,ORG-001,SRC-0908,第296页,"1933年夏去上海,由何家槐介绍加入中国左翼作家联盟,为左联暨南大学小组成员.同年7月10日、31日《生活日报》分别发表他的小说《烟叶潮》和────────────────────────────────────────",support,B,pending,由明确身份表述自动提取，建议人工抽查。,OME-00457
FE-OME-00460,person,ZLH-001,organization_membership,ORG-001,SRC-0781,第306页,"1934年1月6日应黎列文之邀去古益轩赴寰,第一次见到鲁迅先生,同年春,由任白戈介绍加入中国左翼作家联盟,在左联理论研究会工作",support,B,pending,由明确身份表述自动提取，建议人工抽查。,OME-00460
FE-OME-00461,person,ZLH-063,organization_membership,ORG-001,SRC-0781,第306页,"1934年1月6日应黎列文之邀去古益轩赴寰,第一次见到鲁迅先生,同年春,由任白戈介绍加入中国左翼作家联盟,在左联理论研究会工作",support,B,pending,由明确身份表述自动提取，建议人工抽查。,OME-00461
FE-OME-00462,person,ZLH-116,organization_membership,ORG-001,SRC-0254,第308页,"同年,由孙席珍介绍加入中国左翼作家联盟北方部,开始文学创作活动",support,B,pending,由明确身份表述自动提取，建议人工抽查。,OME-00462
FE-OME-00463,person,ZLH-004,organization_membership,ORG-001,SRC-0679,第318页,"创造社成员.早年在上海从事文学活助,1929年参加艺术剧社,管音响.同年11月1日《大众文艺》2卷1期起由他接编,先后在该刊发表木人戏《羊的素描》和翻译文学作品《运货便车》(屋托.密拉)、《秋普》(小堀甚二)、《兵和兵》(岛田美彦)、《公共长凳》(村山知义)、《沿海州纪行》(细川隆之)、《死前的友情》(林房雄)、《鸦片战争》(村山知义)、《革命十年间苏俄的音乐的发履5《德国新兴文学》(中野重治)《谁最蠢》(威特福该尔),《村山知义》、《赤色舞女》(贵司山治)等论文与译作,热心介绍各国新兴文艺这时中国左翼作家联盟正在筹备,他利用《大众文艺》这一阵地配合了左联的筹备,有效地贯彻了左联的文艺方针.他还直接参与筹备工作,沈端先(夏衍)曾请他-一同去动员郁达夫参加左联",support,B,pending,由明确身份表述自动提取，建议人工抽查。,OME-00463
FE-OME-00464,person,ZLH-015,organization_membership,ORG-001,SRC-0679,第318页,"创造社成员.早年在上海从事文学活助,1929年参加艺术剧社,管音响.同年11月1日《大众文艺》2卷1期起由他接编,先后在该刊发表木人戏《羊的素描》和翻译文学作品《运货便车》(屋托.密拉)、《秋普》(小堀甚二)、《兵和兵》(岛田美彦)、《公共长凳》(村山知义)、《沿海州纪行》(细川隆之)、《死前的友情》(林房雄)、《鸦片战争》(村山知义)、《革命十年间苏俄的音乐的发履5《德国新兴文学》(中野重治)《谁最蠢》(威特福该尔),《村山知义》、《赤色舞女》(贵司山治)等论文与译作,热心介绍各国新兴文艺这时中国左翼作家联盟正在筹备,他利用《大众文艺》这一阵地配合了左联的筹备,有效地贯彻了左联的文艺方针.他还直接参与筹备工作,沈端先(夏衍)曾请他-一同去动员郁达夫参加左联",support,B,pending,由明确身份表述自动提取，建议人工抽查。,OME-00464
FE-OME-00465,person,ZLH-026,organization_membership,ORG-001,SRC-0591,第328页,"9月12日,致胡风信,谈及萧军参加左联问题,认为“现在不必进去…....我觉得还是在外围的人们里,出儿个新作家,有些新鲜的成绩,一到里面去,即酱在无聊的纠纷中,无声无息.“11月,收到萧三从苏联来信,信是奉王明指后而写,信中指示上海左联领导人“取消左联,发宣言解散它,另外发起,组织一个广大的文学团体“,信随即由茅盾转交周扬",support,B,pending,由明确身份表述自动提取，建议人工抽查。,OME-00465
FE-OME-00467,person,ZLH-001,organization_membership,ORG-001,SRC-0006,第339页,"1936年,在“国防文学“和“民族革命战争的大众文学“两个口号论争中,拥护鲁迅提出的“民族革命战争的大众文学“口号,他和左联真茹小组的同志并表示不参加中国文艺家协会",lead,B,pending,由明确身份表述自动提取，建议人工抽查。,OME-00467
FE-OME-00468,person,ZLH-001,organization_membership,ORG-001,SRC-0843,第344页,"为抗议国民党反动派屠杀李伟森、胡也频、柔石、殷夫、冯铿、宗晋等左翼作家和左翼艺术家的暴行,在鲁迅、冯雪峰领导下,参加左联机关刊(前哨3刑编辑.同年5月,受左联委派,参与《文艺新闻",support,B,pending,由明确身份表述自动提取，建议人工抽查。,OME-00468
FE-OME-00469,person,ZLH-005,organization_membership,ORG-001,SRC-0843,第344页,"为抗议国民党反动派屠杀李伟森、胡也频、柔石、殷夫、冯铿、宗晋等左翼作家和左翼艺术家的暴行,在鲁迅、冯雪峰领导下,参加左联机关刊(前哨3刑编辑.同年5月,受左联委派,参与《文艺新闻",support,B,pending,由明确身份表述自动提取，建议人工抽查。,OME-00469
FE-OME-00470,person,ZLH-008,organization_membership,ORG-001,SRC-0006,第352页,"这段时期,努力学习马克思主义哲学.1932年1月去上海,适逢一二八战争,他深入前线,札访抗敌军民,创作长篇小说《战烟》不次,由田汉介绍加入中国左翼作家联盟,后回北平",support,B,pending,由明确身份表述自动提取，建议人工抽查。,OME-00470
FE-OME-00471,person,ZLH-021,organization_membership,ORG-001,SRC-0538,第354页,"同年5月1日《大众文艺》2卷4期发表左翼作家们对该刊的意见,253他希望刊物今后“注重普罗文学大众化的理论的探讨“,“加紧大众化的作品的刊载“同年5月,胡也频、丁玲从济南回上海,他前往看望并诸多鼓励,后又介绍他俩加入左联",support,B,pending,由明确身份表述自动提取，建议人工抽查。,OME-00471
FE-OME-00472,person,ZLH-035,organization_membership,ORG-001,SRC-1007,第355页,"同年8月初中毕业,考入上海中国公学高中部读书,经李辉英介绍加入中国左翼作家联盟",support,B,pending,由明确身份表述自动提取，建议人工抽查。,OME-00472
FE-OME-00473,person,ZLH-001,organization_membership,ORG-001,SRC-0602,第359页,"同年下半年经叶絮介绍加入中国左翼作家联盟,1934年任左联宣传部干事.经周扬介绍结识鲁迅,常为左联刊物向先生约稿,也曾代叶紫到鲁迅处取回修改过的文稿,与先生接触较多,受到先生谭谭教诲.同年受鲁迅之托,为埃德加,斯诺的英译《阿Q正传》绘制中国画插图5帽,由先生转寄斯诺.同年,为《太白》特约撰稿人",support,B,pending,由明确身份表述自动提取，建议人工抽查。,OME-00473
FE-OME-00474,person,ZLH-007,organization_membership,ORG-001,SRC-0602,第359页,"同年下半年经叶絮介绍加入中国左翼作家联盟,1934年任左联宣传部干事.经周扬介绍结识鲁迅,常为左联刊物向先生约稿,也曾代叶紫到鲁迅处取回修改过的文稿,与先生接触较多,受到先生谭谭教诲.同年受鲁迅之托,为埃德加,斯诺的英译《阿Q正传》绘制中国画插图5帽,由先生转寄斯诺.同年,为《太白》特约撰稿人",support,B,pending,由明确身份表述自动提取，建议人工抽查。,OME-00474
FE-OME-00475,person,ZLH-001,organization_membership,ORG-001,SRC-0151,第483页,撰稿人有宋阳(瞿秋白)、鲁迅、茅盾、丁玲、蓬子、金丁、冰莹、周起应(周扬)、白薇、洪深、张天鬟.许幸之、田汉、沈端先(夏衍)、陶晶孙、徐盈、方英、(钱枪邮)、森堡(任钧)、穆木天、适夷、华蒂(以群)、杨骚、风斯(刘芳松、东平、耶林、沙汀、谷菲(胡风)、何丹仁(冯雪峰)、沈起予、胡楣(关霹)、何左联报刊简丫菲(何小石)、文芜、柯琴(葛琴)、李辉英、祝秀侠等左联盟员作家以及巴金、芦萝(师陀)、叶圣陶等进步作家,support,B,pending,由明确身份表述自动提取，建议人工抽查。,OME-00475
FE-OME-00476,person,ZLH-002,organization_membership,ORG-001,SRC-0151,第483页,撰稿人有宋阳(瞿秋白)、鲁迅、茅盾、丁玲、蓬子、金丁、冰莹、周起应(周扬)、白薇、洪深、张天鬟.许幸之、田汉、沈端先(夏衍)、陶晶孙、徐盈、方英、(钱枪邮)、森堡(任钧)、穆木天、适夷、华蒂(以群)、杨骚、风斯(刘芳松、东平、耶林、沙汀、谷菲(胡风)、何丹仁(冯雪峰)、沈起予、胡楣(关霹)、何左联报刊简丫菲(何小石)、文芜、柯琴(葛琴)、李辉英、祝秀侠等左联盟员作家以及巴金、芦萝(师陀)、叶圣陶等进步作家,support,B,pending,由明确身份表述自动提取，建议人工抽查。,OME-00476
FE-OME-00477,person,ZLH-003,organization_membership,ORG-001,SRC-0151,第483页,撰稿人有宋阳(瞿秋白)、鲁迅、茅盾、丁玲、蓬子、金丁、冰莹、周起应(周扬)、白薇、洪深、张天鬟.许幸之、田汉、沈端先(夏衍)、陶晶孙、徐盈、方英、(钱枪邮)、森堡(任钧)、穆木天、适夷、华蒂(以群)、杨骚、风斯(刘芳松、东平、耶林、沙汀、谷菲(胡风)、何丹仁(冯雪峰)、沈起予、胡楣(关霹)、何左联报刊简丫菲(何小石)、文芜、柯琴(葛琴)、李辉英、祝秀侠等左联盟员作家以及巴金、芦萝(师陀)、叶圣陶等进步作家,support,B,pending,由明确身份表述自动提取，建议人工抽查。,OME-00477
FE-OME-00478,person,ZLH-004,organization_membership,ORG-001,SRC-0151,第483页,撰稿人有宋阳(瞿秋白)、鲁迅、茅盾、丁玲、蓬子、金丁、冰莹、周起应(周扬)、白薇、洪深、张天鬟.许幸之、田汉、沈端先(夏衍)、陶晶孙、徐盈、方英、(钱枪邮)、森堡(任钧)、穆木天、适夷、华蒂(以群)、杨骚、风斯(刘芳松、东平、耶林、沙汀、谷菲(胡风)、何丹仁(冯雪峰)、沈起予、胡楣(关霹)、何左联报刊简丫菲(何小石)、文芜、柯琴(葛琴)、李辉英、祝秀侠等左联盟员作家以及巴金、芦萝(师陀)、叶圣陶等进步作家,support,B,pending,由明确身份表述自动提取，建议人工抽查。,OME-00478
FE-OME-00479,person,ZLH-005,organization_membership,ORG-001,SRC-0151,第483页,撰稿人有宋阳(瞿秋白)、鲁迅、茅盾、丁玲、蓬子、金丁、冰莹、周起应(周扬)、白薇、洪深、张天鬟.许幸之、田汉、沈端先(夏衍)、陶晶孙、徐盈、方英、(钱枪邮)、森堡(任钧)、穆木天、适夷、华蒂(以群)、杨骚、风斯(刘芳松、东平、耶林、沙汀、谷菲(胡风)、何丹仁(冯雪峰)、沈起予、胡楣(关霹)、何左联报刊简丫菲(何小石)、文芜、柯琴(葛琴)、李辉英、祝秀侠等左联盟员作家以及巴金、芦萝(师陀)、叶圣陶等进步作家,support,B,pending,由明确身份表述自动提取，建议人工抽查。,OME-00479
FE-OME-00480,person,ZLH-007,organization_membership,ORG-001,SRC-0151,第483页,撰稿人有宋阳(瞿秋白)、鲁迅、茅盾、丁玲、蓬子、金丁、冰莹、周起应(周扬)、白薇、洪深、张天鬟.许幸之、田汉、沈端先(夏衍)、陶晶孙、徐盈、方英、(钱枪邮)、森堡(任钧)、穆木天、适夷、华蒂(以群)、杨骚、风斯(刘芳松、东平、耶林、沙汀、谷菲(胡风)、何丹仁(冯雪峰)、沈起予、胡楣(关霹)、何左联报刊简丫菲(何小石)、文芜、柯琴(葛琴)、李辉英、祝秀侠等左联盟员作家以及巴金、芦萝(师陀)、叶圣陶等进步作家,support,B,pending,由明确身份表述自动提取，建议人工抽查。,OME-00480
FE-OME-00481,person,ZLH-008,organization_membership,ORG-001,SRC-0151,第483页,撰稿人有宋阳(瞿秋白)、鲁迅、茅盾、丁玲、蓬子、金丁、冰莹、周起应(周扬)、白薇、洪深、张天鬟.许幸之、田汉、沈端先(夏衍)、陶晶孙、徐盈、方英、(钱枪邮)、森堡(任钧)、穆木天、适夷、华蒂(以群)、杨骚、风斯(刘芳松、东平、耶林、沙汀、谷菲(胡风)、何丹仁(冯雪峰)、沈起予、胡楣(关霹)、何左联报刊简丫菲(何小石)、文芜、柯琴(葛琴)、李辉英、祝秀侠等左联盟员作家以及巴金、芦萝(师陀)、叶圣陶等进步作家,support,B,pending,由明确身份表述自动提取，建议人工抽查。,OME-00481
FE-OME-00482,person,ZLH-010,organization_membership,ORG-001,SRC-0151,第483页,撰稿人有宋阳(瞿秋白)、鲁迅、茅盾、丁玲、蓬子、金丁、冰莹、周起应(周扬)、白薇、洪深、张天鬟.许幸之、田汉、沈端先(夏衍)、陶晶孙、徐盈、方英、(钱枪邮)、森堡(任钧)、穆木天、适夷、华蒂(以群)、杨骚、风斯(刘芳松、东平、耶林、沙汀、谷菲(胡风)、何丹仁(冯雪峰)、沈起予、胡楣(关霹)、何左联报刊简丫菲(何小石)、文芜、柯琴(葛琴)、李辉英、祝秀侠等左联盟员作家以及巴金、芦萝(师陀)、叶圣陶等进步作家,support,B,pending,由明确身份表述自动提取，建议人工抽查。,OME-00482
FE-OME-00483,person,ZLH-021,organization_membership,ORG-001,SRC-0151,第483页,撰稿人有宋阳(瞿秋白)、鲁迅、茅盾、丁玲、蓬子、金丁、冰莹、周起应(周扬)、白薇、洪深、张天鬟.许幸之、田汉、沈端先(夏衍)、陶晶孙、徐盈、方英、(钱枪邮)、森堡(任钧)、穆木天、适夷、华蒂(以群)、杨骚、风斯(刘芳松、东平、耶林、沙汀、谷菲(胡风)、何丹仁(冯雪峰)、沈起予、胡楣(关霹)、何左联报刊简丫菲(何小石)、文芜、柯琴(葛琴)、李辉英、祝秀侠等左联盟员作家以及巴金、芦萝(师陀)、叶圣陶等进步作家,support,B,pending,由明确身份表述自动提取，建议人工抽查。,OME-00483
FE-OME-00484,person,ZLH-025,organization_membership,ORG-001,SRC-0151,第483页,撰稿人有宋阳(瞿秋白)、鲁迅、茅盾、丁玲、蓬子、金丁、冰莹、周起应(周扬)、白薇、洪深、张天鬟.许幸之、田汉、沈端先(夏衍)、陶晶孙、徐盈、方英、(钱枪邮)、森堡(任钧)、穆木天、适夷、华蒂(以群)、杨骚、风斯(刘芳松、东平、耶林、沙汀、谷菲(胡风)、何丹仁(冯雪峰)、沈起予、胡楣(关霹)、何左联报刊简丫菲(何小石)、文芜、柯琴(葛琴)、李辉英、祝秀侠等左联盟员作家以及巴金、芦萝(师陀)、叶圣陶等进步作家,support,B,pending,由明确身份表述自动提取，建议人工抽查。,OME-00484
FE-OME-00485,person,ZLH-026,organization_membership,ORG-001,SRC-0151,第483页,撰稿人有宋阳(瞿秋白)、鲁迅、茅盾、丁玲、蓬子、金丁、冰莹、周起应(周扬)、白薇、洪深、张天鬟.许幸之、田汉、沈端先(夏衍)、陶晶孙、徐盈、方英、(钱枪邮)、森堡(任钧)、穆木天、适夷、华蒂(以群)、杨骚、风斯(刘芳松、东平、耶林、沙汀、谷菲(胡风)、何丹仁(冯雪峰)、沈起予、胡楣(关霹)、何左联报刊简丫菲(何小石)、文芜、柯琴(葛琴)、李辉英、祝秀侠等左联盟员作家以及巴金、芦萝(师陀)、叶圣陶等进步作家,support,B,pending,由明确身份表述自动提取，建议人工抽查。,OME-00485
FE-OME-00486,person,ZLH-031,organization_membership,ORG-001,SRC-0151,第483页,撰稿人有宋阳(瞿秋白)、鲁迅、茅盾、丁玲、蓬子、金丁、冰莹、周起应(周扬)、白薇、洪深、张天鬟.许幸之、田汉、沈端先(夏衍)、陶晶孙、徐盈、方英、(钱枪邮)、森堡(任钧)、穆木天、适夷、华蒂(以群)、杨骚、风斯(刘芳松、东平、耶林、沙汀、谷菲(胡风)、何丹仁(冯雪峰)、沈起予、胡楣(关霹)、何左联报刊简丫菲(何小石)、文芜、柯琴(葛琴)、李辉英、祝秀侠等左联盟员作家以及巴金、芦萝(师陀)、叶圣陶等进步作家,support,B,pending,由明确身份表述自动提取，建议人工抽查。,OME-00486
FE-OME-00487,person,ZLH-035,organization_membership,ORG-001,SRC-0151,第483页,撰稿人有宋阳(瞿秋白)、鲁迅、茅盾、丁玲、蓬子、金丁、冰莹、周起应(周扬)、白薇、洪深、张天鬟.许幸之、田汉、沈端先(夏衍)、陶晶孙、徐盈、方英、(钱枪邮)、森堡(任钧)、穆木天、适夷、华蒂(以群)、杨骚、风斯(刘芳松、东平、耶林、沙汀、谷菲(胡风)、何丹仁(冯雪峰)、沈起予、胡楣(关霹)、何左联报刊简丫菲(何小石)、文芜、柯琴(葛琴)、李辉英、祝秀侠等左联盟员作家以及巴金、芦萝(师陀)、叶圣陶等进步作家,support,B,pending,由明确身份表述自动提取，建议人工抽查。,OME-00487
FE-OME-00488,person,ZLH-036,organization_membership,ORG-001,SRC-0151,第483页,撰稿人有宋阳(瞿秋白)、鲁迅、茅盾、丁玲、蓬子、金丁、冰莹、周起应(周扬)、白薇、洪深、张天鬟.许幸之、田汉、沈端先(夏衍)、陶晶孙、徐盈、方英、(钱枪邮)、森堡(任钧)、穆木天、适夷、华蒂(以群)、杨骚、风斯(刘芳松、东平、耶林、沙汀、谷菲(胡风)、何丹仁(冯雪峰)、沈起予、胡楣(关霹)、何左联报刊简丫菲(何小石)、文芜、柯琴(葛琴)、李辉英、祝秀侠等左联盟员作家以及巴金、芦萝(师陀)、叶圣陶等进步作家,support,B,pending,由明确身份表述自动提取，建议人工抽查。,OME-00488
FE-OME-00489,person,ZLH-054,organization_membership,ORG-001,SRC-0151,第483页,撰稿人有宋阳(瞿秋白)、鲁迅、茅盾、丁玲、蓬子、金丁、冰莹、周起应(周扬)、白薇、洪深、张天鬟.许幸之、田汉、沈端先(夏衍)、陶晶孙、徐盈、方英、(钱枪邮)、森堡(任钧)、穆木天、适夷、华蒂(以群)、杨骚、风斯(刘芳松、东平、耶林、沙汀、谷菲(胡风)、何丹仁(冯雪峰)、沈起予、胡楣(关霹)、何左联报刊简丫菲(何小石)、文芜、柯琴(葛琴)、李辉英、祝秀侠等左联盟员作家以及巴金、芦萝(师陀)、叶圣陶等进步作家,support,B,pending,由明确身份表述自动提取，建议人工抽查。,OME-00489
FE-OME-00490,person,ZLH-059,organization_membership,ORG-001,SRC-0151,第483页,撰稿人有宋阳(瞿秋白)、鲁迅、茅盾、丁玲、蓬子、金丁、冰莹、周起应(周扬)、白薇、洪深、张天鬟.许幸之、田汉、沈端先(夏衍)、陶晶孙、徐盈、方英、(钱枪邮)、森堡(任钧)、穆木天、适夷、华蒂(以群)、杨骚、风斯(刘芳松、东平、耶林、沙汀、谷菲(胡风)、何丹仁(冯雪峰)、沈起予、胡楣(关霹)、何左联报刊简丫菲(何小石)、文芜、柯琴(葛琴)、李辉英、祝秀侠等左联盟员作家以及巴金、芦萝(师陀)、叶圣陶等进步作家,support,B,pending,由明确身份表述自动提取，建议人工抽查。,OME-00490
FE-OME-00491,person,ZLH-067,organization_membership,ORG-001,SRC-0151,第483页,撰稿人有宋阳(瞿秋白)、鲁迅、茅盾、丁玲、蓬子、金丁、冰莹、周起应(周扬)、白薇、洪深、张天鬟.许幸之、田汉、沈端先(夏衍)、陶晶孙、徐盈、方英、(钱枪邮)、森堡(任钧)、穆木天、适夷、华蒂(以群)、杨骚、风斯(刘芳松、东平、耶林、沙汀、谷菲(胡风)、何丹仁(冯雪峰)、沈起予、胡楣(关霹)、何左联报刊简丫菲(何小石)、文芜、柯琴(葛琴)、李辉英、祝秀侠等左联盟员作家以及巴金、芦萝(师陀)、叶圣陶等进步作家,support,B,pending,由明确身份表述自动提取，建议人工抽查。,OME-00491
FE-OME-00492,person,ZLH-100,organization_membership,ORG-001,SRC-0151,第483页,撰稿人有宋阳(瞿秋白)、鲁迅、茅盾、丁玲、蓬子、金丁、冰莹、周起应(周扬)、白薇、洪深、张天鬟.许幸之、田汉、沈端先(夏衍)、陶晶孙、徐盈、方英、(钱枪邮)、森堡(任钧)、穆木天、适夷、华蒂(以群)、杨骚、风斯(刘芳松、东平、耶林、沙汀、谷菲(胡风)、何丹仁(冯雪峰)、沈起予、胡楣(关霹)、何左联报刊简丫菲(何小石)、文芜、柯琴(葛琴)、李辉英、祝秀侠等左联盟员作家以及巴金、芦萝(师陀)、叶圣陶等进步作家,support,B,pending,由明确身份表述自动提取，建议人工抽查。,OME-00492
FE-OME-00493,person,ZLH-105,organization_membership,ORG-001,SRC-0151,第483页,撰稿人有宋阳(瞿秋白)、鲁迅、茅盾、丁玲、蓬子、金丁、冰莹、周起应(周扬)、白薇、洪深、张天鬟.许幸之、田汉、沈端先(夏衍)、陶晶孙、徐盈、方英、(钱枪邮)、森堡(任钧)、穆木天、适夷、华蒂(以群)、杨骚、风斯(刘芳松、东平、耶林、沙汀、谷菲(胡风)、何丹仁(冯雪峰)、沈起予、胡楣(关霹)、何左联报刊简丫菲(何小石)、文芜、柯琴(葛琴)、李辉英、祝秀侠等左联盟员作家以及巴金、芦萝(师陀)、叶圣陶等进步作家,support,B,pending,由明确身份表述自动提取，建议人工抽查。,OME-00493
FE-OME-00494,person,ZLH-001,organization_membership,ORG-001,SRC-0593,第490页,"内容以杂文论评为主.撰稿人中有鲁迅、高荒(胡风)耳耶(聂绀弩)、臧其人(吴乳如)、柳七(叶繁)、彭家煌、苦手(欧阳山)、羊枣(杨潮)、式加(路丁)、方之中、李辉英、达伍(廖沫沙)、魏猛克、黄新波、张天虐、杜谈、白台(钟望阳)黎夫(夏征农)、白丁(王球)、欧查、蒋弼、齐速、勇余、江家为等中国左翼作家联盟成员.鲁迅发表思想评论,聂绀弩、夏征农等进行社会批评,杜谈、大保、方之中发表诗歌.撰稿人中的左联盟员大多积极参加了大众语文问题的论争和关于“旧形式“问题的讨论:鲁迅写了《汉字与拉于化》《论“旧形式的札用“》等杂文,廖沫沙写了《采用旧形式是个实践问题),魏猛克写了《如何采用旧形式》,胡风写了《关于木用旧形式的问题》,蒋弼写了《大众语和大众本》,勇余389写了《深入大众),张天虚写了《大众语是否土语》等等",support,B,pending,由明确身份表述自动提取，建议人工抽查。,OME-00494
FE-OME-00495,person,ZLH-026,organization_membership,ORG-001,SRC-0593,第490页,"内容以杂文论评为主.撰稿人中有鲁迅、高荒(胡风)耳耶(聂绀弩)、臧其人(吴乳如)、柳七(叶繁)、彭家煌、苦手(欧阳山)、羊枣(杨潮)、式加(路丁)、方之中、李辉英、达伍(廖沫沙)、魏猛克、黄新波、张天虐、杜谈、白台(钟望阳)黎夫(夏征农)、白丁(王球)、欧查、蒋弼、齐速、勇余、江家为等中国左翼作家联盟成员.鲁迅发表思想评论,聂绀弩、夏征农等进行社会批评,杜谈、大保、方之中发表诗歌.撰稿人中的左联盟员大多积极参加了大众语文问题的论争和关于“旧形式“问题的讨论:鲁迅写了《汉字与拉于化》《论“旧形式的札用“》等杂文,廖沫沙写了《采用旧形式是个实践问题),魏猛克写了《如何采用旧形式》,胡风写了《关于木用旧形式的问题》,蒋弼写了《大众语和大众本》,勇余389写了《深入大众),张天虚写了《大众语是否土语》等等",support,B,pending,由明确身份表述自动提取，建议人工抽查。,OME-00495
FE-OME-00496,person,ZLH-029,organization_membership,ORG-001,SRC-0593,第490页,"内容以杂文论评为主.撰稿人中有鲁迅、高荒(胡风)耳耶(聂绀弩)、臧其人(吴乳如)、柳七(叶繁)、彭家煌、苦手(欧阳山)、羊枣(杨潮)、式加(路丁)、方之中、李辉英、达伍(廖沫沙)、魏猛克、黄新波、张天虐、杜谈、白台(钟望阳)黎夫(夏征农)、白丁(王球)、欧查、蒋弼、齐速、勇余、江家为等中国左翼作家联盟成员.鲁迅发表思想评论,聂绀弩、夏征农等进行社会批评,杜谈、大保、方之中发表诗歌.撰稿人中的左联盟员大多积极参加了大众语文问题的论争和关于“旧形式“问题的讨论:鲁迅写了《汉字与拉于化》《论“旧形式的札用“》等杂文,廖沫沙写了《采用旧形式是个实践问题),魏猛克写了《如何采用旧形式》,胡风写了《关于木用旧形式的问题》,蒋弼写了《大众语和大众本》,勇余389写了《深入大众),张天虚写了《大众语是否土语》等等",support,B,pending,由明确身份表述自动提取，建议人工抽查。,OME-00496
FE-OME-00497,person,ZLH-035,organization_membership,ORG-001,SRC-0593,第490页,"内容以杂文论评为主.撰稿人中有鲁迅、高荒(胡风)耳耶(聂绀弩)、臧其人(吴乳如)、柳七(叶繁)、彭家煌、苦手(欧阳山)、羊枣(杨潮)、式加(路丁)、方之中、李辉英、达伍(廖沫沙)、魏猛克、黄新波、张天虐、杜谈、白台(钟望阳)黎夫(夏征农)、白丁(王球)、欧查、蒋弼、齐速、勇余、江家为等中国左翼作家联盟成员.鲁迅发表思想评论,聂绀弩、夏征农等进行社会批评,杜谈、大保、方之中发表诗歌.撰稿人中的左联盟员大多积极参加了大众语文问题的论争和关于“旧形式“问题的讨论:鲁迅写了《汉字与拉于化》《论“旧形式的札用“》等杂文,廖沫沙写了《采用旧形式是个实践问题),魏猛克写了《如何采用旧形式》,胡风写了《关于木用旧形式的问题》,蒋弼写了《大众语和大众本》,勇余389写了《深入大众),张天虚写了《大众语是否土语》等等",support,B,pending,由明确身份表述自动提取，建议人工抽查。,OME-00497
FE-OME-00498,person,ZLH-039,organization_membership,ORG-001,SRC-0593,第490页,"内容以杂文论评为主.撰稿人中有鲁迅、高荒(胡风)耳耶(聂绀弩)、臧其人(吴乳如)、柳七(叶繁)、彭家煌、苦手(欧阳山)、羊枣(杨潮)、式加(路丁)、方之中、李辉英、达伍(廖沫沙)、魏猛克、黄新波、张天虐、杜谈、白台(钟望阳)黎夫(夏征农)、白丁(王球)、欧查、蒋弼、齐速、勇余、江家为等中国左翼作家联盟成员.鲁迅发表思想评论,聂绀弩、夏征农等进行社会批评,杜谈、大保、方之中发表诗歌.撰稿人中的左联盟员大多积极参加了大众语文问题的论争和关于“旧形式“问题的讨论:鲁迅写了《汉字与拉于化》《论“旧形式的札用“》等杂文,廖沫沙写了《采用旧形式是个实践问题),魏猛克写了《如何采用旧形式》,胡风写了《关于木用旧形式的问题》,蒋弼写了《大众语和大众本》,勇余389写了《深入大众),张天虚写了《大众语是否土语》等等",support,B,pending,由明确身份表述自动提取，建议人工抽查。,OME-00498
FE-OME-00499,person,ZLH-120,organization_membership,ORG-001,SRC-0593,第490页,"内容以杂文论评为主.撰稿人中有鲁迅、高荒(胡风)耳耶(聂绀弩)、臧其人(吴乳如)、柳七(叶繁)、彭家煌、苦手(欧阳山)、羊枣(杨潮)、式加(路丁)、方之中、李辉英、达伍(廖沫沙)、魏猛克、黄新波、张天虐、杜谈、白台(钟望阳)黎夫(夏征农)、白丁(王球)、欧查、蒋弼、齐速、勇余、江家为等中国左翼作家联盟成员.鲁迅发表思想评论,聂绀弩、夏征农等进行社会批评,杜谈、大保、方之中发表诗歌.撰稿人中的左联盟员大多积极参加了大众语文问题的论争和关于“旧形式“问题的讨论:鲁迅写了《汉字与拉于化》《论“旧形式的札用“》等杂文,廖沫沙写了《采用旧形式是个实践问题),魏猛克写了《如何采用旧形式》,胡风写了《关于木用旧形式的问题》,蒋弼写了《大众语和大众本》,勇余389写了《深入大众),张天虚写了《大众语是否土语》等等",support,B,pending,由明确身份表述自动提取，建议人工抽查。,OME-00499
FE-OME-00501,person,ZLH-073,organization_membership,ORG-001,SRC-0823,第493页,"主要撰稿人有郭沫若、东平、张罗天、辛人、蒲风、欧阳几海、张香山、梅雨、林蒂、雷石榆、魏晋等东京左联盟员,王余杞、许幸之、王任叔、郑伯奇、庄启东、方之中、张天翼、周而复、任钧、洪道、穆木天、关露、安娥、杨骚、舒群、罗烽、张若羟(阿英)等各地左联盟员书在这里发表详著",support,B,pending,由明确身份表述自动提取，建议人工抽查。,OME-00501
FE-OME-00502,person,ZLH-001,organization_membership,ORG-001,SRC-0904,第495页,撰稿人有鲁迅、郭沫苷、任白戈、张香山、杜宣、林焕平、林林、畅式钩、陈辛人、陈北鸥、张罗天、邢桐华、陈君涠、臧云还、欧阳几海、魏晋、东平、林蒂等左联盟员作家及其他青年作家,support,B,pending,由明确身份表述自动提取，建议人工抽查。,OME-00502
FE-OME-00503,person,ZLH-063,organization_membership,ORG-001,SRC-0904,第495页,撰稿人有鲁迅、郭沫苷、任白戈、张香山、杜宣、林焕平、林林、畅式钩、陈辛人、陈北鸥、张罗天、邢桐华、陈君涠、臧云还、欧阳几海、魏晋、东平、林蒂等左联盟员作家及其他青年作家,support,B,pending,由明确身份表述自动提取，建议人工抽查。,OME-00503
FE-OME-00504,person,ZLH-083,organization_membership,ORG-001,SRC-0904,第495页,撰稿人有鲁迅、郭沫苷、任白戈、张香山、杜宣、林焕平、林林、畅式钩、陈辛人、陈北鸥、张罗天、邢桐华、陈君涠、臧云还、欧阳几海、魏晋、东平、林蒂等左联盟员作家及其他青年作家,support,B,pending,由明确身份表述自动提取，建议人工抽查。,OME-00504
FE-OME-00505,person,ZLH-001,organization_membership,ORG-001,SRC-0696,第497页,撰稿人有鲁迅、郭沫苔、立波、何家槐、梅阮、辛人、杨骚等左联盟员,support,B,pending,由明确身份表述自动提取，建议人工抽查。,OME-00505
FE-OME-00506,person,ZLH-119,organization_membership,ORG-001,SRC-0696,第497页,撰稿人有鲁迅、郭沫苔、立波、何家槐、梅阮、辛人、杨骚等左联盟员,support,B,pending,由明确身份表述自动提取，建议人工抽查。,OME-00506
FE-OME-00507,person,ZLH-003,organization_membership,ORG-001,SRC-0607,第501页,"早在1930年8月,左联就夺定出版“中国无产阶级文学运动之总的领导机关杀志“《前哨》,组成了包括鲁迅、茅盾,冯雪峰、沈端先、阳翰笙、丁玲、郑住奇、沈起子等人在内的编委会,受瞿秋白和左联党团的直接领导,并拟在同年10月初出版",lead,B,pending,由明确身份表述自动提取，建议人工抽查。,OME-00507
FE-OME-00509,person,ZLH-021,organization_membership,ORG-001,SRC-0607,第501页,"早在1930年8月,左联就夺定出版“中国无产阶级文学运动之总的领导机关杀志“《前哨》,组成了包括鲁迅、茅盾,冯雪峰、沈端先、阳翰笙、丁玲、郑住奇、沈起子等人在内的编委会,受瞿秋白和左联党团的直接领导,并拟在同年10月初出版",lead,B,pending,由明确身份表述自动提取，建议人工抽查。,OME-00509
FE-OME-00510,person,ZLH-001,organization_membership,ORG-001,SRC-0572,第503页,"助力介绍世界进步美术,刊登过高尔基、法捷耶夫、单拉特珂夫的照片、画像,格罗斯、台尼、柳濑正梦的漫画以及《贫农委员会会议)《红军会议》等油画.同年4月被国民党当局查禅,但同年5月1月仍坚持出版左联报刊简介了1卷5期,并和《文艺讲座、《拓荒者》、《现代小说5,《新文艺》、《社会科学讲座六《新思潮》》《环球旬刊》《巴尔怡山央《南国月刊9、《艺术月刊9》、《大众文艺)、《新妇女杂志)等13家左翼刊物联合出版(五一特刊》.同年6月改名《新地》出版,分“论文““文艺作品“、“余载“3栏,论文栏发表《我们为什么不是和平主义者》(JosefLenz作,贺非译)、《文化问题》(卢波勒作,倩霞译),《中国无产阶级文艺运动与左联成立的意义》(乃越)、《〈艺术论〉译序》(鲁迅)等",lead,B,pending,由明确身份表述自动提取，建议人工抽查。,OME-00510
FE-OME-00511,person,ZLH-001,organization_membership,ORG-001,SRC-0647,第504页,撰稿人有杜德机(鲁迅、坚容(廖沫沙)、艾芜、魏猛克、陈君诊、任白戈、徐懋庸、张天翼、商廷发(瞿秋白)、许幸之、胡风、杜谈、征农、祝秀侠、蒋弼、郑伯奇、王任叔、胡依凡、胡楣、李辉英、叶紫、何家槐、郁达夫、耳耶(聂绀弩)、周钥鸣等左联盟员作家以及周木卸、风子(唐弹)、陈子展、曹聚仁、克士(周建人2、甘────────────────────────────────────────,support,B,pending,由明确身份表述自动提取，建议人工抽查。,OME-00511
FE-OME-00512,person,ZLH-003,organization_membership,ORG-001,SRC-0647,第504页,撰稿人有杜德机(鲁迅、坚容(廖沫沙)、艾芜、魏猛克、陈君诊、任白戈、徐懋庸、张天翼、商廷发(瞿秋白)、许幸之、胡风、杜谈、征农、祝秀侠、蒋弼、郑伯奇、王任叔、胡依凡、胡楣、李辉英、叶紫、何家槐、郁达夫、耳耶(聂绀弩)、周钥鸣等左联盟员作家以及周木卸、风子(唐弹)、陈子展、曹聚仁、克士(周建人2、甘────────────────────────────────────────,support,B,pending,由明确身份表述自动提取，建议人工抽查。,OME-00512
FE-OME-00513,person,ZLH-009,organization_membership,ORG-001,SRC-0647,第504页,撰稿人有杜德机(鲁迅、坚容(廖沫沙)、艾芜、魏猛克、陈君诊、任白戈、徐懋庸、张天翼、商廷发(瞿秋白)、许幸之、胡风、杜谈、征农、祝秀侠、蒋弼、郑伯奇、王任叔、胡依凡、胡楣、李辉英、叶紫、何家槐、郁达夫、耳耶(聂绀弩)、周钥鸣等左联盟员作家以及周木卸、风子(唐弹)、陈子展、曹聚仁、克士(周建人2、甘────────────────────────────────────────,support,B,pending,由明确身份表述自动提取，建议人工抽查。,OME-00513
FE-OME-00514,person,ZLH-015,organization_membership,ORG-001,SRC-0647,第504页,撰稿人有杜德机(鲁迅、坚容(廖沫沙)、艾芜、魏猛克、陈君诊、任白戈、徐懋庸、张天翼、商廷发(瞿秋白)、许幸之、胡风、杜谈、征农、祝秀侠、蒋弼、郑伯奇、王任叔、胡依凡、胡楣、李辉英、叶紫、何家槐、郁达夫、耳耶(聂绀弩)、周钥鸣等左联盟员作家以及周木卸、风子(唐弹)、陈子展、曹聚仁、克士(周建人2、甘────────────────────────────────────────,support,B,pending,由明确身份表述自动提取，建议人工抽查。,OME-00514
FE-OME-00515,person,ZLH-022,organization_membership,ORG-001,SRC-0647,第504页,撰稿人有杜德机(鲁迅、坚容(廖沫沙)、艾芜、魏猛克、陈君诊、任白戈、徐懋庸、张天翼、商廷发(瞿秋白)、许幸之、胡风、杜谈、征农、祝秀侠、蒋弼、郑伯奇、王任叔、胡依凡、胡楣、李辉英、叶紫、何家槐、郁达夫、耳耶(聂绀弩)、周钥鸣等左联盟员作家以及周木卸、风子(唐弹)、陈子展、曹聚仁、克士(周建人2、甘────────────────────────────────────────,support,B,pending,由明确身份表述自动提取，建议人工抽查。,OME-00515
FE-OME-00516,person,ZLH-023,organization_membership,ORG-001,SRC-0647,第504页,撰稿人有杜德机(鲁迅、坚容(廖沫沙)、艾芜、魏猛克、陈君诊、任白戈、徐懋庸、张天翼、商廷发(瞿秋白)、许幸之、胡风、杜谈、征农、祝秀侠、蒋弼、郑伯奇、王任叔、胡依凡、胡楣、李辉英、叶紫、何家槐、郁达夫、耳耶(聂绀弩)、周钥鸣等左联盟员作家以及周木卸、风子(唐弹)、陈子展、曹聚仁、克士(周建人2、甘────────────────────────────────────────,support,B,pending,由明确身份表述自动提取，建议人工抽查。,OME-00516
FE-OME-00517,person,ZLH-024,organization_membership,ORG-001,SRC-0647,第504页,撰稿人有杜德机(鲁迅、坚容(廖沫沙)、艾芜、魏猛克、陈君诊、任白戈、徐懋庸、张天翼、商廷发(瞿秋白)、许幸之、胡风、杜谈、征农、祝秀侠、蒋弼、郑伯奇、王任叔、胡依凡、胡楣、李辉英、叶紫、何家槐、郁达夫、耳耶(聂绀弩)、周钥鸣等左联盟员作家以及周木卸、风子(唐弹)、陈子展、曹聚仁、克士(周建人2、甘────────────────────────────────────────,support,B,pending,由明确身份表述自动提取，建议人工抽查。,OME-00517
FE-OME-00518,person,ZLH-026,organization_membership,ORG-001,SRC-0647,第504页,撰稿人有杜德机(鲁迅、坚容(廖沫沙)、艾芜、魏猛克、陈君诊、任白戈、徐懋庸、张天翼、商廷发(瞿秋白)、许幸之、胡风、杜谈、征农、祝秀侠、蒋弼、郑伯奇、王任叔、胡依凡、胡楣、李辉英、叶紫、何家槐、郁达夫、耳耶(聂绀弩)、周钥鸣等左联盟员作家以及周木卸、风子(唐弹)、陈子展、曹聚仁、克士(周建人2、甘────────────────────────────────────────,support,B,pending,由明确身份表述自动提取，建议人工抽查。,OME-00518
FE-OME-00519,person,ZLH-029,organization_membership,ORG-001,SRC-0647,第504页,撰稿人有杜德机(鲁迅、坚容(廖沫沙)、艾芜、魏猛克、陈君诊、任白戈、徐懋庸、张天翼、商廷发(瞿秋白)、许幸之、胡风、杜谈、征农、祝秀侠、蒋弼、郑伯奇、王任叔、胡依凡、胡楣、李辉英、叶紫、何家槐、郁达夫、耳耶(聂绀弩)、周钥鸣等左联盟员作家以及周木卸、风子(唐弹)、陈子展、曹聚仁、克士(周建人2、甘────────────────────────────────────────,support,B,pending,由明确身份表述自动提取，建议人工抽查。,OME-00519
FE-OME-00520,person,ZLH-032,organization_membership,ORG-001,SRC-0647,第504页,撰稿人有杜德机(鲁迅、坚容(廖沫沙)、艾芜、魏猛克、陈君诊、任白戈、徐懋庸、张天翼、商廷发(瞿秋白)、许幸之、胡风、杜谈、征农、祝秀侠、蒋弼、郑伯奇、王任叔、胡依凡、胡楣、李辉英、叶紫、何家槐、郁达夫、耳耶(聂绀弩)、周钥鸣等左联盟员作家以及周木卸、风子(唐弹)、陈子展、曹聚仁、克士(周建人2、甘────────────────────────────────────────,support,B,pending,由明确身份表述自动提取，建议人工抽查。,OME-00520
FE-OME-00521,person,ZLH-035,organization_membership,ORG-001,SRC-0647,第504页,撰稿人有杜德机(鲁迅、坚容(廖沫沙)、艾芜、魏猛克、陈君诊、任白戈、徐懋庸、张天翼、商廷发(瞿秋白)、许幸之、胡风、杜谈、征农、祝秀侠、蒋弼、郑伯奇、王任叔、胡依凡、胡楣、李辉英、叶紫、何家槐、郁达夫、耳耶(聂绀弩)、周钥鸣等左联盟员作家以及周木卸、风子(唐弹)、陈子展、曹聚仁、克士(周建人2、甘────────────────────────────────────────,support,B,pending,由明确身份表述自动提取，建议人工抽查。,OME-00521
FE-OME-00522,person,ZLH-048,organization_membership,ORG-001,SRC-0647,第504页,撰稿人有杜德机(鲁迅、坚容(廖沫沙)、艾芜、魏猛克、陈君诊、任白戈、徐懋庸、张天翼、商廷发(瞿秋白)、许幸之、胡风、杜谈、征农、祝秀侠、蒋弼、郑伯奇、王任叔、胡依凡、胡楣、李辉英、叶紫、何家槐、郁达夫、耳耶(聂绀弩)、周钥鸣等左联盟员作家以及周木卸、风子(唐弹)、陈子展、曹聚仁、克士(周建人2、甘────────────────────────────────────────,support,B,pending,由明确身份表述自动提取，建议人工抽查。,OME-00522
FE-OME-00523,person,ZLH-054,organization_membership,ORG-001,SRC-0647,第504页,撰稿人有杜德机(鲁迅、坚容(廖沫沙)、艾芜、魏猛克、陈君诊、任白戈、徐懋庸、张天翼、商廷发(瞿秋白)、许幸之、胡风、杜谈、征农、祝秀侠、蒋弼、郑伯奇、王任叔、胡依凡、胡楣、李辉英、叶紫、何家槐、郁达夫、耳耶(聂绀弩)、周钥鸣等左联盟员作家以及周木卸、风子(唐弹)、陈子展、曹聚仁、克士(周建人2、甘────────────────────────────────────────,support,B,pending,由明确身份表述自动提取，建议人工抽查。,OME-00523
FE-OME-00524,person,ZLH-063,organization_membership,ORG-001,SRC-0647,第504页,撰稿人有杜德机(鲁迅、坚容(廖沫沙)、艾芜、魏猛克、陈君诊、任白戈、徐懋庸、张天翼、商廷发(瞿秋白)、许幸之、胡风、杜谈、征农、祝秀侠、蒋弼、郑伯奇、王任叔、胡依凡、胡楣、李辉英、叶紫、何家槐、郁达夫、耳耶(聂绀弩)、周钥鸣等左联盟员作家以及周木卸、风子(唐弹)、陈子展、曹聚仁、克士(周建人2、甘────────────────────────────────────────,support,B,pending,由明确身份表述自动提取，建议人工抽查。,OME-00524
FE-OME-00525,person,ZLH-119,organization_membership,ORG-001,SRC-0647,第504页,撰稿人有杜德机(鲁迅、坚容(廖沫沙)、艾芜、魏猛克、陈君诊、任白戈、徐懋庸、张天翼、商廷发(瞿秋白)、许幸之、胡风、杜谈、征农、祝秀侠、蒋弼、郑伯奇、王任叔、胡依凡、胡楣、李辉英、叶紫、何家槐、郁达夫、耳耶(聂绀弩)、周钥鸣等左联盟员作家以及周木卸、风子(唐弹)、陈子展、曹聚仁、克士(周建人2、甘────────────────────────────────────────,support,B,pending,由明确身份表述自动提取，建议人工抽查。,OME-00525
FE-OME-00526,person,ZLH-120,organization_membership,ORG-001,SRC-0647,第504页,撰稿人有杜德机(鲁迅、坚容(廖沫沙)、艾芜、魏猛克、陈君诊、任白戈、徐懋庸、张天翼、商廷发(瞿秋白)、许幸之、胡风、杜谈、征农、祝秀侠、蒋弼、郑伯奇、王任叔、胡依凡、胡楣、李辉英、叶紫、何家槐、郁达夫、耳耶(聂绀弩)、周钥鸣等左联盟员作家以及周木卸、风子(唐弹)、陈子展、曹聚仁、克士(周建人2、甘────────────────────────────────────────,support,B,pending,由明确身份表述自动提取，建议人工抽查。,OME-00526
FE-OME-00527,person,ZLH-037,organization_membership,ORG-001,SRC-0608,第520页,"丁玲、王若望、刘芳松、孙席珍、李文甫、李俊民、吴奚如、张松如、徐盈、郭维城、韩劲风、楼适夷、雷渡波、潘应人等14位左联成员谈他们加入左联的经过,提供其他盟员的信息,指出别人回忆文章中的错误",support,B,pending,由明确身份表述自动提取，建议人工抽查。,OME-00527
FE-OME-00528,person,ZLH-001,organization_membership,ORG-001,SRC-0006,第535页,"鲁迅与左联的解敞及两个口号论拼“论文.王宏志作,载《思想激流下的中国命运,鲁迅与“左联“》一书,台湾风云时代出版公司1991年9月出版",lead,B,pending,由明确身份表述自动提取，建议人工抽查。,OME-00528
FE-OME-00529,person,ZLH-001,organization_membership,ORG-001,SRC-0006,第555页,"庄启东作,载《新文学史料31979年第4辑,回忆1934年在上海时和陈君冶共同编辑文学月刊《春光》的情况,简述刊物内容的3个特点:注重作品评论、重视外国文学之介绍、“尽量容纳青年作家的作品“和左联研究资料简介鲁迅对刊物的关心",lead,B,pending,由明确身份表述自动提取，建议人工抽查。,OME-00529
FE-OME-00530,person,ZLH-001,organization_membership,ORG-001,SRC-0849,第565页,"_思想激流下的中国命运一一鲁迅与左联“文集,王宏志著,台湾风云时代出版公司1991年10月出版,为“风云思潮“从书之43.收录作者历年在香港、台湾报刊上发表的12篇文章:《鲁迅与“左联“关系初探》、《鲁迅加盟“左联“的动机一一儿个论点的商橄》、《“戴白手套革命“的鲁迅一一“同道中人「第一次公开对鲁迅的攻击、《“花边文学“事件一一论廖沫沙攻击鲁迅的一篇杂文》、《鲁迅.田汉.杨邮人》、《鲁迅与“左联“的解散及“两个口号“论争》、《敌乎友乎",lead,B,pending,由明确身份表述自动提取，建议人工抽查。,OME-00530
FE-OME-00531,person,ZLH-017,organization_membership,ORG-001,SRC-0854,第570页,"丁玲作,载《新文学史料31980年1期,回忆她和胡也频加入左联后的一系列活动;朐也频参加全国苏维埃区域代表大会、暑期文艺补习琼,以及《北斗)的出版、丁玲的入党、参加抗日示威游行,参加工人通讯运动和大众文艺运动等",support,B,pending,由明确身份表述自动提取，建议人工抽查。,OME-00531
FE-OME-00532,person,ZLH-021,organization_membership,ORG-001,SRC-0006,第572页,"记述丁玲1928土1933年5月在上海的文学生_活、加入左联、胡也频牺牲、编辑《北斗》以及被绑架的经过;评论小说《莎菲女士的日记、《韦护}、《水》等的思想内容与艺术特色,指出左联时期的丁玲努力学习马克思主义文艺理论,“在文艺与革命,文艺与生活、文艺与大众等根本性问题上,已形成了初步的马克思主义观友,从而使她的创作,她编的刊物,都表现了前所未有的耦新风狼",support,B,pending,由明确身份表述自动提取，建议人工抽查。,OME-00532
FE-OME-00533,person,ZLH-017,organization_membership,ORG-001,SRC-0006,第573页,"风雨人生一一丁玲传传记.宗诚著,中国文联出版公司1988年10月出版,共8章,叙述丁玲一生的经历,其中3,4两章叙述胡也频、丁玲在上海的生活、加入左联、胡也频和柔石等人被害、《前哨》“纪念战死者专导“出版、丁玲左联时期的创作、编辑左联机关刊物(北斗》、1933年被国民党特务绑架等.全书文字活泼,诗情洋滥",support,B,pending,由明确身份表述自动提取，建议人工抽查。,OME-00533
FE-OME-00534,person,ZLH-021,organization_membership,ORG-001,SRC-0006,第573页,"风雨人生一一丁玲传传记.宗诚著,中国文联出版公司1988年10月出版,共8章,叙述丁玲一生的经历,其中3,4两章叙述胡也频、丁玲在上海的生活、加入左联、胡也频和柔石等人被害、《前哨》“纪念战死者专导“出版、丁玲左联时期的创作、编辑左联机关刊物(北斗》、1933年被国民党特务绑架等.全书文字活泼,诗情洋滥",support,B,pending,由明确身份表述自动提取，建议人工抽查。,OME-00534
FE-OME-00535,person,ZLH-017,organization_membership,ORG-001,SRC-0006,第575页,"共12章,叙述丁玲童年圣抗战前的生活,其中第6章“从文学走向鞍命“,第7章“血与泗“,第8章“在党的旗帜下“第9章“网怎样被冲破“,描述她和胡也频来到上海以及在济南的生活、加入左联、胡也频的被害、编辑左联机关刊《北斗被绑架遭囚禁以及逃出南京来到陕北的经过等",support,B,pending,由明确身份表述自动提取，建议人工抽查。,OME-00535
FE-OME-00536,person,ZLH-021,organization_membership,ORG-001,SRC-0006,第576页,"认为丁玲1930年5月加入左联后,“她的小说创作开始出现转机,有了新的起色",support,B,pending,由明确身份表述自动提取，建议人工抽查。,OME-00536
FE-OME-00537,person,ZLH-087,organization_membership,ORG-001,SRC-0759,第577页,"介绍于伶在北平参加左联北方部和北平剧联的经过,重点谈他1933年到上海后从事左翼戏剧活动及电影评论,批判“软性电影“论,特别是投身“国防戏剧“运动的情况,称赔他“不愧为兑的戏剧战线上英勇作战的斗士“",support,B,pending,由明确身份表述自动提取，建议人工抽查。,OME-00537
FE-OME-00538,person,ZLH-001,organization_membership,ORG-001,SRC-0249,第580页,"王志之作,载1979年11月14日《文汀报》,叙述1932年“冬鲁迅省亲回到北佳,和参加左联的同学张松如、谷万川去客门口西三条朐同拜访鲁迅,和先生去北亦师范大学作《再论“第三种人“》讲演的经过、怀念父亲王余杞“回忆录",support,B,pending,由明确身份表述自动提取，建议人工抽查。,OME-00538
FE-OME-00540,person,ZLH-024,organization_membership,ORG-001,SRC-0959,第582页,"j勇鬟工[T子寻台著,四川文芊出版社1988年12月出版,共11章,养中第4章写艾芜参加左联前后的社会政治活动,他的日常生活、文学创作、培养工人文艺通讯员等及小────────────────────────────────────────",support,B,pending,由明确身份表述自动提取，建议人工抽查。,OME-00540
FE-OME-00541,person,ZLH-025,organization_membership,ORG-001,SRC-0006,第583页,".叙述三十年代在上海的社会活动与文学生活:从国外归来,同旧日同学沙汀的重逢,加入左联,从事工人教育,左联研究资料篓介处女作《人生哲学的一课》之发表、被捕和获释",support,B,pending,由明确身份表述自动提取，建议人工抽查。,OME-00541
FE-OME-00542,person,ZLH-091,organization_membership,ORG-001,SRC-0985,第585页,"记述巨联“工人文艺工作委员会“的活动和万联作家下工厂体验生活,开始了和工人联系的若干情况.三十年代的安徽左耀文总和左联-一一兼记叶以群同志回忆录",lead,B,pending,由明确身份表述自动提取，建议人工抽查。,OME-00542
FE-OME-00543,person,ZLH-023,organization_membership,ORG-001,SRC-0006,第589页,介绍左翼作家叶紫参加左联主持的创作座谈会、同鲁迅的交往与通信和参加“奴隶社“等情况.,support,B,pending,由明确身份表述自动提取，建议人工抽查。,OME-00543
FE-OME-00544,person,ZLH-008,organization_membership,ORG-001,SRC-0006,第590页,"分析田汉1930年加入左联后的戏剧作品与此前作品的不同:反跑工农生活秋斗争的作品多了,不仅描写人民群众的反抗,而且得出“在党的颉导下,依靠阶级的力量去团结战斗,自己解放自己“的结论,充满乐观主义的明朗色调.也指出它们艺术上的缺点.带有一些概念化和公式主义.对他这一时期抗日救亡题材的剧作评价较高,认为《回春之曲》是最成功的作品",support,B,pending,由明确身份表述自动提取，建议人工抽查。,OME-00544
FE-OME-00545,person,ZLH-001,organization_membership,ORG-001,SRC-0006,第595页,"共6部分:关于左联,关于“左联五烈,士“,关于瞿秋白,鲁迅与党,谈文委和左联领导人和左联组织机构,五烈士的牺性和《前哨》的出版.指出《汉奸的供状》一诗的作者“娅生“不是督秋白,而是邱九等.在谈及鲁迅和党的关系时强调:“党领导鲁迅,从大的方面可以这样说,但谁也不能说“左联“党团领导鲁迅.冯雪峰与鲁迅论文.刘清作,载《鲁迅研究资料95期,天津人民出版社1980年5月出版.论述冯雪峰与鲁迅的革命友谊和冯雪峰鲁迅研究的成就,指出“圭联“成立以后,雪峰作为“如联“内党组织的负责人之一,他十分重视鲁迅对“左联,工作的领导,把鲁迅看作左翼文艺运动的一面旗帜.冯雷峰与鲜迅论文.陈早────────────────────────────────────────",lead,B,pending,由明确身份表述自动提取，建议人工抽查。,OME-00545
FE-OME-00546,person,ZLH-003,organization_membership,ORG-001,SRC-0006,第595页,"共6部分:关于左联,关于“左联五烈,士“,关于瞿秋白,鲁迅与党,谈文委和左联领导人和左联组织机构,五烈士的牺性和《前哨》的出版.指出《汉奸的供状》一诗的作者“娅生“不是督秋白,而是邱九等.在谈及鲁迅和党的关系时强调:“党领导鲁迅,从大的方面可以这样说,但谁也不能说“左联“党团领导鲁迅.冯雪峰与鲁迅论文.刘清作,载《鲁迅研究资料95期,天津人民出版社1980年5月出版.论述冯雪峰与鲁迅的革命友谊和冯雪峰鲁迅研究的成就,指出“圭联“成立以后,雪峰作为“如联“内党组织的负责人之一,他十分重视鲁迅对“左联,工作的领导,把鲁迅看作左翼文艺运动的一面旗帜.冯雷峰与鲜迅论文.陈早────────────────────────────────────────",lead,B,pending,由明确身份表述自动提取，建议人工抽查。,OME-00546
FE-OME-00548,person,ZLH-007,organization_membership,ORG-001,SRC-0789,第605页,"从个人的接触谈么十年代部分左联盟员周扬、叶紫、戴平万等生活艰苦、工作努力、创作积极,为革命文学事业作出了贡献.我的姐姐关露同志“回忆录",support,B,pending,由明确身份表述自动提取，建议人工抽查。,OME-00548
FE-OME-00549,person,ZLH-035,organization_membership,ORG-001,SRC-0006,第610页,"────────────────────────────────────────左联词典509我和左联“回忆录.李辉英作,载《左联纪念集),百家出版社1990年2月出版",lead,B,pending,由明确身份表述自动提取，建议人工抽查。,OME-00549
FE-OME-00550,person,ZLH-025,organization_membership,ORG-001,SRC-0702,第611页,"共14章,第5章《文学的觉醒》,第6章《时代的和乡土的》,叙写沙汀1932年步入左耀文坛的经历及加入左联后的活动,对他本时期的小说《恐怖3》《码头上劣《法律外的航线》《土饼》等作了精到的分析评论,对它们的写作、发表经过所述甚详",support,B,pending,由明确身份表述自动提取，建议人工抽查。,OME-00550
FE-OME-00551,person,ZLH-007,organization_membership,ORG-001,SRC-0702,第611页,"回忆担任左联常委会秘书的经历,记述周扬“重视团结顾全大局的坦荡胸怀“.",support,B,pending,由明确身份表述自动提取，建议人工抽查。,OME-00551
FE-OME-00552,person,ZLH-063,organization_membership,ORG-001,SRC-0702,第611页,"沙汀作,载《左联纪念集》,百家出版社1990年2月出版.回忆三十年代担任左联常委会秘书时一次无联常委会的绅过,记述周扬两次前来通知沙汀夫妇赶快离开寓所,使他们免陷贵掌,营救敌人狱中的左联盟员任白戈、艾芜等的经过",support,B,pending,由明确身份表述自动提取，建议人工抽查。,OME-00552
FE-OME-00553,person,ZLH-001,organization_membership,ORG-001,SRC-0006,第617页,回忆在1930年3月2日中国左翼作家联盟成立大会上听鲁迅还话和左联北方部的各项活动,lead,B,pending,由明确身份表述自动提取，建议人工抽查。,OME-00553
FE-OME-00554,person,ZLH-001,organization_membership,ORG-001,SRC-0623,第619页,"左联回忆录残稿回忆录.陈企霞作,载《上海鲁迅研究》《期,百家出版社1991年6月出版.回忆参加左联的经过,叙述当年在左联小组会上见到胡风的印象,“那时我对胡风印象极好“,“当时我们这些文学青年们对冯雪峰是非常敬仰的",support,B,pending,由明确身份表述自动提取，建议人工抽查。,OME-00554
FE-OME-00555,person,ZLH-001,organization_membership,ORG-001,SRC-0006,第620页,"介绍茅盾在左联时期的革命文化活动及创作成就,指出““左联“时期是他文学思想上的成熟期,创作上的第一个丰收期“,“他同商迅一起,为培养左翼文学的新人、壮大左翼文学队伍.反击国民党文化“围剿“作出了卓越贡献“*成为宇联“时期杰出的革命作家和文艺运动的领导者之--,“具体阈述茅盾担任左联行政书记期间,在鲁迅、瞿秋白、冯雪峰等人的配合下,为改进左────────────────────────────────────────",support,B,pending,由明确身份表述自动提取，建议人工抽查。,OME-00555
FE-OME-00556,person,ZLH-002,organization_membership,ORG-001,SRC-0006,第620页,"介绍茅盾在左联时期的革命文化活动及创作成就,指出““左联“时期是他文学思想上的成熟期,创作上的第一个丰收期“,“他同商迅一起,为培养左翼文学的新人、壮大左翼文学队伍.反击国民党文化“围剿“作出了卓越贡献“*成为宇联“时期杰出的革命作家和文艺运动的领导者之--,“具体阈述茅盾担任左联行政书记期间,在鲁迅、瞿秋白、冯雪峰等人的配合下,为改进左────────────────────────────────────────",support,B,pending,由明确身份表述自动提取，建议人工抽查。,OME-00556
FE-OME-00557,person,ZLH-003,organization_membership,ORG-001,SRC-0006,第620页,"介绍茅盾在左联时期的革命文化活动及创作成就,指出““左联“时期是他文学思想上的成熟期,创作上的第一个丰收期“,“他同商迅一起,为培养左翼文学的新人、壮大左翼文学队伍.反击国民党文化“围剿“作出了卓越贡献“*成为宇联“时期杰出的革命作家和文艺运动的领导者之--,“具体阈述茅盾担任左联行政书记期间,在鲁迅、瞿秋白、冯雪峰等人的配合下,为改进左────────────────────────────────────────",support,B,pending,由明确身份表述自动提取，建议人工抽查。,OME-00557
FE-OME-00558,person,ZLH-005,organization_membership,ORG-001,SRC-0006,第620页,"介绍茅盾在左联时期的革命文化活动及创作成就,指出““左联“时期是他文学思想上的成熟期,创作上的第一个丰收期“,“他同商迅一起,为培养左翼文学的新人、壮大左翼文学队伍.反击国民党文化“围剿“作出了卓越贡献“*成为宇联“时期杰出的革命作家和文艺运动的领导者之--,“具体阈述茅盾担任左联行政书记期间,在鲁迅、瞿秋白、冯雪峰等人的配合下,为改进左────────────────────────────────────────",support,B,pending,由明确身份表述自动提取，建议人工抽查。,OME-00558
FE-OME-00559,person,ZLH-002,organization_membership,ORG-001,SRC-0625,第624页,5、丁玲《关于左联的片断回忆}金丁《有关左联的一些回忆}等文中有关茅盾的回忆片断而成.回忆茅盾参加左联、对左联的领导和萧三在苏联介绍茅盾文学活动等情况,support,B,pending,由明确身份表述自动提取，建议人工抽查。,OME-00559
FE-OME-00560,person,ZLH-083,organization_membership,ORG-001,SRC-0706,第635页,"分4部分,其中上海时期(1930一1933年)和日本留学时期(1933年9月一1937年5月)两部分记述了林焕平在上海加入左联后的活动和在东京左联的活动",support,B,pending,由明确身份表述自动提取，建议人工抽查。,OME-00560
FE-OME-00561,person,ZLH-033,organization_membership,ORG-001,SRC-0006,第638页,"回忆当年加入左联后,周文鼓励自己从事文学创作的情形,1934年继周文之后担任左联组织部长时,周文交待工作时严肃认真.具体细致的工作态度,也谈了周文的生平.加入左联的经过以及在左联的活动",support,B,pending,由明确身份表述自动提取，建议人工抽查。,OME-00561
FE-OME-00562,person,ZLH-009,organization_membership,ORG-001,SRC-0006,第640页,"介绍郑伯奇在无产阶级鞍命文化运动中和左联筹备工作中的积极表现,在539左翼电影战线和出版战线上的重要贡献,对文艺大众化的研究与实践,也论述了他在左联时朝的文艺思想和创作,颂扬“他为左其文学事业做了许多事务性勤杂工作…...就像一块铺路石,默默而忠诚地铺垫在左翼文化的发展途路上“",lead,B,pending,由明确身份表述自动提取，建议人工抽查。,OME-00562
FE-OME-00563,person,ZLH-040,organization_membership,ORG-001,SRC-0821,第641页,"介绍草明加入左联后的社会活动和文学创作成就,评论她的《倾跌》《万胜》《我们的教师力《绝地》等小说的思想内定和节术特色,指出她写工人和农民的作品全都具有“强烈的革命现实主义精神“,“它们无情地暴霁旧社会的黑暗,真实地揭示民主十命时期存在的阶级矛盾,鲜明地反映工农群众的不牲性格和反抗精神.",support,B,pending,由明确身份表述自动提取，建议人工抽查。,OME-00563
FE-OME-00564,person,ZLH-026,organization_membership,ORG-001,SRC-0736,第643页,"共分8部分,其中第3部分叙述胡风二十年代在日本东京的革命活动,第4部分叙述1933年7月胡风回上海后,参加左联,担任左联宣传部长,同鲁迅的误厚友谊,他的文学活动和社会政治活动",support,B,pending,由明确身份表述自动提取，建议人工抽查。,OME-00564
FE-OME-00565,person,ZLH-001,organization_membership,ORG-001,SRC-0736,第643页,"同年9月,时在四川狱中的胡风,一一书面回答了这些问题,内容涉及1934一1936年10月5日.前鲁迅苔干书信中提到的一些人物和事件,对鲁迅研究和左联研究很有参考价值",lead,B,pending,由明确身份表述自动提取，建议人工抽查。,OME-00565
FE-OME-00566,person,ZLH-026,organization_membership,ORG-001,SRC-0006,第648页,"作者引用胡风、郑育之、许涤新的回忆录,详述柏山加入左联后的文学创作,鲁迅的关怀帮助,短箭小说集《崖边》的结集出版,和胡风、周文、耳耶等人的真挚友谊等",support,B,pending,由明确身份表述自动提取，建议人工抽查。,OME-00566
FE-OME-00568,person,ZLH-120,organization_membership,ORG-001,SRC-0716,第662页,"介绍夏征农加入左联前后的社会活动和文学活动,重点谈《禾场上》、《春天的故事)、《十一个长夫》等小说的创作过程,论述它们的思想内容,指出他是*“抱着文艺为无产阶级解放事业服务的目的“来创作小说,反映农村生活,用以去激发人们的革命斗志的“",support,B,pending,由明确身份表述自动提取，建议人工抽查。,OME-00568
FE-OME-00569,person,ZLH-001,organization_membership,ORG-001,SRC-0974,第672页,"回忆60年代、70年代萧三的几次谈话的内容,其中有两点与左联有关:萧三结识鲁迅并不是通】塞t霍且音P〈白的介乡菅…蕃;1936年千t_矗写「】难以忘怀的往事回忆录",lead,B,pending,由明确身份表述自动提取，建议人工抽查。,OME-00569
FE-OME-00571,person,ZLH-026,organization_membership,ORG-001,SRC-0974,第672页,"回忆1932年在上海偶遇钟潜九,加入左联和左联小组的活动,与谷非(胡风)的相识与结合,附录中介绍当年两位女盟员胡素心、徐静筠的简况",lead,B,pending,由明确身份表述自动提取，建议人工抽查。,OME-00571
FE-OME-00572,person,ZLH-001,organization_membership,ORG-001,SRC-0006,第673页,"鲁迅与左联关系初探“论文,王宏志作,载台湾《共兑问题研究》1990年6月15日16卷6朝,通过对左联筹备成立时期、左联前期和左联后期的多种事实探索鲁迅与左联(主要是与儿位左联领导人)关系恶化的缘由,认为这是由1933年前后发生的“《汉奸的供状》事件“等一系列严重事件造成的,不能认为“与胡风从中挑拨有关“.鲁迅在左联时期的文学活动“论文",lead,B,pending,由明确身份表述自动提取，建议人工抽查。,OME-00572
FE-OME-00573,person,ZLH-001,organization_membership,ORG-001,SRC-0523,第674页,"谈担任左联宣传部长和左联书记时的活动,解释了鲁迅给他的几封信中涉及的人与事,《木居文丛求《海燕》的出版,以及关于周文小说《上坡上》的纠纷,萧红小说《生死场》原稿并没有题目,胡风根据内容取了这一书名等等",support,B,pending,由明确身份表述自动提取，建议人工抽查。,OME-00573
FE-OME-00574,person,ZLH-006,organization_membership,ORG-001,SRC-0588,第694页,"回忆和潘汉年的儿次见面,其中忆及他介绍胡也频、丁玲参加左联的经过,根扬他是“有志青年的楷模“.冯霁峰回忆中的潘汉年回忆录.冯夏熊根据冯雪峰的遗稿整理,载《新文学史料》1982,年第4期",support,B,pending,由明确身份表述自动提取，建议人工抽查。,OME-00574
FE-OME-00575,person,ZLH-017,organization_membership,ORG-001,SRC-0588,第694页,"回忆和潘汉年的儿次见面,其中忆及他介绍胡也频、丁玲参加左联的经过,根扬他是“有志青年的楷模“.冯霁峰回忆中的潘汉年回忆录.冯夏熊根据冯雪峰的遗稿整理,载《新文学史料》1982,年第4期",support,B,pending,由明确身份表述自动提取，建议人工抽查。,OME-00575
FE-OME-00576,person,ZLH-021,organization_membership,ORG-001,SRC-0588,第694页,"回忆和潘汉年的儿次见面,其中忆及他介绍胡也频、丁玲参加左联的经过,根扬他是“有志青年的楷模“.冯霁峰回忆中的潘汉年回忆录.冯夏熊根据冯雪峰的遗稿整理,载《新文学史料》1982,年第4期",support,B,pending,由明确身份表述自动提取，建议人工抽查。,OME-00576
FE-OME-00577,person,ZLH-036,organization_membership,ORG-001,SRC-0765,第696页,"着重介绍穆木天在上海加入左联,参与发起组织中国诗歌会,从事左翼诗歌运动的经历,评析他的《流-者薯菩墨木天白′J1寺…属[l「~寺1'仑飞」)懵了衫仑戴言作,载《东北现代文学史料3》1983年第7期,论述穆木天的三部诗,其中第二部诚集《流亡者之歌}收1930年至1936年的诗作,称誉此集是“时代喇叭手的强音“,认为诗人不仅“反映日本帝国主义的穷凶极恶“,而且力图表现*生活斗争的本质和主流,极力表现中国人民的潜在的伟大的反抗“",support,B,pending,由明确身份表述自动提取，建议人工抽查。,OME-00577
FE-OME-00578,person,ZLH-001,organization_membership,ORG-001,SRC-0006,第699页,"晚秋白评传传记.鲁云涛著,四川文艺出版社1991年11月出版.共8章,第6章《在文化战线上)敏述瞿秋白三十年代在上海参与左联领导.从事马克思主义文艺理论翻译和杂文创作的业绩,和鲁迅的友逯",lead,B,pending,由明确身份表述自动提取，建议人工抽查。,OME-00578
FE-OME-00579,person,ZLH-003,organization_membership,ORG-001,SRC-0006,第699页,"晚秋白评传传记.鲁云涛著,四川文艺出版社1991年11月出版.共8章,第6章《在文化战线上)敏述瞿秋白三十年代在上海参与左联领导.从事马克思主义文艺理论翻译和杂文创作的业绩,和鲁迅的友逯",lead,B,pending,由明确身份表述自动提取，建议人工抽查。,OME-00579
FE-OME-00580,person,ZLH-003,organization_membership,ORG-001,SRC-0006,第701页,"指出1931一1933年,瞿秋白在上海参加左联领导工作期间,主张对1928年以来的“普罗文学“运动进行研究和总结,吸取经验教训,利用合法斗争形式,扩大左翼文化阵地",support,B,pending,由明确身份表述自动提取，建议人工抽查。,OME-00580
FE-OME-00581,person,ZLH-003,organization_membership,ORG-001,SRC-0674,第702页,"────────────────────────────────────────左联词典论瞿秋白与左联论文.叶楠作,载《临沂师专学报》1989年第3期",lead,B,pending,由明确身份表述自动提取，建议人工抽查。,OME-00581
