relation_evidence_id,relation_id,source_id,locator,quote,context,quote_or_context,evidence_support,source_level,review_status,reviewer_note
RELE-00040,REL-00008,SRC-0007,左联词典 第102页; 左联词典 第104页; 左联词典 第106页; 左联词典 第107页; 左联词典 第108页,,"和有关决议指导下进行文学创作。鲁迅是左联的“盟主“,也是中国左翼文学运动的旗帜,潘汉年、冯雪峰、沈端先(夏衍)、阳翰笙、冯乃超、郑伯奇、钱杏邨(阿英)、田汉等都; 批贡献卓著、德高望重的老作家如鲁迅、茅盾、瞿秋白、蒋光慈、田汉、洪深,左联诣生前已从事创作和翻译的柔石、洪灵菲、应修人、潘漠华、郑伯奇、王任叔、阳翰笙、阿英、丁; 妄图一举消灭左翼文艺运动.由于鲁迅和中国共产党的坚强领导,广大左翼文艺战","和有关决议指导下进行文学创作。鲁迅是左联的“盟主“,也是中国左翼文学运动的旗帜,潘汉年、冯雪峰、沈端先(夏衍)、阳翰笙、冯乃超、郑伯奇、钱杏邨(阿英)、田汉等都; 批贡献卓著、德高望重的老作家如鲁迅、茅盾、瞿秋白、蒋光慈、田汉、洪深,左联诣生前已从事创作和翻译的柔石、洪灵菲、应修人、潘漠华、郑伯奇、王任叔、阳翰笙、阿英、丁; 妄图一举消灭左翼文艺运动.由于鲁迅和中国共产党的坚强领导,广大左翼文艺战",associated,B,pending,由 person_relations 迁移生成，未经人工审核；仅表示来源关联，不断言支持强度。
RELE-00041,REL-00008,SRC-0011,左联词典 第102页; 左联词典 第104页; 左联词典 第106页; 左联词典 第107页; 左联词典 第108页,,"和有关决议指导下进行文学创作。鲁迅是左联的“盟主“,也是中国左翼文学运动的旗帜,潘汉年、冯雪峰、沈端先(夏衍)、阳翰笙、冯乃超、郑伯奇、钱杏邨(阿英)、田汉等都; 批贡献卓著、德高望重的老作家如鲁迅、茅盾、瞿秋白、蒋光慈、田汉、洪深,左联诣生前已从事创作和翻译的柔石、洪灵菲、应修人、潘漠华、郑伯奇、王任叔、阳翰笙、阿英、丁; 妄图一举消灭左翼文艺运动.由于鲁迅和中国共产党的坚强领导,广大左翼文艺战","和有关决议指导下进行文学创作。鲁迅是左联的“盟主“,也是中国左翼文学运动的旗帜,潘汉年、冯雪峰、沈端先(夏衍)、阳翰笙、冯乃超、郑伯奇、钱杏邨(阿英)、田汉等都; 批贡献卓著、德高望重的老作家如鲁迅、茅盾、瞿秋白、蒋光慈、田汉、洪深,左联诣生前已从事创作和翻译的柔石、洪灵菲、应修人、潘漠华、郑伯奇、王任叔、阳翰笙、阿英、丁; 妄图一举消灭左翼文艺运动.由于鲁迅和中国共产党的坚强领导,广大左翼文艺战",associated,B,pending,由 person_relations 迁移生成，未经人工审核；仅表示来源关联，不断言支持强度。
RELE-00042,REL-00008,SRC-0012,左联词典 第102页; 左联词典 第104页; 左联词典 第106页; 左联词典 第107页; 左联词典 第108页,,"和有关决议指导下进行文学创作。鲁迅是左联的“盟主“,也是中国左翼文学运动的旗帜,潘汉年、冯雪峰、沈端先(夏衍)、阳翰笙、冯乃超、郑伯奇、钱杏邨(阿英)、田汉等都; 批贡献卓著、德高望重的老作家如鲁迅、茅盾、瞿秋白、蒋光慈、田汉、洪深,左联诣生前已从事创作和翻译的柔石、洪灵菲、应修人、潘漠华、郑伯奇、王任叔、阳翰笙、阿英、丁; 妄图一举消灭左翼文艺运动.由于鲁迅和中国共产党的坚强领导,广大左翼文艺战","和有关决议指导下进行文学创作。鲁迅是左联的“盟主“,也是中国左翼文学运动的旗帜,潘汉年、冯雪峰、沈端先(夏衍)、阳翰笙、冯乃超、郑伯奇、钱杏邨(阿英)、田汉等都; 批贡献卓著、德高望重的老作家如鲁迅、茅盾、瞿秋白、蒋光慈、田汉、洪深,左联诣生前已从事创作和翻译的柔石、洪灵菲、应修人、潘漠华、郑伯奇、王任叔、阳翰笙、阿英、丁; 妄图一举消灭左翼文艺运动.由于鲁迅和中国共产党的坚强领导,广大左翼文艺战",associated,B,pending,由 person_relations 迁移生成，未经人工审核；仅表示来源关联，不断言支持强度。
RELE-00043,REL-00008,SRC-0038,左联词典 第102页; 左联词典 第104页; 左联词典 第106页; 左联词典 第107页; 左联词典 第108页,,"和有关决议指导下进行文学创作。鲁迅是左联的“盟主“,也是中国左翼文学运动的旗帜,潘汉年、冯雪峰、沈端先(夏衍)、阳翰笙、冯乃超、郑伯奇、钱杏邨(阿英)、田汉等都; 批贡献卓著、德高望重的老作家如鲁迅、茅盾、瞿秋白、蒋光慈、田汉、洪深,左联诣生前已从事创作和翻译的柔石、洪灵菲、应修人、潘漠华、郑伯奇、王任叔、阳翰笙、阿英、丁; 妄图一举消灭左翼文艺运动.由于鲁迅和中国共产党的坚强领导,广大左翼文艺战","和有关决议指导下进行文学创作。鲁迅是左联的“盟主“,也是中国左翼文学运动的旗帜,潘汉年、冯雪峰、沈端先(夏衍)、阳翰笙、冯乃超、郑伯奇、钱杏邨(阿英)、田汉等都; 批贡献卓著、德高望重的老作家如鲁迅、茅盾、瞿秋白、蒋光慈、田汉、洪深,左联诣生前已从事创作和翻译的柔石、洪灵菲、应修人、潘漠华、郑伯奇、王任叔、阳翰笙、阿英、丁; 妄图一举消灭左翼文艺运动.由于鲁迅和中国共产党的坚强领导,广大左翼文艺战",associated,B,pending,由 person_relations 迁移生成，未经人工审核；仅表示来源关联，不断言支持强度。
RELE-00044,REL-00008,SRC-0039,左联词典 第102页; 左联词典 第104页; 左联词典 第106页; 左联词典 第107页; 左联词典 第108页,,"和有关决议指导下进行文学创作。鲁迅是左联的“盟主“,也是中国左翼文学运动的旗帜,潘汉年、冯雪峰、沈端先(夏衍)、阳翰笙、冯乃超、郑伯奇、钱杏邨(阿英)、田汉等都; 批贡献卓著、德高望重的老作家如鲁迅、茅盾、瞿秋白、蒋光慈、田汉、洪深,左联诣生前已从事创作和翻译的柔石、洪灵菲、应修人、潘漠华、郑伯奇、王任叔、阳翰笙、阿英、丁; 妄图一举消灭左翼文艺运动.由于鲁迅和中国共产党的坚强领导,广大左翼文艺战","和有关决议指导下进行文学创作。鲁迅是左联的“盟主“,也是中国左翼文学运动的旗帜,潘汉年、冯雪峰、沈端先(夏衍)、阳翰笙、冯乃超、郑伯奇、钱杏邨(阿英)、田汉等都; 批贡献卓著、德高望重的老作家如鲁迅、茅盾、瞿秋白、蒋光慈、田汉、洪深,左联诣生前已从事创作和翻译的柔石、洪灵菲、应修人、潘漠华、郑伯奇、王任叔、阳翰笙、阿英、丁; 妄图一举消灭左翼文艺运动.由于鲁迅和中国共产党的坚强领导,广大左翼文艺战",associated,B,pending,由 person_relations 迁移生成，未经人工审核；仅表示来源关联，不断言支持强度。
RELE-00048,REL-00011,SRC-0041,鲁迅日记 1933年9月28日; 鲁迅日记 1934年11月17日; 鲁迅日记 1935年2月21日; 鲁迅日记 1935年2月26日; 鲁迅日记 1935年3月26日; 鲁迅日记 1935年6月12日; 鲁迅日记 1935年6月14日; 鲁迅日记 1935年6月2日; 鲁迅日记 1935年7月2日; 鲁迅日记 1935年8月22日; 鲁迅日记 1935年9月1日; 鲁迅日记 1936年7月9日,,1935年月间，鲁迅与郑伯奇有频繁书信往来，涉及收信、寄信,1935年月间，鲁迅与郑伯奇有频繁书信往来，涉及收信、寄信,associated,A,pending,由 person_relations 迁移生成，未经人工审核；仅表示来源关联，不断言支持强度。
RELE-00049,REL-00011,SRC-0043,鲁迅日记 1933年9月28日; 鲁迅日记 1934年11月17日; 鲁迅日记 1935年2月21日; 鲁迅日记 1935年2月26日; 鲁迅日记 1935年3月26日; 鲁迅日记 1935年6月12日; 鲁迅日记 1935年6月14日; 鲁迅日记 1935年6月2日; 鲁迅日记 1935年7月2日; 鲁迅日记 1935年8月22日; 鲁迅日记 1935年9月1日; 鲁迅日记 1936年7月9日,,1935年月间，鲁迅与郑伯奇有频繁书信往来，涉及收信、寄信,1935年月间，鲁迅与郑伯奇有频繁书信往来，涉及收信、寄信,associated,A,pending,由 person_relations 迁移生成，未经人工审核；仅表示来源关联，不断言支持强度。
RELE-00050,REL-00011,SRC-0044,鲁迅日记 1933年9月28日; 鲁迅日记 1934年11月17日; 鲁迅日记 1935年2月21日; 鲁迅日记 1935年2月26日; 鲁迅日记 1935年3月26日; 鲁迅日记 1935年6月12日; 鲁迅日记 1935年6月14日; 鲁迅日记 1935年6月2日; 鲁迅日记 1935年7月2日; 鲁迅日记 1935年8月22日; 鲁迅日记 1935年9月1日; 鲁迅日记 1936年7月9日,,1935年月间，鲁迅与郑伯奇有频繁书信往来，涉及收信、寄信,1935年月间，鲁迅与郑伯奇有频繁书信往来，涉及收信、寄信,associated,A,pending,由 person_relations 迁移生成，未经人工审核；仅表示来源关联，不断言支持强度。
RELE-00051,REL-00011,SRC-0045,鲁迅日记 1933年9月28日; 鲁迅日记 1934年11月17日; 鲁迅日记 1935年2月21日; 鲁迅日记 1935年2月26日; 鲁迅日记 1935年3月26日; 鲁迅日记 1935年6月12日; 鲁迅日记 1935年6月14日; 鲁迅日记 1935年6月2日; 鲁迅日记 1935年7月2日; 鲁迅日记 1935年8月22日; 鲁迅日记 1935年9月1日; 鲁迅日记 1936年7月9日,,1935年月间，鲁迅与郑伯奇有频繁书信往来，涉及收信、寄信,1935年月间，鲁迅与郑伯奇有频繁书信往来，涉及收信、寄信,associated,A,pending,由 person_relations 迁移生成，未经人工审核；仅表示来源关联，不断言支持强度。
RELE-00052,REL-00011,SRC-0046,鲁迅日记 1933年9月28日; 鲁迅日记 1934年11月17日; 鲁迅日记 1935年2月21日; 鲁迅日记 1935年2月26日; 鲁迅日记 1935年3月26日; 鲁迅日记 1935年6月12日; 鲁迅日记 1935年6月14日; 鲁迅日记 1935年6月2日; 鲁迅日记 1935年7月2日; 鲁迅日记 1935年8月22日; 鲁迅日记 1935年9月1日; 鲁迅日记 1936年7月9日,,1935年月间，鲁迅与郑伯奇有频繁书信往来，涉及收信、寄信,1935年月间，鲁迅与郑伯奇有频繁书信往来，涉及收信、寄信,associated,A,pending,由 person_relations 迁移生成，未经人工审核；仅表示来源关联，不断言支持强度。
RELE-00053,REL-00011,SRC-0047,鲁迅日记 1933年9月28日; 鲁迅日记 1934年11月17日; 鲁迅日记 1935年2月21日; 鲁迅日记 1935年2月26日; 鲁迅日记 1935年3月26日; 鲁迅日记 1935年6月12日; 鲁迅日记 1935年6月14日; 鲁迅日记 1935年6月2日; 鲁迅日记 1935年7月2日; 鲁迅日记 1935年8月22日; 鲁迅日记 1935年9月1日; 鲁迅日记 1936年7月9日,,1935年月间，鲁迅与郑伯奇有频繁书信往来，涉及收信、寄信,1935年月间，鲁迅与郑伯奇有频繁书信往来，涉及收信、寄信,associated,A,pending,由 person_relations 迁移生成，未经人工审核；仅表示来源关联，不断言支持强度。
RELE-00054,REL-00011,SRC-0048,鲁迅日记 1933年9月28日; 鲁迅日记 1934年11月17日; 鲁迅日记 1935年2月21日; 鲁迅日记 1935年2月26日; 鲁迅日记 1935年3月26日; 鲁迅日记 1935年6月12日; 鲁迅日记 1935年6月14日; 鲁迅日记 1935年6月2日; 鲁迅日记 1935年7月2日; 鲁迅日记 1935年8月22日; 鲁迅日记 1935年9月1日; 鲁迅日记 1936年7月9日,,1935年月间，鲁迅与郑伯奇有频繁书信往来，涉及收信、寄信,1935年月间，鲁迅与郑伯奇有频繁书信往来，涉及收信、寄信,associated,A,pending,由 person_relations 迁移生成，未经人工审核；仅表示来源关联，不断言支持强度。
RELE-00055,REL-00011,SRC-0049,鲁迅日记 1933年9月28日; 鲁迅日记 1934年11月17日; 鲁迅日记 1935年2月21日; 鲁迅日记 1935年2月26日; 鲁迅日记 1935年3月26日; 鲁迅日记 1935年6月12日; 鲁迅日记 1935年6月14日; 鲁迅日记 1935年6月2日; 鲁迅日记 1935年7月2日; 鲁迅日记 1935年8月22日; 鲁迅日记 1935年9月1日; 鲁迅日记 1936年7月9日,,1935年月间，鲁迅与郑伯奇有频繁书信往来，涉及收信、寄信,1935年月间，鲁迅与郑伯奇有频繁书信往来，涉及收信、寄信,associated,A,pending,由 person_relations 迁移生成，未经人工审核；仅表示来源关联，不断言支持强度。
RELE-00056,REL-00011,SRC-0050,鲁迅日记 1933年9月28日; 鲁迅日记 1934年11月17日; 鲁迅日记 1935年2月21日; 鲁迅日记 1935年2月26日; 鲁迅日记 1935年3月26日; 鲁迅日记 1935年6月12日; 鲁迅日记 1935年6月14日; 鲁迅日记 1935年6月2日; 鲁迅日记 1935年7月2日; 鲁迅日记 1935年8月22日; 鲁迅日记 1935年9月1日; 鲁迅日记 1936年7月9日,,1935年月间，鲁迅与郑伯奇有频繁书信往来，涉及收信、寄信,1935年月间，鲁迅与郑伯奇有频繁书信往来，涉及收信、寄信,associated,A,pending,由 person_relations 迁移生成，未经人工审核；仅表示来源关联，不断言支持强度。
RELE-00057,REL-00011,SRC-0051,鲁迅日记 1933年9月28日; 鲁迅日记 1934年11月17日; 鲁迅日记 1935年2月21日; 鲁迅日记 1935年2月26日; 鲁迅日记 1935年3月26日; 鲁迅日记 1935年6月12日; 鲁迅日记 1935年6月14日; 鲁迅日记 1935年6月2日; 鲁迅日记 1935年7月2日; 鲁迅日记 1935年8月22日; 鲁迅日记 1935年9月1日; 鲁迅日记 1936年7月9日,,1935年月间，鲁迅与郑伯奇有频繁书信往来，涉及收信、寄信,1935年月间，鲁迅与郑伯奇有频繁书信往来，涉及收信、寄信,associated,A,pending,由 person_relations 迁移生成，未经人工审核；仅表示来源关联，不断言支持强度。
RELE-00058,REL-00011,SRC-0052,鲁迅日记 1933年9月28日; 鲁迅日记 1934年11月17日; 鲁迅日记 1935年2月21日; 鲁迅日记 1935年2月26日; 鲁迅日记 1935年3月26日; 鲁迅日记 1935年6月12日; 鲁迅日记 1935年6月14日; 鲁迅日记 1935年6月2日; 鲁迅日记 1935年7月2日; 鲁迅日记 1935年8月22日; 鲁迅日记 1935年9月1日; 鲁迅日记 1936年7月9日,,1935年月间，鲁迅与郑伯奇有频繁书信往来，涉及收信、寄信,1935年月间，鲁迅与郑伯奇有频繁书信往来，涉及收信、寄信,associated,A,pending,由 person_relations 迁移生成，未经人工审核；仅表示来源关联，不断言支持强度。
RELE-00059,REL-00011,SRC-0053,鲁迅日记 1933年9月28日; 鲁迅日记 1934年11月17日; 鲁迅日记 1935年2月21日; 鲁迅日记 1935年2月26日; 鲁迅日记 1935年3月26日; 鲁迅日记 1935年6月12日; 鲁迅日记 1935年6月14日; 鲁迅日记 1935年6月2日; 鲁迅日记 1935年7月2日; 鲁迅日记 1935年8月22日; 鲁迅日记 1935年9月1日; 鲁迅日记 1936年7月9日,,1935年月间，鲁迅与郑伯奇有频繁书信往来，涉及收信、寄信,1935年月间，鲁迅与郑伯奇有频繁书信往来，涉及收信、寄信,associated,A,pending,由 person_relations 迁移生成，未经人工审核；仅表示来源关联，不断言支持强度。
RELE-00060,REL-00012,SRC-0007,左联词典 第104页; 左联词典 第132页; 左联词典 第142页; 左联词典 第193页; 左联词典 第204页,,"批贡献卓著、德高望重的老作家如鲁迅、茅盾、瞿秋白、蒋光慈、田汉、洪深,左联诣生前已从事创作和翻译的; 作生活一一我们的庆祝》.贺词由鲁迅、茅盾、丁玲、曹靖华、洛扬(汞雪峰)、奕如(夏衍),适夷联名签署.同年月,中苏两国政府恢复邦交,左联发表《中国著作家为中苏; 起中国文艺家协会,但也十分贺同鲁迅的观点,认为决不能“一叫出联合战线,也就“猗狐狗贼都引为同志,连投机取巧者与暗探奸细都可以宽容“。1","批贡献卓著、德高望重的老作家如鲁迅、茅盾、瞿秋白、蒋光慈、田汉、洪深,左联诣生前已从事创作和翻译的; 作生活一一我们的庆祝》.贺词由鲁迅、茅盾、丁玲、曹靖华、洛扬(汞雪峰)、奕如(夏衍),适夷联名签署.同年月,中苏两国政府恢复邦交,左联发表《中国著作家为中苏; 起中国文艺家协会,但也十分贺同鲁迅的观点,认为决不能“一叫出联合战线,也就“猗狐狗贼都引为同志,连投机取巧者与暗探奸细都可以宽容“。1",associated,B,pending,由 person_relations 迁移生成，未经人工审核；仅表示来源关联，不断言支持强度。
RELE-00061,REL-00012,SRC-0010,左联词典 第104页; 左联词典 第132页; 左联词典 第142页; 左联词典 第193页; 左联词典 第204页,,"批贡献卓著、德高望重的老作家如鲁迅、茅盾、瞿秋白、蒋光慈、田汉、洪深,左联诣生前已从事创作和翻译的; 作生活一一我们的庆祝》.贺词由鲁迅、茅盾、丁玲、曹靖华、洛扬(汞雪峰)、奕如(夏衍),适夷联名签署.同年月,中苏两国政府恢复邦交,左联发表《中国著作家为中苏; 起中国文艺家协会,但也十分贺同鲁迅的观点,认为决不能“一叫出联合战线,也就“猗狐狗贼都引为同志,连投机取巧者与暗探奸细都可以宽容“。1","批贡献卓著、德高望重的老作家如鲁迅、茅盾、瞿秋白、蒋光慈、田汉、洪深,左联诣生前已从事创作和翻译的; 作生活一一我们的庆祝》.贺词由鲁迅、茅盾、丁玲、曹靖华、洛扬(汞雪峰)、奕如(夏衍),适夷联名签署.同年月,中苏两国政府恢复邦交,左联发表《中国著作家为中苏; 起中国文艺家协会,但也十分贺同鲁迅的观点,认为决不能“一叫出联合战线,也就“猗狐狗贼都引为同志,连投机取巧者与暗探奸细都可以宽容“。1",associated,B,pending,由 person_relations 迁移生成，未经人工审核；仅表示来源关联，不断言支持强度。
RELE-00062,REL-00012,SRC-0054,左联词典 第104页; 左联词典 第132页; 左联词典 第142页; 左联词典 第193页; 左联词典 第204页,,"批贡献卓著、德高望重的老作家如鲁迅、茅盾、瞿秋白、蒋光慈、田汉、洪深,左联诣生前已从事创作和翻译的; 作生活一一我们的庆祝》.贺词由鲁迅、茅盾、丁玲、曹靖华、洛扬(汞雪峰)、奕如(夏衍),适夷联名签署.同年月,中苏两国政府恢复邦交,左联发表《中国著作家为中苏; 起中国文艺家协会,但也十分贺同鲁迅的观点,认为决不能“一叫出联合战线,也就“猗狐狗贼都引为同志,连投机取巧者与暗探奸细都可以宽容“。1","批贡献卓著、德高望重的老作家如鲁迅、茅盾、瞿秋白、蒋光慈、田汉、洪深,左联诣生前已从事创作和翻译的; 作生活一一我们的庆祝》.贺词由鲁迅、茅盾、丁玲、曹靖华、洛扬(汞雪峰)、奕如(夏衍),适夷联名签署.同年月,中苏两国政府恢复邦交,左联发表《中国著作家为中苏; 起中国文艺家协会,但也十分贺同鲁迅的观点,认为决不能“一叫出联合战线,也就“猗狐狗贼都引为同志,连投机取巧者与暗探奸细都可以宽容“。1",associated,B,pending,由 person_relations 迁移生成，未经人工审核；仅表示来源关联，不断言支持强度。
RELE-00063,REL-00012,SRC-0055,左联词典 第104页; 左联词典 第132页; 左联词典 第142页; 左联词典 第193页; 左联词典 第204页,,"批贡献卓著、德高望重的老作家如鲁迅、茅盾、瞿秋白、蒋光慈、田汉、洪深,左联诣生前已从事创作和翻译的; 作生活一一我们的庆祝》.贺词由鲁迅、茅盾、丁玲、曹靖华、洛扬(汞雪峰)、奕如(夏衍),适夷联名签署.同年月,中苏两国政府恢复邦交,左联发表《中国著作家为中苏; 起中国文艺家协会,但也十分贺同鲁迅的观点,认为决不能“一叫出联合战线,也就“猗狐狗贼都引为同志,连投机取巧者与暗探奸细都可以宽容“。1","批贡献卓著、德高望重的老作家如鲁迅、茅盾、瞿秋白、蒋光慈、田汉、洪深,左联诣生前已从事创作和翻译的; 作生活一一我们的庆祝》.贺词由鲁迅、茅盾、丁玲、曹靖华、洛扬(汞雪峰)、奕如(夏衍),适夷联名签署.同年月,中苏两国政府恢复邦交,左联发表《中国著作家为中苏; 起中国文艺家协会,但也十分贺同鲁迅的观点,认为决不能“一叫出联合战线,也就“猗狐狗贼都引为同志,连投机取巧者与暗探奸细都可以宽容“。1",associated,B,pending,由 person_relations 迁移生成，未经人工审核；仅表示来源关联，不断言支持强度。
RELE-00064,REL-00012,SRC-0056,左联词典 第104页; 左联词典 第132页; 左联词典 第142页; 左联词典 第193页; 左联词典 第204页,,"批贡献卓著、德高望重的老作家如鲁迅、茅盾、瞿秋白、蒋光慈、田汉、洪深,左联诣生前已从事创作和翻译的; 作生活一一我们的庆祝》.贺词由鲁迅、茅盾、丁玲、曹靖华、洛扬(汞雪峰)、奕如(夏衍),适夷联名签署.同年月,中苏两国政府恢复邦交,左联发表《中国著作家为中苏; 起中国文艺家协会,但也十分贺同鲁迅的观点,认为决不能“一叫出联合战线,也就“猗狐狗贼都引为同志,连投机取巧者与暗探奸细都可以宽容“。1","批贡献卓著、德高望重的老作家如鲁迅、茅盾、瞿秋白、蒋光慈、田汉、洪深,左联诣生前已从事创作和翻译的; 作生活一一我们的庆祝》.贺词由鲁迅、茅盾、丁玲、曹靖华、洛扬(汞雪峰)、奕如(夏衍),适夷联名签署.同年月,中苏两国政府恢复邦交,左联发表《中国著作家为中苏; 起中国文艺家协会,但也十分贺同鲁迅的观点,认为决不能“一叫出联合战线,也就“猗狐狗贼都引为同志,连投机取巧者与暗探奸细都可以宽容“。1",associated,B,pending,由 person_relations 迁移生成，未经人工审核；仅表示来源关联，不断言支持强度。
RELE-00080,REL-00016,SRC-0011,左联词典 第5页; 左联词典 第102页; 左联词典 第107页; 左联词典 第128页; 左联词典 第168页,,"24)对于左翼作家联盟的意见(鲁迅)一0C24)普罗文学运动与自我批判(潘汉年)一.(24)左翼作家联盟的意义及其任务(潘汉年)一…(25)中国无产阶级文学运动; 和有关决议指导下进行文学创作。鲁迅是左联的“盟主“,也是中国左翼文学运动的旗帜,潘汉年、冯雪峰、沈端先(夏衍)、阳翰笙、冯乃超、郑伯奇、钱杏邨(阿英)、田汉; 任过左联党团书记的有下列人员;冯乃超年月一-1931年月。“冯雪","24)对于左翼作家联盟的意见(鲁迅)一0C24)普罗文学运动与自我批判(潘汉年)一.(24)左翼作家联盟的意义及其任务(潘汉年)一…(25)中国无产阶级文学运动; 和有关决议指导下进行文学创作。鲁迅是左联的“盟主“,也是中国左翼文学运动的旗帜,潘汉年、冯雪峰、沈端先(夏衍)、阳翰笙、冯乃超、郑伯奇、钱杏邨(阿英)、田汉; 任过左联党团书记的有下列人员;冯乃超年月一-1931年月。“冯雪",associated,B,pending,由 person_relations 迁移生成，未经人工审核；仅表示来源关联，不断言支持强度。
RELE-00081,REL-00016,SRC-0012,左联词典 第5页; 左联词典 第102页; 左联词典 第107页; 左联词典 第128页; 左联词典 第168页,,"24)对于左翼作家联盟的意见(鲁迅)一0C24)普罗文学运动与自我批判(潘汉年)一.(24)左翼作家联盟的意义及其任务(潘汉年)一…(25)中国无产阶级文学运动; 和有关决议指导下进行文学创作。鲁迅是左联的“盟主“,也是中国左翼文学运动的旗帜,潘汉年、冯雪峰、沈端先(夏衍)、阳翰笙、冯乃超、郑伯奇、钱杏邨(阿英)、田汉; 任过左联党团书记的有下列人员;冯乃超年月一-1931年月。“冯雪","24)对于左翼作家联盟的意见(鲁迅)一0C24)普罗文学运动与自我批判(潘汉年)一.(24)左翼作家联盟的意义及其任务(潘汉年)一…(25)中国无产阶级文学运动; 和有关决议指导下进行文学创作。鲁迅是左联的“盟主“,也是中国左翼文学运动的旗帜,潘汉年、冯雪峰、沈端先(夏衍)、阳翰笙、冯乃超、郑伯奇、钱杏邨(阿英)、田汉; 任过左联党团书记的有下列人员;冯乃超年月一-1931年月。“冯雪",associated,B,pending,由 person_relations 迁移生成，未经人工审核；仅表示来源关联，不断言支持强度。
RELE-00082,REL-00016,SRC-0014,左联词典 第5页; 左联词典 第102页; 左联词典 第107页; 左联词典 第128页; 左联词典 第168页,,"24)对于左翼作家联盟的意见(鲁迅)一0C24)普罗文学运动与自我批判(潘汉年)一.(24)左翼作家联盟的意义及其任务(潘汉年)一…(25)中国无产阶级文学运动; 和有关决议指导下进行文学创作。鲁迅是左联的“盟主“,也是中国左翼文学运动的旗帜,潘汉年、冯雪峰、沈端先(夏衍)、阳翰笙、冯乃超、郑伯奇、钱杏邨(阿英)、田汉; 任过左联党团书记的有下列人员;冯乃超年月一-1931年月。“冯雪","24)对于左翼作家联盟的意见(鲁迅)一0C24)普罗文学运动与自我批判(潘汉年)一.(24)左翼作家联盟的意义及其任务(潘汉年)一…(25)中国无产阶级文学运动; 和有关决议指导下进行文学创作。鲁迅是左联的“盟主“,也是中国左翼文学运动的旗帜,潘汉年、冯雪峰、沈端先(夏衍)、阳翰笙、冯乃超、郑伯奇、钱杏邨(阿英)、田汉; 任过左联党团书记的有下列人员;冯乃超年月一-1931年月。“冯雪",associated,B,pending,由 person_relations 迁移生成，未经人工审核；仅表示来源关联，不断言支持强度。
RELE-00083,REL-00016,SRC-0035,左联词典 第5页; 左联词典 第102页; 左联词典 第107页; 左联词典 第128页; 左联词典 第168页,,"24)对于左翼作家联盟的意见(鲁迅)一0C24)普罗文学运动与自我批判(潘汉年)一.(24)左翼作家联盟的意义及其任务(潘汉年)一…(25)中国无产阶级文学运动; 和有关决议指导下进行文学创作。鲁迅是左联的“盟主“,也是中国左翼文学运动的旗帜,潘汉年、冯雪峰、沈端先(夏衍)、阳翰笙、冯乃超、郑伯奇、钱杏邨(阿英)、田汉; 任过左联党团书记的有下列人员;冯乃超年月一-1931年月。“冯雪","24)对于左翼作家联盟的意见(鲁迅)一0C24)普罗文学运动与自我批判(潘汉年)一.(24)左翼作家联盟的意义及其任务(潘汉年)一…(25)中国无产阶级文学运动; 和有关决议指导下进行文学创作。鲁迅是左联的“盟主“,也是中国左翼文学运动的旗帜,潘汉年、冯雪峰、沈端先(夏衍)、阳翰笙、冯乃超、郑伯奇、钱杏邨(阿英)、田汉; 任过左联党团书记的有下列人员;冯乃超年月一-1931年月。“冯雪",associated,B,pending,由 person_relations 迁移生成，未经人工审核；仅表示来源关联，不断言支持强度。
RELE-00084,REL-00016,SRC-0060,左联词典 第5页; 左联词典 第102页; 左联词典 第107页; 左联词典 第128页; 左联词典 第168页,,"24)对于左翼作家联盟的意见(鲁迅)一0C24)普罗文学运动与自我批判(潘汉年)一.(24)左翼作家联盟的意义及其任务(潘汉年)一…(25)中国无产阶级文学运动; 和有关决议指导下进行文学创作。鲁迅是左联的“盟主“,也是中国左翼文学运动的旗帜,潘汉年、冯雪峰、沈端先(夏衍)、阳翰笙、冯乃超、郑伯奇、钱杏邨(阿英)、田汉; 任过左联党团书记的有下列人员;冯乃超年月一-1931年月。“冯雪","24)对于左翼作家联盟的意见(鲁迅)一0C24)普罗文学运动与自我批判(潘汉年)一.(24)左翼作家联盟的意义及其任务(潘汉年)一…(25)中国无产阶级文学运动; 和有关决议指导下进行文学创作。鲁迅是左联的“盟主“,也是中国左翼文学运动的旗帜,潘汉年、冯雪峰、沈端先(夏衍)、阳翰笙、冯乃超、郑伯奇、钱杏邨(阿英)、田汉; 任过左联党团书记的有下列人员;冯乃超年月一-1931年月。“冯雪",associated,B,pending,由 person_relations 迁移生成，未经人工审核；仅表示来源关联，不断言支持强度。
RELE-00156,REL-00022,SRC-0007,左联词典 第104页; 左联词典 第118页; 左联词典 第131页; 左联词典 第139页; 左联词典 第175页,,"批贡献卓著、德高望重的老作家如鲁迅、茅盾、瞿秋白、蒋光慈、田汉、洪深,左联诣生前已从事创作和翻译的柔石、洪灵菲、应修人、潘漠华、郑伯奇、王任叔、阳翰笙、阿英、丁; 捕杀害李伟“森、柔石、胡也频、冯铿、殴夫等位左联作家,号召人民起来反对敌人的白色恐怖。为国民党屠杀同志致各国革命文学和文化团体及一切为人类进步而工作的著作家思; ,胡也频和李伟森、柔石、殷夫、冯铿等先后被捕,名年月?日,被国民克反动","批贡献卓著、德高望重的老作家如鲁迅、茅盾、瞿秋白、蒋光慈、田汉、洪深,左联诣生前已从事创作和翻译的柔石、洪灵菲、应修人、潘漠华、郑伯奇、王任叔、阳翰笙、阿英、丁; 捕杀害李伟“森、柔石、胡也频、冯铿、殴夫等位左联作家,号召人民起来反对敌人的白色恐怖。为国民党屠杀同志致各国革命文学和文化团体及一切为人类进步而工作的著作家思; ,胡也频和李伟森、柔石、殷夫、冯铿等先后被捕,名年月?日,被国民克反动",associated,B,pending,由 person_relations 迁移生成，未经人工审核；仅表示来源关联，不断言支持强度。
RELE-00157,REL-00022,SRC-0008,左联词典 第104页; 左联词典 第118页; 左联词典 第131页; 左联词典 第139页; 左联词典 第175页,,"批贡献卓著、德高望重的老作家如鲁迅、茅盾、瞿秋白、蒋光慈、田汉、洪深,左联诣生前已从事创作和翻译的柔石、洪灵菲、应修人、潘漠华、郑伯奇、王任叔、阳翰笙、阿英、丁; 捕杀害李伟“森、柔石、胡也频、冯铿、殴夫等位左联作家,号召人民起来反对敌人的白色恐怖。为国民党屠杀同志致各国革命文学和文化团体及一切为人类进步而工作的著作家思; ,胡也频和李伟森、柔石、殷夫、冯铿等先后被捕,名年月?日,被国民克反动","批贡献卓著、德高望重的老作家如鲁迅、茅盾、瞿秋白、蒋光慈、田汉、洪深,左联诣生前已从事创作和翻译的柔石、洪灵菲、应修人、潘漠华、郑伯奇、王任叔、阳翰笙、阿英、丁; 捕杀害李伟“森、柔石、胡也频、冯铿、殴夫等位左联作家,号召人民起来反对敌人的白色恐怖。为国民党屠杀同志致各国革命文学和文化团体及一切为人类进步而工作的著作家思; ,胡也频和李伟森、柔石、殷夫、冯铿等先后被捕,名年月?日,被国民克反动",associated,B,pending,由 person_relations 迁移生成，未经人工审核；仅表示来源关联，不断言支持强度。
RELE-00158,REL-00022,SRC-0059,左联词典 第104页; 左联词典 第118页; 左联词典 第131页; 左联词典 第139页; 左联词典 第175页,,"批贡献卓著、德高望重的老作家如鲁迅、茅盾、瞿秋白、蒋光慈、田汉、洪深,左联诣生前已从事创作和翻译的柔石、洪灵菲、应修人、潘漠华、郑伯奇、王任叔、阳翰笙、阿英、丁; 捕杀害李伟“森、柔石、胡也频、冯铿、殴夫等位左联作家,号召人民起来反对敌人的白色恐怖。为国民党屠杀同志致各国革命文学和文化团体及一切为人类进步而工作的著作家思; ,胡也频和李伟森、柔石、殷夫、冯铿等先后被捕,名年月?日,被国民克反动","批贡献卓著、德高望重的老作家如鲁迅、茅盾、瞿秋白、蒋光慈、田汉、洪深,左联诣生前已从事创作和翻译的柔石、洪灵菲、应修人、潘漠华、郑伯奇、王任叔、阳翰笙、阿英、丁; 捕杀害李伟“森、柔石、胡也频、冯铿、殴夫等位左联作家,号召人民起来反对敌人的白色恐怖。为国民党屠杀同志致各国革命文学和文化团体及一切为人类进步而工作的著作家思; ,胡也频和李伟森、柔石、殷夫、冯铿等先后被捕,名年月?日,被国民克反动",associated,B,pending,由 person_relations 迁移生成，未经人工审核；仅表示来源关联，不断言支持强度。
RELE-00159,REL-00022,SRC-0124,左联词典 第104页; 左联词典 第118页; 左联词典 第131页; 左联词典 第139页; 左联词典 第175页,,"批贡献卓著、德高望重的老作家如鲁迅、茅盾、瞿秋白、蒋光慈、田汉、洪深,左联诣生前已从事创作和翻译的柔石、洪灵菲、应修人、潘漠华、郑伯奇、王任叔、阳翰笙、阿英、丁; 捕杀害李伟“森、柔石、胡也频、冯铿、殴夫等位左联作家,号召人民起来反对敌人的白色恐怖。为国民党屠杀同志致各国革命文学和文化团体及一切为人类进步而工作的著作家思; ,胡也频和李伟森、柔石、殷夫、冯铿等先后被捕,名年月?日,被国民克反动","批贡献卓著、德高望重的老作家如鲁迅、茅盾、瞿秋白、蒋光慈、田汉、洪深,左联诣生前已从事创作和翻译的柔石、洪灵菲、应修人、潘漠华、郑伯奇、王任叔、阳翰笙、阿英、丁; 捕杀害李伟“森、柔石、胡也频、冯铿、殴夫等位左联作家,号召人民起来反对敌人的白色恐怖。为国民党屠杀同志致各国革命文学和文化团体及一切为人类进步而工作的著作家思; ,胡也频和李伟森、柔石、殷夫、冯铿等先后被捕,名年月?日,被国民克反动",associated,B,pending,由 person_relations 迁移生成，未经人工审核；仅表示来源关联，不断言支持强度。
RELE-00160,REL-00022,SRC-0125,左联词典 第104页; 左联词典 第118页; 左联词典 第131页; 左联词典 第139页; 左联词典 第175页,,"批贡献卓著、德高望重的老作家如鲁迅、茅盾、瞿秋白、蒋光慈、田汉、洪深,左联诣生前已从事创作和翻译的柔石、洪灵菲、应修人、潘漠华、郑伯奇、王任叔、阳翰笙、阿英、丁; 捕杀害李伟“森、柔石、胡也频、冯铿、殴夫等位左联作家,号召人民起来反对敌人的白色恐怖。为国民党屠杀同志致各国革命文学和文化团体及一切为人类进步而工作的著作家思; ,胡也频和李伟森、柔石、殷夫、冯铿等先后被捕,名年月?日,被国民克反动","批贡献卓著、德高望重的老作家如鲁迅、茅盾、瞿秋白、蒋光慈、田汉、洪深,左联诣生前已从事创作和翻译的柔石、洪灵菲、应修人、潘漠华、郑伯奇、王任叔、阳翰笙、阿英、丁; 捕杀害李伟“森、柔石、胡也频、冯铿、殴夫等位左联作家,号召人民起来反对敌人的白色恐怖。为国民党屠杀同志致各国革命文学和文化团体及一切为人类进步而工作的著作家思; ,胡也频和李伟森、柔石、殷夫、冯铿等先后被捕,名年月?日,被国民克反动",associated,B,pending,由 person_relations 迁移生成，未经人工审核；仅表示来源关联，不断言支持强度。
RELE-00171,REL-00025,SRC-0130,鲁迅日记 1936年7月18日,,1936年月间，鲁迅与丁玲有频繁书信往来，涉及收信,1936年月间，鲁迅与丁玲有频繁书信往来，涉及收信,associated,A,pending,由 person_relations 迁移生成，未经人工审核；仅表示来源关联，不断言支持强度。
RELE-00177,REL-00027,SRC-0007,左联词典 第104页; 左联词典 第109页; 左联词典 第162页; 左联词典 第190页; 左联词典 第247页,,"批贡献卓著、德高望重的老作家如鲁迅、茅盾、瞿秋白、蒋光慈、田汉、洪深,左联诣生前已从事创作和翻译的柔石、洪灵菲、应修人、潘漠华、郑伯奇、王任叔、阳翰笙、阿英、丁; 成员有沈起予、金奎光、汪金丁、鲁迅、苟盾、周扬、胡风、任钧、沙汀、杨骚叶紫、何家槐、艾芜、欧阳山、吴奚如; 左翼文学运动作出了积极的贝献。叶紫(1912一1939)左翼作家。原名余鹤林,湖南益阳人。年底到上海。为激励目己,改名余","批贡献卓著、德高望重的老作家如鲁迅、茅盾、瞿秋白、蒋光慈、田汉、洪深,左联诣生前已从事创作和翻译的柔石、洪灵菲、应修人、潘漠华、郑伯奇、王任叔、阳翰笙、阿英、丁; 成员有沈起予、金奎光、汪金丁、鲁迅、苟盾、周扬、胡风、任钧、沙汀、杨骚叶紫、何家槐、艾芜、欧阳山、吴奚如; 左翼文学运动作出了积极的贝献。叶紫(1912一1939)左翼作家。原名余鹤林,湖南益阳人。年底到上海。为激励目己,改名余",associated,B,pending,由 person_relations 迁移生成，未经人工审核；仅表示来源关联，不断言支持强度。
RELE-00178,REL-00027,SRC-0135,左联词典 第104页; 左联词典 第109页; 左联词典 第162页; 左联词典 第190页; 左联词典 第247页,,"批贡献卓著、德高望重的老作家如鲁迅、茅盾、瞿秋白、蒋光慈、田汉、洪深,左联诣生前已从事创作和翻译的柔石、洪灵菲、应修人、潘漠华、郑伯奇、王任叔、阳翰笙、阿英、丁; 成员有沈起予、金奎光、汪金丁、鲁迅、苟盾、周扬、胡风、任钧、沙汀、杨骚叶紫、何家槐、艾芜、欧阳山、吴奚如; 左翼文学运动作出了积极的贝献。叶紫(1912一1939)左翼作家。原名余鹤林,湖南益阳人。年底到上海。为激励目己,改名余","批贡献卓著、德高望重的老作家如鲁迅、茅盾、瞿秋白、蒋光慈、田汉、洪深,左联诣生前已从事创作和翻译的柔石、洪灵菲、应修人、潘漠华、郑伯奇、王任叔、阳翰笙、阿英、丁; 成员有沈起予、金奎光、汪金丁、鲁迅、苟盾、周扬、胡风、任钧、沙汀、杨骚叶紫、何家槐、艾芜、欧阳山、吴奚如; 左翼文学运动作出了积极的贝献。叶紫(1912一1939)左翼作家。原名余鹤林,湖南益阳人。年底到上海。为激励目己,改名余",associated,B,pending,由 person_relations 迁移生成，未经人工审核；仅表示来源关联，不断言支持强度。
RELE-00179,REL-00027,SRC-0136,左联词典 第104页; 左联词典 第109页; 左联词典 第162页; 左联词典 第190页; 左联词典 第247页,,"批贡献卓著、德高望重的老作家如鲁迅、茅盾、瞿秋白、蒋光慈、田汉、洪深,左联诣生前已从事创作和翻译的柔石、洪灵菲、应修人、潘漠华、郑伯奇、王任叔、阳翰笙、阿英、丁; 成员有沈起予、金奎光、汪金丁、鲁迅、苟盾、周扬、胡风、任钧、沙汀、杨骚叶紫、何家槐、艾芜、欧阳山、吴奚如; 左翼文学运动作出了积极的贝献。叶紫(1912一1939)左翼作家。原名余鹤林,湖南益阳人。年底到上海。为激励目己,改名余","批贡献卓著、德高望重的老作家如鲁迅、茅盾、瞿秋白、蒋光慈、田汉、洪深,左联诣生前已从事创作和翻译的柔石、洪灵菲、应修人、潘漠华、郑伯奇、王任叔、阳翰笙、阿英、丁; 成员有沈起予、金奎光、汪金丁、鲁迅、苟盾、周扬、胡风、任钧、沙汀、杨骚叶紫、何家槐、艾芜、欧阳山、吴奚如; 左翼文学运动作出了积极的贝献。叶紫(1912一1939)左翼作家。原名余鹤林,湖南益阳人。年底到上海。为激励目己,改名余",associated,B,pending,由 person_relations 迁移生成，未经人工审核；仅表示来源关联，不断言支持强度。
RELE-00180,REL-00027,SRC-0137,左联词典 第104页; 左联词典 第109页; 左联词典 第162页; 左联词典 第190页; 左联词典 第247页,,"批贡献卓著、德高望重的老作家如鲁迅、茅盾、瞿秋白、蒋光慈、田汉、洪深,左联诣生前已从事创作和翻译的柔石、洪灵菲、应修人、潘漠华、郑伯奇、王任叔、阳翰笙、阿英、丁; 成员有沈起予、金奎光、汪金丁、鲁迅、苟盾、周扬、胡风、任钧、沙汀、杨骚叶紫、何家槐、艾芜、欧阳山、吴奚如; 左翼文学运动作出了积极的贝献。叶紫(1912一1939)左翼作家。原名余鹤林,湖南益阳人。年底到上海。为激励目己,改名余","批贡献卓著、德高望重的老作家如鲁迅、茅盾、瞿秋白、蒋光慈、田汉、洪深,左联诣生前已从事创作和翻译的柔石、洪灵菲、应修人、潘漠华、郑伯奇、王任叔、阳翰笙、阿英、丁; 成员有沈起予、金奎光、汪金丁、鲁迅、苟盾、周扬、胡风、任钧、沙汀、杨骚叶紫、何家槐、艾芜、欧阳山、吴奚如; 左翼文学运动作出了积极的贝献。叶紫(1912一1939)左翼作家。原名余鹤林,湖南益阳人。年底到上海。为激励目己,改名余",associated,B,pending,由 person_relations 迁移生成，未经人工审核；仅表示来源关联，不断言支持强度。
RELE-00181,REL-00027,SRC-0138,左联词典 第104页; 左联词典 第109页; 左联词典 第162页; 左联词典 第190页; 左联词典 第247页,,"批贡献卓著、德高望重的老作家如鲁迅、茅盾、瞿秋白、蒋光慈、田汉、洪深,左联诣生前已从事创作和翻译的柔石、洪灵菲、应修人、潘漠华、郑伯奇、王任叔、阳翰笙、阿英、丁; 成员有沈起予、金奎光、汪金丁、鲁迅、苟盾、周扬、胡风、任钧、沙汀、杨骚叶紫、何家槐、艾芜、欧阳山、吴奚如; 左翼文学运动作出了积极的贝献。叶紫(1912一1939)左翼作家。原名余鹤林,湖南益阳人。年底到上海。为激励目己,改名余","批贡献卓著、德高望重的老作家如鲁迅、茅盾、瞿秋白、蒋光慈、田汉、洪深,左联诣生前已从事创作和翻译的柔石、洪灵菲、应修人、潘漠华、郑伯奇、王任叔、阳翰笙、阿英、丁; 成员有沈起予、金奎光、汪金丁、鲁迅、苟盾、周扬、胡风、任钧、沙汀、杨骚叶紫、何家槐、艾芜、欧阳山、吴奚如; 左翼文学运动作出了积极的贝献。叶紫(1912一1939)左翼作家。原名余鹤林,湖南益阳人。年底到上海。为激励目己,改名余",associated,B,pending,由 person_relations 迁移生成，未经人工审核；仅表示来源关联，不断言支持强度。
RELE-00187,REL-00029,SRC-0007,左联词典 第104页; 左联词典 第107页; 左联词典 第108页; 左联词典 第109页; 左联词典 第131页,,"批贡献卓著、德高望重的老作家如鲁迅、茅盾、瞿秋白、蒋光慈、田汉、洪深,左联诣生前已从事创作和翻译的柔石、洪灵菲、应修人、潘漠华、郑伯奇、王任叔、阳翰笙、阿英、丁; 担任过左联执行委员职务的人员有鲁迅、沈端先(夏衍3、冯乃超、钱枪邱、田汉、郑伯奇、洪灵菲、周全平、蒋光慈、胡也频、柔石、姚蓬子、阳翰笙、茅眉、周扬、周文、朗风、; ,候补常委周全平、蒋光慈。根据沙汀、任白戈、林淡秋、徐懋庸等的回忆,担任","批贡献卓著、德高望重的老作家如鲁迅、茅盾、瞿秋白、蒋光慈、田汉、洪深,左联诣生前已从事创作和翻译的柔石、洪灵菲、应修人、潘漠华、郑伯奇、王任叔、阳翰笙、阿英、丁; 担任过左联执行委员职务的人员有鲁迅、沈端先(夏衍3、冯乃超、钱枪邱、田汉、郑伯奇、洪灵菲、周全平、蒋光慈、胡也频、柔石、姚蓬子、阳翰笙、茅眉、周扬、周文、朗风、; ,候补常委周全平、蒋光慈。根据沙汀、任白戈、林淡秋、徐懋庸等的回忆,担任",associated,B,pending,由 person_relations 迁移生成，未经人工审核；仅表示来源关联，不断言支持强度。
RELE-00188,REL-00029,SRC-0008,左联词典 第104页; 左联词典 第107页; 左联词典 第108页; 左联词典 第109页; 左联词典 第131页,,"批贡献卓著、德高望重的老作家如鲁迅、茅盾、瞿秋白、蒋光慈、田汉、洪深,左联诣生前已从事创作和翻译的柔石、洪灵菲、应修人、潘漠华、郑伯奇、王任叔、阳翰笙、阿英、丁; 担任过左联执行委员职务的人员有鲁迅、沈端先(夏衍3、冯乃超、钱枪邱、田汉、郑伯奇、洪灵菲、周全平、蒋光慈、胡也频、柔石、姚蓬子、阳翰笙、茅眉、周扬、周文、朗风、; ,候补常委周全平、蒋光慈。根据沙汀、任白戈、林淡秋、徐懋庸等的回忆,担任","批贡献卓著、德高望重的老作家如鲁迅、茅盾、瞿秋白、蒋光慈、田汉、洪深,左联诣生前已从事创作和翻译的柔石、洪灵菲、应修人、潘漠华、郑伯奇、王任叔、阳翰笙、阿英、丁; 担任过左联执行委员职务的人员有鲁迅、沈端先(夏衍3、冯乃超、钱枪邱、田汉、郑伯奇、洪灵菲、周全平、蒋光慈、胡也频、柔石、姚蓬子、阳翰笙、茅眉、周扬、周文、朗风、; ,候补常委周全平、蒋光慈。根据沙汀、任白戈、林淡秋、徐懋庸等的回忆,担任",associated,B,pending,由 person_relations 迁移生成，未经人工审核；仅表示来源关联，不断言支持强度。
RELE-00189,REL-00029,SRC-0012,左联词典 第104页; 左联词典 第107页; 左联词典 第108页; 左联词典 第109页; 左联词典 第131页,,"批贡献卓著、德高望重的老作家如鲁迅、茅盾、瞿秋白、蒋光慈、田汉、洪深,左联诣生前已从事创作和翻译的柔石、洪灵菲、应修人、潘漠华、郑伯奇、王任叔、阳翰笙、阿英、丁; 担任过左联执行委员职务的人员有鲁迅、沈端先(夏衍3、冯乃超、钱枪邱、田汉、郑伯奇、洪灵菲、周全平、蒋光慈、胡也频、柔石、姚蓬子、阳翰笙、茅眉、周扬、周文、朗风、; ,候补常委周全平、蒋光慈。根据沙汀、任白戈、林淡秋、徐懋庸等的回忆,担任","批贡献卓著、德高望重的老作家如鲁迅、茅盾、瞿秋白、蒋光慈、田汉、洪深,左联诣生前已从事创作和翻译的柔石、洪灵菲、应修人、潘漠华、郑伯奇、王任叔、阳翰笙、阿英、丁; 担任过左联执行委员职务的人员有鲁迅、沈端先(夏衍3、冯乃超、钱枪邱、田汉、郑伯奇、洪灵菲、周全平、蒋光慈、胡也频、柔石、姚蓬子、阳翰笙、茅眉、周扬、周文、朗风、; ,候补常委周全平、蒋光慈。根据沙汀、任白戈、林淡秋、徐懋庸等的回忆,担任",associated,B,pending,由 person_relations 迁移生成，未经人工审核；仅表示来源关联，不断言支持强度。
RELE-00190,REL-00029,SRC-0039,左联词典 第104页; 左联词典 第107页; 左联词典 第108页; 左联词典 第109页; 左联词典 第131页,,"批贡献卓著、德高望重的老作家如鲁迅、茅盾、瞿秋白、蒋光慈、田汉、洪深,左联诣生前已从事创作和翻译的柔石、洪灵菲、应修人、潘漠华、郑伯奇、王任叔、阳翰笙、阿英、丁; 担任过左联执行委员职务的人员有鲁迅、沈端先(夏衍3、冯乃超、钱枪邱、田汉、郑伯奇、洪灵菲、周全平、蒋光慈、胡也频、柔石、姚蓬子、阳翰笙、茅眉、周扬、周文、朗风、; ,候补常委周全平、蒋光慈。根据沙汀、任白戈、林淡秋、徐懋庸等的回忆,担任","批贡献卓著、德高望重的老作家如鲁迅、茅盾、瞿秋白、蒋光慈、田汉、洪深,左联诣生前已从事创作和翻译的柔石、洪灵菲、应修人、潘漠华、郑伯奇、王任叔、阳翰笙、阿英、丁; 担任过左联执行委员职务的人员有鲁迅、沈端先(夏衍3、冯乃超、钱枪邱、田汉、郑伯奇、洪灵菲、周全平、蒋光慈、胡也频、柔石、姚蓬子、阳翰笙、茅眉、周扬、周文、朗风、; ,候补常委周全平、蒋光慈。根据沙汀、任白戈、林淡秋、徐懋庸等的回忆,担任",associated,B,pending,由 person_relations 迁移生成，未经人工审核；仅表示来源关联，不断言支持强度。
RELE-00191,REL-00029,SRC-0135,左联词典 第104页; 左联词典 第107页; 左联词典 第108页; 左联词典 第109页; 左联词典 第131页,,"批贡献卓著、德高望重的老作家如鲁迅、茅盾、瞿秋白、蒋光慈、田汉、洪深,左联诣生前已从事创作和翻译的柔石、洪灵菲、应修人、潘漠华、郑伯奇、王任叔、阳翰笙、阿英、丁; 担任过左联执行委员职务的人员有鲁迅、沈端先(夏衍3、冯乃超、钱枪邱、田汉、郑伯奇、洪灵菲、周全平、蒋光慈、胡也频、柔石、姚蓬子、阳翰笙、茅眉、周扬、周文、朗风、; ,候补常委周全平、蒋光慈。根据沙汀、任白戈、林淡秋、徐懋庸等的回忆,担任","批贡献卓著、德高望重的老作家如鲁迅、茅盾、瞿秋白、蒋光慈、田汉、洪深,左联诣生前已从事创作和翻译的柔石、洪灵菲、应修人、潘漠华、郑伯奇、王任叔、阳翰笙、阿英、丁; 担任过左联执行委员职务的人员有鲁迅、沈端先(夏衍3、冯乃超、钱枪邱、田汉、郑伯奇、洪灵菲、周全平、蒋光慈、胡也频、柔石、姚蓬子、阳翰笙、茅眉、周扬、周文、朗风、; ,候补常委周全平、蒋光慈。根据沙汀、任白戈、林淡秋、徐懋庸等的回忆,担任",associated,B,pending,由 person_relations 迁移生成，未经人工审核；仅表示来源关联，不断言支持强度。
RELE-00202,REL-00032,SRC-0131,左联词典 第145页; 左联词典 第219页; 左联词典 第262页; 左联词典 第263页; 左联词典 第278页,,"委负责人邓和高(邓洁)在他家与鲁迅先生会见,讨论有关左联的问题。合年月日《时事新报每周文学》发表他的论文《国防文学批评的建立,认为“文学应当服务于民族解放; 要求和任务的!“同年月,在以鲁迅为首的《中国文艺工作者宣言》上签名,拥护文艺界的抗日统一战线政策。同年月日鲁迅逝世,他和草明、张天翼、周文、路丁、胡风; ──────────左联词典以鲁迅为首的《中国文艺工作者宣言》上签名,拥","委负责人邓和高(邓洁)在他家与鲁迅先生会见,讨论有关左联的问题。合年月日《时事新报每周文学》发表他的论文《国防文学批评的建立,认为“文学应当服务于民族解放; 要求和任务的!“同年月,在以鲁迅为首的《中国文艺工作者宣言》上签名,拥护文艺界的抗日统一战线政策。同年月日鲁迅逝世,他和草明、张天翼、周文、路丁、胡风; ──────────左联词典以鲁迅为首的《中国文艺工作者宣言》上签名,拥",associated,B,pending,由 person_relations 迁移生成，未经人工审核；仅表示来源关联，不断言支持强度。
RELE-00203,REL-00032,SRC-0144,左联词典 第145页; 左联词典 第219页; 左联词典 第262页; 左联词典 第263页; 左联词典 第278页,,"委负责人邓和高(邓洁)在他家与鲁迅先生会见,讨论有关左联的问题。合年月日《时事新报每周文学》发表他的论文《国防文学批评的建立,认为“文学应当服务于民族解放; 要求和任务的!“同年月,在以鲁迅为首的《中国文艺工作者宣言》上签名,拥护文艺界的抗日统一战线政策。同年月日鲁迅逝世,他和草明、张天翼、周文、路丁、胡风; ──────────左联词典以鲁迅为首的《中国文艺工作者宣言》上签名,拥","委负责人邓和高(邓洁)在他家与鲁迅先生会见,讨论有关左联的问题。合年月日《时事新报每周文学》发表他的论文《国防文学批评的建立,认为“文学应当服务于民族解放; 要求和任务的!“同年月,在以鲁迅为首的《中国文艺工作者宣言》上签名,拥护文艺界的抗日统一战线政策。同年月日鲁迅逝世,他和草明、张天翼、周文、路丁、胡风; ──────────左联词典以鲁迅为首的《中国文艺工作者宣言》上签名,拥",associated,B,pending,由 person_relations 迁移生成，未经人工审核；仅表示来源关联，不断言支持强度。
RELE-00204,REL-00032,SRC-0146,左联词典 第145页; 左联词典 第219页; 左联词典 第262页; 左联词典 第263页; 左联词典 第278页,,"委负责人邓和高(邓洁)在他家与鲁迅先生会见,讨论有关左联的问题。合年月日《时事新报每周文学》发表他的论文《国防文学批评的建立,认为“文学应当服务于民族解放; 要求和任务的!“同年月,在以鲁迅为首的《中国文艺工作者宣言》上签名,拥护文艺界的抗日统一战线政策。同年月日鲁迅逝世,他和草明、张天翼、周文、路丁、胡风; ──────────左联词典以鲁迅为首的《中国文艺工作者宣言》上签名,拥","委负责人邓和高(邓洁)在他家与鲁迅先生会见,讨论有关左联的问题。合年月日《时事新报每周文学》发表他的论文《国防文学批评的建立,认为“文学应当服务于民族解放; 要求和任务的!“同年月,在以鲁迅为首的《中国文艺工作者宣言》上签名,拥护文艺界的抗日统一战线政策。同年月日鲁迅逝世,他和草明、张天翼、周文、路丁、胡风; ──────────左联词典以鲁迅为首的《中国文艺工作者宣言》上签名,拥",associated,B,pending,由 person_relations 迁移生成，未经人工审核；仅表示来源关联，不断言支持强度。
RELE-00205,REL-00032,SRC-0147,左联词典 第145页; 左联词典 第219页; 左联词典 第262页; 左联词典 第263页; 左联词典 第278页,,"委负责人邓和高(邓洁)在他家与鲁迅先生会见,讨论有关左联的问题。合年月日《时事新报每周文学》发表他的论文《国防文学批评的建立,认为“文学应当服务于民族解放; 要求和任务的!“同年月,在以鲁迅为首的《中国文艺工作者宣言》上签名,拥护文艺界的抗日统一战线政策。同年月日鲁迅逝世,他和草明、张天翼、周文、路丁、胡风; ──────────左联词典以鲁迅为首的《中国文艺工作者宣言》上签名,拥","委负责人邓和高(邓洁)在他家与鲁迅先生会见,讨论有关左联的问题。合年月日《时事新报每周文学》发表他的论文《国防文学批评的建立,认为“文学应当服务于民族解放; 要求和任务的!“同年月,在以鲁迅为首的《中国文艺工作者宣言》上签名,拥护文艺界的抗日统一战线政策。同年月日鲁迅逝世,他和草明、张天翼、周文、路丁、胡风; ──────────左联词典以鲁迅为首的《中国文艺工作者宣言》上签名,拥",associated,B,pending,由 person_relations 迁移生成，未经人工审核；仅表示来源关联，不断言支持强度。
RELE-00206,REL-00032,SRC-0148,左联词典 第145页; 左联词典 第219页; 左联词典 第262页; 左联词典 第263页; 左联词典 第278页,,"委负责人邓和高(邓洁)在他家与鲁迅先生会见,讨论有关左联的问题。合年月日《时事新报每周文学》发表他的论文《国防文学批评的建立,认为“文学应当服务于民族解放; 要求和任务的!“同年月,在以鲁迅为首的《中国文艺工作者宣言》上签名,拥护文艺界的抗日统一战线政策。同年月日鲁迅逝世,他和草明、张天翼、周文、路丁、胡风; ──────────左联词典以鲁迅为首的《中国文艺工作者宣言》上签名,拥","委负责人邓和高(邓洁)在他家与鲁迅先生会见,讨论有关左联的问题。合年月日《时事新报每周文学》发表他的论文《国防文学批评的建立,认为“文学应当服务于民族解放; 要求和任务的!“同年月,在以鲁迅为首的《中国文艺工作者宣言》上签名,拥护文艺界的抗日统一战线政策。同年月日鲁迅逝世,他和草明、张天翼、周文、路丁、胡风; ──────────左联词典以鲁迅为首的《中国文艺工作者宣言》上签名,拥",associated,B,pending,由 person_relations 迁移生成，未经人工审核；仅表示来源关联，不断言支持强度。
RELE-00207,REL-00033,SRC-0007,左联词典 第104页; 左联词典 第145页; 左联词典 第162页; 左联词典 第219页; 左联词典 第228页,,"批贡献卓著、德高望重的老作家如鲁迅、茅盾、瞿秋白、蒋光慈、田汉、洪深,左联诣生前已从事创作和翻译的柔石、洪灵菲、应修人、潘漠华、郑伯奇、王任叔、阳翰笙、阿英、丁; 委负责人邓和高(邓洁)在他家与鲁迅先生会见,讨论有关左联的问题。合年月日《时事新报每周文学》发表他的论文《国防文学批评的建立,认为“文学应当服务于民族解放; 南农村生活的小说《丰收》,得到鲁迅好评,引起文坛注目,自此他信心百倍地为","批贡献卓著、德高望重的老作家如鲁迅、茅盾、瞿秋白、蒋光慈、田汉、洪深,左联诣生前已从事创作和翻译的柔石、洪灵菲、应修人、潘漠华、郑伯奇、王任叔、阳翰笙、阿英、丁; 委负责人邓和高(邓洁)在他家与鲁迅先生会见,讨论有关左联的问题。合年月日《时事新报每周文学》发表他的论文《国防文学批评的建立,认为“文学应当服务于民族解放; 南农村生活的小说《丰收》,得到鲁迅好评,引起文坛注目,自此他信心百倍地为",associated,B,pending,由 person_relations 迁移生成，未经人工审核；仅表示来源关联，不断言支持强度。
RELE-00208,REL-00033,SRC-0131,左联词典 第104页; 左联词典 第145页; 左联词典 第162页; 左联词典 第219页; 左联词典 第228页,,"批贡献卓著、德高望重的老作家如鲁迅、茅盾、瞿秋白、蒋光慈、田汉、洪深,左联诣生前已从事创作和翻译的柔石、洪灵菲、应修人、潘漠华、郑伯奇、王任叔、阳翰笙、阿英、丁; 委负责人邓和高(邓洁)在他家与鲁迅先生会见,讨论有关左联的问题。合年月日《时事新报每周文学》发表他的论文《国防文学批评的建立,认为“文学应当服务于民族解放; 南农村生活的小说《丰收》,得到鲁迅好评,引起文坛注目,自此他信心百倍地为","批贡献卓著、德高望重的老作家如鲁迅、茅盾、瞿秋白、蒋光慈、田汉、洪深,左联诣生前已从事创作和翻译的柔石、洪灵菲、应修人、潘漠华、郑伯奇、王任叔、阳翰笙、阿英、丁; 委负责人邓和高(邓洁)在他家与鲁迅先生会见,讨论有关左联的问题。合年月日《时事新报每周文学》发表他的论文《国防文学批评的建立,认为“文学应当服务于民族解放; 南农村生活的小说《丰收》,得到鲁迅好评,引起文坛注目,自此他信心百倍地为",associated,B,pending,由 person_relations 迁移生成，未经人工审核；仅表示来源关联，不断言支持强度。
RELE-00209,REL-00033,SRC-0136,左联词典 第104页; 左联词典 第145页; 左联词典 第162页; 左联词典 第219页; 左联词典 第228页,,"批贡献卓著、德高望重的老作家如鲁迅、茅盾、瞿秋白、蒋光慈、田汉、洪深,左联诣生前已从事创作和翻译的柔石、洪灵菲、应修人、潘漠华、郑伯奇、王任叔、阳翰笙、阿英、丁; 委负责人邓和高(邓洁)在他家与鲁迅先生会见,讨论有关左联的问题。合年月日《时事新报每周文学》发表他的论文《国防文学批评的建立,认为“文学应当服务于民族解放; 南农村生活的小说《丰收》,得到鲁迅好评,引起文坛注目,自此他信心百倍地为","批贡献卓著、德高望重的老作家如鲁迅、茅盾、瞿秋白、蒋光慈、田汉、洪深,左联诣生前已从事创作和翻译的柔石、洪灵菲、应修人、潘漠华、郑伯奇、王任叔、阳翰笙、阿英、丁; 委负责人邓和高(邓洁)在他家与鲁迅先生会见,讨论有关左联的问题。合年月日《时事新报每周文学》发表他的论文《国防文学批评的建立,认为“文学应当服务于民族解放; 南农村生活的小说《丰收》,得到鲁迅好评,引起文坛注目,自此他信心百倍地为",associated,B,pending,由 person_relations 迁移生成，未经人工审核；仅表示来源关联，不断言支持强度。
RELE-00210,REL-00033,SRC-0144,左联词典 第104页; 左联词典 第145页; 左联词典 第162页; 左联词典 第219页; 左联词典 第228页,,"批贡献卓著、德高望重的老作家如鲁迅、茅盾、瞿秋白、蒋光慈、田汉、洪深,左联诣生前已从事创作和翻译的柔石、洪灵菲、应修人、潘漠华、郑伯奇、王任叔、阳翰笙、阿英、丁; 委负责人邓和高(邓洁)在他家与鲁迅先生会见,讨论有关左联的问题。合年月日《时事新报每周文学》发表他的论文《国防文学批评的建立,认为“文学应当服务于民族解放; 南农村生活的小说《丰收》,得到鲁迅好评,引起文坛注目,自此他信心百倍地为","批贡献卓著、德高望重的老作家如鲁迅、茅盾、瞿秋白、蒋光慈、田汉、洪深,左联诣生前已从事创作和翻译的柔石、洪灵菲、应修人、潘漠华、郑伯奇、王任叔、阳翰笙、阿英、丁; 委负责人邓和高(邓洁)在他家与鲁迅先生会见,讨论有关左联的问题。合年月日《时事新报每周文学》发表他的论文《国防文学批评的建立,认为“文学应当服务于民族解放; 南农村生活的小说《丰收》,得到鲁迅好评,引起文坛注目,自此他信心百倍地为",associated,B,pending,由 person_relations 迁移生成，未经人工审核；仅表示来源关联，不断言支持强度。
RELE-00211,REL-00033,SRC-0145,左联词典 第104页; 左联词典 第145页; 左联词典 第162页; 左联词典 第219页; 左联词典 第228页,,"批贡献卓著、德高望重的老作家如鲁迅、茅盾、瞿秋白、蒋光慈、田汉、洪深,左联诣生前已从事创作和翻译的柔石、洪灵菲、应修人、潘漠华、郑伯奇、王任叔、阳翰笙、阿英、丁; 委负责人邓和高(邓洁)在他家与鲁迅先生会见,讨论有关左联的问题。合年月日《时事新报每周文学》发表他的论文《国防文学批评的建立,认为“文学应当服务于民族解放; 南农村生活的小说《丰收》,得到鲁迅好评,引起文坛注目,自此他信心百倍地为","批贡献卓著、德高望重的老作家如鲁迅、茅盾、瞿秋白、蒋光慈、田汉、洪深,左联诣生前已从事创作和翻译的柔石、洪灵菲、应修人、潘漠华、郑伯奇、王任叔、阳翰笙、阿英、丁; 委负责人邓和高(邓洁)在他家与鲁迅先生会见,讨论有关左联的问题。合年月日《时事新报每周文学》发表他的论文《国防文学批评的建立,认为“文学应当服务于民族解放; 南农村生活的小说《丰收》,得到鲁迅好评,引起文坛注目,自此他信心百倍地为",associated,B,pending,由 person_relations 迁移生成，未经人工审核；仅表示来源关联，不断言支持强度。
RELE-00217,REL-00035,SRC-0007,左联词典 第104页; 左联词典 第108页; 左联词典 第109页; 左联词典 第143页; 左联词典 第173页,,"批贡献卓著、德高望重的老作家如鲁迅、茅盾、瞿秋白、蒋光慈、田汉、洪深,左联诣生前已从事创作和翻译的柔石、洪灵菲、应修人、潘漠华、郑伯奇、王任叔、阳翰笙、阿英、丁; 。根据沙汀、任白戈、林淡秋、徐懋庸等的回忆,担任过左联常委的还有茅盾、周扬、彭慧、沙汀、胡风、周文、任白戈、徐懋庸、何家槐、林淡秋等人。有的回忆录提供,杨潮,彭; 成员有沈起予、金奎光、汪金丁、鲁迅、苟盾、周扬、胡风、任钧、沙汀、杨骚叶","批贡献卓著、德高望重的老作家如鲁迅、茅盾、瞿秋白、蒋光慈、田汉、洪深,左联诣生前已从事创作和翻译的柔石、洪灵菲、应修人、潘漠华、郑伯奇、王任叔、阳翰笙、阿英、丁; 。根据沙汀、任白戈、林淡秋、徐懋庸等的回忆,担任过左联常委的还有茅盾、周扬、彭慧、沙汀、胡风、周文、任白戈、徐懋庸、何家槐、林淡秋等人。有的回忆录提供,杨潮,彭; 成员有沈起予、金奎光、汪金丁、鲁迅、苟盾、周扬、胡风、任钧、沙汀、杨骚叶",associated,B,pending,由 person_relations 迁移生成，未经人工审核；仅表示来源关联，不断言支持强度。
RELE-00218,REL-00035,SRC-0039,左联词典 第104页; 左联词典 第108页; 左联词典 第109页; 左联词典 第143页; 左联词典 第173页,,"批贡献卓著、德高望重的老作家如鲁迅、茅盾、瞿秋白、蒋光慈、田汉、洪深,左联诣生前已从事创作和翻译的柔石、洪灵菲、应修人、潘漠华、郑伯奇、王任叔、阳翰笙、阿英、丁; 。根据沙汀、任白戈、林淡秋、徐懋庸等的回忆,担任过左联常委的还有茅盾、周扬、彭慧、沙汀、胡风、周文、任白戈、徐懋庸、何家槐、林淡秋等人。有的回忆录提供,杨潮,彭; 成员有沈起予、金奎光、汪金丁、鲁迅、苟盾、周扬、胡风、任钧、沙汀、杨骚叶","批贡献卓著、德高望重的老作家如鲁迅、茅盾、瞿秋白、蒋光慈、田汉、洪深,左联诣生前已从事创作和翻译的柔石、洪灵菲、应修人、潘漠华、郑伯奇、王任叔、阳翰笙、阿英、丁; 。根据沙汀、任白戈、林淡秋、徐懋庸等的回忆,担任过左联常委的还有茅盾、周扬、彭慧、沙汀、胡风、周文、任白戈、徐懋庸、何家槐、林淡秋等人。有的回忆录提供,杨潮,彭; 成员有沈起予、金奎光、汪金丁、鲁迅、苟盾、周扬、胡风、任钧、沙汀、杨骚叶",associated,B,pending,由 person_relations 迁移生成，未经人工审核；仅表示来源关联，不断言支持强度。
RELE-00219,REL-00035,SRC-0135,左联词典 第104页; 左联词典 第108页; 左联词典 第109页; 左联词典 第143页; 左联词典 第173页,,"批贡献卓著、德高望重的老作家如鲁迅、茅盾、瞿秋白、蒋光慈、田汉、洪深,左联诣生前已从事创作和翻译的柔石、洪灵菲、应修人、潘漠华、郑伯奇、王任叔、阳翰笙、阿英、丁; 。根据沙汀、任白戈、林淡秋、徐懋庸等的回忆,担任过左联常委的还有茅盾、周扬、彭慧、沙汀、胡风、周文、任白戈、徐懋庸、何家槐、林淡秋等人。有的回忆录提供,杨潮,彭; 成员有沈起予、金奎光、汪金丁、鲁迅、苟盾、周扬、胡风、任钧、沙汀、杨骚叶","批贡献卓著、德高望重的老作家如鲁迅、茅盾、瞿秋白、蒋光慈、田汉、洪深,左联诣生前已从事创作和翻译的柔石、洪灵菲、应修人、潘漠华、郑伯奇、王任叔、阳翰笙、阿英、丁; 。根据沙汀、任白戈、林淡秋、徐懋庸等的回忆,担任过左联常委的还有茅盾、周扬、彭慧、沙汀、胡风、周文、任白戈、徐懋庸、何家槐、林淡秋等人。有的回忆录提供,杨潮,彭; 成员有沈起予、金奎光、汪金丁、鲁迅、苟盾、周扬、胡风、任钧、沙汀、杨骚叶",associated,B,pending,由 person_relations 迁移生成，未经人工审核；仅表示来源关联，不断言支持强度。
RELE-00220,REL-00035,SRC-0152,左联词典 第104页; 左联词典 第108页; 左联词典 第109页; 左联词典 第143页; 左联词典 第173页,,"批贡献卓著、德高望重的老作家如鲁迅、茅盾、瞿秋白、蒋光慈、田汉、洪深,左联诣生前已从事创作和翻译的柔石、洪灵菲、应修人、潘漠华、郑伯奇、王任叔、阳翰笙、阿英、丁; 。根据沙汀、任白戈、林淡秋、徐懋庸等的回忆,担任过左联常委的还有茅盾、周扬、彭慧、沙汀、胡风、周文、任白戈、徐懋庸、何家槐、林淡秋等人。有的回忆录提供,杨潮,彭; 成员有沈起予、金奎光、汪金丁、鲁迅、苟盾、周扬、胡风、任钧、沙汀、杨骚叶","批贡献卓著、德高望重的老作家如鲁迅、茅盾、瞿秋白、蒋光慈、田汉、洪深,左联诣生前已从事创作和翻译的柔石、洪灵菲、应修人、潘漠华、郑伯奇、王任叔、阳翰笙、阿英、丁; 。根据沙汀、任白戈、林淡秋、徐懋庸等的回忆,担任过左联常委的还有茅盾、周扬、彭慧、沙汀、胡风、周文、任白戈、徐懋庸、何家槐、林淡秋等人。有的回忆录提供,杨潮,彭; 成员有沈起予、金奎光、汪金丁、鲁迅、苟盾、周扬、胡风、任钧、沙汀、杨骚叶",associated,B,pending,由 person_relations 迁移生成，未经人工审核；仅表示来源关联，不断言支持强度。
RELE-00221,REL-00035,SRC-0153,左联词典 第104页; 左联词典 第108页; 左联词典 第109页; 左联词典 第143页; 左联词典 第173页,,"批贡献卓著、德高望重的老作家如鲁迅、茅盾、瞿秋白、蒋光慈、田汉、洪深,左联诣生前已从事创作和翻译的柔石、洪灵菲、应修人、潘漠华、郑伯奇、王任叔、阳翰笙、阿英、丁; 。根据沙汀、任白戈、林淡秋、徐懋庸等的回忆,担任过左联常委的还有茅盾、周扬、彭慧、沙汀、胡风、周文、任白戈、徐懋庸、何家槐、林淡秋等人。有的回忆录提供,杨潮,彭; 成员有沈起予、金奎光、汪金丁、鲁迅、苟盾、周扬、胡风、任钧、沙汀、杨骚叶","批贡献卓著、德高望重的老作家如鲁迅、茅盾、瞿秋白、蒋光慈、田汉、洪深,左联诣生前已从事创作和翻译的柔石、洪灵菲、应修人、潘漠华、郑伯奇、王任叔、阳翰笙、阿英、丁; 。根据沙汀、任白戈、林淡秋、徐懋庸等的回忆,担任过左联常委的还有茅盾、周扬、彭慧、沙汀、胡风、周文、任白戈、徐懋庸、何家槐、林淡秋等人。有的回忆录提供,杨潮,彭; 成员有沈起予、金奎光、汪金丁、鲁迅、苟盾、周扬、胡风、任钧、沙汀、杨骚叶",associated,B,pending,由 person_relations 迁移生成，未经人工审核；仅表示来源关联，不断言支持强度。
RELE-00222,REL-00036,SRC-0060,左联词典 第163页; 左联词典 第168页; 左联词典 第179页; 左联词典 第180页; 左联词典 第242页,,"2左联盟员简介唁,并写下万《哭鲁迅先生》的悼诗,称誉鲁迅是“伟大的导师,伟大的战友“,“伟大的民族的魁魄“田汉(1898一1968)左翼戏剧家、诙人。笔名陈瑜,; 927年底,和朱镜我,李初梨、彭康、李铁声等同时团到上海,加入创造社,成为后期创造社的生力军,1928年月,与成仿昌等创办《文化批判》杂志,倡导无产阶级革命文; 它》(两书均由未名社出版,收入鲁迅编辑的“未名新集“)。年夏,参","2左联盟员简介唁,并写下万《哭鲁迅先生》的悼诗,称誉鲁迅是“伟大的导师,伟大的战友“,“伟大的民族的魁魄“田汉(1898一1968)左翼戏剧家、诙人。笔名陈瑜,; 927年底,和朱镜我,李初梨、彭康、李铁声等同时团到上海,加入创造社,成为后期创造社的生力军,1928年月,与成仿昌等创办《文化批判》杂志,倡导无产阶级革命文; 它》(两书均由未名社出版,收入鲁迅编辑的“未名新集“)。年夏,参",associated,B,pending,由 person_relations 迁移生成，未经人工审核；仅表示来源关联，不断言支持强度。
RELE-00223,REL-00036,SRC-0154,左联词典 第163页; 左联词典 第168页; 左联词典 第179页; 左联词典 第180页; 左联词典 第242页,,"2左联盟员简介唁,并写下万《哭鲁迅先生》的悼诗,称誉鲁迅是“伟大的导师,伟大的战友“,“伟大的民族的魁魄“田汉(1898一1968)左翼戏剧家、诙人。笔名陈瑜,; 927年底,和朱镜我,李初梨、彭康、李铁声等同时团到上海,加入创造社,成为后期创造社的生力军,1928年月,与成仿昌等创办《文化批判》杂志,倡导无产阶级革命文; 它》(两书均由未名社出版,收入鲁迅编辑的“未名新集“)。年夏,参","2左联盟员简介唁,并写下万《哭鲁迅先生》的悼诗,称誉鲁迅是“伟大的导师,伟大的战友“,“伟大的民族的魁魄“田汉(1898一1968)左翼戏剧家、诙人。笔名陈瑜,; 927年底,和朱镜我,李初梨、彭康、李铁声等同时团到上海,加入创造社,成为后期创造社的生力军,1928年月,与成仿昌等创办《文化批判》杂志,倡导无产阶级革命文; 它》(两书均由未名社出版,收入鲁迅编辑的“未名新集“)。年夏,参",associated,B,pending,由 person_relations 迁移生成，未经人工审核；仅表示来源关联，不断言支持强度。
RELE-00224,REL-00036,SRC-0155,左联词典 第163页; 左联词典 第168页; 左联词典 第179页; 左联词典 第180页; 左联词典 第242页,,"2左联盟员简介唁,并写下万《哭鲁迅先生》的悼诗,称誉鲁迅是“伟大的导师,伟大的战友“,“伟大的民族的魁魄“田汉(1898一1968)左翼戏剧家、诙人。笔名陈瑜,; 927年底,和朱镜我,李初梨、彭康、李铁声等同时团到上海,加入创造社,成为后期创造社的生力军,1928年月,与成仿昌等创办《文化批判》杂志,倡导无产阶级革命文; 它》(两书均由未名社出版,收入鲁迅编辑的“未名新集“)。年夏,参","2左联盟员简介唁,并写下万《哭鲁迅先生》的悼诗,称誉鲁迅是“伟大的导师,伟大的战友“,“伟大的民族的魁魄“田汉(1898一1968)左翼戏剧家、诙人。笔名陈瑜,; 927年底,和朱镜我,李初梨、彭康、李铁声等同时团到上海,加入创造社,成为后期创造社的生力军,1928年月,与成仿昌等创办《文化批判》杂志,倡导无产阶级革命文; 它》(两书均由未名社出版,收入鲁迅编辑的“未名新集“)。年夏,参",associated,B,pending,由 person_relations 迁移生成，未经人工审核；仅表示来源关联，不断言支持强度。
RELE-00225,REL-00036,SRC-0156,左联词典 第163页; 左联词典 第168页; 左联词典 第179页; 左联词典 第180页; 左联词典 第242页,,"2左联盟员简介唁,并写下万《哭鲁迅先生》的悼诗,称誉鲁迅是“伟大的导师,伟大的战友“,“伟大的民族的魁魄“田汉(1898一1968)左翼戏剧家、诙人。笔名陈瑜,; 927年底,和朱镜我,李初梨、彭康、李铁声等同时团到上海,加入创造社,成为后期创造社的生力军,1928年月,与成仿昌等创办《文化批判》杂志,倡导无产阶级革命文; 它》(两书均由未名社出版,收入鲁迅编辑的“未名新集“)。年夏,参","2左联盟员简介唁,并写下万《哭鲁迅先生》的悼诗,称誉鲁迅是“伟大的导师,伟大的战友“,“伟大的民族的魁魄“田汉(1898一1968)左翼戏剧家、诙人。笔名陈瑜,; 927年底,和朱镜我,李初梨、彭康、李铁声等同时团到上海,加入创造社,成为后期创造社的生力军,1928年月,与成仿昌等创办《文化批判》杂志,倡导无产阶级革命文; 它》(两书均由未名社出版,收入鲁迅编辑的“未名新集“)。年夏,参",associated,B,pending,由 person_relations 迁移生成，未经人工审核；仅表示来源关联，不断言支持强度。
RELE-00226,REL-00036,SRC-0157,左联词典 第163页; 左联词典 第168页; 左联词典 第179页; 左联词典 第180页; 左联词典 第242页,,"2左联盟员简介唁,并写下万《哭鲁迅先生》的悼诗,称誉鲁迅是“伟大的导师,伟大的战友“,“伟大的民族的魁魄“田汉(1898一1968)左翼戏剧家、诙人。笔名陈瑜,; 927年底,和朱镜我,李初梨、彭康、李铁声等同时团到上海,加入创造社,成为后期创造社的生力军,1928年月,与成仿昌等创办《文化批判》杂志,倡导无产阶级革命文; 它》(两书均由未名社出版,收入鲁迅编辑的“未名新集“)。年夏,参","2左联盟员简介唁,并写下万《哭鲁迅先生》的悼诗,称誉鲁迅是“伟大的导师,伟大的战友“,“伟大的民族的魁魄“田汉(1898一1968)左翼戏剧家、诙人。笔名陈瑜,; 927年底,和朱镜我,李初梨、彭康、李铁声等同时团到上海,加入创造社,成为后期创造社的生力军,1928年月,与成仿昌等创办《文化批判》杂志,倡导无产阶级革命文; 它》(两书均由未名社出版,收入鲁迅编辑的“未名新集“)。年夏,参",associated,B,pending,由 person_relations 迁移生成，未经人工审核；仅表示来源关联，不断言支持强度。
RELE-00232,REL-00038,SRC-0007,左联词典 第104页; 左联词典 第157页; 左联词典 第161页; 左联词典 第168页; 左联词典 第207页,,"锦明、潘漠华、潘应人、潘丙心、穆木天、戴平万、戴望舒、魏金枝、魏猛克等。左联高举反对帝国主义、反对国民克反动派和拥护苏维埃革命的战斗旗帜,努力传播马克思主义文艺; 北方部,与盟员金肇野、陈北鸥、穆木天一度共同工作。其时,主编抗日救亡杂志《东北甸刊。石灵(1909一1956)工翼青年作家.原名孙大珂,笔名石灵,江苏省灌云县人; 933年春奉左联之命,和丁玲、穆木天及上海反帝大同盟的刘艺明、李生萱(艾","锦明、潘漠华、潘应人、潘丙心、穆木天、戴平万、戴望舒、魏金枝、魏猛克等。左联高举反对帝国主义、反对国民克反动派和拥护苏维埃革命的战斗旗帜,努力传播马克思主义文艺; 北方部,与盟员金肇野、陈北鸥、穆木天一度共同工作。其时,主编抗日救亡杂志《东北甸刊。石灵(1909一1956)工翼青年作家.原名孙大珂,笔名石灵,江苏省灌云县人; 933年春奉左联之命,和丁玲、穆木天及上海反帝大同盟的刘艺明、李生萱(艾",associated,B,pending,由 person_relations 迁移生成，未经人工审核；仅表示来源关联，不断言支持强度。
RELE-00233,REL-00038,SRC-0060,左联词典 第104页; 左联词典 第157页; 左联词典 第161页; 左联词典 第168页; 左联词典 第207页,,"锦明、潘漠华、潘应人、潘丙心、穆木天、戴平万、戴望舒、魏金枝、魏猛克等。左联高举反对帝国主义、反对国民克反动派和拥护苏维埃革命的战斗旗帜,努力传播马克思主义文艺; 北方部,与盟员金肇野、陈北鸥、穆木天一度共同工作。其时,主编抗日救亡杂志《东北甸刊。石灵(1909一1956)工翼青年作家.原名孙大珂,笔名石灵,江苏省灌云县人; 933年春奉左联之命,和丁玲、穆木天及上海反帝大同盟的刘艺明、李生萱(艾","锦明、潘漠华、潘应人、潘丙心、穆木天、戴平万、戴望舒、魏金枝、魏猛克等。左联高举反对帝国主义、反对国民克反动派和拥护苏维埃革命的战斗旗帜,努力传播马克思主义文艺; 北方部,与盟员金肇野、陈北鸥、穆木天一度共同工作。其时,主编抗日救亡杂志《东北甸刊。石灵(1909一1956)工翼青年作家.原名孙大珂,笔名石灵,江苏省灌云县人; 933年春奉左联之命,和丁玲、穆木天及上海反帝大同盟的刘艺明、李生萱(艾",associated,B,pending,由 person_relations 迁移生成，未经人工审核；仅表示来源关联，不断言支持强度。
RELE-00234,REL-00038,SRC-0132,左联词典 第104页; 左联词典 第157页; 左联词典 第161页; 左联词典 第168页; 左联词典 第207页,,"锦明、潘漠华、潘应人、潘丙心、穆木天、戴平万、戴望舒、魏金枝、魏猛克等。左联高举反对帝国主义、反对国民克反动派和拥护苏维埃革命的战斗旗帜,努力传播马克思主义文艺; 北方部,与盟员金肇野、陈北鸥、穆木天一度共同工作。其时,主编抗日救亡杂志《东北甸刊。石灵(1909一1956)工翼青年作家.原名孙大珂,笔名石灵,江苏省灌云县人; 933年春奉左联之命,和丁玲、穆木天及上海反帝大同盟的刘艺明、李生萱(艾","锦明、潘漠华、潘应人、潘丙心、穆木天、戴平万、戴望舒、魏金枝、魏猛克等。左联高举反对帝国主义、反对国民克反动派和拥护苏维埃革命的战斗旗帜,努力传播马克思主义文艺; 北方部,与盟员金肇野、陈北鸥、穆木天一度共同工作。其时,主编抗日救亡杂志《东北甸刊。石灵(1909一1956)工翼青年作家.原名孙大珂,笔名石灵,江苏省灌云县人; 933年春奉左联之命,和丁玲、穆木天及上海反帝大同盟的刘艺明、李生萱(艾",associated,B,pending,由 person_relations 迁移生成，未经人工审核；仅表示来源关联，不断言支持强度。
RELE-00235,REL-00038,SRC-0159,左联词典 第104页; 左联词典 第157页; 左联词典 第161页; 左联词典 第168页; 左联词典 第207页,,"锦明、潘漠华、潘应人、潘丙心、穆木天、戴平万、戴望舒、魏金枝、魏猛克等。左联高举反对帝国主义、反对国民克反动派和拥护苏维埃革命的战斗旗帜,努力传播马克思主义文艺; 北方部,与盟员金肇野、陈北鸥、穆木天一度共同工作。其时,主编抗日救亡杂志《东北甸刊。石灵(1909一1956)工翼青年作家.原名孙大珂,笔名石灵,江苏省灌云县人; 933年春奉左联之命,和丁玲、穆木天及上海反帝大同盟的刘艺明、李生萱(艾","锦明、潘漠华、潘应人、潘丙心、穆木天、戴平万、戴望舒、魏金枝、魏猛克等。左联高举反对帝国主义、反对国民克反动派和拥护苏维埃革命的战斗旗帜,努力传播马克思主义文艺; 北方部,与盟员金肇野、陈北鸥、穆木天一度共同工作。其时,主编抗日救亡杂志《东北甸刊。石灵(1909一1956)工翼青年作家.原名孙大珂,笔名石灵,江苏省灌云县人; 933年春奉左联之命,和丁玲、穆木天及上海反帝大同盟的刘艺明、李生萱(艾",associated,B,pending,由 person_relations 迁移生成，未经人工审核；仅表示来源关联，不断言支持强度。
RELE-00236,REL-00038,SRC-0160,左联词典 第104页; 左联词典 第157页; 左联词典 第161页; 左联词典 第168页; 左联词典 第207页,,"锦明、潘漠华、潘应人、潘丙心、穆木天、戴平万、戴望舒、魏金枝、魏猛克等。左联高举反对帝国主义、反对国民克反动派和拥护苏维埃革命的战斗旗帜,努力传播马克思主义文艺; 北方部,与盟员金肇野、陈北鸥、穆木天一度共同工作。其时,主编抗日救亡杂志《东北甸刊。石灵(1909一1956)工翼青年作家.原名孙大珂,笔名石灵,江苏省灌云县人; 933年春奉左联之命,和丁玲、穆木天及上海反帝大同盟的刘艺明、李生萱(艾","锦明、潘漠华、潘应人、潘丙心、穆木天、戴平万、戴望舒、魏金枝、魏猛克等。左联高举反对帝国主义、反对国民克反动派和拥护苏维埃革命的战斗旗帜,努力传播马克思主义文艺; 北方部,与盟员金肇野、陈北鸥、穆木天一度共同工作。其时,主编抗日救亡杂志《东北甸刊。石灵(1909一1956)工翼青年作家.原名孙大珂,笔名石灵,江苏省灌云县人; 933年春奉左联之命,和丁玲、穆木天及上海反帝大同盟的刘艺明、李生萱(艾",associated,B,pending,由 person_relations 迁移生成，未经人工审核；仅表示来源关联，不断言支持强度。
RELE-00237,REL-00039,SRC-0012,左联词典 第107页; 左联词典 第108页; 左联词典 第123页; 左联词典 第132页; 左联词典 第168页,,"担任过左联执行委员职务的人员有鲁迅、沈端先(夏衍3、冯乃超、钱枪邱、田汉、郑伯奇、洪灵菲、周全平、蒋光慈、胡也频、柔石、姚蓬子、阳翰笙、茅眉、周扬、周文、朗风、; (收在《思想激溃下的中国命运:鲁迅与左联》书中)归纳了有关材料,在左联秘书处工作过的人员如下:1930年周全平任书记。年月一月茅看任书记.1932; 月日《文化月报》1卷期,鲁迅、茅盾、丁玲、曹靖华、洛扬(冯雪峰)、","担任过左联执行委员职务的人员有鲁迅、沈端先(夏衍3、冯乃超、钱枪邱、田汉、郑伯奇、洪灵菲、周全平、蒋光慈、胡也频、柔石、姚蓬子、阳翰笙、茅眉、周扬、周文、朗风、; (收在《思想激溃下的中国命运:鲁迅与左联》书中)归纳了有关材料,在左联秘书处工作过的人员如下:1930年周全平任书记。年月一月茅看任书记.1932; 月日《文化月报》1卷期,鲁迅、茅盾、丁玲、曹靖华、洛扬(冯雪峰)、",associated,B,pending,由 person_relations 迁移生成，未经人工审核；仅表示来源关联，不断言支持强度。
RELE-00238,REL-00039,SRC-0013,左联词典 第107页; 左联词典 第108页; 左联词典 第123页; 左联词典 第132页; 左联词典 第168页,,"担任过左联执行委员职务的人员有鲁迅、沈端先(夏衍3、冯乃超、钱枪邱、田汉、郑伯奇、洪灵菲、周全平、蒋光慈、胡也频、柔石、姚蓬子、阳翰笙、茅眉、周扬、周文、朗风、; (收在《思想激溃下的中国命运:鲁迅与左联》书中)归纳了有关材料,在左联秘书处工作过的人员如下:1930年周全平任书记。年月一月茅看任书记.1932; 月日《文化月报》1卷期,鲁迅、茅盾、丁玲、曹靖华、洛扬(冯雪峰)、","担任过左联执行委员职务的人员有鲁迅、沈端先(夏衍3、冯乃超、钱枪邱、田汉、郑伯奇、洪灵菲、周全平、蒋光慈、胡也频、柔石、姚蓬子、阳翰笙、茅眉、周扬、周文、朗风、; (收在《思想激溃下的中国命运:鲁迅与左联》书中)归纳了有关材料,在左联秘书处工作过的人员如下:1930年周全平任书记。年月一月茅看任书记.1932; 月日《文化月报》1卷期,鲁迅、茅盾、丁玲、曹靖华、洛扬(冯雪峰)、",associated,B,pending,由 person_relations 迁移生成，未经人工审核；仅表示来源关联，不断言支持强度。
RELE-00239,REL-00039,SRC-0039,左联词典 第107页; 左联词典 第108页; 左联词典 第123页; 左联词典 第132页; 左联词典 第168页,,"担任过左联执行委员职务的人员有鲁迅、沈端先(夏衍3、冯乃超、钱枪邱、田汉、郑伯奇、洪灵菲、周全平、蒋光慈、胡也频、柔石、姚蓬子、阳翰笙、茅眉、周扬、周文、朗风、; (收在《思想激溃下的中国命运:鲁迅与左联》书中)归纳了有关材料,在左联秘书处工作过的人员如下:1930年周全平任书记。年月一月茅看任书记.1932; 月日《文化月报》1卷期,鲁迅、茅盾、丁玲、曹靖华、洛扬(冯雪峰)、","担任过左联执行委员职务的人员有鲁迅、沈端先(夏衍3、冯乃超、钱枪邱、田汉、郑伯奇、洪灵菲、周全平、蒋光慈、胡也频、柔石、姚蓬子、阳翰笙、茅眉、周扬、周文、朗风、; (收在《思想激溃下的中国命运:鲁迅与左联》书中)归纳了有关材料,在左联秘书处工作过的人员如下:1930年周全平任书记。年月一月茅看任书记.1932; 月日《文化月报》1卷期,鲁迅、茅盾、丁玲、曹靖华、洛扬(冯雪峰)、",associated,B,pending,由 person_relations 迁移生成，未经人工审核；仅表示来源关联，不断言支持强度。
RELE-00240,REL-00039,SRC-0054,左联词典 第107页; 左联词典 第108页; 左联词典 第123页; 左联词典 第132页; 左联词典 第168页,,"担任过左联执行委员职务的人员有鲁迅、沈端先(夏衍3、冯乃超、钱枪邱、田汉、郑伯奇、洪灵菲、周全平、蒋光慈、胡也频、柔石、姚蓬子、阳翰笙、茅眉、周扬、周文、朗风、; (收在《思想激溃下的中国命运:鲁迅与左联》书中)归纳了有关材料,在左联秘书处工作过的人员如下:1930年周全平任书记。年月一月茅看任书记.1932; 月日《文化月报》1卷期,鲁迅、茅盾、丁玲、曹靖华、洛扬(冯雪峰)、","担任过左联执行委员职务的人员有鲁迅、沈端先(夏衍3、冯乃超、钱枪邱、田汉、郑伯奇、洪灵菲、周全平、蒋光慈、胡也频、柔石、姚蓬子、阳翰笙、茅眉、周扬、周文、朗风、; (收在《思想激溃下的中国命运:鲁迅与左联》书中)归纳了有关材料,在左联秘书处工作过的人员如下:1930年周全平任书记。年月一月茅看任书记.1932; 月日《文化月报》1卷期,鲁迅、茅盾、丁玲、曹靖华、洛扬(冯雪峰)、",associated,B,pending,由 person_relations 迁移生成，未经人工审核；仅表示来源关联，不断言支持强度。
RELE-00241,REL-00039,SRC-0060,左联词典 第107页; 左联词典 第108页; 左联词典 第123页; 左联词典 第132页; 左联词典 第168页,,"担任过左联执行委员职务的人员有鲁迅、沈端先(夏衍3、冯乃超、钱枪邱、田汉、郑伯奇、洪灵菲、周全平、蒋光慈、胡也频、柔石、姚蓬子、阳翰笙、茅眉、周扬、周文、朗风、; (收在《思想激溃下的中国命运:鲁迅与左联》书中)归纳了有关材料,在左联秘书处工作过的人员如下:1930年周全平任书记。年月一月茅看任书记.1932; 月日《文化月报》1卷期,鲁迅、茅盾、丁玲、曹靖华、洛扬(冯雪峰)、","担任过左联执行委员职务的人员有鲁迅、沈端先(夏衍3、冯乃超、钱枪邱、田汉、郑伯奇、洪灵菲、周全平、蒋光慈、胡也频、柔石、姚蓬子、阳翰笙、茅眉、周扬、周文、朗风、; (收在《思想激溃下的中国命运:鲁迅与左联》书中)归纳了有关材料,在左联秘书处工作过的人员如下:1930年周全平任书记。年月一月茅看任书记.1932; 月日《文化月报》1卷期,鲁迅、茅盾、丁玲、曹靖华、洛扬(冯雪峰)、",associated,B,pending,由 person_relations 迁移生成，未经人工审核；仅表示来源关联，不断言支持强度。
RELE-00261,REL-00046,SRC-0007,左联词典 第102页; 左联词典 第104页; 左联词典 第140页; 左联词典 第156页; 左联词典 第200页,,"和有关决议指导下进行文学创作。鲁迅是左联的“盟主“,也是中国左翼文学运动的旗帜,潘汉年、冯雪峰、沈端先(夏衍)、阳翰笙、冯乃超、郑伯奇、钱杏邨(阿英)、田汉等都; 批贡献卓著、德高望重的老作家如鲁迅、茅盾、瞿秋白、蒋光慈、田汉、洪深,左联诣生前已从事创作和翻译的柔石、洪灵菲、应修人、潘漠华、郑伯奇、王任叔、阳翰笙、阿英、丁; 世界的公敌》(杰克,伦敦)。〉王任叔(1901-~-1972)无翼作家,","和有关决议指导下进行文学创作。鲁迅是左联的“盟主“,也是中国左翼文学运动的旗帜,潘汉年、冯雪峰、沈端先(夏衍)、阳翰笙、冯乃超、郑伯奇、钱杏邨(阿英)、田汉等都; 批贡献卓著、德高望重的老作家如鲁迅、茅盾、瞿秋白、蒋光慈、田汉、洪深,左联诣生前已从事创作和翻译的柔石、洪灵菲、应修人、潘漠华、郑伯奇、王任叔、阳翰笙、阿英、丁; 世界的公敌》(杰克,伦敦)。〉王任叔(1901-~-1972)无翼作家,",associated,B,pending,由 person_relations 迁移生成，未经人工审核；仅表示来源关联，不断言支持强度。
RELE-00262,REL-00046,SRC-0011,左联词典 第102页; 左联词典 第104页; 左联词典 第140页; 左联词典 第156页; 左联词典 第200页,,"和有关决议指导下进行文学创作。鲁迅是左联的“盟主“,也是中国左翼文学运动的旗帜,潘汉年、冯雪峰、沈端先(夏衍)、阳翰笙、冯乃超、郑伯奇、钱杏邨(阿英)、田汉等都; 批贡献卓著、德高望重的老作家如鲁迅、茅盾、瞿秋白、蒋光慈、田汉、洪深,左联诣生前已从事创作和翻译的柔石、洪灵菲、应修人、潘漠华、郑伯奇、王任叔、阳翰笙、阿英、丁; 世界的公敌》(杰克,伦敦)。〉王任叔(1901-~-1972)无翼作家,","和有关决议指导下进行文学创作。鲁迅是左联的“盟主“,也是中国左翼文学运动的旗帜,潘汉年、冯雪峰、沈端先(夏衍)、阳翰笙、冯乃超、郑伯奇、钱杏邨(阿英)、田汉等都; 批贡献卓著、德高望重的老作家如鲁迅、茅盾、瞿秋白、蒋光慈、田汉、洪深,左联诣生前已从事创作和翻译的柔石、洪灵菲、应修人、潘漠华、郑伯奇、王任叔、阳翰笙、阿英、丁; 世界的公敌》(杰克,伦敦)。〉王任叔(1901-~-1972)无翼作家,",associated,B,pending,由 person_relations 迁移生成，未经人工审核；仅表示来源关联，不断言支持强度。
RELE-00263,REL-00046,SRC-0057,左联词典 第102页; 左联词典 第104页; 左联词典 第140页; 左联词典 第156页; 左联词典 第200页,,"和有关决议指导下进行文学创作。鲁迅是左联的“盟主“,也是中国左翼文学运动的旗帜,潘汉年、冯雪峰、沈端先(夏衍)、阳翰笙、冯乃超、郑伯奇、钱杏邨(阿英)、田汉等都; 批贡献卓著、德高望重的老作家如鲁迅、茅盾、瞿秋白、蒋光慈、田汉、洪深,左联诣生前已从事创作和翻译的柔石、洪灵菲、应修人、潘漠华、郑伯奇、王任叔、阳翰笙、阿英、丁; 世界的公敌》(杰克,伦敦)。〉王任叔(1901-~-1972)无翼作家,","和有关决议指导下进行文学创作。鲁迅是左联的“盟主“,也是中国左翼文学运动的旗帜,潘汉年、冯雪峰、沈端先(夏衍)、阳翰笙、冯乃超、郑伯奇、钱杏邨(阿英)、田汉等都; 批贡献卓著、德高望重的老作家如鲁迅、茅盾、瞿秋白、蒋光慈、田汉、洪深,左联诣生前已从事创作和翻译的柔石、洪灵菲、应修人、潘漠华、郑伯奇、王任叔、阳翰笙、阿英、丁; 世界的公敌》(杰克,伦敦)。〉王任叔(1901-~-1972)无翼作家,",associated,B,pending,由 person_relations 迁移生成，未经人工审核；仅表示来源关联，不断言支持强度。
RELE-00264,REL-00046,SRC-0129,左联词典 第102页; 左联词典 第104页; 左联词典 第140页; 左联词典 第156页; 左联词典 第200页,,"和有关决议指导下进行文学创作。鲁迅是左联的“盟主“,也是中国左翼文学运动的旗帜,潘汉年、冯雪峰、沈端先(夏衍)、阳翰笙、冯乃超、郑伯奇、钱杏邨(阿英)、田汉等都; 批贡献卓著、德高望重的老作家如鲁迅、茅盾、瞿秋白、蒋光慈、田汉、洪深,左联诣生前已从事创作和翻译的柔石、洪灵菲、应修人、潘漠华、郑伯奇、王任叔、阳翰笙、阿英、丁; 世界的公敌》(杰克,伦敦)。〉王任叔(1901-~-1972)无翼作家,","和有关决议指导下进行文学创作。鲁迅是左联的“盟主“,也是中国左翼文学运动的旗帜,潘汉年、冯雪峰、沈端先(夏衍)、阳翰笙、冯乃超、郑伯奇、钱杏邨(阿英)、田汉等都; 批贡献卓著、德高望重的老作家如鲁迅、茅盾、瞿秋白、蒋光慈、田汉、洪深,左联诣生前已从事创作和翻译的柔石、洪灵菲、应修人、潘漠华、郑伯奇、王任叔、阳翰笙、阿英、丁; 世界的公敌》(杰克,伦敦)。〉王任叔(1901-~-1972)无翼作家,",associated,B,pending,由 person_relations 迁移生成，未经人工审核；仅表示来源关联，不断言支持强度。
RELE-00265,REL-00046,SRC-0142,左联词典 第102页; 左联词典 第104页; 左联词典 第140页; 左联词典 第156页; 左联词典 第200页,,"和有关决议指导下进行文学创作。鲁迅是左联的“盟主“,也是中国左翼文学运动的旗帜,潘汉年、冯雪峰、沈端先(夏衍)、阳翰笙、冯乃超、郑伯奇、钱杏邨(阿英)、田汉等都; 批贡献卓著、德高望重的老作家如鲁迅、茅盾、瞿秋白、蒋光慈、田汉、洪深,左联诣生前已从事创作和翻译的柔石、洪灵菲、应修人、潘漠华、郑伯奇、王任叔、阳翰笙、阿英、丁; 世界的公敌》(杰克,伦敦)。〉王任叔(1901-~-1972)无翼作家,","和有关决议指导下进行文学创作。鲁迅是左联的“盟主“,也是中国左翼文学运动的旗帜,潘汉年、冯雪峰、沈端先(夏衍)、阳翰笙、冯乃超、郑伯奇、钱杏邨(阿英)、田汉等都; 批贡献卓著、德高望重的老作家如鲁迅、茅盾、瞿秋白、蒋光慈、田汉、洪深,左联诣生前已从事创作和翻译的柔石、洪灵菲、应修人、潘漠华、郑伯奇、王任叔、阳翰笙、阿英、丁; 世界的公敌》(杰克,伦敦)。〉王任叔(1901-~-1972)无翼作家,",associated,B,pending,由 person_relations 迁移生成，未经人工审核；仅表示来源关联，不断言支持强度。
RELE-00300,REL-00059,SRC-0183,鲁迅日记 1929年5月20日; 鲁迅日记 1929年5月28日,,李霁野来访。澜君及幼渔之四子女。李霁野来访，未遇。孙祥偈、台静农来访，未遇。,李霁野来访。澜君及幼渔之四子女。李霁野来访，未遇。孙祥偈、台静农来访，未遇。,associated,A,pending,由 person_relations 迁移生成，未经人工审核；仅表示来源关联，不断言支持强度。
RELE-00301,REL-00059,SRC-0184,鲁迅日记 1929年5月20日; 鲁迅日记 1929年5月28日,,李霁野来访。澜君及幼渔之四子女。李霁野来访，未遇。孙祥偈、台静农来访，未遇。,李霁野来访。澜君及幼渔之四子女。李霁野来访，未遇。孙祥偈、台静农来访，未遇。,associated,A,pending,由 person_relations 迁移生成，未经人工审核；仅表示来源关联，不断言支持强度。
RELE-00369,REL-00061,SRC-0010,左联词典 第102页; 左联词典 第143页; 左联词典 第193页; 左联词典 第580页,,"和有关决议指导下进行文学创作。鲁迅是左联的“盟主“,也是中国左翼文学运动的旗帜,潘汉年、冯雪峰、沈端先(夏衍)、阳翰笙、冯乃超、郑伯奇、钱杏邨(阿英)、田汉等都; 学杂志》,仍任主编.同年月鲁迅来北平,他和同学张松如、潘炳皋往访得迅,并邀先生去北平师范大学演讲,讲题《再论“第三种人“)。年月日,代表北平左; 介的“暑期文艺补习班“,职听过鲁迅先生的演讲和冯雪峰、胡也频、戴望舒等的","和有关决议指导下进行文学创作。鲁迅是左联的“盟主“,也是中国左翼文学运动的旗帜,潘汉年、冯雪峰、沈端先(夏衍)、阳翰笙、冯乃超、郑伯奇、钱杏邨(阿英)、田汉等都; 学杂志》,仍任主编.同年月鲁迅来北平,他和同学张松如、潘炳皋往访得迅,并邀先生去北平师范大学演讲,讲题《再论“第三种人“)。年月日,代表北平左; 介的“暑期文艺补习班“,职听过鲁迅先生的演讲和冯雪峰、胡也频、戴望舒等的",associated,B,pending,由 person_relations 迁移生成，未经人工审核；仅表示来源关联，不断言支持强度。
RELE-00370,REL-00061,SRC-0011,左联词典 第102页; 左联词典 第143页; 左联词典 第193页; 左联词典 第580页,,"和有关决议指导下进行文学创作。鲁迅是左联的“盟主“,也是中国左翼文学运动的旗帜,潘汉年、冯雪峰、沈端先(夏衍)、阳翰笙、冯乃超、郑伯奇、钱杏邨(阿英)、田汉等都; 学杂志》,仍任主编.同年月鲁迅来北平,他和同学张松如、潘炳皋往访得迅,并邀先生去北平师范大学演讲,讲题《再论“第三种人“)。年月日,代表北平左; 介的“暑期文艺补习班“,职听过鲁迅先生的演讲和冯雪峰、胡也频、戴望舒等的","和有关决议指导下进行文学创作。鲁迅是左联的“盟主“,也是中国左翼文学运动的旗帜,潘汉年、冯雪峰、沈端先(夏衍)、阳翰笙、冯乃超、郑伯奇、钱杏邨(阿英)、田汉等都; 学杂志》,仍任主编.同年月鲁迅来北平,他和同学张松如、潘炳皋往访得迅,并邀先生去北平师范大学演讲,讲题《再论“第三种人“)。年月日,代表北平左; 介的“暑期文艺补习班“,职听过鲁迅先生的演讲和冯雪峰、胡也频、戴望舒等的",associated,B,pending,由 person_relations 迁移生成，未经人工审核；仅表示来源关联，不断言支持强度。
RELE-00371,REL-00061,SRC-0152,左联词典 第102页; 左联词典 第143页; 左联词典 第193页; 左联词典 第580页,,"和有关决议指导下进行文学创作。鲁迅是左联的“盟主“,也是中国左翼文学运动的旗帜,潘汉年、冯雪峰、沈端先(夏衍)、阳翰笙、冯乃超、郑伯奇、钱杏邨(阿英)、田汉等都; 学杂志》,仍任主编.同年月鲁迅来北平,他和同学张松如、潘炳皋往访得迅,并邀先生去北平师范大学演讲,讲题《再论“第三种人“)。年月日,代表北平左; 介的“暑期文艺补习班“,职听过鲁迅先生的演讲和冯雪峰、胡也频、戴望舒等的","和有关决议指导下进行文学创作。鲁迅是左联的“盟主“,也是中国左翼文学运动的旗帜,潘汉年、冯雪峰、沈端先(夏衍)、阳翰笙、冯乃超、郑伯奇、钱杏邨(阿英)、田汉等都; 学杂志》,仍任主编.同年月鲁迅来北平,他和同学张松如、潘炳皋往访得迅,并邀先生去北平师范大学演讲,讲题《再论“第三种人“)。年月日,代表北平左; 介的“暑期文艺补习班“,职听过鲁迅先生的演讲和冯雪峰、胡也频、戴望舒等的",associated,B,pending,由 person_relations 迁移生成，未经人工审核；仅表示来源关联，不断言支持强度。
RELE-00372,REL-00061,SRC-0249,左联词典 第102页; 左联词典 第143页; 左联词典 第193页; 左联词典 第580页,,"和有关决议指导下进行文学创作。鲁迅是左联的“盟主“,也是中国左翼文学运动的旗帜,潘汉年、冯雪峰、沈端先(夏衍)、阳翰笙、冯乃超、郑伯奇、钱杏邨(阿英)、田汉等都; 学杂志》,仍任主编.同年月鲁迅来北平,他和同学张松如、潘炳皋往访得迅,并邀先生去北平师范大学演讲,讲题《再论“第三种人“)。年月日,代表北平左; 介的“暑期文艺补习班“,职听过鲁迅先生的演讲和冯雪峰、胡也频、戴望舒等的","和有关决议指导下进行文学创作。鲁迅是左联的“盟主“,也是中国左翼文学运动的旗帜,潘汉年、冯雪峰、沈端先(夏衍)、阳翰笙、冯乃超、郑伯奇、钱杏邨(阿英)、田汉等都; 学杂志》,仍任主编.同年月鲁迅来北平,他和同学张松如、潘炳皋往访得迅,并邀先生去北平师范大学演讲,讲题《再论“第三种人“)。年月日,代表北平左; 介的“暑期文艺补习班“,职听过鲁迅先生的演讲和冯雪峰、胡也频、戴望舒等的",associated,B,pending,由 person_relations 迁移生成，未经人工审核；仅表示来源关联，不断言支持强度。
RELE-00433,REL-00082,SRC-0280,左联史 第17页; 左联史 第305页; 左联史 第730页,,"“幻灭的悲哀「。“文章接着批判鲁迅,认为他仅仅“从幽暗的酒家的楼头,醉眼陶然地眺望窗外的人生。““他反映的只是社会变革期中的落伍者的悲哀“,是“隐遁主义“。而郁; 篇之处,是公开点了《文学》社和鲁迅的名,再一次发泄了林希隽对杂文和杂文作家的满腔怒火,通篇内容不过是炒冷饭而已。对杂文的莫名的憎恨、顽固的政治文化偏见以及泼妇式; 家联盟成立大会会址纪念馆、上海鲁迅纪念馆编,1991年月),葛洛《“左","“幻灭的悲哀「。“文章接着批判鲁迅,认为他仅仅“从幽暗的酒家的楼头,醉眼陶然地眺望窗外的人生。““他反映的只是社会变革期中的落伍者的悲哀“,是“隐遁主义“。而郁; 篇之处,是公开点了《文学》社和鲁迅的名,再一次发泄了林希隽对杂文和杂文作家的满腔怒火,通篇内容不过是炒冷饭而已。对杂文的莫名的憎恨、顽固的政治文化偏见以及泼妇式; 家联盟成立大会会址纪念馆、上海鲁迅纪念馆编,1991年月),葛洛《“左",associated,B,pending,由 person_relations 迁移生成，未经人工审核；仅表示来源关联，不断言支持强度。
RELE-00434,REL-00082,SRC-0281,左联史 第17页; 左联史 第305页; 左联史 第730页,,"“幻灭的悲哀「。“文章接着批判鲁迅,认为他仅仅“从幽暗的酒家的楼头,醉眼陶然地眺望窗外的人生。““他反映的只是社会变革期中的落伍者的悲哀“,是“隐遁主义“。而郁; 篇之处,是公开点了《文学》社和鲁迅的名,再一次发泄了林希隽对杂文和杂文作家的满腔怒火,通篇内容不过是炒冷饭而已。对杂文的莫名的憎恨、顽固的政治文化偏见以及泼妇式; 家联盟成立大会会址纪念馆、上海鲁迅纪念馆编,1991年月),葛洛《“左","“幻灭的悲哀「。“文章接着批判鲁迅,认为他仅仅“从幽暗的酒家的楼头,醉眼陶然地眺望窗外的人生。““他反映的只是社会变革期中的落伍者的悲哀“,是“隐遁主义“。而郁; 篇之处,是公开点了《文学》社和鲁迅的名,再一次发泄了林希隽对杂文和杂文作家的满腔怒火,通篇内容不过是炒冷饭而已。对杂文的莫名的憎恨、顽固的政治文化偏见以及泼妇式; 家联盟成立大会会址纪念馆、上海鲁迅纪念馆编,1991年月),葛洛《“左",associated,B,pending,由 person_relations 迁移生成，未经人工审核；仅表示来源关联，不断言支持强度。
RELE-00435,REL-00082,SRC-0282,左联史 第17页; 左联史 第305页; 左联史 第730页,,"“幻灭的悲哀「。“文章接着批判鲁迅,认为他仅仅“从幽暗的酒家的楼头,醉眼陶然地眺望窗外的人生。““他反映的只是社会变革期中的落伍者的悲哀“,是“隐遁主义“。而郁; 篇之处,是公开点了《文学》社和鲁迅的名,再一次发泄了林希隽对杂文和杂文作家的满腔怒火,通篇内容不过是炒冷饭而已。对杂文的莫名的憎恨、顽固的政治文化偏见以及泼妇式; 家联盟成立大会会址纪念馆、上海鲁迅纪念馆编,1991年月),葛洛《“左","“幻灭的悲哀「。“文章接着批判鲁迅,认为他仅仅“从幽暗的酒家的楼头,醉眼陶然地眺望窗外的人生。““他反映的只是社会变革期中的落伍者的悲哀“,是“隐遁主义“。而郁; 篇之处,是公开点了《文学》社和鲁迅的名,再一次发泄了林希隽对杂文和杂文作家的满腔怒火,通篇内容不过是炒冷饭而已。对杂文的莫名的憎恨、顽固的政治文化偏见以及泼妇式; 家联盟成立大会会址纪念馆、上海鲁迅纪念馆编,1991年月),葛洛《“左",associated,B,pending,由 person_relations 迁移生成，未经人工审核；仅表示来源关联，不断言支持强度。
RELE-00450,REL-00088,SRC-0193,鲁迅日记 1929年6月19日; 鲁迅日记 1929年9月23日; 鲁迅日记 1931年8月21日,,1929年月间，鲁迅与内山完造有频繁书信往来，涉及收信,1929年月间，鲁迅与内山完造有频繁书信往来，涉及收信,associated,A,pending,由 person_relations 迁移生成，未经人工审核；仅表示来源关联，不断言支持强度。
RELE-00451,REL-00088,SRC-0200,鲁迅日记 1929年6月19日; 鲁迅日记 1929年9月23日; 鲁迅日记 1931年8月21日,,1929年月间，鲁迅与内山完造有频繁书信往来，涉及收信,1929年月间，鲁迅与内山完造有频繁书信往来，涉及收信,associated,A,pending,由 person_relations 迁移生成，未经人工审核；仅表示来源关联，不断言支持强度。
RELE-00452,REL-00088,SRC-0290,鲁迅日记 1929年6月19日; 鲁迅日记 1929年9月23日; 鲁迅日记 1931年8月21日,,1929年月间，鲁迅与内山完造有频繁书信往来，涉及收信,1929年月间，鲁迅与内山完造有频繁书信往来，涉及收信,associated,A,pending,由 person_relations 迁移生成，未经人工审核；仅表示来源关联，不断言支持强度。
RELE-00453,REL-00089,SRC-0026,鲁迅日记 1929年5月18日; 鲁迅日记 1929年5月20日; 鲁迅日记 1929年5月21日; 鲁迅日记 1929年5月22日; 鲁迅日记 1929年5月23日; 鲁迅日记 1929年5月24日; 鲁迅日记 1929年5月25日; 鲁迅日记 1929年5月27日; 鲁迅日记 1929年5月28日; 鲁迅日记 1929年5月29日; 鲁迅日记 1929年5月30日; 鲁迅日记 1929年6月1日; 鲁迅日记 1930年3月30日; 鲁迅日记 1930年4月8日; 鲁迅日记 1932年11月13日; 鲁迅日记 1932年11月14日; 鲁迅日记 1932年11月15日; 鲁迅日记 1932年11月16日; 鲁迅日记 1932年11月17日; 鲁迅日记 1932年11月18日; 鲁迅日记 1932年11月20日; 鲁迅日记 1932年11月21日; 鲁迅日记 1932年11月22日; 鲁迅日记 1932年11月23日; 鲁迅日记 1932年11月25日; 鲁迅日记 1932年11月26日; 鲁迅日记 1932年11月27日; 鲁迅日记 1932年1月12日; 鲁迅日记 1932年3月1,,广平来访。侍桁、雪峰、柔石来。广平来。得李春朴信。晚三弟及王蕴如携烨儿来。,广平来访。侍桁、雪峰、柔石来。广平来。得李春朴信。晚三弟及王蕴如携烨儿来。,associated,A,pending,由 person_relations 迁移生成，未经人工审核；仅表示来源关联，不断言支持强度。
RELE-00454,REL-00089,SRC-0117,鲁迅日记 1929年5月18日; 鲁迅日记 1929年5月20日; 鲁迅日记 1929年5月21日; 鲁迅日记 1929年5月22日; 鲁迅日记 1929年5月23日; 鲁迅日记 1929年5月24日; 鲁迅日记 1929年5月25日; 鲁迅日记 1929年5月27日; 鲁迅日记 1929年5月28日; 鲁迅日记 1929年5月29日; 鲁迅日记 1929年5月30日; 鲁迅日记 1929年6月1日; 鲁迅日记 1930年3月30日; 鲁迅日记 1930年4月8日; 鲁迅日记 1932年11月13日; 鲁迅日记 1932年11月14日; 鲁迅日记 1932年11月15日; 鲁迅日记 1932年11月16日; 鲁迅日记 1932年11月17日; 鲁迅日记 1932年11月18日; 鲁迅日记 1932年11月20日; 鲁迅日记 1932年11月21日; 鲁迅日记 1932年11月22日; 鲁迅日记 1932年11月23日; 鲁迅日记 1932年11月25日; 鲁迅日记 1932年11月26日; 鲁迅日记 1932年11月27日; 鲁迅日记 1932年1月12日; 鲁迅日记 1932年3月1,,广平来访。侍桁、雪峰、柔石来。广平来。得李春朴信。晚三弟及王蕴如携烨儿来。,广平来访。侍桁、雪峰、柔石来。广平来。得李春朴信。晚三弟及王蕴如携烨儿来。,associated,A,pending,由 person_relations 迁移生成，未经人工审核；仅表示来源关联，不断言支持强度。
RELE-00455,REL-00089,SRC-0182,鲁迅日记 1929年5月18日; 鲁迅日记 1929年5月20日; 鲁迅日记 1929年5月21日; 鲁迅日记 1929年5月22日; 鲁迅日记 1929年5月23日; 鲁迅日记 1929年5月24日; 鲁迅日记 1929年5月25日; 鲁迅日记 1929年5月27日; 鲁迅日记 1929年5月28日; 鲁迅日记 1929年5月29日; 鲁迅日记 1929年5月30日; 鲁迅日记 1929年6月1日; 鲁迅日记 1930年3月30日; 鲁迅日记 1930年4月8日; 鲁迅日记 1932年11月13日; 鲁迅日记 1932年11月14日; 鲁迅日记 1932年11月15日; 鲁迅日记 1932年11月16日; 鲁迅日记 1932年11月17日; 鲁迅日记 1932年11月18日; 鲁迅日记 1932年11月20日; 鲁迅日记 1932年11月21日; 鲁迅日记 1932年11月22日; 鲁迅日记 1932年11月23日; 鲁迅日记 1932年11月25日; 鲁迅日记 1932年11月26日; 鲁迅日记 1932年11月27日; 鲁迅日记 1932年1月12日; 鲁迅日记 1932年3月1,,广平来访。侍桁、雪峰、柔石来。广平来。得李春朴信。晚三弟及王蕴如携烨儿来。,广平来访。侍桁、雪峰、柔石来。广平来。得李春朴信。晚三弟及王蕴如携烨儿来。,associated,A,pending,由 person_relations 迁移生成，未经人工审核；仅表示来源关联，不断言支持强度。
RELE-00456,REL-00089,SRC-0183,鲁迅日记 1929年5月18日; 鲁迅日记 1929年5月20日; 鲁迅日记 1929年5月21日; 鲁迅日记 1929年5月22日; 鲁迅日记 1929年5月23日; 鲁迅日记 1929年5月24日; 鲁迅日记 1929年5月25日; 鲁迅日记 1929年5月27日; 鲁迅日记 1929年5月28日; 鲁迅日记 1929年5月29日; 鲁迅日记 1929年5月30日; 鲁迅日记 1929年6月1日; 鲁迅日记 1930年3月30日; 鲁迅日记 1930年4月8日; 鲁迅日记 1932年11月13日; 鲁迅日记 1932年11月14日; 鲁迅日记 1932年11月15日; 鲁迅日记 1932年11月16日; 鲁迅日记 1932年11月17日; 鲁迅日记 1932年11月18日; 鲁迅日记 1932年11月20日; 鲁迅日记 1932年11月21日; 鲁迅日记 1932年11月22日; 鲁迅日记 1932年11月23日; 鲁迅日记 1932年11月25日; 鲁迅日记 1932年11月26日; 鲁迅日记 1932年11月27日; 鲁迅日记 1932年1月12日; 鲁迅日记 1932年3月1,,广平来访。侍桁、雪峰、柔石来。广平来。得李春朴信。晚三弟及王蕴如携烨儿来。,广平来访。侍桁、雪峰、柔石来。广平来。得李春朴信。晚三弟及王蕴如携烨儿来。,associated,A,pending,由 person_relations 迁移生成，未经人工审核；仅表示来源关联，不断言支持强度。
RELE-00457,REL-00089,SRC-0184,鲁迅日记 1929年5月18日; 鲁迅日记 1929年5月20日; 鲁迅日记 1929年5月21日; 鲁迅日记 1929年5月22日; 鲁迅日记 1929年5月23日; 鲁迅日记 1929年5月24日; 鲁迅日记 1929年5月25日; 鲁迅日记 1929年5月27日; 鲁迅日记 1929年5月28日; 鲁迅日记 1929年5月29日; 鲁迅日记 1929年5月30日; 鲁迅日记 1929年6月1日; 鲁迅日记 1930年3月30日; 鲁迅日记 1930年4月8日; 鲁迅日记 1932年11月13日; 鲁迅日记 1932年11月14日; 鲁迅日记 1932年11月15日; 鲁迅日记 1932年11月16日; 鲁迅日记 1932年11月17日; 鲁迅日记 1932年11月18日; 鲁迅日记 1932年11月20日; 鲁迅日记 1932年11月21日; 鲁迅日记 1932年11月22日; 鲁迅日记 1932年11月23日; 鲁迅日记 1932年11月25日; 鲁迅日记 1932年11月26日; 鲁迅日记 1932年11月27日; 鲁迅日记 1932年1月12日; 鲁迅日记 1932年3月1,,广平来访。侍桁、雪峰、柔石来。广平来。得李春朴信。晚三弟及王蕴如携烨儿来。,广平来访。侍桁、雪峰、柔石来。广平来。得李春朴信。晚三弟及王蕴如携烨儿来。,associated,A,pending,由 person_relations 迁移生成，未经人工审核；仅表示来源关联，不断言支持强度。
RELE-00458,REL-00089,SRC-0291,鲁迅日记 1929年5月18日; 鲁迅日记 1929年5月20日; 鲁迅日记 1929年5月21日; 鲁迅日记 1929年5月22日; 鲁迅日记 1929年5月23日; 鲁迅日记 1929年5月24日; 鲁迅日记 1929年5月25日; 鲁迅日记 1929年5月27日; 鲁迅日记 1929年5月28日; 鲁迅日记 1929年5月29日; 鲁迅日记 1929年5月30日; 鲁迅日记 1929年6月1日; 鲁迅日记 1930年3月30日; 鲁迅日记 1930年4月8日; 鲁迅日记 1932年11月13日; 鲁迅日记 1932年11月14日; 鲁迅日记 1932年11月15日; 鲁迅日记 1932年11月16日; 鲁迅日记 1932年11月17日; 鲁迅日记 1932年11月18日; 鲁迅日记 1932年11月20日; 鲁迅日记 1932年11月21日; 鲁迅日记 1932年11月22日; 鲁迅日记 1932年11月23日; 鲁迅日记 1932年11月25日; 鲁迅日记 1932年11月26日; 鲁迅日记 1932年11月27日; 鲁迅日记 1932年1月12日; 鲁迅日记 1932年3月1,,广平来访。侍桁、雪峰、柔石来。广平来。得李春朴信。晚三弟及王蕴如携烨儿来。,广平来访。侍桁、雪峰、柔石来。广平来。得李春朴信。晚三弟及王蕴如携烨儿来。,associated,A,pending,由 person_relations 迁移生成，未经人工审核；仅表示来源关联，不断言支持强度。
RELE-00459,REL-00089,SRC-0292,鲁迅日记 1929年5月18日; 鲁迅日记 1929年5月20日; 鲁迅日记 1929年5月21日; 鲁迅日记 1929年5月22日; 鲁迅日记 1929年5月23日; 鲁迅日记 1929年5月24日; 鲁迅日记 1929年5月25日; 鲁迅日记 1929年5月27日; 鲁迅日记 1929年5月28日; 鲁迅日记 1929年5月29日; 鲁迅日记 1929年5月30日; 鲁迅日记 1929年6月1日; 鲁迅日记 1930年3月30日; 鲁迅日记 1930年4月8日; 鲁迅日记 1932年11月13日; 鲁迅日记 1932年11月14日; 鲁迅日记 1932年11月15日; 鲁迅日记 1932年11月16日; 鲁迅日记 1932年11月17日; 鲁迅日记 1932年11月18日; 鲁迅日记 1932年11月20日; 鲁迅日记 1932年11月21日; 鲁迅日记 1932年11月22日; 鲁迅日记 1932年11月23日; 鲁迅日记 1932年11月25日; 鲁迅日记 1932年11月26日; 鲁迅日记 1932年11月27日; 鲁迅日记 1932年1月12日; 鲁迅日记 1932年3月1,,广平来访。侍桁、雪峰、柔石来。广平来。得李春朴信。晚三弟及王蕴如携烨儿来。,广平来访。侍桁、雪峰、柔石来。广平来。得李春朴信。晚三弟及王蕴如携烨儿来。,associated,A,pending,由 person_relations 迁移生成，未经人工审核；仅表示来源关联，不断言支持强度。
RELE-00460,REL-00089,SRC-0293,鲁迅日记 1929年5月18日; 鲁迅日记 1929年5月20日; 鲁迅日记 1929年5月21日; 鲁迅日记 1929年5月22日; 鲁迅日记 1929年5月23日; 鲁迅日记 1929年5月24日; 鲁迅日记 1929年5月25日; 鲁迅日记 1929年5月27日; 鲁迅日记 1929年5月28日; 鲁迅日记 1929年5月29日; 鲁迅日记 1929年5月30日; 鲁迅日记 1929年6月1日; 鲁迅日记 1930年3月30日; 鲁迅日记 1930年4月8日; 鲁迅日记 1932年11月13日; 鲁迅日记 1932年11月14日; 鲁迅日记 1932年11月15日; 鲁迅日记 1932年11月16日; 鲁迅日记 1932年11月17日; 鲁迅日记 1932年11月18日; 鲁迅日记 1932年11月20日; 鲁迅日记 1932年11月21日; 鲁迅日记 1932年11月22日; 鲁迅日记 1932年11月23日; 鲁迅日记 1932年11月25日; 鲁迅日记 1932年11月26日; 鲁迅日记 1932年11月27日; 鲁迅日记 1932年1月12日; 鲁迅日记 1932年3月1,,广平来访。侍桁、雪峰、柔石来。广平来。得李春朴信。晚三弟及王蕴如携烨儿来。,广平来访。侍桁、雪峰、柔石来。广平来。得李春朴信。晚三弟及王蕴如携烨儿来。,associated,A,pending,由 person_relations 迁移生成，未经人工审核；仅表示来源关联，不断言支持强度。
RELE-00461,REL-00089,SRC-0294,鲁迅日记 1929年5月18日; 鲁迅日记 1929年5月20日; 鲁迅日记 1929年5月21日; 鲁迅日记 1929年5月22日; 鲁迅日记 1929年5月23日; 鲁迅日记 1929年5月24日; 鲁迅日记 1929年5月25日; 鲁迅日记 1929年5月27日; 鲁迅日记 1929年5月28日; 鲁迅日记 1929年5月29日; 鲁迅日记 1929年5月30日; 鲁迅日记 1929年6月1日; 鲁迅日记 1930年3月30日; 鲁迅日记 1930年4月8日; 鲁迅日记 1932年11月13日; 鲁迅日记 1932年11月14日; 鲁迅日记 1932年11月15日; 鲁迅日记 1932年11月16日; 鲁迅日记 1932年11月17日; 鲁迅日记 1932年11月18日; 鲁迅日记 1932年11月20日; 鲁迅日记 1932年11月21日; 鲁迅日记 1932年11月22日; 鲁迅日记 1932年11月23日; 鲁迅日记 1932年11月25日; 鲁迅日记 1932年11月26日; 鲁迅日记 1932年11月27日; 鲁迅日记 1932年1月12日; 鲁迅日记 1932年3月1,,广平来访。侍桁、雪峰、柔石来。广平来。得李春朴信。晚三弟及王蕴如携烨儿来。,广平来访。侍桁、雪峰、柔石来。广平来。得李春朴信。晚三弟及王蕴如携烨儿来。,associated,A,pending,由 person_relations 迁移生成，未经人工审核；仅表示来源关联，不断言支持强度。
RELE-00462,REL-00089,SRC-0295,鲁迅日记 1929年5月18日; 鲁迅日记 1929年5月20日; 鲁迅日记 1929年5月21日; 鲁迅日记 1929年5月22日; 鲁迅日记 1929年5月23日; 鲁迅日记 1929年5月24日; 鲁迅日记 1929年5月25日; 鲁迅日记 1929年5月27日; 鲁迅日记 1929年5月28日; 鲁迅日记 1929年5月29日; 鲁迅日记 1929年5月30日; 鲁迅日记 1929年6月1日; 鲁迅日记 1930年3月30日; 鲁迅日记 1930年4月8日; 鲁迅日记 1932年11月13日; 鲁迅日记 1932年11月14日; 鲁迅日记 1932年11月15日; 鲁迅日记 1932年11月16日; 鲁迅日记 1932年11月17日; 鲁迅日记 1932年11月18日; 鲁迅日记 1932年11月20日; 鲁迅日记 1932年11月21日; 鲁迅日记 1932年11月22日; 鲁迅日记 1932年11月23日; 鲁迅日记 1932年11月25日; 鲁迅日记 1932年11月26日; 鲁迅日记 1932年11月27日; 鲁迅日记 1932年1月12日; 鲁迅日记 1932年3月1,,广平来访。侍桁、雪峰、柔石来。广平来。得李春朴信。晚三弟及王蕴如携烨儿来。,广平来访。侍桁、雪峰、柔石来。广平来。得李春朴信。晚三弟及王蕴如携烨儿来。,associated,A,pending,由 person_relations 迁移生成，未经人工审核；仅表示来源关联，不断言支持强度。
RELE-00463,REL-00089,SRC-0296,鲁迅日记 1929年5月18日; 鲁迅日记 1929年5月20日; 鲁迅日记 1929年5月21日; 鲁迅日记 1929年5月22日; 鲁迅日记 1929年5月23日; 鲁迅日记 1929年5月24日; 鲁迅日记 1929年5月25日; 鲁迅日记 1929年5月27日; 鲁迅日记 1929年5月28日; 鲁迅日记 1929年5月29日; 鲁迅日记 1929年5月30日; 鲁迅日记 1929年6月1日; 鲁迅日记 1930年3月30日; 鲁迅日记 1930年4月8日; 鲁迅日记 1932年11月13日; 鲁迅日记 1932年11月14日; 鲁迅日记 1932年11月15日; 鲁迅日记 1932年11月16日; 鲁迅日记 1932年11月17日; 鲁迅日记 1932年11月18日; 鲁迅日记 1932年11月20日; 鲁迅日记 1932年11月21日; 鲁迅日记 1932年11月22日; 鲁迅日记 1932年11月23日; 鲁迅日记 1932年11月25日; 鲁迅日记 1932年11月26日; 鲁迅日记 1932年11月27日; 鲁迅日记 1932年1月12日; 鲁迅日记 1932年3月1,,广平来访。侍桁、雪峰、柔石来。广平来。得李春朴信。晚三弟及王蕴如携烨儿来。,广平来访。侍桁、雪峰、柔石来。广平来。得李春朴信。晚三弟及王蕴如携烨儿来。,associated,A,pending,由 person_relations 迁移生成，未经人工审核；仅表示来源关联，不断言支持强度。
RELE-00464,REL-00089,SRC-0297,鲁迅日记 1929年5月18日; 鲁迅日记 1929年5月20日; 鲁迅日记 1929年5月21日; 鲁迅日记 1929年5月22日; 鲁迅日记 1929年5月23日; 鲁迅日记 1929年5月24日; 鲁迅日记 1929年5月25日; 鲁迅日记 1929年5月27日; 鲁迅日记 1929年5月28日; 鲁迅日记 1929年5月29日; 鲁迅日记 1929年5月30日; 鲁迅日记 1929年6月1日; 鲁迅日记 1930年3月30日; 鲁迅日记 1930年4月8日; 鲁迅日记 1932年11月13日; 鲁迅日记 1932年11月14日; 鲁迅日记 1932年11月15日; 鲁迅日记 1932年11月16日; 鲁迅日记 1932年11月17日; 鲁迅日记 1932年11月18日; 鲁迅日记 1932年11月20日; 鲁迅日记 1932年11月21日; 鲁迅日记 1932年11月22日; 鲁迅日记 1932年11月23日; 鲁迅日记 1932年11月25日; 鲁迅日记 1932年11月26日; 鲁迅日记 1932年11月27日; 鲁迅日记 1932年1月12日; 鲁迅日记 1932年3月1,,广平来访。侍桁、雪峰、柔石来。广平来。得李春朴信。晚三弟及王蕴如携烨儿来。,广平来访。侍桁、雪峰、柔石来。广平来。得李春朴信。晚三弟及王蕴如携烨儿来。,associated,A,pending,由 person_relations 迁移生成，未经人工审核；仅表示来源关联，不断言支持强度。
RELE-00465,REL-00089,SRC-0298,鲁迅日记 1929年5月18日; 鲁迅日记 1929年5月20日; 鲁迅日记 1929年5月21日; 鲁迅日记 1929年5月22日; 鲁迅日记 1929年5月23日; 鲁迅日记 1929年5月24日; 鲁迅日记 1929年5月25日; 鲁迅日记 1929年5月27日; 鲁迅日记 1929年5月28日; 鲁迅日记 1929年5月29日; 鲁迅日记 1929年5月30日; 鲁迅日记 1929年6月1日; 鲁迅日记 1930年3月30日; 鲁迅日记 1930年4月8日; 鲁迅日记 1932年11月13日; 鲁迅日记 1932年11月14日; 鲁迅日记 1932年11月15日; 鲁迅日记 1932年11月16日; 鲁迅日记 1932年11月17日; 鲁迅日记 1932年11月18日; 鲁迅日记 1932年11月20日; 鲁迅日记 1932年11月21日; 鲁迅日记 1932年11月22日; 鲁迅日记 1932年11月23日; 鲁迅日记 1932年11月25日; 鲁迅日记 1932年11月26日; 鲁迅日记 1932年11月27日; 鲁迅日记 1932年1月12日; 鲁迅日记 1932年3月1,,广平来访。侍桁、雪峰、柔石来。广平来。得李春朴信。晚三弟及王蕴如携烨儿来。,广平来访。侍桁、雪峰、柔石来。广平来。得李春朴信。晚三弟及王蕴如携烨儿来。,associated,A,pending,由 person_relations 迁移生成，未经人工审核；仅表示来源关联，不断言支持强度。
RELE-00466,REL-00089,SRC-0299,鲁迅日记 1929年5月18日; 鲁迅日记 1929年5月20日; 鲁迅日记 1929年5月21日; 鲁迅日记 1929年5月22日; 鲁迅日记 1929年5月23日; 鲁迅日记 1929年5月24日; 鲁迅日记 1929年5月25日; 鲁迅日记 1929年5月27日; 鲁迅日记 1929年5月28日; 鲁迅日记 1929年5月29日; 鲁迅日记 1929年5月30日; 鲁迅日记 1929年6月1日; 鲁迅日记 1930年3月30日; 鲁迅日记 1930年4月8日; 鲁迅日记 1932年11月13日; 鲁迅日记 1932年11月14日; 鲁迅日记 1932年11月15日; 鲁迅日记 1932年11月16日; 鲁迅日记 1932年11月17日; 鲁迅日记 1932年11月18日; 鲁迅日记 1932年11月20日; 鲁迅日记 1932年11月21日; 鲁迅日记 1932年11月22日; 鲁迅日记 1932年11月23日; 鲁迅日记 1932年11月25日; 鲁迅日记 1932年11月26日; 鲁迅日记 1932年11月27日; 鲁迅日记 1932年1月12日; 鲁迅日记 1932年3月1,,广平来访。侍桁、雪峰、柔石来。广平来。得李春朴信。晚三弟及王蕴如携烨儿来。,广平来访。侍桁、雪峰、柔石来。广平来。得李春朴信。晚三弟及王蕴如携烨儿来。,associated,A,pending,由 person_relations 迁移生成，未经人工审核；仅表示来源关联，不断言支持强度。
RELE-00467,REL-00089,SRC-0300,鲁迅日记 1929年5月18日; 鲁迅日记 1929年5月20日; 鲁迅日记 1929年5月21日; 鲁迅日记 1929年5月22日; 鲁迅日记 1929年5月23日; 鲁迅日记 1929年5月24日; 鲁迅日记 1929年5月25日; 鲁迅日记 1929年5月27日; 鲁迅日记 1929年5月28日; 鲁迅日记 1929年5月29日; 鲁迅日记 1929年5月30日; 鲁迅日记 1929年6月1日; 鲁迅日记 1930年3月30日; 鲁迅日记 1930年4月8日; 鲁迅日记 1932年11月13日; 鲁迅日记 1932年11月14日; 鲁迅日记 1932年11月15日; 鲁迅日记 1932年11月16日; 鲁迅日记 1932年11月17日; 鲁迅日记 1932年11月18日; 鲁迅日记 1932年11月20日; 鲁迅日记 1932年11月21日; 鲁迅日记 1932年11月22日; 鲁迅日记 1932年11月23日; 鲁迅日记 1932年11月25日; 鲁迅日记 1932年11月26日; 鲁迅日记 1932年11月27日; 鲁迅日记 1932年1月12日; 鲁迅日记 1932年3月1,,广平来访。侍桁、雪峰、柔石来。广平来。得李春朴信。晚三弟及王蕴如携烨儿来。,广平来访。侍桁、雪峰、柔石来。广平来。得李春朴信。晚三弟及王蕴如携烨儿来。,associated,A,pending,由 person_relations 迁移生成，未经人工审核；仅表示来源关联，不断言支持强度。
RELE-00468,REL-00089,SRC-0301,鲁迅日记 1929年5月18日; 鲁迅日记 1929年5月20日; 鲁迅日记 1929年5月21日; 鲁迅日记 1929年5月22日; 鲁迅日记 1929年5月23日; 鲁迅日记 1929年5月24日; 鲁迅日记 1929年5月25日; 鲁迅日记 1929年5月27日; 鲁迅日记 1929年5月28日; 鲁迅日记 1929年5月29日; 鲁迅日记 1929年5月30日; 鲁迅日记 1929年6月1日; 鲁迅日记 1930年3月30日; 鲁迅日记 1930年4月8日; 鲁迅日记 1932年11月13日; 鲁迅日记 1932年11月14日; 鲁迅日记 1932年11月15日; 鲁迅日记 1932年11月16日; 鲁迅日记 1932年11月17日; 鲁迅日记 1932年11月18日; 鲁迅日记 1932年11月20日; 鲁迅日记 1932年11月21日; 鲁迅日记 1932年11月22日; 鲁迅日记 1932年11月23日; 鲁迅日记 1932年11月25日; 鲁迅日记 1932年11月26日; 鲁迅日记 1932年11月27日; 鲁迅日记 1932年1月12日; 鲁迅日记 1932年3月1,,广平来访。侍桁、雪峰、柔石来。广平来。得李春朴信。晚三弟及王蕴如携烨儿来。,广平来访。侍桁、雪峰、柔石来。广平来。得李春朴信。晚三弟及王蕴如携烨儿来。,associated,A,pending,由 person_relations 迁移生成，未经人工审核；仅表示来源关联，不断言支持强度。
RELE-00469,REL-00089,SRC-0302,鲁迅日记 1929年5月18日; 鲁迅日记 1929年5月20日; 鲁迅日记 1929年5月21日; 鲁迅日记 1929年5月22日; 鲁迅日记 1929年5月23日; 鲁迅日记 1929年5月24日; 鲁迅日记 1929年5月25日; 鲁迅日记 1929年5月27日; 鲁迅日记 1929年5月28日; 鲁迅日记 1929年5月29日; 鲁迅日记 1929年5月30日; 鲁迅日记 1929年6月1日; 鲁迅日记 1930年3月30日; 鲁迅日记 1930年4月8日; 鲁迅日记 1932年11月13日; 鲁迅日记 1932年11月14日; 鲁迅日记 1932年11月15日; 鲁迅日记 1932年11月16日; 鲁迅日记 1932年11月17日; 鲁迅日记 1932年11月18日; 鲁迅日记 1932年11月20日; 鲁迅日记 1932年11月21日; 鲁迅日记 1932年11月22日; 鲁迅日记 1932年11月23日; 鲁迅日记 1932年11月25日; 鲁迅日记 1932年11月26日; 鲁迅日记 1932年11月27日; 鲁迅日记 1932年1月12日; 鲁迅日记 1932年3月1,,广平来访。侍桁、雪峰、柔石来。广平来。得李春朴信。晚三弟及王蕴如携烨儿来。,广平来访。侍桁、雪峰、柔石来。广平来。得李春朴信。晚三弟及王蕴如携烨儿来。,associated,A,pending,由 person_relations 迁移生成，未经人工审核；仅表示来源关联，不断言支持强度。
RELE-00470,REL-00089,SRC-0303,鲁迅日记 1929年5月18日; 鲁迅日记 1929年5月20日; 鲁迅日记 1929年5月21日; 鲁迅日记 1929年5月22日; 鲁迅日记 1929年5月23日; 鲁迅日记 1929年5月24日; 鲁迅日记 1929年5月25日; 鲁迅日记 1929年5月27日; 鲁迅日记 1929年5月28日; 鲁迅日记 1929年5月29日; 鲁迅日记 1929年5月30日; 鲁迅日记 1929年6月1日; 鲁迅日记 1930年3月30日; 鲁迅日记 1930年4月8日; 鲁迅日记 1932年11月13日; 鲁迅日记 1932年11月14日; 鲁迅日记 1932年11月15日; 鲁迅日记 1932年11月16日; 鲁迅日记 1932年11月17日; 鲁迅日记 1932年11月18日; 鲁迅日记 1932年11月20日; 鲁迅日记 1932年11月21日; 鲁迅日记 1932年11月22日; 鲁迅日记 1932年11月23日; 鲁迅日记 1932年11月25日; 鲁迅日记 1932年11月26日; 鲁迅日记 1932年11月27日; 鲁迅日记 1932年1月12日; 鲁迅日记 1932年3月1,,广平来访。侍桁、雪峰、柔石来。广平来。得李春朴信。晚三弟及王蕴如携烨儿来。,广平来访。侍桁、雪峰、柔石来。广平来。得李春朴信。晚三弟及王蕴如携烨儿来。,associated,A,pending,由 person_relations 迁移生成，未经人工审核；仅表示来源关联，不断言支持强度。
RELE-00471,REL-00089,SRC-0304,鲁迅日记 1929年5月18日; 鲁迅日记 1929年5月20日; 鲁迅日记 1929年5月21日; 鲁迅日记 1929年5月22日; 鲁迅日记 1929年5月23日; 鲁迅日记 1929年5月24日; 鲁迅日记 1929年5月25日; 鲁迅日记 1929年5月27日; 鲁迅日记 1929年5月28日; 鲁迅日记 1929年5月29日; 鲁迅日记 1929年5月30日; 鲁迅日记 1929年6月1日; 鲁迅日记 1930年3月30日; 鲁迅日记 1930年4月8日; 鲁迅日记 1932年11月13日; 鲁迅日记 1932年11月14日; 鲁迅日记 1932年11月15日; 鲁迅日记 1932年11月16日; 鲁迅日记 1932年11月17日; 鲁迅日记 1932年11月18日; 鲁迅日记 1932年11月20日; 鲁迅日记 1932年11月21日; 鲁迅日记 1932年11月22日; 鲁迅日记 1932年11月23日; 鲁迅日记 1932年11月25日; 鲁迅日记 1932年11月26日; 鲁迅日记 1932年11月27日; 鲁迅日记 1932年1月12日; 鲁迅日记 1932年3月1,,广平来访。侍桁、雪峰、柔石来。广平来。得李春朴信。晚三弟及王蕴如携烨儿来。,广平来访。侍桁、雪峰、柔石来。广平来。得李春朴信。晚三弟及王蕴如携烨儿来。,associated,A,pending,由 person_relations 迁移生成，未经人工审核；仅表示来源关联，不断言支持强度。
RELE-00472,REL-00089,SRC-0305,鲁迅日记 1929年5月18日; 鲁迅日记 1929年5月20日; 鲁迅日记 1929年5月21日; 鲁迅日记 1929年5月22日; 鲁迅日记 1929年5月23日; 鲁迅日记 1929年5月24日; 鲁迅日记 1929年5月25日; 鲁迅日记 1929年5月27日; 鲁迅日记 1929年5月28日; 鲁迅日记 1929年5月29日; 鲁迅日记 1929年5月30日; 鲁迅日记 1929年6月1日; 鲁迅日记 1930年3月30日; 鲁迅日记 1930年4月8日; 鲁迅日记 1932年11月13日; 鲁迅日记 1932年11月14日; 鲁迅日记 1932年11月15日; 鲁迅日记 1932年11月16日; 鲁迅日记 1932年11月17日; 鲁迅日记 1932年11月18日; 鲁迅日记 1932年11月20日; 鲁迅日记 1932年11月21日; 鲁迅日记 1932年11月22日; 鲁迅日记 1932年11月23日; 鲁迅日记 1932年11月25日; 鲁迅日记 1932年11月26日; 鲁迅日记 1932年11月27日; 鲁迅日记 1932年1月12日; 鲁迅日记 1932年3月1,,广平来访。侍桁、雪峰、柔石来。广平来。得李春朴信。晚三弟及王蕴如携烨儿来。,广平来访。侍桁、雪峰、柔石来。广平来。得李春朴信。晚三弟及王蕴如携烨儿来。,associated,A,pending,由 person_relations 迁移生成，未经人工审核；仅表示来源关联，不断言支持强度。
RELE-00473,REL-00089,SRC-0306,鲁迅日记 1929年5月18日; 鲁迅日记 1929年5月20日; 鲁迅日记 1929年5月21日; 鲁迅日记 1929年5月22日; 鲁迅日记 1929年5月23日; 鲁迅日记 1929年5月24日; 鲁迅日记 1929年5月25日; 鲁迅日记 1929年5月27日; 鲁迅日记 1929年5月28日; 鲁迅日记 1929年5月29日; 鲁迅日记 1929年5月30日; 鲁迅日记 1929年6月1日; 鲁迅日记 1930年3月30日; 鲁迅日记 1930年4月8日; 鲁迅日记 1932年11月13日; 鲁迅日记 1932年11月14日; 鲁迅日记 1932年11月15日; 鲁迅日记 1932年11月16日; 鲁迅日记 1932年11月17日; 鲁迅日记 1932年11月18日; 鲁迅日记 1932年11月20日; 鲁迅日记 1932年11月21日; 鲁迅日记 1932年11月22日; 鲁迅日记 1932年11月23日; 鲁迅日记 1932年11月25日; 鲁迅日记 1932年11月26日; 鲁迅日记 1932年11月27日; 鲁迅日记 1932年1月12日; 鲁迅日记 1932年3月1,,广平来访。侍桁、雪峰、柔石来。广平来。得李春朴信。晚三弟及王蕴如携烨儿来。,广平来访。侍桁、雪峰、柔石来。广平来。得李春朴信。晚三弟及王蕴如携烨儿来。,associated,A,pending,由 person_relations 迁移生成，未经人工审核；仅表示来源关联，不断言支持强度。
RELE-00474,REL-00089,SRC-0307,鲁迅日记 1929年5月18日; 鲁迅日记 1929年5月20日; 鲁迅日记 1929年5月21日; 鲁迅日记 1929年5月22日; 鲁迅日记 1929年5月23日; 鲁迅日记 1929年5月24日; 鲁迅日记 1929年5月25日; 鲁迅日记 1929年5月27日; 鲁迅日记 1929年5月28日; 鲁迅日记 1929年5月29日; 鲁迅日记 1929年5月30日; 鲁迅日记 1929年6月1日; 鲁迅日记 1930年3月30日; 鲁迅日记 1930年4月8日; 鲁迅日记 1932年11月13日; 鲁迅日记 1932年11月14日; 鲁迅日记 1932年11月15日; 鲁迅日记 1932年11月16日; 鲁迅日记 1932年11月17日; 鲁迅日记 1932年11月18日; 鲁迅日记 1932年11月20日; 鲁迅日记 1932年11月21日; 鲁迅日记 1932年11月22日; 鲁迅日记 1932年11月23日; 鲁迅日记 1932年11月25日; 鲁迅日记 1932年11月26日; 鲁迅日记 1932年11月27日; 鲁迅日记 1932年1月12日; 鲁迅日记 1932年3月1,,广平来访。侍桁、雪峰、柔石来。广平来。得李春朴信。晚三弟及王蕴如携烨儿来。,广平来访。侍桁、雪峰、柔石来。广平来。得李春朴信。晚三弟及王蕴如携烨儿来。,associated,A,pending,由 person_relations 迁移生成，未经人工审核；仅表示来源关联，不断言支持强度。
RELE-00475,REL-00089,SRC-0308,鲁迅日记 1929年5月18日; 鲁迅日记 1929年5月20日; 鲁迅日记 1929年5月21日; 鲁迅日记 1929年5月22日; 鲁迅日记 1929年5月23日; 鲁迅日记 1929年5月24日; 鲁迅日记 1929年5月25日; 鲁迅日记 1929年5月27日; 鲁迅日记 1929年5月28日; 鲁迅日记 1929年5月29日; 鲁迅日记 1929年5月30日; 鲁迅日记 1929年6月1日; 鲁迅日记 1930年3月30日; 鲁迅日记 1930年4月8日; 鲁迅日记 1932年11月13日; 鲁迅日记 1932年11月14日; 鲁迅日记 1932年11月15日; 鲁迅日记 1932年11月16日; 鲁迅日记 1932年11月17日; 鲁迅日记 1932年11月18日; 鲁迅日记 1932年11月20日; 鲁迅日记 1932年11月21日; 鲁迅日记 1932年11月22日; 鲁迅日记 1932年11月23日; 鲁迅日记 1932年11月25日; 鲁迅日记 1932年11月26日; 鲁迅日记 1932年11月27日; 鲁迅日记 1932年1月12日; 鲁迅日记 1932年3月1,,广平来访。侍桁、雪峰、柔石来。广平来。得李春朴信。晚三弟及王蕴如携烨儿来。,广平来访。侍桁、雪峰、柔石来。广平来。得李春朴信。晚三弟及王蕴如携烨儿来。,associated,A,pending,由 person_relations 迁移生成，未经人工审核；仅表示来源关联，不断言支持强度。
RELE-00476,REL-00089,SRC-0309,鲁迅日记 1929年5月18日; 鲁迅日记 1929年5月20日; 鲁迅日记 1929年5月21日; 鲁迅日记 1929年5月22日; 鲁迅日记 1929年5月23日; 鲁迅日记 1929年5月24日; 鲁迅日记 1929年5月25日; 鲁迅日记 1929年5月27日; 鲁迅日记 1929年5月28日; 鲁迅日记 1929年5月29日; 鲁迅日记 1929年5月30日; 鲁迅日记 1929年6月1日; 鲁迅日记 1930年3月30日; 鲁迅日记 1930年4月8日; 鲁迅日记 1932年11月13日; 鲁迅日记 1932年11月14日; 鲁迅日记 1932年11月15日; 鲁迅日记 1932年11月16日; 鲁迅日记 1932年11月17日; 鲁迅日记 1932年11月18日; 鲁迅日记 1932年11月20日; 鲁迅日记 1932年11月21日; 鲁迅日记 1932年11月22日; 鲁迅日记 1932年11月23日; 鲁迅日记 1932年11月25日; 鲁迅日记 1932年11月26日; 鲁迅日记 1932年11月27日; 鲁迅日记 1932年1月12日; 鲁迅日记 1932年3月1,,广平来访。侍桁、雪峰、柔石来。广平来。得李春朴信。晚三弟及王蕴如携烨儿来。,广平来访。侍桁、雪峰、柔石来。广平来。得李春朴信。晚三弟及王蕴如携烨儿来。,associated,A,pending,由 person_relations 迁移生成，未经人工审核；仅表示来源关联，不断言支持强度。
RELE-00477,REL-00089,SRC-0310,鲁迅日记 1929年5月18日; 鲁迅日记 1929年5月20日; 鲁迅日记 1929年5月21日; 鲁迅日记 1929年5月22日; 鲁迅日记 1929年5月23日; 鲁迅日记 1929年5月24日; 鲁迅日记 1929年5月25日; 鲁迅日记 1929年5月27日; 鲁迅日记 1929年5月28日; 鲁迅日记 1929年5月29日; 鲁迅日记 1929年5月30日; 鲁迅日记 1929年6月1日; 鲁迅日记 1930年3月30日; 鲁迅日记 1930年4月8日; 鲁迅日记 1932年11月13日; 鲁迅日记 1932年11月14日; 鲁迅日记 1932年11月15日; 鲁迅日记 1932年11月16日; 鲁迅日记 1932年11月17日; 鲁迅日记 1932年11月18日; 鲁迅日记 1932年11月20日; 鲁迅日记 1932年11月21日; 鲁迅日记 1932年11月22日; 鲁迅日记 1932年11月23日; 鲁迅日记 1932年11月25日; 鲁迅日记 1932年11月26日; 鲁迅日记 1932年11月27日; 鲁迅日记 1932年1月12日; 鲁迅日记 1932年3月1,,广平来访。侍桁、雪峰、柔石来。广平来。得李春朴信。晚三弟及王蕴如携烨儿来。,广平来访。侍桁、雪峰、柔石来。广平来。得李春朴信。晚三弟及王蕴如携烨儿来。,associated,A,pending,由 person_relations 迁移生成，未经人工审核；仅表示来源关联，不断言支持强度。
RELE-00478,REL-00089,SRC-0311,鲁迅日记 1929年5月18日; 鲁迅日记 1929年5月20日; 鲁迅日记 1929年5月21日; 鲁迅日记 1929年5月22日; 鲁迅日记 1929年5月23日; 鲁迅日记 1929年5月24日; 鲁迅日记 1929年5月25日; 鲁迅日记 1929年5月27日; 鲁迅日记 1929年5月28日; 鲁迅日记 1929年5月29日; 鲁迅日记 1929年5月30日; 鲁迅日记 1929年6月1日; 鲁迅日记 1930年3月30日; 鲁迅日记 1930年4月8日; 鲁迅日记 1932年11月13日; 鲁迅日记 1932年11月14日; 鲁迅日记 1932年11月15日; 鲁迅日记 1932年11月16日; 鲁迅日记 1932年11月17日; 鲁迅日记 1932年11月18日; 鲁迅日记 1932年11月20日; 鲁迅日记 1932年11月21日; 鲁迅日记 1932年11月22日; 鲁迅日记 1932年11月23日; 鲁迅日记 1932年11月25日; 鲁迅日记 1932年11月26日; 鲁迅日记 1932年11月27日; 鲁迅日记 1932年1月12日; 鲁迅日记 1932年3月1,,广平来访。侍桁、雪峰、柔石来。广平来。得李春朴信。晚三弟及王蕴如携烨儿来。,广平来访。侍桁、雪峰、柔石来。广平来。得李春朴信。晚三弟及王蕴如携烨儿来。,associated,A,pending,由 person_relations 迁移生成，未经人工审核；仅表示来源关联，不断言支持强度。
RELE-00479,REL-00089,SRC-0312,鲁迅日记 1929年5月18日; 鲁迅日记 1929年5月20日; 鲁迅日记 1929年5月21日; 鲁迅日记 1929年5月22日; 鲁迅日记 1929年5月23日; 鲁迅日记 1929年5月24日; 鲁迅日记 1929年5月25日; 鲁迅日记 1929年5月27日; 鲁迅日记 1929年5月28日; 鲁迅日记 1929年5月29日; 鲁迅日记 1929年5月30日; 鲁迅日记 1929年6月1日; 鲁迅日记 1930年3月30日; 鲁迅日记 1930年4月8日; 鲁迅日记 1932年11月13日; 鲁迅日记 1932年11月14日; 鲁迅日记 1932年11月15日; 鲁迅日记 1932年11月16日; 鲁迅日记 1932年11月17日; 鲁迅日记 1932年11月18日; 鲁迅日记 1932年11月20日; 鲁迅日记 1932年11月21日; 鲁迅日记 1932年11月22日; 鲁迅日记 1932年11月23日; 鲁迅日记 1932年11月25日; 鲁迅日记 1932年11月26日; 鲁迅日记 1932年11月27日; 鲁迅日记 1932年1月12日; 鲁迅日记 1932年3月1,,广平来访。侍桁、雪峰、柔石来。广平来。得李春朴信。晚三弟及王蕴如携烨儿来。,广平来访。侍桁、雪峰、柔石来。广平来。得李春朴信。晚三弟及王蕴如携烨儿来。,associated,A,pending,由 person_relations 迁移生成，未经人工审核；仅表示来源关联，不断言支持强度。
RELE-00480,REL-00089,SRC-0313,鲁迅日记 1929年5月18日; 鲁迅日记 1929年5月20日; 鲁迅日记 1929年5月21日; 鲁迅日记 1929年5月22日; 鲁迅日记 1929年5月23日; 鲁迅日记 1929年5月24日; 鲁迅日记 1929年5月25日; 鲁迅日记 1929年5月27日; 鲁迅日记 1929年5月28日; 鲁迅日记 1929年5月29日; 鲁迅日记 1929年5月30日; 鲁迅日记 1929年6月1日; 鲁迅日记 1930年3月30日; 鲁迅日记 1930年4月8日; 鲁迅日记 1932年11月13日; 鲁迅日记 1932年11月14日; 鲁迅日记 1932年11月15日; 鲁迅日记 1932年11月16日; 鲁迅日记 1932年11月17日; 鲁迅日记 1932年11月18日; 鲁迅日记 1932年11月20日; 鲁迅日记 1932年11月21日; 鲁迅日记 1932年11月22日; 鲁迅日记 1932年11月23日; 鲁迅日记 1932年11月25日; 鲁迅日记 1932年11月26日; 鲁迅日记 1932年11月27日; 鲁迅日记 1932年1月12日; 鲁迅日记 1932年3月1,,广平来访。侍桁、雪峰、柔石来。广平来。得李春朴信。晚三弟及王蕴如携烨儿来。,广平来访。侍桁、雪峰、柔石来。广平来。得李春朴信。晚三弟及王蕴如携烨儿来。,associated,A,pending,由 person_relations 迁移生成，未经人工审核；仅表示来源关联，不断言支持强度。
RELE-00481,REL-00089,SRC-0314,鲁迅日记 1929年5月18日; 鲁迅日记 1929年5月20日; 鲁迅日记 1929年5月21日; 鲁迅日记 1929年5月22日; 鲁迅日记 1929年5月23日; 鲁迅日记 1929年5月24日; 鲁迅日记 1929年5月25日; 鲁迅日记 1929年5月27日; 鲁迅日记 1929年5月28日; 鲁迅日记 1929年5月29日; 鲁迅日记 1929年5月30日; 鲁迅日记 1929年6月1日; 鲁迅日记 1930年3月30日; 鲁迅日记 1930年4月8日; 鲁迅日记 1932年11月13日; 鲁迅日记 1932年11月14日; 鲁迅日记 1932年11月15日; 鲁迅日记 1932年11月16日; 鲁迅日记 1932年11月17日; 鲁迅日记 1932年11月18日; 鲁迅日记 1932年11月20日; 鲁迅日记 1932年11月21日; 鲁迅日记 1932年11月22日; 鲁迅日记 1932年11月23日; 鲁迅日记 1932年11月25日; 鲁迅日记 1932年11月26日; 鲁迅日记 1932年11月27日; 鲁迅日记 1932年1月12日; 鲁迅日记 1932年3月1,,广平来访。侍桁、雪峰、柔石来。广平来。得李春朴信。晚三弟及王蕴如携烨儿来。,广平来访。侍桁、雪峰、柔石来。广平来。得李春朴信。晚三弟及王蕴如携烨儿来。,associated,A,pending,由 person_relations 迁移生成，未经人工审核；仅表示来源关联，不断言支持强度。
RELE-00681,REL-00097,SRC-0065,鲁迅日记 1928年11月24日; 鲁迅日记 1928年11月26日; 鲁迅日记 1929年1月24日; 鲁迅日记 1929年3月6日; 鲁迅日记 1933年2月16日; 鲁迅日记 1933年2月19日; 鲁迅日记 1933年2月21日; 鲁迅日记 1933年3月28日; 鲁迅日记 1933年3月5日; 鲁迅日记 1933年4月30日; 鲁迅日记 1933年5月10日; 鲁迅日记 1933年5月19日; 鲁迅日记 1933年6月20日 等4条; 鲁迅日记 1933年6月6日; 鲁迅日记 1933年6月8日; 鲁迅日记 1933年8月16日 等5条; 鲁迅日记 1933年8月1日; 鲁迅日记 1933年8月2日; 鲁迅日记 1934年1月18日; 鲁迅日记 1934年1月7日; 鲁迅日记 1934年3月18日; 鲁迅日记 1934年4月14日; 鲁迅日记 1934年4月15日; 鲁迅日记 1934年4月9日; 鲁迅日记 1934年5月4日; 鲁迅日记 1934年5月5日; 鲁迅日记 1934年5月9日; 鲁迅日记 1934年8月29日,,1928年月间，鲁迅与林语堂有频繁书信往来，涉及收信、寄信,1928年月间，鲁迅与林语堂有频繁书信往来，涉及收信、寄信,associated,A,pending,由 person_relations 迁移生成，未经人工审核；仅表示来源关联，不断言支持强度。
RELE-00682,REL-00097,SRC-0330,鲁迅日记 1928年11月24日; 鲁迅日记 1928年11月26日; 鲁迅日记 1929年1月24日; 鲁迅日记 1929年3月6日; 鲁迅日记 1933年2月16日; 鲁迅日记 1933年2月19日; 鲁迅日记 1933年2月21日; 鲁迅日记 1933年3月28日; 鲁迅日记 1933年3月5日; 鲁迅日记 1933年4月30日; 鲁迅日记 1933年5月10日; 鲁迅日记 1933年5月19日; 鲁迅日记 1933年6月20日 等4条; 鲁迅日记 1933年6月6日; 鲁迅日记 1933年6月8日; 鲁迅日记 1933年8月16日 等5条; 鲁迅日记 1933年8月1日; 鲁迅日记 1933年8月2日; 鲁迅日记 1934年1月18日; 鲁迅日记 1934年1月7日; 鲁迅日记 1934年3月18日; 鲁迅日记 1934年4月14日; 鲁迅日记 1934年4月15日; 鲁迅日记 1934年4月9日; 鲁迅日记 1934年5月4日; 鲁迅日记 1934年5月5日; 鲁迅日记 1934年5月9日; 鲁迅日记 1934年8月29日,,1928年月间，鲁迅与林语堂有频繁书信往来，涉及收信、寄信,1928年月间，鲁迅与林语堂有频繁书信往来，涉及收信、寄信,associated,A,pending,由 person_relations 迁移生成，未经人工审核；仅表示来源关联，不断言支持强度。
RELE-00683,REL-00097,SRC-0437,鲁迅日记 1928年11月24日; 鲁迅日记 1928年11月26日; 鲁迅日记 1929年1月24日; 鲁迅日记 1929年3月6日; 鲁迅日记 1933年2月16日; 鲁迅日记 1933年2月19日; 鲁迅日记 1933年2月21日; 鲁迅日记 1933年3月28日; 鲁迅日记 1933年3月5日; 鲁迅日记 1933年4月30日; 鲁迅日记 1933年5月10日; 鲁迅日记 1933年5月19日; 鲁迅日记 1933年6月20日 等4条; 鲁迅日记 1933年6月6日; 鲁迅日记 1933年6月8日; 鲁迅日记 1933年8月16日 等5条; 鲁迅日记 1933年8月1日; 鲁迅日记 1933年8月2日; 鲁迅日记 1934年1月18日; 鲁迅日记 1934年1月7日; 鲁迅日记 1934年3月18日; 鲁迅日记 1934年4月14日; 鲁迅日记 1934年4月15日; 鲁迅日记 1934年4月9日; 鲁迅日记 1934年5月4日; 鲁迅日记 1934年5月5日; 鲁迅日记 1934年5月9日; 鲁迅日记 1934年8月29日,,1928年月间，鲁迅与林语堂有频繁书信往来，涉及收信、寄信,1928年月间，鲁迅与林语堂有频繁书信往来，涉及收信、寄信,associated,A,pending,由 person_relations 迁移生成，未经人工审核；仅表示来源关联，不断言支持强度。
RELE-00684,REL-00097,SRC-0454,鲁迅日记 1928年11月24日; 鲁迅日记 1928年11月26日; 鲁迅日记 1929年1月24日; 鲁迅日记 1929年3月6日; 鲁迅日记 1933年2月16日; 鲁迅日记 1933年2月19日; 鲁迅日记 1933年2月21日; 鲁迅日记 1933年3月28日; 鲁迅日记 1933年3月5日; 鲁迅日记 1933年4月30日; 鲁迅日记 1933年5月10日; 鲁迅日记 1933年5月19日; 鲁迅日记 1933年6月20日 等4条; 鲁迅日记 1933年6月6日; 鲁迅日记 1933年6月8日; 鲁迅日记 1933年8月16日 等5条; 鲁迅日记 1933年8月1日; 鲁迅日记 1933年8月2日; 鲁迅日记 1934年1月18日; 鲁迅日记 1934年1月7日; 鲁迅日记 1934年3月18日; 鲁迅日记 1934年4月14日; 鲁迅日记 1934年4月15日; 鲁迅日记 1934年4月9日; 鲁迅日记 1934年5月4日; 鲁迅日记 1934年5月5日; 鲁迅日记 1934年5月9日; 鲁迅日记 1934年8月29日,,1928年月间，鲁迅与林语堂有频繁书信往来，涉及收信、寄信,1928年月间，鲁迅与林语堂有频繁书信往来，涉及收信、寄信,associated,A,pending,由 person_relations 迁移生成，未经人工审核；仅表示来源关联，不断言支持强度。
RELE-00685,REL-00097,SRC-0497,鲁迅日记 1928年11月24日; 鲁迅日记 1928年11月26日; 鲁迅日记 1929年1月24日; 鲁迅日记 1929年3月6日; 鲁迅日记 1933年2月16日; 鲁迅日记 1933年2月19日; 鲁迅日记 1933年2月21日; 鲁迅日记 1933年3月28日; 鲁迅日记 1933年3月5日; 鲁迅日记 1933年4月30日; 鲁迅日记 1933年5月10日; 鲁迅日记 1933年5月19日; 鲁迅日记 1933年6月20日 等4条; 鲁迅日记 1933年6月6日; 鲁迅日记 1933年6月8日; 鲁迅日记 1933年8月16日 等5条; 鲁迅日记 1933年8月1日; 鲁迅日记 1933年8月2日; 鲁迅日记 1934年1月18日; 鲁迅日记 1934年1月7日; 鲁迅日记 1934年3月18日; 鲁迅日记 1934年4月14日; 鲁迅日记 1934年4月15日; 鲁迅日记 1934年4月9日; 鲁迅日记 1934年5月4日; 鲁迅日记 1934年5月5日; 鲁迅日记 1934年5月9日; 鲁迅日记 1934年8月29日,,1928年月间，鲁迅与林语堂有频繁书信往来，涉及收信、寄信,1928年月间，鲁迅与林语堂有频繁书信往来，涉及收信、寄信,associated,A,pending,由 person_relations 迁移生成，未经人工审核；仅表示来源关联，不断言支持强度。
RELE-00686,REL-00097,SRC-0498,鲁迅日记 1928年11月24日; 鲁迅日记 1928年11月26日; 鲁迅日记 1929年1月24日; 鲁迅日记 1929年3月6日; 鲁迅日记 1933年2月16日; 鲁迅日记 1933年2月19日; 鲁迅日记 1933年2月21日; 鲁迅日记 1933年3月28日; 鲁迅日记 1933年3月5日; 鲁迅日记 1933年4月30日; 鲁迅日记 1933年5月10日; 鲁迅日记 1933年5月19日; 鲁迅日记 1933年6月20日 等4条; 鲁迅日记 1933年6月6日; 鲁迅日记 1933年6月8日; 鲁迅日记 1933年8月16日 等5条; 鲁迅日记 1933年8月1日; 鲁迅日记 1933年8月2日; 鲁迅日记 1934年1月18日; 鲁迅日记 1934年1月7日; 鲁迅日记 1934年3月18日; 鲁迅日记 1934年4月14日; 鲁迅日记 1934年4月15日; 鲁迅日记 1934年4月9日; 鲁迅日记 1934年5月4日; 鲁迅日记 1934年5月5日; 鲁迅日记 1934年5月9日; 鲁迅日记 1934年8月29日,,1928年月间，鲁迅与林语堂有频繁书信往来，涉及收信、寄信,1928年月间，鲁迅与林语堂有频繁书信往来，涉及收信、寄信,associated,A,pending,由 person_relations 迁移生成，未经人工审核；仅表示来源关联，不断言支持强度。
RELE-00687,REL-00097,SRC-0499,鲁迅日记 1928年11月24日; 鲁迅日记 1928年11月26日; 鲁迅日记 1929年1月24日; 鲁迅日记 1929年3月6日; 鲁迅日记 1933年2月16日; 鲁迅日记 1933年2月19日; 鲁迅日记 1933年2月21日; 鲁迅日记 1933年3月28日; 鲁迅日记 1933年3月5日; 鲁迅日记 1933年4月30日; 鲁迅日记 1933年5月10日; 鲁迅日记 1933年5月19日; 鲁迅日记 1933年6月20日 等4条; 鲁迅日记 1933年6月6日; 鲁迅日记 1933年6月8日; 鲁迅日记 1933年8月16日 等5条; 鲁迅日记 1933年8月1日; 鲁迅日记 1933年8月2日; 鲁迅日记 1934年1月18日; 鲁迅日记 1934年1月7日; 鲁迅日记 1934年3月18日; 鲁迅日记 1934年4月14日; 鲁迅日记 1934年4月15日; 鲁迅日记 1934年4月9日; 鲁迅日记 1934年5月4日; 鲁迅日记 1934年5月5日; 鲁迅日记 1934年5月9日; 鲁迅日记 1934年8月29日,,1928年月间，鲁迅与林语堂有频繁书信往来，涉及收信、寄信,1928年月间，鲁迅与林语堂有频繁书信往来，涉及收信、寄信,associated,A,pending,由 person_relations 迁移生成，未经人工审核；仅表示来源关联，不断言支持强度。
RELE-00688,REL-00097,SRC-0500,鲁迅日记 1928年11月24日; 鲁迅日记 1928年11月26日; 鲁迅日记 1929年1月24日; 鲁迅日记 1929年3月6日; 鲁迅日记 1933年2月16日; 鲁迅日记 1933年2月19日; 鲁迅日记 1933年2月21日; 鲁迅日记 1933年3月28日; 鲁迅日记 1933年3月5日; 鲁迅日记 1933年4月30日; 鲁迅日记 1933年5月10日; 鲁迅日记 1933年5月19日; 鲁迅日记 1933年6月20日 等4条; 鲁迅日记 1933年6月6日; 鲁迅日记 1933年6月8日; 鲁迅日记 1933年8月16日 等5条; 鲁迅日记 1933年8月1日; 鲁迅日记 1933年8月2日; 鲁迅日记 1934年1月18日; 鲁迅日记 1934年1月7日; 鲁迅日记 1934年3月18日; 鲁迅日记 1934年4月14日; 鲁迅日记 1934年4月15日; 鲁迅日记 1934年4月9日; 鲁迅日记 1934年5月4日; 鲁迅日记 1934年5月5日; 鲁迅日记 1934年5月9日; 鲁迅日记 1934年8月29日,,1928年月间，鲁迅与林语堂有频繁书信往来，涉及收信、寄信,1928年月间，鲁迅与林语堂有频繁书信往来，涉及收信、寄信,associated,A,pending,由 person_relations 迁移生成，未经人工审核；仅表示来源关联，不断言支持强度。
RELE-00689,REL-00097,SRC-0501,鲁迅日记 1928年11月24日; 鲁迅日记 1928年11月26日; 鲁迅日记 1929年1月24日; 鲁迅日记 1929年3月6日; 鲁迅日记 1933年2月16日; 鲁迅日记 1933年2月19日; 鲁迅日记 1933年2月21日; 鲁迅日记 1933年3月28日; 鲁迅日记 1933年3月5日; 鲁迅日记 1933年4月30日; 鲁迅日记 1933年5月10日; 鲁迅日记 1933年5月19日; 鲁迅日记 1933年6月20日 等4条; 鲁迅日记 1933年6月6日; 鲁迅日记 1933年6月8日; 鲁迅日记 1933年8月16日 等5条; 鲁迅日记 1933年8月1日; 鲁迅日记 1933年8月2日; 鲁迅日记 1934年1月18日; 鲁迅日记 1934年1月7日; 鲁迅日记 1934年3月18日; 鲁迅日记 1934年4月14日; 鲁迅日记 1934年4月15日; 鲁迅日记 1934年4月9日; 鲁迅日记 1934年5月4日; 鲁迅日记 1934年5月5日; 鲁迅日记 1934年5月9日; 鲁迅日记 1934年8月29日,,1928年月间，鲁迅与林语堂有频繁书信往来，涉及收信、寄信,1928年月间，鲁迅与林语堂有频繁书信往来，涉及收信、寄信,associated,A,pending,由 person_relations 迁移生成，未经人工审核；仅表示来源关联，不断言支持强度。
RELE-00690,REL-00097,SRC-0502,鲁迅日记 1928年11月24日; 鲁迅日记 1928年11月26日; 鲁迅日记 1929年1月24日; 鲁迅日记 1929年3月6日; 鲁迅日记 1933年2月16日; 鲁迅日记 1933年2月19日; 鲁迅日记 1933年2月21日; 鲁迅日记 1933年3月28日; 鲁迅日记 1933年3月5日; 鲁迅日记 1933年4月30日; 鲁迅日记 1933年5月10日; 鲁迅日记 1933年5月19日; 鲁迅日记 1933年6月20日 等4条; 鲁迅日记 1933年6月6日; 鲁迅日记 1933年6月8日; 鲁迅日记 1933年8月16日 等5条; 鲁迅日记 1933年8月1日; 鲁迅日记 1933年8月2日; 鲁迅日记 1934年1月18日; 鲁迅日记 1934年1月7日; 鲁迅日记 1934年3月18日; 鲁迅日记 1934年4月14日; 鲁迅日记 1934年4月15日; 鲁迅日记 1934年4月9日; 鲁迅日记 1934年5月4日; 鲁迅日记 1934年5月5日; 鲁迅日记 1934年5月9日; 鲁迅日记 1934年8月29日,,1928年月间，鲁迅与林语堂有频繁书信往来，涉及收信、寄信,1928年月间，鲁迅与林语堂有频繁书信往来，涉及收信、寄信,associated,A,pending,由 person_relations 迁移生成，未经人工审核；仅表示来源关联，不断言支持强度。
RELE-00691,REL-00097,SRC-0503,鲁迅日记 1928年11月24日; 鲁迅日记 1928年11月26日; 鲁迅日记 1929年1月24日; 鲁迅日记 1929年3月6日; 鲁迅日记 1933年2月16日; 鲁迅日记 1933年2月19日; 鲁迅日记 1933年2月21日; 鲁迅日记 1933年3月28日; 鲁迅日记 1933年3月5日; 鲁迅日记 1933年4月30日; 鲁迅日记 1933年5月10日; 鲁迅日记 1933年5月19日; 鲁迅日记 1933年6月20日 等4条; 鲁迅日记 1933年6月6日; 鲁迅日记 1933年6月8日; 鲁迅日记 1933年8月16日 等5条; 鲁迅日记 1933年8月1日; 鲁迅日记 1933年8月2日; 鲁迅日记 1934年1月18日; 鲁迅日记 1934年1月7日; 鲁迅日记 1934年3月18日; 鲁迅日记 1934年4月14日; 鲁迅日记 1934年4月15日; 鲁迅日记 1934年4月9日; 鲁迅日记 1934年5月4日; 鲁迅日记 1934年5月5日; 鲁迅日记 1934年5月9日; 鲁迅日记 1934年8月29日,,1928年月间，鲁迅与林语堂有频繁书信往来，涉及收信、寄信,1928年月间，鲁迅与林语堂有频繁书信往来，涉及收信、寄信,associated,A,pending,由 person_relations 迁移生成，未经人工审核；仅表示来源关联，不断言支持强度。
RELE-00692,REL-00097,SRC-0504,鲁迅日记 1928年11月24日; 鲁迅日记 1928年11月26日; 鲁迅日记 1929年1月24日; 鲁迅日记 1929年3月6日; 鲁迅日记 1933年2月16日; 鲁迅日记 1933年2月19日; 鲁迅日记 1933年2月21日; 鲁迅日记 1933年3月28日; 鲁迅日记 1933年3月5日; 鲁迅日记 1933年4月30日; 鲁迅日记 1933年5月10日; 鲁迅日记 1933年5月19日; 鲁迅日记 1933年6月20日 等4条; 鲁迅日记 1933年6月6日; 鲁迅日记 1933年6月8日; 鲁迅日记 1933年8月16日 等5条; 鲁迅日记 1933年8月1日; 鲁迅日记 1933年8月2日; 鲁迅日记 1934年1月18日; 鲁迅日记 1934年1月7日; 鲁迅日记 1934年3月18日; 鲁迅日记 1934年4月14日; 鲁迅日记 1934年4月15日; 鲁迅日记 1934年4月9日; 鲁迅日记 1934年5月4日; 鲁迅日记 1934年5月5日; 鲁迅日记 1934年5月9日; 鲁迅日记 1934年8月29日,,1928年月间，鲁迅与林语堂有频繁书信往来，涉及收信、寄信,1928年月间，鲁迅与林语堂有频繁书信往来，涉及收信、寄信,associated,A,pending,由 person_relations 迁移生成，未经人工审核；仅表示来源关联，不断言支持强度。
RELE-00693,REL-00097,SRC-0505,鲁迅日记 1928年11月24日; 鲁迅日记 1928年11月26日; 鲁迅日记 1929年1月24日; 鲁迅日记 1929年3月6日; 鲁迅日记 1933年2月16日; 鲁迅日记 1933年2月19日; 鲁迅日记 1933年2月21日; 鲁迅日记 1933年3月28日; 鲁迅日记 1933年3月5日; 鲁迅日记 1933年4月30日; 鲁迅日记 1933年5月10日; 鲁迅日记 1933年5月19日; 鲁迅日记 1933年6月20日 等4条; 鲁迅日记 1933年6月6日; 鲁迅日记 1933年6月8日; 鲁迅日记 1933年8月16日 等5条; 鲁迅日记 1933年8月1日; 鲁迅日记 1933年8月2日; 鲁迅日记 1934年1月18日; 鲁迅日记 1934年1月7日; 鲁迅日记 1934年3月18日; 鲁迅日记 1934年4月14日; 鲁迅日记 1934年4月15日; 鲁迅日记 1934年4月9日; 鲁迅日记 1934年5月4日; 鲁迅日记 1934年5月5日; 鲁迅日记 1934年5月9日; 鲁迅日记 1934年8月29日,,1928年月间，鲁迅与林语堂有频繁书信往来，涉及收信、寄信,1928年月间，鲁迅与林语堂有频繁书信往来，涉及收信、寄信,associated,A,pending,由 person_relations 迁移生成，未经人工审核；仅表示来源关联，不断言支持强度。
RELE-00694,REL-00097,SRC-0506,鲁迅日记 1928年11月24日; 鲁迅日记 1928年11月26日; 鲁迅日记 1929年1月24日; 鲁迅日记 1929年3月6日; 鲁迅日记 1933年2月16日; 鲁迅日记 1933年2月19日; 鲁迅日记 1933年2月21日; 鲁迅日记 1933年3月28日; 鲁迅日记 1933年3月5日; 鲁迅日记 1933年4月30日; 鲁迅日记 1933年5月10日; 鲁迅日记 1933年5月19日; 鲁迅日记 1933年6月20日 等4条; 鲁迅日记 1933年6月6日; 鲁迅日记 1933年6月8日; 鲁迅日记 1933年8月16日 等5条; 鲁迅日记 1933年8月1日; 鲁迅日记 1933年8月2日; 鲁迅日记 1934年1月18日; 鲁迅日记 1934年1月7日; 鲁迅日记 1934年3月18日; 鲁迅日记 1934年4月14日; 鲁迅日记 1934年4月15日; 鲁迅日记 1934年4月9日; 鲁迅日记 1934年5月4日; 鲁迅日记 1934年5月5日; 鲁迅日记 1934年5月9日; 鲁迅日记 1934年8月29日,,1928年月间，鲁迅与林语堂有频繁书信往来，涉及收信、寄信,1928年月间，鲁迅与林语堂有频繁书信往来，涉及收信、寄信,associated,A,pending,由 person_relations 迁移生成，未经人工审核；仅表示来源关联，不断言支持强度。
RELE-00695,REL-00097,SRC-0507,鲁迅日记 1928年11月24日; 鲁迅日记 1928年11月26日; 鲁迅日记 1929年1月24日; 鲁迅日记 1929年3月6日; 鲁迅日记 1933年2月16日; 鲁迅日记 1933年2月19日; 鲁迅日记 1933年2月21日; 鲁迅日记 1933年3月28日; 鲁迅日记 1933年3月5日; 鲁迅日记 1933年4月30日; 鲁迅日记 1933年5月10日; 鲁迅日记 1933年5月19日; 鲁迅日记 1933年6月20日 等4条; 鲁迅日记 1933年6月6日; 鲁迅日记 1933年6月8日; 鲁迅日记 1933年8月16日 等5条; 鲁迅日记 1933年8月1日; 鲁迅日记 1933年8月2日; 鲁迅日记 1934年1月18日; 鲁迅日记 1934年1月7日; 鲁迅日记 1934年3月18日; 鲁迅日记 1934年4月14日; 鲁迅日记 1934年4月15日; 鲁迅日记 1934年4月9日; 鲁迅日记 1934年5月4日; 鲁迅日记 1934年5月5日; 鲁迅日记 1934年5月9日; 鲁迅日记 1934年8月29日,,1928年月间，鲁迅与林语堂有频繁书信往来，涉及收信、寄信,1928年月间，鲁迅与林语堂有频繁书信往来，涉及收信、寄信,associated,A,pending,由 person_relations 迁移生成，未经人工审核；仅表示来源关联，不断言支持强度。
RELE-00696,REL-00097,SRC-0508,鲁迅日记 1928年11月24日; 鲁迅日记 1928年11月26日; 鲁迅日记 1929年1月24日; 鲁迅日记 1929年3月6日; 鲁迅日记 1933年2月16日; 鲁迅日记 1933年2月19日; 鲁迅日记 1933年2月21日; 鲁迅日记 1933年3月28日; 鲁迅日记 1933年3月5日; 鲁迅日记 1933年4月30日; 鲁迅日记 1933年5月10日; 鲁迅日记 1933年5月19日; 鲁迅日记 1933年6月20日 等4条; 鲁迅日记 1933年6月6日; 鲁迅日记 1933年6月8日; 鲁迅日记 1933年8月16日 等5条; 鲁迅日记 1933年8月1日; 鲁迅日记 1933年8月2日; 鲁迅日记 1934年1月18日; 鲁迅日记 1934年1月7日; 鲁迅日记 1934年3月18日; 鲁迅日记 1934年4月14日; 鲁迅日记 1934年4月15日; 鲁迅日记 1934年4月9日; 鲁迅日记 1934年5月4日; 鲁迅日记 1934年5月5日; 鲁迅日记 1934年5月9日; 鲁迅日记 1934年8月29日,,1928年月间，鲁迅与林语堂有频繁书信往来，涉及收信、寄信,1928年月间，鲁迅与林语堂有频繁书信往来，涉及收信、寄信,associated,A,pending,由 person_relations 迁移生成，未经人工审核；仅表示来源关联，不断言支持强度。
RELE-00697,REL-00097,SRC-0509,鲁迅日记 1928年11月24日; 鲁迅日记 1928年11月26日; 鲁迅日记 1929年1月24日; 鲁迅日记 1929年3月6日; 鲁迅日记 1933年2月16日; 鲁迅日记 1933年2月19日; 鲁迅日记 1933年2月21日; 鲁迅日记 1933年3月28日; 鲁迅日记 1933年3月5日; 鲁迅日记 1933年4月30日; 鲁迅日记 1933年5月10日; 鲁迅日记 1933年5月19日; 鲁迅日记 1933年6月20日 等4条; 鲁迅日记 1933年6月6日; 鲁迅日记 1933年6月8日; 鲁迅日记 1933年8月16日 等5条; 鲁迅日记 1933年8月1日; 鲁迅日记 1933年8月2日; 鲁迅日记 1934年1月18日; 鲁迅日记 1934年1月7日; 鲁迅日记 1934年3月18日; 鲁迅日记 1934年4月14日; 鲁迅日记 1934年4月15日; 鲁迅日记 1934年4月9日; 鲁迅日记 1934年5月4日; 鲁迅日记 1934年5月5日; 鲁迅日记 1934年5月9日; 鲁迅日记 1934年8月29日,,1928年月间，鲁迅与林语堂有频繁书信往来，涉及收信、寄信,1928年月间，鲁迅与林语堂有频繁书信往来，涉及收信、寄信,associated,A,pending,由 person_relations 迁移生成，未经人工审核；仅表示来源关联，不断言支持强度。
RELE-00698,REL-00097,SRC-0510,鲁迅日记 1928年11月24日; 鲁迅日记 1928年11月26日; 鲁迅日记 1929年1月24日; 鲁迅日记 1929年3月6日; 鲁迅日记 1933年2月16日; 鲁迅日记 1933年2月19日; 鲁迅日记 1933年2月21日; 鲁迅日记 1933年3月28日; 鲁迅日记 1933年3月5日; 鲁迅日记 1933年4月30日; 鲁迅日记 1933年5月10日; 鲁迅日记 1933年5月19日; 鲁迅日记 1933年6月20日 等4条; 鲁迅日记 1933年6月6日; 鲁迅日记 1933年6月8日; 鲁迅日记 1933年8月16日 等5条; 鲁迅日记 1933年8月1日; 鲁迅日记 1933年8月2日; 鲁迅日记 1934年1月18日; 鲁迅日记 1934年1月7日; 鲁迅日记 1934年3月18日; 鲁迅日记 1934年4月14日; 鲁迅日记 1934年4月15日; 鲁迅日记 1934年4月9日; 鲁迅日记 1934年5月4日; 鲁迅日记 1934年5月5日; 鲁迅日记 1934年5月9日; 鲁迅日记 1934年8月29日,,1928年月间，鲁迅与林语堂有频繁书信往来，涉及收信、寄信,1928年月间，鲁迅与林语堂有频繁书信往来，涉及收信、寄信,associated,A,pending,由 person_relations 迁移生成，未经人工审核；仅表示来源关联，不断言支持强度。
RELE-00699,REL-00097,SRC-0511,鲁迅日记 1928年11月24日; 鲁迅日记 1928年11月26日; 鲁迅日记 1929年1月24日; 鲁迅日记 1929年3月6日; 鲁迅日记 1933年2月16日; 鲁迅日记 1933年2月19日; 鲁迅日记 1933年2月21日; 鲁迅日记 1933年3月28日; 鲁迅日记 1933年3月5日; 鲁迅日记 1933年4月30日; 鲁迅日记 1933年5月10日; 鲁迅日记 1933年5月19日; 鲁迅日记 1933年6月20日 等4条; 鲁迅日记 1933年6月6日; 鲁迅日记 1933年6月8日; 鲁迅日记 1933年8月16日 等5条; 鲁迅日记 1933年8月1日; 鲁迅日记 1933年8月2日; 鲁迅日记 1934年1月18日; 鲁迅日记 1934年1月7日; 鲁迅日记 1934年3月18日; 鲁迅日记 1934年4月14日; 鲁迅日记 1934年4月15日; 鲁迅日记 1934年4月9日; 鲁迅日记 1934年5月4日; 鲁迅日记 1934年5月5日; 鲁迅日记 1934年5月9日; 鲁迅日记 1934年8月29日,,1928年月间，鲁迅与林语堂有频繁书信往来，涉及收信、寄信,1928年月间，鲁迅与林语堂有频繁书信往来，涉及收信、寄信,associated,A,pending,由 person_relations 迁移生成，未经人工审核；仅表示来源关联，不断言支持强度。
RELE-00700,REL-00097,SRC-0512,鲁迅日记 1928年11月24日; 鲁迅日记 1928年11月26日; 鲁迅日记 1929年1月24日; 鲁迅日记 1929年3月6日; 鲁迅日记 1933年2月16日; 鲁迅日记 1933年2月19日; 鲁迅日记 1933年2月21日; 鲁迅日记 1933年3月28日; 鲁迅日记 1933年3月5日; 鲁迅日记 1933年4月30日; 鲁迅日记 1933年5月10日; 鲁迅日记 1933年5月19日; 鲁迅日记 1933年6月20日 等4条; 鲁迅日记 1933年6月6日; 鲁迅日记 1933年6月8日; 鲁迅日记 1933年8月16日 等5条; 鲁迅日记 1933年8月1日; 鲁迅日记 1933年8月2日; 鲁迅日记 1934年1月18日; 鲁迅日记 1934年1月7日; 鲁迅日记 1934年3月18日; 鲁迅日记 1934年4月14日; 鲁迅日记 1934年4月15日; 鲁迅日记 1934年4月9日; 鲁迅日记 1934年5月4日; 鲁迅日记 1934年5月5日; 鲁迅日记 1934年5月9日; 鲁迅日记 1934年8月29日,,1928年月间，鲁迅与林语堂有频繁书信往来，涉及收信、寄信,1928年月间，鲁迅与林语堂有频繁书信往来，涉及收信、寄信,associated,A,pending,由 person_relations 迁移生成，未经人工审核；仅表示来源关联，不断言支持强度。
RELE-00701,REL-00097,SRC-0513,鲁迅日记 1928年11月24日; 鲁迅日记 1928年11月26日; 鲁迅日记 1929年1月24日; 鲁迅日记 1929年3月6日; 鲁迅日记 1933年2月16日; 鲁迅日记 1933年2月19日; 鲁迅日记 1933年2月21日; 鲁迅日记 1933年3月28日; 鲁迅日记 1933年3月5日; 鲁迅日记 1933年4月30日; 鲁迅日记 1933年5月10日; 鲁迅日记 1933年5月19日; 鲁迅日记 1933年6月20日 等4条; 鲁迅日记 1933年6月6日; 鲁迅日记 1933年6月8日; 鲁迅日记 1933年8月16日 等5条; 鲁迅日记 1933年8月1日; 鲁迅日记 1933年8月2日; 鲁迅日记 1934年1月18日; 鲁迅日记 1934年1月7日; 鲁迅日记 1934年3月18日; 鲁迅日记 1934年4月14日; 鲁迅日记 1934年4月15日; 鲁迅日记 1934年4月9日; 鲁迅日记 1934年5月4日; 鲁迅日记 1934年5月5日; 鲁迅日记 1934年5月9日; 鲁迅日记 1934年8月29日,,1928年月间，鲁迅与林语堂有频繁书信往来，涉及收信、寄信,1928年月间，鲁迅与林语堂有频繁书信往来，涉及收信、寄信,associated,A,pending,由 person_relations 迁移生成，未经人工审核；仅表示来源关联，不断言支持强度。
RELE-00702,REL-00097,SRC-0514,鲁迅日记 1928年11月24日; 鲁迅日记 1928年11月26日; 鲁迅日记 1929年1月24日; 鲁迅日记 1929年3月6日; 鲁迅日记 1933年2月16日; 鲁迅日记 1933年2月19日; 鲁迅日记 1933年2月21日; 鲁迅日记 1933年3月28日; 鲁迅日记 1933年3月5日; 鲁迅日记 1933年4月30日; 鲁迅日记 1933年5月10日; 鲁迅日记 1933年5月19日; 鲁迅日记 1933年6月20日 等4条; 鲁迅日记 1933年6月6日; 鲁迅日记 1933年6月8日; 鲁迅日记 1933年8月16日 等5条; 鲁迅日记 1933年8月1日; 鲁迅日记 1933年8月2日; 鲁迅日记 1934年1月18日; 鲁迅日记 1934年1月7日; 鲁迅日记 1934年3月18日; 鲁迅日记 1934年4月14日; 鲁迅日记 1934年4月15日; 鲁迅日记 1934年4月9日; 鲁迅日记 1934年5月4日; 鲁迅日记 1934年5月5日; 鲁迅日记 1934年5月9日; 鲁迅日记 1934年8月29日,,1928年月间，鲁迅与林语堂有频繁书信往来，涉及收信、寄信,1928年月间，鲁迅与林语堂有频繁书信往来，涉及收信、寄信,associated,A,pending,由 person_relations 迁移生成，未经人工审核；仅表示来源关联，不断言支持强度。
RELE-00703,REL-00097,SRC-0515,鲁迅日记 1928年11月24日; 鲁迅日记 1928年11月26日; 鲁迅日记 1929年1月24日; 鲁迅日记 1929年3月6日; 鲁迅日记 1933年2月16日; 鲁迅日记 1933年2月19日; 鲁迅日记 1933年2月21日; 鲁迅日记 1933年3月28日; 鲁迅日记 1933年3月5日; 鲁迅日记 1933年4月30日; 鲁迅日记 1933年5月10日; 鲁迅日记 1933年5月19日; 鲁迅日记 1933年6月20日 等4条; 鲁迅日记 1933年6月6日; 鲁迅日记 1933年6月8日; 鲁迅日记 1933年8月16日 等5条; 鲁迅日记 1933年8月1日; 鲁迅日记 1933年8月2日; 鲁迅日记 1934年1月18日; 鲁迅日记 1934年1月7日; 鲁迅日记 1934年3月18日; 鲁迅日记 1934年4月14日; 鲁迅日记 1934年4月15日; 鲁迅日记 1934年4月9日; 鲁迅日记 1934年5月4日; 鲁迅日记 1934年5月5日; 鲁迅日记 1934年5月9日; 鲁迅日记 1934年8月29日,,1928年月间，鲁迅与林语堂有频繁书信往来，涉及收信、寄信,1928年月间，鲁迅与林语堂有频繁书信往来，涉及收信、寄信,associated,A,pending,由 person_relations 迁移生成，未经人工审核；仅表示来源关联，不断言支持强度。
RELE-00704,REL-00097,SRC-0516,鲁迅日记 1928年11月24日; 鲁迅日记 1928年11月26日; 鲁迅日记 1929年1月24日; 鲁迅日记 1929年3月6日; 鲁迅日记 1933年2月16日; 鲁迅日记 1933年2月19日; 鲁迅日记 1933年2月21日; 鲁迅日记 1933年3月28日; 鲁迅日记 1933年3月5日; 鲁迅日记 1933年4月30日; 鲁迅日记 1933年5月10日; 鲁迅日记 1933年5月19日; 鲁迅日记 1933年6月20日 等4条; 鲁迅日记 1933年6月6日; 鲁迅日记 1933年6月8日; 鲁迅日记 1933年8月16日 等5条; 鲁迅日记 1933年8月1日; 鲁迅日记 1933年8月2日; 鲁迅日记 1934年1月18日; 鲁迅日记 1934年1月7日; 鲁迅日记 1934年3月18日; 鲁迅日记 1934年4月14日; 鲁迅日记 1934年4月15日; 鲁迅日记 1934年4月9日; 鲁迅日记 1934年5月4日; 鲁迅日记 1934年5月5日; 鲁迅日记 1934年5月9日; 鲁迅日记 1934年8月29日,,1928年月间，鲁迅与林语堂有频繁书信往来，涉及收信、寄信,1928年月间，鲁迅与林语堂有频繁书信往来，涉及收信、寄信,associated,A,pending,由 person_relations 迁移生成，未经人工审核；仅表示来源关联，不断言支持强度。
RELE-00705,REL-00097,SRC-0517,鲁迅日记 1928年11月24日; 鲁迅日记 1928年11月26日; 鲁迅日记 1929年1月24日; 鲁迅日记 1929年3月6日; 鲁迅日记 1933年2月16日; 鲁迅日记 1933年2月19日; 鲁迅日记 1933年2月21日; 鲁迅日记 1933年3月28日; 鲁迅日记 1933年3月5日; 鲁迅日记 1933年4月30日; 鲁迅日记 1933年5月10日; 鲁迅日记 1933年5月19日; 鲁迅日记 1933年6月20日 等4条; 鲁迅日记 1933年6月6日; 鲁迅日记 1933年6月8日; 鲁迅日记 1933年8月16日 等5条; 鲁迅日记 1933年8月1日; 鲁迅日记 1933年8月2日; 鲁迅日记 1934年1月18日; 鲁迅日记 1934年1月7日; 鲁迅日记 1934年3月18日; 鲁迅日记 1934年4月14日; 鲁迅日记 1934年4月15日; 鲁迅日记 1934年4月9日; 鲁迅日记 1934年5月4日; 鲁迅日记 1934年5月5日; 鲁迅日记 1934年5月9日; 鲁迅日记 1934年8月29日,,1928年月间，鲁迅与林语堂有频繁书信往来，涉及收信、寄信,1928年月间，鲁迅与林语堂有频繁书信往来，涉及收信、寄信,associated,A,pending,由 person_relations 迁移生成，未经人工审核；仅表示来源关联，不断言支持强度。
RELE-00706,REL-00097,SRC-0518,鲁迅日记 1928年11月24日; 鲁迅日记 1928年11月26日; 鲁迅日记 1929年1月24日; 鲁迅日记 1929年3月6日; 鲁迅日记 1933年2月16日; 鲁迅日记 1933年2月19日; 鲁迅日记 1933年2月21日; 鲁迅日记 1933年3月28日; 鲁迅日记 1933年3月5日; 鲁迅日记 1933年4月30日; 鲁迅日记 1933年5月10日; 鲁迅日记 1933年5月19日; 鲁迅日记 1933年6月20日 等4条; 鲁迅日记 1933年6月6日; 鲁迅日记 1933年6月8日; 鲁迅日记 1933年8月16日 等5条; 鲁迅日记 1933年8月1日; 鲁迅日记 1933年8月2日; 鲁迅日记 1934年1月18日; 鲁迅日记 1934年1月7日; 鲁迅日记 1934年3月18日; 鲁迅日记 1934年4月14日; 鲁迅日记 1934年4月15日; 鲁迅日记 1934年4月9日; 鲁迅日记 1934年5月4日; 鲁迅日记 1934年5月5日; 鲁迅日记 1934年5月9日; 鲁迅日记 1934年8月29日,,1928年月间，鲁迅与林语堂有频繁书信往来，涉及收信、寄信,1928年月间，鲁迅与林语堂有频繁书信往来，涉及收信、寄信,associated,A,pending,由 person_relations 迁移生成，未经人工审核；仅表示来源关联，不断言支持强度。
RELE-00707,REL-00097,SRC-0519,鲁迅日记 1928年11月24日; 鲁迅日记 1928年11月26日; 鲁迅日记 1929年1月24日; 鲁迅日记 1929年3月6日; 鲁迅日记 1933年2月16日; 鲁迅日记 1933年2月19日; 鲁迅日记 1933年2月21日; 鲁迅日记 1933年3月28日; 鲁迅日记 1933年3月5日; 鲁迅日记 1933年4月30日; 鲁迅日记 1933年5月10日; 鲁迅日记 1933年5月19日; 鲁迅日记 1933年6月20日 等4条; 鲁迅日记 1933年6月6日; 鲁迅日记 1933年6月8日; 鲁迅日记 1933年8月16日 等5条; 鲁迅日记 1933年8月1日; 鲁迅日记 1933年8月2日; 鲁迅日记 1934年1月18日; 鲁迅日记 1934年1月7日; 鲁迅日记 1934年3月18日; 鲁迅日记 1934年4月14日; 鲁迅日记 1934年4月15日; 鲁迅日记 1934年4月9日; 鲁迅日记 1934年5月4日; 鲁迅日记 1934年5月5日; 鲁迅日记 1934年5月9日; 鲁迅日记 1934年8月29日,,1928年月间，鲁迅与林语堂有频繁书信往来，涉及收信、寄信,1928年月间，鲁迅与林语堂有频繁书信往来，涉及收信、寄信,associated,A,pending,由 person_relations 迁移生成，未经人工审核；仅表示来源关联，不断言支持强度。
RELE-00708,REL-00097,SRC-0520,鲁迅日记 1928年11月24日; 鲁迅日记 1928年11月26日; 鲁迅日记 1929年1月24日; 鲁迅日记 1929年3月6日; 鲁迅日记 1933年2月16日; 鲁迅日记 1933年2月19日; 鲁迅日记 1933年2月21日; 鲁迅日记 1933年3月28日; 鲁迅日记 1933年3月5日; 鲁迅日记 1933年4月30日; 鲁迅日记 1933年5月10日; 鲁迅日记 1933年5月19日; 鲁迅日记 1933年6月20日 等4条; 鲁迅日记 1933年6月6日; 鲁迅日记 1933年6月8日; 鲁迅日记 1933年8月16日 等5条; 鲁迅日记 1933年8月1日; 鲁迅日记 1933年8月2日; 鲁迅日记 1934年1月18日; 鲁迅日记 1934年1月7日; 鲁迅日记 1934年3月18日; 鲁迅日记 1934年4月14日; 鲁迅日记 1934年4月15日; 鲁迅日记 1934年4月9日; 鲁迅日记 1934年5月4日; 鲁迅日记 1934年5月5日; 鲁迅日记 1934年5月9日; 鲁迅日记 1934年8月29日,,1928年月间，鲁迅与林语堂有频繁书信往来，涉及收信、寄信,1928年月间，鲁迅与林语堂有频繁书信往来，涉及收信、寄信,associated,A,pending,由 person_relations 迁移生成，未经人工审核；仅表示来源关联，不断言支持强度。
RELE-02351,REL-00622,SRC-0779,左联史 第504页,,"日下午去内山书店见面,葛琴约了邵荃麟、周起应(周扬)、魏猛克几位友人一同去","日下午去内山书店见面,葛琴约了邵荃麟、周起应(周扬)、魏猛克几位友人一同去",associated,B,pending,由 person_relations 迁移生成，未经人工审核；仅表示来源关联，不断言支持强度。
RELE-04309,REL-01368,SRC-0054,左联词典 第132页; 左联词典 第163页; 左联词典 第204页; 左联词典 第291页; 左联词典 第480页,,"抗议书,不仁又发表鲁迅、茅盾、郁达夫、叶绍钧、陈望道、洪深、杜衡、田汉、丁玲等位; 办者。年月,标鲁迅、郁达夫、郑伯奇等共人联名发裕《中国自由运动大同盟宣音》,“坚欧为自由而斗争“。合年月日出席中国左翼作家联盟成工大会,并继鲁; 多膑二被日本反动派杀害,5月,郁达夫、苟眉、叶绍钓、陈望道、洪深、杜衡、鲁迅、田汉、丁玲","抗议书,不仁又发表鲁迅、茅盾、郁达夫、叶绍钧、陈望道、洪深、杜衡、田汉、丁玲等位; 办者。年月,标鲁迅、郁达夫、郑伯奇等共人联名发裕《中国自由运动大同盟宣音》,“坚欧为自由而斗争“。合年月日出席中国左翼作家联盟成工大会,并继鲁; 多膑二被日本反动派杀害,5月,郁达夫、苟眉、叶绍钓、陈望道、洪深、杜衡、鲁迅、田汉、丁玲",associated,B,pending,由 person_relations 迁移生成，未经人工审核；仅表示来源关联，不断言支持强度。
RELE-04310,REL-01368,SRC-0056,左联词典 第132页; 左联词典 第163页; 左联词典 第204页; 左联词典 第291页; 左联词典 第480页,,"抗议书,不仁又发表鲁迅、茅盾、郁达夫、叶绍钧、陈望道、洪深、杜衡、田汉、丁玲等位; 办者。年月,标鲁迅、郁达夫、郑伯奇等共人联名发裕《中国自由运动大同盟宣音》,“坚欧为自由而斗争“。合年月日出席中国左翼作家联盟成工大会,并继鲁; 多膑二被日本反动派杀害,5月,郁达夫、苟眉、叶绍钓、陈望道、洪深、杜衡、鲁迅、田汉、丁玲","抗议书,不仁又发表鲁迅、茅盾、郁达夫、叶绍钧、陈望道、洪深、杜衡、田汉、丁玲等位; 办者。年月,标鲁迅、郁达夫、郑伯奇等共人联名发裕《中国自由运动大同盟宣音》,“坚欧为自由而斗争“。合年月日出席中国左翼作家联盟成工大会,并继鲁; 多膑二被日本反动派杀害,5月,郁达夫、苟眉、叶绍钓、陈望道、洪深、杜衡、鲁迅、田汉、丁玲",associated,B,pending,由 person_relations 迁移生成，未经人工审核；仅表示来源关联，不断言支持强度。
RELE-04311,REL-01368,SRC-0154,左联词典 第132页; 左联词典 第163页; 左联词典 第204页; 左联词典 第291页; 左联词典 第480页,,"抗议书,不仁又发表鲁迅、茅盾、郁达夫、叶绍钧、陈望道、洪深、杜衡、田汉、丁玲等位; 办者。年月,标鲁迅、郁达夫、郑伯奇等共人联名发裕《中国自由运动大同盟宣音》,“坚欧为自由而斗争“。合年月日出席中国左翼作家联盟成工大会,并继鲁; 多膑二被日本反动派杀害,5月,郁达夫、苟眉、叶绍钓、陈望道、洪深、杜衡、鲁迅、田汉、丁玲","抗议书,不仁又发表鲁迅、茅盾、郁达夫、叶绍钧、陈望道、洪深、杜衡、田汉、丁玲等位; 办者。年月,标鲁迅、郁达夫、郑伯奇等共人联名发裕《中国自由运动大同盟宣音》,“坚欧为自由而斗争“。合年月日出席中国左翼作家联盟成工大会,并继鲁; 多膑二被日本反动派杀害,5月,郁达夫、苟眉、叶绍钓、陈望道、洪深、杜衡、鲁迅、田汉、丁玲",associated,B,pending,由 person_relations 迁移生成，未经人工审核；仅表示来源关联，不断言支持强度。
RELE-04312,REL-01368,SRC-0590,左联词典 第132页; 左联词典 第163页; 左联词典 第204页; 左联词典 第291页; 左联词典 第480页,,"抗议书,不仁又发表鲁迅、茅盾、郁达夫、叶绍钧、陈望道、洪深、杜衡、田汉、丁玲等位; 办者。年月,标鲁迅、郁达夫、郑伯奇等共人联名发裕《中国自由运动大同盟宣音》,“坚欧为自由而斗争“。合年月日出席中国左翼作家联盟成工大会,并继鲁; 多膑二被日本反动派杀害,5月,郁达夫、苟眉、叶绍钓、陈望道、洪深、杜衡、鲁迅、田汉、丁玲","抗议书,不仁又发表鲁迅、茅盾、郁达夫、叶绍钧、陈望道、洪深、杜衡、田汉、丁玲等位; 办者。年月,标鲁迅、郁达夫、郑伯奇等共人联名发裕《中国自由运动大同盟宣音》,“坚欧为自由而斗争“。合年月日出席中国左翼作家联盟成工大会,并继鲁; 多膑二被日本反动派杀害,5月,郁达夫、苟眉、叶绍钓、陈望道、洪深、杜衡、鲁迅、田汉、丁玲",associated,B,pending,由 person_relations 迁移生成，未经人工审核；仅表示来源关联，不断言支持强度。
RELE-04313,REL-01368,SRC-0611,左联词典 第132页; 左联词典 第163页; 左联词典 第204页; 左联词典 第291页; 左联词典 第480页,,"抗议书,不仁又发表鲁迅、茅盾、郁达夫、叶绍钧、陈望道、洪深、杜衡、田汉、丁玲等位; 办者。年月,标鲁迅、郁达夫、郑伯奇等共人联名发裕《中国自由运动大同盟宣音》,“坚欧为自由而斗争“。合年月日出席中国左翼作家联盟成工大会,并继鲁; 多膑二被日本反动派杀害,5月,郁达夫、苟眉、叶绍钓、陈望道、洪深、杜衡、鲁迅、田汉、丁玲","抗议书,不仁又发表鲁迅、茅盾、郁达夫、叶绍钧、陈望道、洪深、杜衡、田汉、丁玲等位; 办者。年月,标鲁迅、郁达夫、郑伯奇等共人联名发裕《中国自由运动大同盟宣音》,“坚欧为自由而斗争“。合年月日出席中国左翼作家联盟成工大会,并继鲁; 多膑二被日本反动派杀害,5月,郁达夫、苟眉、叶绍钓、陈望道、洪深、杜衡、鲁迅、田汉、丁玲",associated,B,pending,由 person_relations 迁移生成，未经人工审核；仅表示来源关联，不断言支持强度。
RELE-08646,REL-03289,SRC-0777,左联词典 第506页,,"典手头字缘起》,鱼迅、郭沫若、茅“方之中、关露、田间等视翼作家眉、周扬、夏征农、周而复、任_邓签名支持推行“","典手头字缘起》,鱼迅、郭沫若、茅“方之中、关露、田间等视翼作家眉、周扬、夏征农、周而复、任_邓签名支持推行“",associated,B,pending,由 person_relations 迁移生成，未经人工审核；仅表示来源关联，不断言支持强度。
RELE-09078,REL-03518,SRC-0700,左联史 第9页; 左联史 第411页; 左联史 第423页; 左联史 第424页; 左联史 第665页,,"家、音乐家则有徐梵澄、蒋牧良、陈白尘、芦棚、萧红、萧军、艾青、臧克家、张庚、盲驯、姚克、旅冈、李兰等;大; 尘无、侯枫、唐瑜、陈沂和柯灵、陈白尘、旅冈、张庚、唐纳、黑婴等人不久又联名; (欧阳山)及旅冈、柯灵、唐纳、张庚等人联名签署,刊登在月日《明星半月刊》第卷第期上。其二是《中国文化界为争取演剧自由宣言》。宣言“反对在任何名义下","家、音乐家则有徐梵澄、蒋牧良、陈白尘、芦棚、萧红、萧军、艾青、臧克家、张庚、盲驯、姚克、旅冈、李兰等;大; 尘无、侯枫、唐瑜、陈沂和柯灵、陈白尘、旅冈、张庚、唐纳、黑婴等人不久又联名; (欧阳山)及旅冈、柯灵、唐纳、张庚等人联名签署,刊登在月日《明星半月刊》第卷第期上。其二是《中国文化界为争取演剧自由宣言》。宣言“反对在任何名义下",associated,B,pending,由 person_relations 迁移生成，未经人工审核；仅表示来源关联，不断言支持强度。
RELE-09079,REL-03518,SRC-0704,左联史 第9页; 左联史 第411页; 左联史 第423页; 左联史 第424页; 左联史 第665页,,"家、音乐家则有徐梵澄、蒋牧良、陈白尘、芦棚、萧红、萧军、艾青、臧克家、张庚、盲驯、姚克、旅冈、李兰等;大; 尘无、侯枫、唐瑜、陈沂和柯灵、陈白尘、旅冈、张庚、唐纳、黑婴等人不久又联名; (欧阳山)及旅冈、柯灵、唐纳、张庚等人联名签署,刊登在月日《明星半月刊》第卷第期上。其二是《中国文化界为争取演剧自由宣言》。宣言“反对在任何名义下","家、音乐家则有徐梵澄、蒋牧良、陈白尘、芦棚、萧红、萧军、艾青、臧克家、张庚、盲驯、姚克、旅冈、李兰等;大; 尘无、侯枫、唐瑜、陈沂和柯灵、陈白尘、旅冈、张庚、唐纳、黑婴等人不久又联名; (欧阳山)及旅冈、柯灵、唐纳、张庚等人联名签署,刊登在月日《明星半月刊》第卷第期上。其二是《中国文化界为争取演剧自由宣言》。宣言“反对在任何名义下",associated,B,pending,由 person_relations 迁移生成，未经人工审核；仅表示来源关联，不断言支持强度。
RELE-09080,REL-03518,SRC-0810,左联史 第9页; 左联史 第411页; 左联史 第423页; 左联史 第424页; 左联史 第665页,,"家、音乐家则有徐梵澄、蒋牧良、陈白尘、芦棚、萧红、萧军、艾青、臧克家、张庚、盲驯、姚克、旅冈、李兰等;大; 尘无、侯枫、唐瑜、陈沂和柯灵、陈白尘、旅冈、张庚、唐纳、黑婴等人不久又联名; (欧阳山)及旅冈、柯灵、唐纳、张庚等人联名签署,刊登在月日《明星半月刊》第卷第期上。其二是《中国文化界为争取演剧自由宣言》。宣言“反对在任何名义下","家、音乐家则有徐梵澄、蒋牧良、陈白尘、芦棚、萧红、萧军、艾青、臧克家、张庚、盲驯、姚克、旅冈、李兰等;大; 尘无、侯枫、唐瑜、陈沂和柯灵、陈白尘、旅冈、张庚、唐纳、黑婴等人不久又联名; (欧阳山)及旅冈、柯灵、唐纳、张庚等人联名签署,刊登在月日《明星半月刊》第卷第期上。其二是《中国文化界为争取演剧自由宣言》。宣言“反对在任何名义下",associated,B,pending,由 person_relations 迁移生成，未经人工审核；仅表示来源关联，不断言支持强度。
RELE-09081,REL-03518,SRC-0826,左联史 第9页; 左联史 第411页; 左联史 第423页; 左联史 第424页; 左联史 第665页,,"家、音乐家则有徐梵澄、蒋牧良、陈白尘、芦棚、萧红、萧军、艾青、臧克家、张庚、盲驯、姚克、旅冈、李兰等;大; 尘无、侯枫、唐瑜、陈沂和柯灵、陈白尘、旅冈、张庚、唐纳、黑婴等人不久又联名; (欧阳山)及旅冈、柯灵、唐纳、张庚等人联名签署,刊登在月日《明星半月刊》第卷第期上。其二是《中国文化界为争取演剧自由宣言》。宣言“反对在任何名义下","家、音乐家则有徐梵澄、蒋牧良、陈白尘、芦棚、萧红、萧军、艾青、臧克家、张庚、盲驯、姚克、旅冈、李兰等;大; 尘无、侯枫、唐瑜、陈沂和柯灵、陈白尘、旅冈、张庚、唐纳、黑婴等人不久又联名; (欧阳山)及旅冈、柯灵、唐纳、张庚等人联名签署,刊登在月日《明星半月刊》第卷第期上。其二是《中国文化界为争取演剧自由宣言》。宣言“反对在任何名义下",associated,B,pending,由 person_relations 迁移生成，未经人工审核；仅表示来源关联，不断言支持强度。
RELE-09082,REL-03518,SRC-0839,左联史 第9页; 左联史 第411页; 左联史 第423页; 左联史 第424页; 左联史 第665页,,"家、音乐家则有徐梵澄、蒋牧良、陈白尘、芦棚、萧红、萧军、艾青、臧克家、张庚、盲驯、姚克、旅冈、李兰等;大; 尘无、侯枫、唐瑜、陈沂和柯灵、陈白尘、旅冈、张庚、唐纳、黑婴等人不久又联名; (欧阳山)及旅冈、柯灵、唐纳、张庚等人联名签署,刊登在月日《明星半月刊》第卷第期上。其二是《中国文化界为争取演剧自由宣言》。宣言“反对在任何名义下","家、音乐家则有徐梵澄、蒋牧良、陈白尘、芦棚、萧红、萧军、艾青、臧克家、张庚、盲驯、姚克、旅冈、李兰等;大; 尘无、侯枫、唐瑜、陈沂和柯灵、陈白尘、旅冈、张庚、唐纳、黑婴等人不久又联名; (欧阳山)及旅冈、柯灵、唐纳、张庚等人联名签署,刊登在月日《明星半月刊》第卷第期上。其二是《中国文化界为争取演剧自由宣言》。宣言“反对在任何名义下",associated,B,pending,由 person_relations 迁移生成，未经人工审核；仅表示来源关联，不断言支持强度。
RELE-10251,REL-00046,SRC-1178,鲁迅日记 1928年7月1日,星期。晴。上午贤桢赠杨梅甚多，午后分赠小峰一筐，即得复并《语丝》。得达夫信。得语堂信。得王任叔信并小说一册。得和清信。,日记直接记录“得王任叔信并小说一册”，且1929年11月10日有“复王任叔信”，通信往来直接可证，支持交游；另有1929年11月9/10日条可复核,星期。晴。上午贤桢赠杨梅甚多，午后分赠小峰一筐，即得复并《语丝》。得达夫信。得语堂信。得王任叔信并小说一册。得和清信。,support,A,reviewed,P5-LANDING-2026-09-28：夜间轮回源核查证据 EVI-N1-F607C451EA92 落地（2026-09-28）。引文逐字复核=verbatim_whitespace_normalized；quote_sha256=6634c305dfabdd12bbee4485be160cda6567844a4fcf4eecd309bc93502d6dee；检索凭据=SRCH-REL-00046；retrieval_status=local_checked；核录时间=2026-09-06T02:55:00；夜间轮介质分级=B；本行 source_level 按 sources.evidence_strength 既有映射取值。分诊理由：日记直接记录“得王任叔信并小说一册”，且1929年11月10日有“复王任叔信”，通信往来直接可证，支持交游；另有1929年11月9/10日条可复核｜授权：用户（会话授权） 2026-09-20 签核路径C 逐字「我都没问题，你自己看着办吧」。｜来源为本批新注册。
RELE-10252,REL-00059,SRC-0183,鲁迅日记 1929年5月20日,晴，风。上午得广平信，十六日发。午后访兼士，未遇。访尹默还草帽。赴中央公园贺李秉中结婚，赠以花绸一丈，遇刘叔雅。下午访凤举、耀辰，未遇。访徐旭生，未遇。寄柔石书四本，三弟转。翟永坤来，未遇。李霁野来，未遇，留赠《不幸者的一群》五本。,日记直接记录“李霁野来，未遇，留赠《不幸者的一群》五本”，实际交往互动直接可证；原类型“时空共现”低估了该证据强度，建议改标交往；另有1929年5月28日条,晴，风。上午得广平信，十六日发。午后访兼士，未遇。访尹默还草帽。赴中央公园贺李秉中结婚，赠以花绸一丈，遇刘叔雅。下午访凤举、耀辰，未遇。访徐旭生，未遇。寄柔石书四本，三弟转。翟永坤来，未遇。李霁野来，未遇，留赠《不幸者的一群》五本。,support,A,reviewed,P5-LANDING-2026-09-28：夜间轮回源核查证据 EVI-N1-27339F769CE1 落地（2026-09-28）。引文逐字复核=verbatim_whitespace_normalized；quote_sha256=d47a2acf035db30b5d38ff1b1b366d699d11fb2a49c54222621e157d2dda8402；检索凭据=SRCH-REL-00059；retrieval_status=local_checked；核录时间=2026-09-06T02:55:00；夜间轮介质分级=B；本行 source_level 按 sources.evidence_strength 既有映射取值。分诊理由：日记直接记录“李霁野来，未遇，留赠《不幸者的一群》五本”，实际交往互动直接可证；原类型“时空共现”低估了该证据强度，建议改标交往；另有1929年5月28日条｜授权：用户（会话授权） 2026-09-20 签核路径C 逐字「我都没问题，你自己看着办吧」。
RELE-10253,REL-00097,SRC-0497,鲁迅日记 1928年11月24日,晴。上午得丛芜信。午有麟来。午后寄语堂信。下午夏洛蒂来。真吾来。往内山书店取《世界美術全集》（23）一本，一元七角；买《露西亜三人集》一本，一元一角。晚同柔石、真吾、三弟及广平往ISIS看电影。,日记直接记录“午后寄语堂信”，与Phase7既有结论一致；通信直接可证,晴。上午得丛芜信。午有麟来。午后寄语堂信。下午夏洛蒂来。真吾来。往内山书店取《世界美術全集》（23）一本，一元七角；买《露西亜三人集》一本，一元一角。晚同柔石、真吾、三弟及广平往ISIS看电影。,support,A,reviewed,P5-LANDING-2026-09-28：夜间轮回源核查证据 EVI-N1-33B2C34FEC67 落地（2026-09-28）。引文逐字复核=verbatim_whitespace_normalized；quote_sha256=e377916156c0bbcb566683e93869ae89490f490f82555c71932bfa187a6998e6；检索凭据=SRCH-REL-00097；retrieval_status=local_checked；核录时间=2026-09-06T02:55:00；夜间轮介质分级=B；本行 source_level 按 sources.evidence_strength 既有映射取值。分诊理由：日记直接记录“午后寄语堂信”，与Phase7既有结论一致；通信直接可证｜授权：用户（会话授权） 2026-09-20 签核路径C 逐字「我都没问题，你自己看着办吧」。
RELE-10266,REL-03289,SRC-0777,左联词典 第506页,"、郭沫若、茅“方之中、关露、田间等视翼作家眉、周扬、夏征农、周而复、任_邓签名支持推行“二头孕“,是门戈、徐椿庸、胡风、艾芜、沙--份重要的历史文献。共出6江、易绀弩、白薇、欧阳山、草_期,明、周文、旨紫、荒煤、登如、",词典506页手头字签名文献叙述中郭沫若与夏征农均出现于签名支持名单，共同联署有据,"、郭沫若、茅“方之中、关露、田间等视翼作家眉、周扬、夏征农、周而复、任_邓签名支持推行“二头孕“,是门戈、徐椿庸、胡风、艾芜、沙--份重要的历史文献。共出6江、易绀弩、白薇、欧阳山、草_期,明、周文、旨紫、荒煤、登如、",support,B,reviewed,P5-LANDING-2026-09-28：夜间轮回源核查证据 EVI-N1-17B0F0DC9ECB 落地（2026-09-28）。引文逐字复核=verbatim_whitespace_normalized；quote_sha256=cbe989067759c4c5bfe0ca8af53fe405e249c3567bc62d13833b6356e4640840；检索凭据=SRCH-REL-03289；retrieval_status=local_checked；核录时间=2026-09-06T04:22:00；夜间轮介质分级=B；本行 source_level 按 sources.evidence_strength 既有映射取值。分诊理由：词典506页手头字签名文献叙述中郭沫若与夏征农均出现于签名支持名单，共同联署有据｜授权：用户（会话授权） 2026-09-20 签核路径C 逐字「我都没问题，你自己看着办吧」。
RELE-10269,REL-03518,SRC-0826,左联史 第411页,"告,甚玑于还“曰解事实、横加轻薄“。为了我国电影事业的健康发展,凌鹤、尤党、尘无、侯枫、唐瑜、陈沂和柯灵、陈白尘、旅冈、张庚、唐纳、黑婴等27人不久又联名发表题为《再为艺华公司进一言》的公开信,再次指出“软伯电影““媚悦少数落后的观众“的致命错误,强调“制作者必须和观众打成一片,根据观众的需要,傀重制作“的创作原则,反对那种“把“便所风光,浴室裸影““也硬说成所谓“民族文化“的谬论,“恳切希望艺华",左联史411页明载凌鹤、尤兢、尘无、侯枫、唐瑜、陈沂和柯灵、陈白尘、旅冈、张庚、唐纳、黑婴等27人联名发表《再为艺华公司进一言》，两人共同联署有直接记载；建议改标签名联署；27人名单,"告,甚玑于还“曰解事实、横加轻薄“。为了我国电影事业的健康发展,凌鹤、尤党、尘无、侯枫、唐瑜、陈沂和柯灵、陈白尘、旅冈、张庚、唐纳、黑婴等27人不久又联名发表题为《再为艺华公司进一言》的公开信,再次指出“软伯电影““媚悦少数落后的观众“的致命错误,强调“制作者必须和观众打成一片,根据观众的需要,傀重制作“的创作原则,反对那种“把“便所风光,浴室裸影““也硬说成所谓“民族文化“的谬论,“恳切希望艺华",support,B,reviewed,P5-LANDING-2026-09-28：夜间轮回源核查证据 EVI-N1-170471D7B6D3 落地（2026-09-28）。引文逐字复核=verbatim_whitespace_normalized；quote_sha256=c22c04d2303bbe2471f364ad4a0d5b3a5668f0c5b962c649068dbd12c9760530；检索凭据=SRCH-REL-03518；retrieval_status=local_checked；核录时间=2026-09-06T05:40:00；夜间轮介质分级=B；本行 source_level 按 sources.evidence_strength 既有映射取值。分诊理由：左联史411页明载凌鹤、尤兢、尘无、侯枫、唐瑜、陈沂和柯灵、陈白尘、旅冈、张庚、唐纳、黑婴等27人联名发表《再为艺华公司进一言》，两人共同联署有直接记载；建议改标签名联署；27人名单｜授权：用户（会话授权） 2026-09-20 签核路径C 逐字「我都没问题，你自己看着办吧」。
RELE-10270,REL-00622,SRC-0779,左联史 第504页,"1933年12月17日,她致函鲁迅先生,请求为她的这部书作序,第二天鲁迅收到来信后立即作复,葛琴收到回信后又去一信,谈有关事宜,19日,鲁迅收到葛琴第二封来信,又立即回信,约请她次日下午去内山书店见面,葛琴约了邵荃麟、周起应(周扬)、魏猛克几位友人一同去内山书店拜访鲁迅,先生邃大家去马路对面一家咖啡店叙谈。",2026-10-08 逐条独立裁决（过（直接进公开层））。夜间轮理由：左联史504页明载葛琴约了邵荃麟、周起应(周扬)、魏猛克几位友人一同去内山书店拜访鲁迅，两人共同行动有直接记载，支持交游,"1933年12月17日,她致函鲁迅先生,请求为她的这部书作序,第二天鲁迅收到来信后立即作复,葛琴收到回信后又去一信,谈有关事宜,19日,鲁迅收到葛琴第二封来信,又立即回信,约请她次日下午去内山书店见面,葛琴约了邵荃麟、周起应(周扬)、魏猛克几位友人一同去内山书店拜访鲁迅,先生邃大家去马路对面一家咖啡店叙谈。",support,B,reviewed,"P5-RECAPTURE-2026-10-08：Phase 5 重捕候选第二批落地（2026-10-08）。候选包行溯源=research/drafts/reports/phase5_quote_recapture_candidates.csv#relation_id=REL-00622（旧证据行 EVI-N1-019ECE8BC018）。逐字复核=verbatim_offset_hit_whitespace_normalized：按 左联史.txt 偏移 [784213,784367)（空白归一）原样取回，quote_sha256=90c2ef6cf4144ae0eef4bbdba95976144778ba679c077ed64aafe50952eb8fe3 自洽；双方佐证门通过（A=周扬;B=邵荃麟）。本行 source_level 按 sources.evidence_strength 既有映射取值（二手→B）。裁决：用户（逐条独立裁决） 2026-10-08 逐条独立裁决，逐字「第一优先REL-00622 和 REL-01368直接过，REL-01891判""证据不足""，REL-01161 成立但不影响公开层」。"
RELE-10272,REL-01368,SRC-0054,左联词典 第132页,"1933年2月,月本革命作家小林多喜二倪遭日本反动派杀害,左联发表抗议书,不仁又发表鲁迅、茅盾、郁达夫、叶绍钧、陈望道、洪深、杜衡、田汉、丁玲等9位左翼作家签署的《为横死之小林遗族募捐启》,声援日木革命。",2026-10-08 逐条独立裁决（过（直接进公开层）；类型更正 交游→签名联署）。夜间轮理由：词典132页明载鲁迅、茅盾、郁达夫、叶绍钧、陈望道、洪深、杜衡、田汉、丁玲等9位左翼作家联名发表《为横死之小林遗族募捐启》，两人共同联署有直接记载；建议改标签名联署；九人名单多页互证,"1933年2月,月本革命作家小林多喜二倪遭日本反动派杀害,左联发表抗议书,不仁又发表鲁迅、茅盾、郁达夫、叶绍钧、陈望道、洪深、杜衡、田汉、丁玲等9位左翼作家签署的《为横死之小林遗族募捐启》,声援日木革命。",support,B,reviewed,"P5-RECAPTURE-2026-10-08：Phase 5 重捕候选第二批落地（2026-10-08）。候选包行溯源=research/drafts/reports/phase5_quote_recapture_candidates.csv#relation_id=REL-01368（旧证据行 EVI-N1-2DAA78BFF14A）。逐字复核=verbatim_offset_hit_whitespace_normalized：按 左联词典.txt 偏移 [61103,61205)（空白归一）原样取回，quote_sha256=eb2da19aaf667de19f8a16c66ddc54646559b88a6e05efc57b5321b8da82c15e 自洽；双方佐证门通过（A=郁达夫;B=陈望道）。本行 source_level 按 sources.evidence_strength 既有映射取值（二手→B）。裁决：用户（逐条独立裁决） 2026-10-08 逐条独立裁决，逐字「第一优先REL-00622 和 REL-01368直接过，REL-01891判""证据不足""，REL-01161 成立但不影响公开层」。本批同步类型更正 交游→签名联署（correction_reason 追加）。"
RELE-10273,REL-00008,SRC-1179,左联史 第477页,"7月下旬,周起应(周扬)陪同鲁迅先生去看望他。",双 Agent 交叉验证裁决（非人工复核）。Codex：周扬陪同鲁迅同往探视，直接共同行动 Opus：周扬陪同鲁迅去看望他人，两人共同行动，构成交游的直接证据,"7月下旬,周起应(周扬)陪同鲁迅先生去看望他。",support,B,reviewed,"P5-SWEEP-BATCH1-2026-10-08：全量扫掠第 1 批落地（2026-10-08），口径=**双 Agent 交叉验证，非人工复核**；裁决者 A=Codex（GPT 系，主 Agent）；裁决者 B=Claude Opus 4.6 (Thinking)（antigravity harness）；双方 blind 裁决（输入不含夜间轮 reason），一致/交集后由本幂等脚本机械落地。落地规则=双 Agent 一致。裁决：Codex=成立，Opus=成立。候选行溯源=research/drafts/reports/sweep_candidates.csv#relation_id=REL-00008（对照表 sweep_batch1_cross_validated.csv）。逐字复核=verbatim_offset_hit_whitespace_normalized：按 左联史.txt 偏移 [736419,736442)（空白归一）原样取回，quote_sha256=a7a5227b9d956af784cc1c660d074b05185ebb2a51e61554369ed637dd0f9dea 自洽；双方佐证门通过（A=鲁迅;B=周扬）。本行 source_level 按 sources.evidence_strength 既有映射取值（二手→B）；来源为本批新注册。授权：用户（授权双 Agent 交叉验证 + 两项规则决定） 2026-10-08，逐字「不用我裁，你和zcode交叉验证裁决吧」「采用保守交集；归并到多数标签：论战→文学论战，交往→交游；同批落地全部 18 条」。"
RELE-10274,REL-00011,SRC-0867,左联史 第16页,"1927年11月9日,郑伯奇、蒋光慈、段可情拜访鲁迅先生,传达了郭沫若的意愿。",双 Agent 交叉验证裁决（非人工复核）。Codex：记载的是当面拜访，非通信 Opus：引文记载的是郑伯奇亲自拜访鲁迅，属面对面交往而非通信,"1927年11月9日,郑伯奇、蒋光慈、段可情拜访鲁迅先生,传达了郭沫若的意愿。",support,B,reviewed,"P5-SWEEP-BATCH1-2026-10-08：全量扫掠第 1 批落地（2026-10-08），口径=**双 Agent 交叉验证，非人工复核**；裁决者 A=Codex（GPT 系，主 Agent）；裁决者 B=Claude Opus 4.6 (Thinking)（antigravity harness）；双方 blind 裁决（输入不含夜间轮 reason），一致/交集后由本幂等脚本机械落地。落地规则=双 Agent 一致。裁决：Codex=类型需改/交游，Opus=类型需改/交往。候选行溯源=research/drafts/reports/sweep_candidates.csv#relation_id=REL-00011（对照表 sweep_batch1_cross_validated.csv）。逐字复核=verbatim_offset_hit_whitespace_normalized：按 左联史.txt 偏移 [13382,13421)（空白归一）原样取回，quote_sha256=b9b43408e0e160bcfb218b02f53000822cc35d6559e73c755e54b4a88cbbc978 自洽；双方佐证门通过（A=鲁迅;B=郑伯奇）。本行 source_level 按 sources.evidence_strength 既有映射取值（二手→B）。类型更正：通信→交游（standard/final 同步，correction_reason 追加）。授权：用户（授权双 Agent 交叉验证 + 两项规则决定） 2026-10-08，逐字「不用我裁，你和zcode交叉验证裁决吧」「采用保守交集；归并到多数标签：论战→文学论战，交往→交游；同批落地全部 18 条」。"
RELE-10275,REL-00012,SRC-0709,左联史 第458页,"同年,文艺界21位不同流派的作家联名发表《文艺界同人为团结御侮与言论自由宣言》,其中有鲁迅、苟盾、郭沫若、郑伯奇、张天翼、洪深等。",双 Agent 交叉验证裁决（非人工复核）。Codex：同一宣言联名签署，非共同创作 Opus：21位作家联名发表宣言，鲁迅与洪深同列签署人，属签名联署而非创作合作,"同年,文艺界21位不同流派的作家联名发表《文艺界同人为团结御侮与言论自由宣言》,其中有鲁迅、苟盾、郭沫若、郑伯奇、张天翼、洪深等。",support,B,reviewed,"P5-SWEEP-BATCH1-2026-10-08：全量扫掠第 1 批落地（2026-10-08），口径=**双 Agent 交叉验证，非人工复核**；裁决者 A=Codex（GPT 系，主 Agent）；裁决者 B=Claude Opus 4.6 (Thinking)（antigravity harness）；双方 blind 裁决（输入不含夜间轮 reason），一致/交集后由本幂等脚本机械落地。落地规则=双 Agent 一致。裁决：Codex=类型需改/签名联署，Opus=类型需改/签名联署。候选行溯源=research/drafts/reports/sweep_candidates.csv#relation_id=REL-00012（对照表 sweep_batch1_cross_validated.csv）。逐字复核=verbatim_offset_hit_whitespace_normalized：按 左联史.txt 偏移 [702954,703019)（空白归一）原样取回，quote_sha256=edbcc78e742520f729ad87fe15f5c9bb6455000af45949fb0535bc395b58ac27 自洽；双方佐证门通过（A=鲁迅;B=洪深）。本行 source_level 按 sources.evidence_strength 既有映射取值（二手→B）。类型更正：创作合作→签名联署（standard/final 同步，correction_reason 追加）。授权：用户（授权双 Agent 交叉验证 + 两项规则决定） 2026-10-08，逐字「不用我裁，你和zcode交叉验证裁决吧」「采用保守交集；归并到多数标签：论战→文学论战，交往→交游；同批落地全部 18 条」。"
RELE-10276,REL-00016,SRC-0774,左联史 第474页,"他和冯乃超一同拜访鲁迅,将左联《理论纲领》及发起人名单等文件送请鲁迅审阅,征求意见。",双 Agent 交叉验证裁决（非人工复核）。Codex：冯乃超同行拜访鲁迅并送文件请审阅 Opus：冯乃超与他人一同拜访鲁迅并送交文件征求意见，直接交游证据,"他和冯乃超一同拜访鲁迅,将左联《理论纲领》及发起人名单等文件送请鲁迅审阅,征求意见。",support,B,reviewed,"P5-SWEEP-BATCH1-2026-10-08：全量扫掠第 1 批落地（2026-10-08），口径=**双 Agent 交叉验证，非人工复核**；裁决者 A=Codex（GPT 系，主 Agent）；裁决者 B=Claude Opus 4.6 (Thinking)（antigravity harness）；双方 blind 裁决（输入不含夜间轮 reason），一致/交集后由本幂等脚本机械落地。落地规则=双 Agent 一致。裁决：Codex=成立，Opus=成立。候选行溯源=research/drafts/reports/sweep_candidates.csv#relation_id=REL-00016（对照表 sweep_batch1_cross_validated.csv）。逐字复核=verbatim_offset_hit_whitespace_normalized：按 左联史.txt 偏移 [730105,730147)（空白归一）原样取回，quote_sha256=8650cc13bb33a7983dc4890775c2b61b9490a6b2f2d19b840e7fb40fb3e22eeb 自洽；双方佐证门通过（A=鲁迅;B=冯乃超）。本行 source_level 按 sources.evidence_strength 既有映射取值（二手→B）。授权：用户（授权双 Agent 交叉验证 + 两项规则决定） 2026-10-08，逐字「不用我裁，你和zcode交叉验证裁决吧」「采用保守交集；归并到多数标签：论战→文学论战，交往→交游；同批落地全部 18 条」。"
RELE-10277,REL-00022,SRC-0874,左联词典 第211页,"会后,柔石、冯铿带领她和马纪纲去闸北景云里拜访鲁迅先生。",双 Agent 交叉验证裁决（非人工复核）。Codex：冯铿同行拜访鲁迅，直接见面 Opus：冯铿亲自带人拜访鲁迅，直接记载两人见面,"会后,柔石、冯铿带领她和马纪纲去闸北景云里拜访鲁迅先生。",support,B,reviewed,"P5-SWEEP-BATCH1-2026-10-08：全量扫掠第 1 批落地（2026-10-08），口径=**双 Agent 交叉验证，非人工复核**；裁决者 A=Codex（GPT 系，主 Agent）；裁决者 B=Claude Opus 4.6 (Thinking)（antigravity harness）；双方 blind 裁决（输入不含夜间轮 reason），一致/交集后由本幂等脚本机械落地。落地规则=双 Agent 一致。裁决：Codex=成立，Opus=成立。候选行溯源=research/drafts/reports/sweep_candidates.csv#relation_id=REL-00022（对照表 sweep_batch1_cross_validated.csv）。逐字复核=verbatim_offset_hit_whitespace_normalized：按 左联词典.txt 偏移 [131095,131123)（空白归一）原样取回，quote_sha256=dc86b2bcb3a1901472e6d0c6fd592edae7f191c32fc92887e4c371841daf65dd 自洽；双方佐证门通过（A=鲁迅;B=冯铿）。本行 source_level 按 sources.evidence_strength 既有映射取值（二手→B）。授权：用户（授权双 Agent 交叉验证 + 两项规则决定） 2026-10-08，逐字「不用我裁，你和zcode交叉验证裁决吧」「采用保守交集；归并到多数标签：论战→文学论战，交往→交游；同批落地全部 18 条」。"
RELE-10278,REL-00025,SRC-0054,左联词典 第132页,"贺词由鲁迅、茅盾、丁玲、曹靖华、洛扬(汞雪峰)、奕如(夏衍),适夷联名签署.",双 Agent 交叉验证裁决（非人工复核）。Codex：同一贺词联名签署，非通信 Opus：贺词由鲁迅、丁玲等联名签署，属签名联署而非通信,"贺词由鲁迅、茅盾、丁玲、曹靖华、洛扬(汞雪峰)、奕如(夏衍),适夷联名签署.",support,B,reviewed,"P5-SWEEP-BATCH1-2026-10-08：全量扫掠第 1 批落地（2026-10-08），口径=**双 Agent 交叉验证，非人工复核**；裁决者 A=Codex（GPT 系，主 Agent）；裁决者 B=Claude Opus 4.6 (Thinking)（antigravity harness）；双方 blind 裁决（输入不含夜间轮 reason），一致/交集后由本幂等脚本机械落地。落地规则=双 Agent 一致。裁决：Codex=类型需改/签名联署，Opus=类型需改/签名联署。候选行溯源=research/drafts/reports/sweep_candidates.csv#relation_id=REL-00025（对照表 sweep_batch1_cross_validated.csv）。逐字复核=verbatim_offset_hit_whitespace_normalized：按 左联词典.txt 偏移 [60999,61037)（空白归一）原样取回，quote_sha256=b75ddb557750af72b6b6d81e3b7328651334dc85d3fd8fa2dbd5f123788140bd 自洽；双方佐证门通过（A=鲁迅;B=丁玲）。本行 source_level 按 sources.evidence_strength 既有映射取值（二手→B）。类型更正：通信→签名联署（standard/final 同步，correction_reason 追加）。授权：用户（授权双 Agent 交叉验证 + 两项规则决定） 2026-10-08，逐字「不用我裁，你和zcode交叉验证裁决吧」「采用保守交集；归并到多数标签：论战→文学论战，交往→交游；同批落地全部 18 条」。"
RELE-10279,REL-00027,SRC-1180,左联史 第543页,"经鲁迅介绍,叶紫成为他们的向导和朋友。",双 Agent 交叉验证裁决（非人工复核）。Codex：鲁迅亲自为叶紫引荐，直接记载鲁迅对叶紫的行为 Opus：鲁迅亲自介绍叶紫，直接记载两人之间的引介行为,"经鲁迅介绍,叶紫成为他们的向导和朋友。",support,B,reviewed,"P5-SWEEP-BATCH1-2026-10-08：全量扫掠第 1 批落地（2026-10-08），口径=**双 Agent 交叉验证，非人工复核**；裁决者 A=Codex（GPT 系，主 Agent）；裁决者 B=Claude Opus 4.6 (Thinking)（antigravity harness）；双方 blind 裁决（输入不含夜间轮 reason），一致/交集后由本幂等脚本机械落地。落地规则=双 Agent 一致。裁决：Codex=成立，Opus=成立。候选行溯源=research/drafts/reports/sweep_candidates.csv#relation_id=REL-00027（对照表 sweep_batch1_cross_validated.csv）。逐字复核=verbatim_offset_hit_whitespace_normalized：按 左联史.txt 偏移 [852436,852455)（空白归一）原样取回，quote_sha256=7c2d391bde1c8bf81d6d00732cd8517520dfd2ad2c42a2398b53d077d039145c 自洽；双方佐证门通过（A=鲁迅;B=叶紫）。本行 source_level 按 sources.evidence_strength 既有映射取值（二手→B）；来源为本批新注册。授权：用户（授权双 Agent 交叉验证 + 两项规则决定） 2026-10-08，逐字「不用我裁，你和zcode交叉验证裁决吧」「采用保守交集；归并到多数标签：论战→文学论战，交往→交游；同批落地全部 18 条」。"
RELE-10280,REL-00029,SRC-0139,左联词典 第155页,"同年11月29日,与沙汀联名致函鲁迅请教写作问题,得先生复信,深受鼓舞,同---时期,因向左联机关刊《北斗》投稿,被吸收参加“《北斗》读书会“。",双 Agent 交叉验证裁决（非人工复核）。Codex：明确记载致函与得复信，应为通信而非交游 Opus：沙汀联名致函鲁迅并获复信，直接记载两人之间的通信交往,"同年11月29日,与沙汀联名致函鲁迅请教写作问题,得先生复信,深受鼓舞,同---时期,因向左联机关刊《北斗》投稿,被吸收参加“《北斗》读书会“。",support,B,reviewed,"P5-SWEEP-BATCH1-2026-10-08：全量扫掠第 1 批落地（2026-10-08），口径=**双 Agent 交叉验证，非人工复核**；裁决者 A=Codex（GPT 系，主 Agent）；裁决者 B=Claude Opus 4.6 (Thinking)（antigravity harness）；双方 blind 裁决（输入不含夜间轮 reason），一致/交集后由本幂等脚本机械落地。落地规则=保守交集（按现类型落地）。裁决：Codex=类型需改/通信，Opus=成立。候选行溯源=research/drafts/reports/sweep_candidates.csv#relation_id=REL-00029（对照表 sweep_batch1_cross_validated.csv）。逐字复核=verbatim_offset_hit_whitespace_normalized：按 左联词典.txt 偏移 [81799,81871)（空白归一）原样取回，quote_sha256=ed0783d767ae925a98fda682b252da3a68c8a65a16a26ab6efa1f4a2d8f25bda 自洽；双方佐证门通过（A=鲁迅;B=沙汀）。本行 source_level 按 sources.evidence_strength 既有映射取值（二手→B）。授权：用户（授权双 Agent 交叉验证 + 两项规则决定） 2026-10-08，逐字「不用我裁，你和zcode交叉验证裁决吧」「采用保守交集；归并到多数标签：论战→文学论战，交往→交游；同批落地全部 18 条」。"
RELE-10281,REL-00032,SRC-0636,左联史 第324页,"女作家萧红描述过她见到的动人一幕:“鲁迅先生的身体不大好,容易伤风,伤风之后,照样要陪客人,回信,校稿子。",双 Agent 交叉验证裁决（非人工复核）。Codex：萧红亲见鲁迅居家待客场景，属直接见闻记载 Opus：萧红亲眼所见鲁迅生活场景并加以描述，直接记载两人交往,"女作家萧红描述过她见到的动人一幕:“鲁迅先生的身体不大好,容易伤风,伤风之后,照样要陪客人,回信,校稿子。",support,B,reviewed,"P5-SWEEP-BATCH1-2026-10-08：全量扫掠第 1 批落地（2026-10-08），口径=**双 Agent 交叉验证，非人工复核**；裁决者 A=Codex（GPT 系，主 Agent）；裁决者 B=Claude Opus 4.6 (Thinking)（antigravity harness）；双方 blind 裁决（输入不含夜间轮 reason），一致/交集后由本幂等脚本机械落地。落地规则=双 Agent 一致。裁决：Codex=成立，Opus=成立。候选行溯源=research/drafts/reports/sweep_candidates.csv#relation_id=REL-00032（对照表 sweep_batch1_cross_validated.csv）。逐字复核=verbatim_offset_hit_whitespace_normalized：按 左联史.txt 偏移 [489151,489204)（空白归一）原样取回，quote_sha256=ea30d18c50e696dbf66e0b000fafe1cc73e4af86db93a4c87211e13a20cfb65f 自洽；双方佐证门通过（A=鲁迅;B=萧红）。本行 source_level 按 sources.evidence_strength 既有映射取值（二手→B）。授权：用户（授权双 Agent 交叉验证 + 两项规则决定） 2026-10-08，逐字「不用我裁，你和zcode交叉验证裁决吧」「采用保守交集；归并到多数标签：论战→文学论战，交往→交游；同批落地全部 18 条」。"
RELE-10282,REL-00033,SRC-1181,左联史 第484页,"为编好这一副刊,聂绀弩首先向鲁迅先生求教,依靠先生的支持。",双 Agent 交叉验证裁决（非人工复核）。Codex：聂绀弩直接向鲁迅求教并依靠其支持 Opus：聂绀弩向鲁迅求教并获得支持，直接记载两人交游,"为编好这一副刊,聂绀弩首先向鲁迅先生求教,依靠先生的支持。",support,B,reviewed,"P5-SWEEP-BATCH1-2026-10-08：全量扫掠第 1 批落地（2026-10-08），口径=**双 Agent 交叉验证，非人工复核**；裁决者 A=Codex（GPT 系，主 Agent）；裁决者 B=Claude Opus 4.6 (Thinking)（antigravity harness）；双方 blind 裁决（输入不含夜间轮 reason），一致/交集后由本幂等脚本机械落地。落地规则=双 Agent 一致。裁决：Codex=成立，Opus=成立。候选行溯源=research/drafts/reports/sweep_candidates.csv#relation_id=REL-00033（对照表 sweep_batch1_cross_validated.csv）。逐字复核=verbatim_offset_hit_whitespace_normalized：按 左联史.txt 偏移 [747321,747350)（空白归一）原样取回，quote_sha256=0c3bc4215acb4844e8f8f3cea9c7d8f7ac356ecba3eeaeec6a78b060b05672f1 自洽；双方佐证门通过（A=鲁迅;B=聂绀弩）。本行 source_level 按 sources.evidence_strength 既有映射取值（二手→B）；来源为本批新注册。授权：用户（授权双 Agent 交叉验证 + 两项规则决定） 2026-10-08，逐字「不用我裁，你和zcode交叉验证裁决吧」「采用保守交集；归并到多数标签：论战→文学论战，交往→交游；同批落地全部 18 条」。"
RELE-10283,REL-00035,SRC-1182,左联词典 第538页,"“认为徐懋庸写给鲁迅的是一封充满敬意的规劝信“,指责鲁迅公布徐懋庸的来信是“不利于团结对敌的“先安内而后攘外“的做法.",双 Agent 交叉验证裁决（非人工复核）。Codex：明确为书信往来并涉及鲁迅公布来信，应为通信 Opus：明确记载徐懋庸致信鲁迅、鲁迅公布来信，直接交游证据,"“认为徐懋庸写给鲁迅的是一封充满敬意的规劝信“,指责鲁迅公布徐懋庸的来信是“不利于团结对敌的“先安内而后攘外“的做法.",support,B,reviewed,"P5-SWEEP-BATCH1-2026-10-08：全量扫掠第 1 批落地（2026-10-08），口径=**双 Agent 交叉验证，非人工复核**；裁决者 A=Codex（GPT 系，主 Agent）；裁决者 B=Claude Opus 4.6 (Thinking)（antigravity harness）；双方 blind 裁决（输入不含夜间轮 reason），一致/交集后由本幂等脚本机械落地。落地规则=保守交集（按现类型落地）。裁决：Codex=类型需改/通信，Opus=成立。候选行溯源=research/drafts/reports/sweep_candidates.csv#relation_id=REL-00035（对照表 sweep_batch1_cross_validated.csv）。逐字复核=verbatim_offset_hit_whitespace_normalized：按 左联词典.txt 偏移 [412838,412897)（空白归一）原样取回，quote_sha256=acfcefe82e6a56a74c47609e50bee614df645699a9077470ae57289bc6ac6126 自洽；双方佐证门通过（A=鲁迅;B=徐懋庸）。本行 source_level 按 sources.evidence_strength 既有映射取值（二手→B）；来源为本批新注册。授权：用户（授权双 Agent 交叉验证 + 两项规则决定） 2026-10-08，逐字「不用我裁，你和zcode交叉验证裁决吧」「采用保守交集；归并到多数标签：论战→文学论战，交往→交游；同批落地全部 18 条」。"
RELE-10284,REL-00036,SRC-0280,左联史 第17页,"4月15日《文化批判》第4号发表了一组回答鲁迅《“醉眼“中的濮胤》的文章:李初梨《请看中国的DonQuixote底乱舞》、冯乃超《人道主义者怎样地防卫着自己?》、彭康《“除掉“鲁迅的“除掉“》以及读者来信等,谈论了一些马克思主义的基本原理,却对鲁迅进行了谩骂与人身攻击式的批评。",双 Agent 交叉验证裁决（非人工复核）。Codex：彭康撰文直接回应并攻击鲁迅，属文学论战 Opus：彭康撰文直接回应鲁迅文章并对其批评，构成文学论战的直接证据,"4月15日《文化批判》第4号发表了一组回答鲁迅《“醉眼“中的濮胤》的文章:李初梨《请看中国的DonQuixote底乱舞》、冯乃超《人道主义者怎样地防卫着自己?》、彭康《“除掉“鲁迅的“除掉“》以及读者来信等,谈论了一些马克思主义的基本原理,却对鲁迅进行了谩骂与人身攻击式的批评。",support,B,reviewed,"P5-SWEEP-BATCH1-2026-10-08：全量扫掠第 1 批落地（2026-10-08），口径=**双 Agent 交叉验证，非人工复核**；裁决者 A=Codex（GPT 系，主 Agent）；裁决者 B=Claude Opus 4.6 (Thinking)（antigravity harness）；双方 blind 裁决（输入不含夜间轮 reason），一致/交集后由本幂等脚本机械落地。落地规则=双 Agent 一致。裁决：Codex=成立，Opus=成立。候选行溯源=research/drafts/reports/sweep_candidates.csv#relation_id=REL-00036（对照表 sweep_batch1_cross_validated.csv）。逐字复核=verbatim_offset_hit_whitespace_normalized：按 左联史.txt 偏移 [14633,14772)（空白归一）原样取回，quote_sha256=d7ed058aa7c3322916f3ea8d7a07f970f715284901ad91fada13533e277c1dea 自洽；双方佐证门通过（A=鲁迅;B=彭康）。本行 source_level 按 sources.evidence_strength 既有映射取值（二手→B）。授权：用户（授权双 Agent 交叉验证 + 两项规则决定） 2026-10-08，逐字「不用我裁，你和zcode交叉验证裁决吧」「采用保守交集；归并到多数标签：论战→文学论战，交往→交游；同批落地全部 18 条」。"
RELE-10285,REL-00038,SRC-1183,左联史 第715页,"“针对穆木天此文,鲁迅于9月11日写了《关于翻译(下)》,9月14日《申报.",双 Agent 交叉验证裁决（非人工复核）。Codex：鲁迅撰文回应穆木天，属论战而非交游 Opus：鲁迅于9月11日写了鲁迅针对穆木天文章撰文回应，属论战而非交游,"“针对穆木天此文,鲁迅于9月11日写了《关于翻译(下)》,9月14日《申报.",support,B,reviewed,"P5-SWEEP-BATCH1-2026-10-08：全量扫掠第 1 批落地（2026-10-08），口径=**双 Agent 交叉验证，非人工复核**；裁决者 A=Codex（GPT 系，主 Agent）；裁决者 B=Claude Opus 4.6 (Thinking)（antigravity harness）；双方 blind 裁决（输入不含夜间轮 reason），一致/交集后由本幂等脚本机械落地。落地规则=双 Agent 一致。裁决：Codex=类型需改/文学论战，Opus=类型需改/论战。候选行溯源=research/drafts/reports/sweep_candidates.csv#relation_id=REL-00038（对照表 sweep_batch1_cross_validated.csv）。逐字复核=verbatim_offset_hit_whitespace_normalized：按 左联史.txt 偏移 [1113508,1113546)（空白归一）原样取回，quote_sha256=1abf85caa79117d96d503de5d0c52091074de172684ac216f2f245aea45d61b4 自洽；双方佐证门通过（A=鲁迅;B=穆木天）。本行 source_level 按 sources.evidence_strength 既有映射取值（二手→B）；来源为本批新注册。类型更正：交游→文学论战（standard/final 同步，correction_reason 追加）。授权：用户（授权双 Agent 交叉验证 + 两项规则决定） 2026-10-08，逐字「不用我裁，你和zcode交叉验证裁决吧」「采用保守交集；归并到多数标签：论战→文学论战，交往→交游；同批落地全部 18 条」。"
RELE-10286,REL-00039,SRC-0175,左联词典 第181页,"同年秋,朱镜我让楼适夷陪同陈赔再度秘密会见鲁迅。",双 Agent 交叉验证裁决（非人工复核）。Codex：楼适夷陪同秘密会见鲁迅，直接见面 Opus：楼适夷陪同他人秘密会见鲁迅，直接记载楼适夷与鲁迅见面,"同年秋,朱镜我让楼适夷陪同陈赔再度秘密会见鲁迅。",support,B,reviewed,"P5-SWEEP-BATCH1-2026-10-08：全量扫掠第 1 批落地（2026-10-08），口径=**双 Agent 交叉验证，非人工复核**；裁决者 A=Codex（GPT 系，主 Agent）；裁决者 B=Claude Opus 4.6 (Thinking)（antigravity harness）；双方 blind 裁决（输入不含夜间轮 reason），一致/交集后由本幂等脚本机械落地。落地规则=双 Agent 一致。裁决：Codex=成立，Opus=成立。候选行溯源=research/drafts/reports/sweep_candidates.csv#relation_id=REL-00039（对照表 sweep_batch1_cross_validated.csv）。逐字复核=verbatim_offset_hit_whitespace_normalized：按 左联词典.txt 偏移 [104258,104282)（空白归一）原样取回，quote_sha256=a94f695e9ddd0852fea42e1a2bf706826e416d8b6fca42377ba06fa1cc1d193c 自洽；双方佐证门通过（A=鲁迅;B=楼适夷）。本行 source_level 按 sources.evidence_strength 既有映射取值（二手→B）。授权：用户（授权双 Agent 交叉验证 + 两项规则决定） 2026-10-08，逐字「不用我裁，你和zcode交叉验证裁决吧」「采用保守交集；归并到多数标签：论战→文学论战，交往→交游；同批落地全部 18 条」。"
RELE-10287,REL-00061,SRC-0988,左联史 第492页,"1936年,左翼文艺界发生“国防文学“与“民族革命战争的大众文学“两个口号论争,王余杞支持后一口号,并在以鲁迅为首的《中国文艺工作者宣言》上签名,拥护文艺界抗日统一战线政策。",双 Agent 交叉验证裁决（非人工复核）。Codex：在鲁迅领衔的宣言上签名，属联署而非交游 Opus：王余杞在鲁迅领衔的宣言上签名，属签名联署而非交游,"1936年,左翼文艺界发生“国防文学“与“民族革命战争的大众文学“两个口号论争,王余杞支持后一口号,并在以鲁迅为首的《中国文艺工作者宣言》上签名,拥护文艺界抗日统一战线政策。",support,B,reviewed,"P5-SWEEP-BATCH1-2026-10-08：全量扫掠第 1 批落地（2026-10-08），口径=**双 Agent 交叉验证，非人工复核**；裁决者 A=Codex（GPT 系，主 Agent）；裁决者 B=Claude Opus 4.6 (Thinking)（antigravity harness）；双方 blind 裁决（输入不含夜间轮 reason），一致/交集后由本幂等脚本机械落地。落地规则=双 Agent 一致。裁决：Codex=类型需改/签名联署，Opus=类型需改/签名联署。候选行溯源=research/drafts/reports/sweep_candidates.csv#relation_id=REL-00061（对照表 sweep_batch1_cross_validated.csv）。逐字复核=verbatim_offset_hit_whitespace_normalized：按 左联史.txt 偏移 [761440,761527)（空白归一）原样取回，quote_sha256=d762dac014bc1719dc2cfd3798cb702eb893bf609c4c80530d3c2abbb7762911 自洽；双方佐证门通过（A=鲁迅;B=王余杞）。本行 source_level 按 sources.evidence_strength 既有映射取值（二手→B）。类型更正：交游→签名联署（standard/final 同步，correction_reason 追加）。授权：用户（授权双 Agent 交叉验证 + 两项规则决定） 2026-10-08，逐字「不用我裁，你和zcode交叉验证裁决吧」「采用保守交集；归并到多数标签：论战→文学论战，交往→交游；同批落地全部 18 条」。"
RELE-10288,REL-00082,SRC-0281,左联史 第305页,"在当时当地,说这等话的人,究竟有什么是非好悉、有什么知识分子的艮知?11935年6月,施蛰存又在《文饭小品》第5期抛出《“杂文的文艺价值“》一文,说什么“鲁迅先生的杂感文写得的确好,但是他的杂感文集倘使能再删选一下,似乎可以使异代的读者对于他有更好的印条“。",双 Agent 交叉验证裁决（非人工复核）。Codex：施蛰存撰文评论鲁迅杂文集，属文学论战 Opus：施蛰存撰文批评鲁迅杂感文，构成文学论战的直接证据,"在当时当地,说这等话的人,究竟有什么是非好悉、有什么知识分子的艮知?11935年6月,施蛰存又在《文饭小品》第5期抛出《“杂文的文艺价值“》一文,说什么“鲁迅先生的杂感文写得的确好,但是他的杂感文集倘使能再删选一下,似乎可以使异代的读者对于他有更好的印条“。",support,B,reviewed,"P5-SWEEP-BATCH1-2026-10-08：全量扫掠第 1 批落地（2026-10-08），口径=**双 Agent 交叉验证，非人工复核**；裁决者 A=Codex（GPT 系，主 Agent）；裁决者 B=Claude Opus 4.6 (Thinking)（antigravity harness）；双方 blind 裁决（输入不含夜间轮 reason），一致/交集后由本幂等脚本机械落地。落地规则=双 Agent 一致。裁决：Codex=成立，Opus=成立。候选行溯源=research/drafts/reports/sweep_candidates.csv#relation_id=REL-00082（对照表 sweep_batch1_cross_validated.csv）。逐字复核=verbatim_offset_hit_whitespace_normalized：按 左联史.txt 偏移 [459907,460036)（空白归一）原样取回，quote_sha256=302b62a85928c6c89a03a1b7c35e6e2ac08fc38f7a39c6679d255fb5c5aaa25e 自洽；双方佐证门通过（A=鲁迅;B=施蛰存）。本行 source_level 按 sources.evidence_strength 既有映射取值（二手→B）。授权：用户（授权双 Agent 交叉验证 + 两项规则决定） 2026-10-08，逐字「不用我裁，你和zcode交叉验证裁决吧」「采用保守交集；归并到多数标签：论战→文学论战，交往→交游；同批落地全部 18 条」。"
RELE-10289,REL-00088,SRC-1103,左联史 第598页,"1936年2月,日本《改造》杂志社社长山本实彦来到上海,11日中午,内山完造约请鲁迅和山本两人在闸北新月亭日式餐厅吃烧烤鹤鹑。",双 Agent 交叉验证裁决（非人工复核）。Codex：记载的是当面宴请，非通信 Opus：内山完造约请鲁迅吃饭，属面对面交往而非通信,"1936年2月,日本《改造》杂志社社长山本实彦来到上海,11日中午,内山完造约请鲁迅和山本两人在闸北新月亭日式餐厅吃烧烤鹤鹑。",support,B,reviewed,"P5-SWEEP-BATCH1-2026-10-08：全量扫掠第 1 批落地（2026-10-08），口径=**双 Agent 交叉验证，非人工复核**；裁决者 A=Codex（GPT 系，主 Agent）；裁决者 B=Claude Opus 4.6 (Thinking)（antigravity harness）；双方 blind 裁决（输入不含夜间轮 reason），一致/交集后由本幂等脚本机械落地。落地规则=双 Agent 一致。裁决：Codex=类型需改/交游，Opus=类型需改/交往。候选行溯源=research/drafts/reports/sweep_candidates.csv#relation_id=REL-00088（对照表 sweep_batch1_cross_validated.csv）。逐字复核=verbatim_offset_hit_whitespace_normalized：按 左联史.txt 偏移 [942143,942206)（空白归一）原样取回，quote_sha256=461b988878d67d67215afc920825c2a2c6d6a03c5509b435714019b4da741ca8 自洽；双方佐证门通过（A=鲁迅;B=内山完造）。本行 source_level 按 sources.evidence_strength 既有映射取值（二手→B）。类型更正：通信→交游（standard/final 同步，correction_reason 追加）。授权：用户（授权双 Agent 交叉验证 + 两项规则决定） 2026-10-08，逐字「不用我裁，你和zcode交叉验证裁决吧」「采用保守交集；归并到多数标签：论战→文学论战，交往→交游；同批落地全部 18 条」。"
RELE-10290,REL-00089,SRC-0850,左联史 第15页,"10月8日,鲁迅和许广平定居闸北景云里,此后去看望和拜访先生的新老朋友更多。",双 Agent 交叉验证裁决（非人工复核）。Codex：共同定居，直接记载两人共同生活（强度高于交游，但交游不算错） Opus：鲁迅与许广平共同定居，属亲属关系(伴侣)而非一般交游,"10月8日,鲁迅和许广平定居闸北景云里,此后去看望和拜访先生的新老朋友更多。",support,B,reviewed,"P5-SWEEP-BATCH1-2026-10-08：全量扫掠第 1 批落地（2026-10-08），口径=**双 Agent 交叉验证，非人工复核**；裁决者 A=Codex（GPT 系，主 Agent）；裁决者 B=Claude Opus 4.6 (Thinking)（antigravity harness）；双方 blind 裁决（输入不含夜间轮 reason），一致/交集后由本幂等脚本机械落地。落地规则=保守交集（按现类型落地）。裁决：Codex=成立，Opus=类型需改/亲属关系。候选行溯源=research/drafts/reports/sweep_candidates.csv#relation_id=REL-00089（对照表 sweep_batch1_cross_validated.csv）。逐字复核=verbatim_offset_hit_whitespace_normalized：按 左联史.txt 偏移 [12213,12251)（空白归一）原样取回，quote_sha256=6a1a79ffbeec8dc81a53fef5f55e8c4a0ef30aecd3440875b59494fd8c157470 自洽；双方佐证门通过（A=鲁迅;B=许广平）。本行 source_level 按 sources.evidence_strength 既有映射取值（二手→B）。授权：用户（授权双 Agent 交叉验证 + 两项规则决定） 2026-10-08，逐字「不用我裁，你和zcode交叉验证裁决吧」「采用保守交集；归并到多数标签：论战→文学论战，交往→交游；同批落地全部 18 条」。"
