source_id,source_kind,title,citation,source_path,source_url,evidence_layer,availability,evidence_strength,evidence_type,needs_manual_review,review_note,classification_rule,source_family
SRC-0001,raw_workbook,《左联相关档案资源目录》原始表格,,research/raw_excel/《左联相关档案资源目录》.xlsx,,excel_candidate_fact,local,推断,档案表格,yes,候选事实来自表格整理结果，建议人工复核。,fallback:档案表格,raw_workbook
SRC-0002,local_text_citation,鲁迅日记,鲁迅日记 1933年5月17日,research/raw_texts/日记全编：全2册 (鲁迅 著) (Z-Library).txt,,txt_local_evidence,local,一手,日记,no,,keyword:日记,luxun_diary
SRC-0003,local_text_citation,鲁迅日记,鲁迅日记 1934年10月2日,research/raw_texts/日记全编：全2册 (鲁迅 著) (Z-Library).txt,,txt_local_evidence,local,一手,日记,no,,keyword:日记,luxun_diary
SRC-0004,local_text_citation,鲁迅日记,鲁迅日记 1933年1月14日,research/raw_texts/日记全编：全2册 (鲁迅 著) (Z-Library).txt,,txt_local_evidence,local,一手,日记,no,,keyword:日记,luxun_diary
SRC-0005,local_text_citation,鲁迅日记,鲁迅日记 1933年2月14日,research/raw_texts/日记全编：全2册 (鲁迅 著) (Z-Library).txt,,txt_local_evidence,local,一手,日记,no,,keyword:日记,luxun_diary
SRC-0006,local_text_citation,左联词典,左联词典 第96页,research/raw_texts/左联词典.txt,,txt_local_evidence,local,二手,研究论著,no,,keyword:研究论著,zuolian_cidian
SRC-0007,local_text_citation,左联词典,左联词典 第104页,research/raw_texts/左联词典.txt,,txt_local_evidence,local,二手,研究论著,no,,keyword:研究论著,zuolian_cidian
SRC-0008,local_text_citation,左联词典,左联词典 第131页,research/raw_texts/左联词典.txt,,txt_local_evidence,local,二手,研究论著,no,,keyword:研究论著,zuolian_cidian
SRC-0009,local_text_citation,左联词典,左联词典 第171页,research/raw_texts/左联词典.txt,,txt_local_evidence,local,二手,研究论著,no,,keyword:研究论著,zuolian_cidian
SRC-0010,local_text_citation,左联词典,左联词典 第193页,research/raw_texts/左联词典.txt,,txt_local_evidence,local,二手,研究论著,no,,keyword:研究论著,zuolian_cidian
SRC-0011,local_text_citation,左联词典,左联词典 第102页,research/raw_texts/左联词典.txt,,txt_local_evidence,local,二手,研究论著,no,,keyword:研究论著,zuolian_cidian
SRC-0012,local_text_citation,左联词典,左联词典 第107页,research/raw_texts/左联词典.txt,,txt_local_evidence,local,二手,研究论著,no,,keyword:研究论著,zuolian_cidian
SRC-0013,local_text_citation,左联词典,左联词典 第123页,research/raw_texts/左联词典.txt,,txt_local_evidence,local,二手,研究论著,no,,keyword:研究论著,zuolian_cidian
SRC-0014,local_text_citation,左联词典,左联词典 第128页,research/raw_texts/左联词典.txt,,txt_local_evidence,local,二手,研究论著,no,,keyword:研究论著,zuolian_cidian
SRC-0015,local_text_citation,鲁迅日记,鲁迅日记 1929年12月26日,research/raw_texts/日记全编：全2册 (鲁迅 著) (Z-Library).txt,,txt_local_evidence,local,一手,日记,no,,keyword:日记,luxun_diary
SRC-0016,local_text_citation,鲁迅日记,鲁迅日记 1929年3月20日,research/raw_texts/日记全编：全2册 (鲁迅 著) (Z-Library).txt,,txt_local_evidence,local,一手,日记,no,,keyword:日记,luxun_diary
SRC-0017,local_text_citation,鲁迅日记,鲁迅日记 1929年4月23日,research/raw_texts/日记全编：全2册 (鲁迅 著) (Z-Library).txt,,txt_local_evidence,local,一手,日记,no,,keyword:日记,luxun_diary
SRC-0018,local_text_citation,鲁迅日记,鲁迅日记 1929年4月27日,research/raw_texts/日记全编：全2册 (鲁迅 著) (Z-Library).txt,,txt_local_evidence,local,一手,日记,no,,keyword:日记,luxun_diary
SRC-0019,local_text_citation,鲁迅日记,鲁迅日记 1929年7月20日,research/raw_texts/日记全编：全2册 (鲁迅 著) (Z-Library).txt,,txt_local_evidence,local,一手,日记,no,,keyword:日记,luxun_diary
SRC-0020,local_text_citation,鲁迅日记,鲁迅日记 1930年3月23日,research/raw_texts/日记全编：全2册 (鲁迅 著) (Z-Library).txt,,txt_local_evidence,local,一手,日记,no,,keyword:日记,luxun_diary
SRC-0021,local_text_citation,鲁迅日记,鲁迅日记 1930年3月24日,research/raw_texts/日记全编：全2册 (鲁迅 著) (Z-Library).txt,,txt_local_evidence,local,一手,日记,no,,keyword:日记,luxun_diary
SRC-0022,local_text_citation,鲁迅日记,鲁迅日记 1930年3月26日,research/raw_texts/日记全编：全2册 (鲁迅 著) (Z-Library).txt,,txt_local_evidence,local,一手,日记,no,,keyword:日记,luxun_diary
SRC-0023,local_text_citation,鲁迅日记,鲁迅日记 1930年3月28日,research/raw_texts/日记全编：全2册 (鲁迅 著) (Z-Library).txt,,txt_local_evidence,local,一手,日记,no,,keyword:日记,luxun_diary
SRC-0024,local_text_citation,鲁迅日记,鲁迅日记 1930年4月12日,research/raw_texts/日记全编：全2册 (鲁迅 著) (Z-Library).txt,,txt_local_evidence,local,一手,日记,no,,keyword:日记,luxun_diary
SRC-0025,local_text_citation,鲁迅日记,鲁迅日记 1930年4月15日,research/raw_texts/日记全编：全2册 (鲁迅 著) (Z-Library).txt,,txt_local_evidence,local,一手,日记,no,,keyword:日记,luxun_diary
SRC-0026,local_text_citation,鲁迅日记,鲁迅日记 1930年4月8日,research/raw_texts/日记全编：全2册 (鲁迅 著) (Z-Library).txt,,txt_local_evidence,local,一手,日记,no,,keyword:日记,luxun_diary
SRC-0027,local_text_citation,鲁迅日记,鲁迅日记 1930年5月28日,research/raw_texts/日记全编：全2册 (鲁迅 著) (Z-Library).txt,,txt_local_evidence,local,一手,日记,no,,keyword:日记,luxun_diary
SRC-0028,local_text_citation,鲁迅日记,鲁迅日记 1930年6月2日,research/raw_texts/日记全编：全2册 (鲁迅 著) (Z-Library).txt,,txt_local_evidence,local,一手,日记,no,,keyword:日记,luxun_diary
SRC-0029,local_text_citation,鲁迅日记,鲁迅日记 1929年10月13日,research/raw_texts/日记全编：全2册 (鲁迅 著) (Z-Library).txt,,txt_local_evidence,local,一手,日记,no,,keyword:日记,luxun_diary
SRC-0030,local_text_citation,鲁迅日记,鲁迅日记 1929年10月15日,research/raw_texts/日记全编：全2册 (鲁迅 著) (Z-Library).txt,,txt_local_evidence,local,一手,日记,no,,keyword:日记,luxun_diary
SRC-0031,local_text_citation,鲁迅日记,鲁迅日记 1929年8月10日,research/raw_texts/日记全编：全2册 (鲁迅 著) (Z-Library).txt,,txt_local_evidence,local,一手,日记,no,,keyword:日记,luxun_diary
SRC-0032,local_text_citation,鲁迅日记,鲁迅日记 1929年8月15日,research/raw_texts/日记全编：全2册 (鲁迅 著) (Z-Library).txt,,txt_local_evidence,local,一手,日记,no,,keyword:日记,luxun_diary
SRC-0033,local_text_citation,鲁迅日记,鲁迅日记 1929年8月7日,research/raw_texts/日记全编：全2册 (鲁迅 著) (Z-Library).txt,,txt_local_evidence,local,一手,日记,no,,keyword:日记,luxun_diary
SRC-0034,local_text_citation,鲁迅日记,鲁迅日记 1933年12月23日,research/raw_texts/日记全编：全2册 (鲁迅 著) (Z-Library).txt,,txt_local_evidence,local,一手,日记,no,,keyword:日记,luxun_diary
SRC-0035,local_text_citation,左联词典,左联词典 第5页,research/raw_texts/左联词典.txt,,txt_local_evidence,local,二手,研究论著,no,,keyword:研究论著,zuolian_cidian
SRC-0036,local_text_citation,左联词典,左联词典 第125页,research/raw_texts/左联词典.txt,,txt_local_evidence,local,二手,研究论著,no,,keyword:研究论著,zuolian_cidian
SRC-0037,local_text_citation,左联词典,左联词典 第167页,research/raw_texts/左联词典.txt,,txt_local_evidence,local,二手,研究论著,no,,keyword:研究论著,zuolian_cidian
SRC-0038,local_text_citation,左联词典,左联词典 第106页,research/raw_texts/左联词典.txt,,txt_local_evidence,local,二手,研究论著,no,,keyword:研究论著,zuolian_cidian
SRC-0039,local_text_citation,左联词典,左联词典 第108页,research/raw_texts/左联词典.txt,,txt_local_evidence,local,二手,研究论著,no,,keyword:研究论著,zuolian_cidian
SRC-0040,local_text_citation,鲁迅日记,鲁迅日记 1930年10月4日,research/raw_texts/日记全编：全2册 (鲁迅 著) (Z-Library).txt,,txt_local_evidence,local,一手,日记,no,,keyword:日记,luxun_diary
SRC-0041,local_text_citation,鲁迅日记,鲁迅日记 1936年7月9日,research/raw_texts/日记全编：全2册 (鲁迅 著) (Z-Library).txt,,txt_local_evidence,local,一手,日记,no,,keyword:日记,luxun_diary
SRC-0042,citation_only,左联回忆录,左联回忆录 第700页,,,citation_reference,citation_only,二手,回忆录,no,,keyword:回忆录,zuolian_memoir
SRC-0043,local_text_citation,鲁迅日记,鲁迅日记 1933年9月28日,research/raw_texts/日记全编：全2册 (鲁迅 著) (Z-Library).txt,,txt_local_evidence,local,一手,日记,no,,keyword:日记,luxun_diary
SRC-0044,local_text_citation,鲁迅日记,鲁迅日记 1934年11月17日,research/raw_texts/日记全编：全2册 (鲁迅 著) (Z-Library).txt,,txt_local_evidence,local,一手,日记,no,,keyword:日记,luxun_diary
SRC-0045,local_text_citation,鲁迅日记,鲁迅日记 1935年2月21日,research/raw_texts/日记全编：全2册 (鲁迅 著) (Z-Library).txt,,txt_local_evidence,local,一手,日记,no,,keyword:日记,luxun_diary
SRC-0046,local_text_citation,鲁迅日记,鲁迅日记 1935年2月26日,research/raw_texts/日记全编：全2册 (鲁迅 著) (Z-Library).txt,,txt_local_evidence,local,一手,日记,no,,keyword:日记,luxun_diary
SRC-0047,local_text_citation,鲁迅日记,鲁迅日记 1935年3月26日,research/raw_texts/日记全编：全2册 (鲁迅 著) (Z-Library).txt,,txt_local_evidence,local,一手,日记,no,,keyword:日记,luxun_diary
SRC-0048,local_text_citation,鲁迅日记,鲁迅日记 1935年6月12日,research/raw_texts/日记全编：全2册 (鲁迅 著) (Z-Library).txt,,txt_local_evidence,local,一手,日记,no,,keyword:日记,luxun_diary
SRC-0049,local_text_citation,鲁迅日记,鲁迅日记 1935年6月14日,research/raw_texts/日记全编：全2册 (鲁迅 著) (Z-Library).txt,,txt_local_evidence,local,一手,日记,no,,keyword:日记,luxun_diary
SRC-0050,local_text_citation,鲁迅日记,鲁迅日记 1935年6月2日,research/raw_texts/日记全编：全2册 (鲁迅 著) (Z-Library).txt,,txt_local_evidence,local,一手,日记,no,,keyword:日记,luxun_diary
SRC-0051,local_text_citation,鲁迅日记,鲁迅日记 1935年7月2日,research/raw_texts/日记全编：全2册 (鲁迅 著) (Z-Library).txt,,txt_local_evidence,local,一手,日记,no,,keyword:日记,luxun_diary
SRC-0052,local_text_citation,鲁迅日记,鲁迅日记 1935年8月22日,research/raw_texts/日记全编：全2册 (鲁迅 著) (Z-Library).txt,,txt_local_evidence,local,一手,日记,no,,keyword:日记,luxun_diary
SRC-0053,local_text_citation,鲁迅日记,鲁迅日记 1935年9月1日,research/raw_texts/日记全编：全2册 (鲁迅 著) (Z-Library).txt,,txt_local_evidence,local,一手,日记,no,,keyword:日记,luxun_diary
SRC-0054,local_text_citation,左联词典,左联词典 第132页,research/raw_texts/左联词典.txt,,txt_local_evidence,local,二手,研究论著,no,,keyword:研究论著,zuolian_cidian
SRC-0055,local_text_citation,左联词典,左联词典 第142页,research/raw_texts/左联词典.txt,,txt_local_evidence,local,二手,研究论著,no,,keyword:研究论著,zuolian_cidian
SRC-0056,local_text_citation,左联词典,左联词典 第204页,research/raw_texts/左联词典.txt,,txt_local_evidence,local,二手,研究论著,no,,keyword:研究论著,zuolian_cidian
SRC-0057,local_text_citation,左联词典,左联词典 第140页,research/raw_texts/左联词典.txt,,txt_local_evidence,local,二手,研究论著,no,,keyword:研究论著,zuolian_cidian
SRC-0058,local_text_citation,左联词典,左联词典 第238页,research/raw_texts/左联词典.txt,,txt_local_evidence,local,二手,研究论著,no,,keyword:研究论著,zuolian_cidian
SRC-0059,local_text_citation,左联词典,左联词典 第139页,research/raw_texts/左联词典.txt,,txt_local_evidence,local,二手,研究论著,no,,keyword:研究论著,zuolian_cidian
SRC-0060,local_text_citation,左联词典,左联词典 第168页,research/raw_texts/左联词典.txt,,txt_local_evidence,local,二手,研究论著,no,,keyword:研究论著,zuolian_cidian
SRC-0061,local_text_citation,鲁迅日记,鲁迅日记 1933年3月1日,research/raw_texts/日记全编：全2册 (鲁迅 著) (Z-Library).txt,,txt_local_evidence,local,一手,日记,no,,keyword:日记,luxun_diary
SRC-0062,local_text_citation,鲁迅日记,鲁迅日记 1928年12月28日,research/raw_texts/日记全编：全2册 (鲁迅 著) (Z-Library).txt,,txt_local_evidence,local,一手,日记,no,,keyword:日记,luxun_diary
SRC-0063,local_text_citation,鲁迅日记,鲁迅日记 1929年10月10日,research/raw_texts/日记全编：全2册 (鲁迅 著) (Z-Library).txt,,txt_local_evidence,local,一手,日记,no,,keyword:日记,luxun_diary
SRC-0064,local_text_citation,鲁迅日记,鲁迅日记 1929年11月26日,research/raw_texts/日记全编：全2册 (鲁迅 著) (Z-Library).txt,,txt_local_evidence,local,一手,日记,no,,keyword:日记,luxun_diary
SRC-0065,local_text_citation,鲁迅日记,鲁迅日记 1929年1月24日,research/raw_texts/日记全编：全2册 (鲁迅 著) (Z-Library).txt,,txt_local_evidence,local,一手,日记,no,,keyword:日记,luxun_diary
SRC-0066,local_text_citation,鲁迅日记,鲁迅日记 1929年1月30日,research/raw_texts/日记全编：全2册 (鲁迅 著) (Z-Library).txt,,txt_local_evidence,local,一手,日记,no,,keyword:日记,luxun_diary
SRC-0067,local_text_citation,鲁迅日记,鲁迅日记 1929年1月31日,research/raw_texts/日记全编：全2册 (鲁迅 著) (Z-Library).txt,,txt_local_evidence,local,一手,日记,no,,keyword:日记,luxun_diary
SRC-0068,local_text_citation,鲁迅日记,鲁迅日记 1929年2月8日,research/raw_texts/日记全编：全2册 (鲁迅 著) (Z-Library).txt,,txt_local_evidence,local,一手,日记,no,,keyword:日记,luxun_diary
SRC-0069,local_text_citation,鲁迅日记,鲁迅日记 1929年4月28日,research/raw_texts/日记全编：全2册 (鲁迅 著) (Z-Library).txt,,txt_local_evidence,local,一手,日记,no,,keyword:日记,luxun_diary
SRC-0070,local_text_citation,鲁迅日记,鲁迅日记 1929年8月27日,research/raw_texts/日记全编：全2册 (鲁迅 著) (Z-Library).txt,,txt_local_evidence,local,一手,日记,no,,keyword:日记,luxun_diary
SRC-0071,local_text_citation,鲁迅日记,鲁迅日记 1929年9月25日,research/raw_texts/日记全编：全2册 (鲁迅 著) (Z-Library).txt,,txt_local_evidence,local,一手,日记,no,,keyword:日记,luxun_diary
SRC-0072,local_text_citation,鲁迅日记,鲁迅日记 1930年1月26日,research/raw_texts/日记全编：全2册 (鲁迅 著) (Z-Library).txt,,txt_local_evidence,local,一手,日记,no,,keyword:日记,luxun_diary
SRC-0073,local_text_citation,鲁迅日记,鲁迅日记 1930年1月5日,research/raw_texts/日记全编：全2册 (鲁迅 著) (Z-Library).txt,,txt_local_evidence,local,一手,日记,no,,keyword:日记,luxun_diary
SRC-0074,local_text_citation,鲁迅日记,鲁迅日记 1930年6月13日,research/raw_texts/日记全编：全2册 (鲁迅 著) (Z-Library).txt,,txt_local_evidence,local,一手,日记,no,,keyword:日记,luxun_diary
SRC-0075,local_text_citation,鲁迅日记,鲁迅日记 1931年8月31日,research/raw_texts/日记全编：全2册 (鲁迅 著) (Z-Library).txt,,txt_local_evidence,local,一手,日记,no,,keyword:日记,luxun_diary
SRC-0076,local_text_citation,鲁迅日记,鲁迅日记 1932年2月25日,research/raw_texts/日记全编：全2册 (鲁迅 著) (Z-Library).txt,,txt_local_evidence,local,一手,日记,no,,keyword:日记,luxun_diary
SRC-0077,local_text_citation,鲁迅日记,鲁迅日记 1932年3月3日,research/raw_texts/日记全编：全2册 (鲁迅 著) (Z-Library).txt,,txt_local_evidence,local,一手,日记,no,,keyword:日记,luxun_diary
SRC-0078,local_text_citation,鲁迅日记,鲁迅日记 1932年3月7日,research/raw_texts/日记全编：全2册 (鲁迅 著) (Z-Library).txt,,txt_local_evidence,local,一手,日记,no,,keyword:日记,luxun_diary
SRC-0079,local_text_citation,鲁迅日记,鲁迅日记 1932年7月12日,research/raw_texts/日记全编：全2册 (鲁迅 著) (Z-Library).txt,,txt_local_evidence,local,一手,日记,no,,keyword:日记,luxun_diary
SRC-0080,local_text_citation,鲁迅日记,鲁迅日记 1933年2月8日,research/raw_texts/日记全编：全2册 (鲁迅 著) (Z-Library).txt,,txt_local_evidence,local,一手,日记,no,,keyword:日记,luxun_diary
SRC-0081,local_text_citation,鲁迅日记,鲁迅日记 1933年2月9日,research/raw_texts/日记全编：全2册 (鲁迅 著) (Z-Library).txt,,txt_local_evidence,local,一手,日记,no,,keyword:日记,luxun_diary
SRC-0082,local_text_citation,鲁迅日记,鲁迅日记 1933年4月3日,research/raw_texts/日记全编：全2册 (鲁迅 著) (Z-Library).txt,,txt_local_evidence,local,一手,日记,no,,keyword:日记,luxun_diary
SRC-0083,local_text_citation,鲁迅日记,鲁迅日记 1934年5月19日,research/raw_texts/日记全编：全2册 (鲁迅 著) (Z-Library).txt,,txt_local_evidence,local,一手,日记,no,,keyword:日记,luxun_diary
SRC-0084,local_text_citation,鲁迅日记,鲁迅日记 1928年11月29日,research/raw_texts/日记全编：全2册 (鲁迅 著) (Z-Library).txt,,txt_local_evidence,local,一手,日记,no,,keyword:日记,luxun_diary
SRC-0085,local_text_citation,鲁迅日记,鲁迅日记 1928年12月12日,research/raw_texts/日记全编：全2册 (鲁迅 著) (Z-Library).txt,,txt_local_evidence,local,一手,日记,no,,keyword:日记,luxun_diary
SRC-0086,local_text_citation,鲁迅日记,鲁迅日记 1928年12月13日,research/raw_texts/日记全编：全2册 (鲁迅 著) (Z-Library).txt,,txt_local_evidence,local,一手,日记,no,,keyword:日记,luxun_diary
SRC-0087,local_text_citation,鲁迅日记,鲁迅日记 1929年10月21日,research/raw_texts/日记全编：全2册 (鲁迅 著) (Z-Library).txt,,txt_local_evidence,local,一手,日记,no,,keyword:日记,luxun_diary
SRC-0088,local_text_citation,鲁迅日记,鲁迅日记 1929年10月2日,research/raw_texts/日记全编：全2册 (鲁迅 著) (Z-Library).txt,,txt_local_evidence,local,一手,日记,no,,keyword:日记,luxun_diary
SRC-0089,local_text_citation,鲁迅日记,鲁迅日记 1929年10月3日,research/raw_texts/日记全编：全2册 (鲁迅 著) (Z-Library).txt,,txt_local_evidence,local,一手,日记,no,,keyword:日记,luxun_diary
SRC-0090,local_text_citation,鲁迅日记,鲁迅日记 1929年11月13日,research/raw_texts/日记全编：全2册 (鲁迅 著) (Z-Library).txt,,txt_local_evidence,local,一手,日记,no,,keyword:日记,luxun_diary
SRC-0091,local_text_citation,鲁迅日记,鲁迅日记 1929年11月15日,research/raw_texts/日记全编：全2册 (鲁迅 著) (Z-Library).txt,,txt_local_evidence,local,一手,日记,no,,keyword:日记,luxun_diary
SRC-0092,local_text_citation,鲁迅日记,鲁迅日记 1929年2月6日,research/raw_texts/日记全编：全2册 (鲁迅 著) (Z-Library).txt,,txt_local_evidence,local,一手,日记,no,,keyword:日记,luxun_diary
SRC-0093,local_text_citation,鲁迅日记,鲁迅日记 1929年3月29日,research/raw_texts/日记全编：全2册 (鲁迅 著) (Z-Library).txt,,txt_local_evidence,local,一手,日记,no,,keyword:日记,luxun_diary
SRC-0094,local_text_citation,鲁迅日记,鲁迅日记 1929年3月9日,research/raw_texts/日记全编：全2册 (鲁迅 著) (Z-Library).txt,,txt_local_evidence,local,一手,日记,no,,keyword:日记,luxun_diary
SRC-0095,local_text_citation,鲁迅日记,鲁迅日记 1929年4月10日,research/raw_texts/日记全编：全2册 (鲁迅 著) (Z-Library).txt,,txt_local_evidence,local,一手,日记,no,,keyword:日记,luxun_diary
SRC-0096,local_text_citation,鲁迅日记,鲁迅日记 1929年7月6日,research/raw_texts/日记全编：全2册 (鲁迅 著) (Z-Library).txt,,txt_local_evidence,local,一手,日记,no,,keyword:日记,luxun_diary
SRC-0097,local_text_citation,鲁迅日记,鲁迅日记 1929年8月17日,research/raw_texts/日记全编：全2册 (鲁迅 著) (Z-Library).txt,,txt_local_evidence,local,一手,日记,no,,keyword:日记,luxun_diary
SRC-0098,local_text_citation,鲁迅日记,鲁迅日记 1929年8月18日,research/raw_texts/日记全编：全2册 (鲁迅 著) (Z-Library).txt,,txt_local_evidence,local,一手,日记,no,,keyword:日记,luxun_diary
SRC-0099,local_text_citation,鲁迅日记,鲁迅日记 1929年8月20日 等4条,research/raw_texts/日记全编：全2册 (鲁迅 著) (Z-Library).txt,,txt_local_evidence,local,一手,日记,no,,keyword:日记,luxun_diary
SRC-0100,local_text_citation,鲁迅日记,鲁迅日记 1929年9月11日,research/raw_texts/日记全编：全2册 (鲁迅 著) (Z-Library).txt,,txt_local_evidence,local,一手,日记,no,,keyword:日记,luxun_diary
SRC-0101,local_text_citation,鲁迅日记,鲁迅日记 1929年9月9日,research/raw_texts/日记全编：全2册 (鲁迅 著) (Z-Library).txt,,txt_local_evidence,local,一手,日记,no,,keyword:日记,luxun_diary
SRC-0102,local_text_citation,鲁迅日记,鲁迅日记 1930年4月21日,research/raw_texts/日记全编：全2册 (鲁迅 著) (Z-Library).txt,,txt_local_evidence,local,一手,日记,no,,keyword:日记,luxun_diary
SRC-0103,local_text_citation,鲁迅日记,鲁迅日记 1930年9月30日,research/raw_texts/日记全编：全2册 (鲁迅 著) (Z-Library).txt,,txt_local_evidence,local,一手,日记,no,,keyword:日记,luxun_diary
SRC-0104,local_text_citation,鲁迅日记,鲁迅日记 1932年3月15日,research/raw_texts/日记全编：全2册 (鲁迅 著) (Z-Library).txt,,txt_local_evidence,local,一手,日记,no,,keyword:日记,luxun_diary
SRC-0105,local_text_citation,鲁迅日记,鲁迅日记 1932年7月16日,research/raw_texts/日记全编：全2册 (鲁迅 著) (Z-Library).txt,,txt_local_evidence,local,一手,日记,no,,keyword:日记,luxun_diary
SRC-0106,local_text_citation,鲁迅日记,鲁迅日记 1932年7月18日,research/raw_texts/日记全编：全2册 (鲁迅 著) (Z-Library).txt,,txt_local_evidence,local,一手,日记,no,,keyword:日记,luxun_diary
SRC-0107,local_text_citation,鲁迅日记,鲁迅日记 1933年1月25日,research/raw_texts/日记全编：全2册 (鲁迅 著) (Z-Library).txt,,txt_local_evidence,local,一手,日记,no,,keyword:日记,luxun_diary
SRC-0108,local_text_citation,鲁迅日记,鲁迅日记 1933年1月7日,research/raw_texts/日记全编：全2册 (鲁迅 著) (Z-Library).txt,,txt_local_evidence,local,一手,日记,no,,keyword:日记,luxun_diary
SRC-0109,local_text_citation,鲁迅日记,鲁迅日记 1933年2月15日,research/raw_texts/日记全编：全2册 (鲁迅 著) (Z-Library).txt,,txt_local_evidence,local,一手,日记,no,,keyword:日记,luxun_diary
SRC-0110,local_text_citation,鲁迅日记,鲁迅日记 1933年5月18日,research/raw_texts/日记全编：全2册 (鲁迅 著) (Z-Library).txt,,txt_local_evidence,local,一手,日记,no,,keyword:日记,luxun_diary
SRC-0111,local_text_citation,鲁迅日记,鲁迅日记 1933年9月29日,research/raw_texts/日记全编：全2册 (鲁迅 著) (Z-Library).txt,,txt_local_evidence,local,一手,日记,no,,keyword:日记,luxun_diary
SRC-0112,local_text_citation,鲁迅日记,鲁迅日记 1934年7月14日,research/raw_texts/日记全编：全2册 (鲁迅 著) (Z-Library).txt,,txt_local_evidence,local,一手,日记,no,,keyword:日记,luxun_diary
SRC-0113,local_text_citation,鲁迅日记,鲁迅日记 1934年9月10日,research/raw_texts/日记全编：全2册 (鲁迅 著) (Z-Library).txt,,txt_local_evidence,local,一手,日记,no,,keyword:日记,luxun_diary
SRC-0114,local_text_citation,鲁迅日记,鲁迅日记 1934年9月12日,research/raw_texts/日记全编：全2册 (鲁迅 著) (Z-Library).txt,,txt_local_evidence,local,一手,日记,no,,keyword:日记,luxun_diary
SRC-0115,local_text_citation,鲁迅日记,鲁迅日记 1935年3月21日,research/raw_texts/日记全编：全2册 (鲁迅 著) (Z-Library).txt,,txt_local_evidence,local,一手,日记,no,,keyword:日记,luxun_diary
SRC-0116,local_text_citation,鲁迅日记,鲁迅日记 1929年8月29日,research/raw_texts/日记全编：全2册 (鲁迅 著) (Z-Library).txt,,txt_local_evidence,local,一手,日记,no,,keyword:日记,luxun_diary
SRC-0117,local_text_citation,鲁迅日记,鲁迅日记 1930年3月30日,research/raw_texts/日记全编：全2册 (鲁迅 著) (Z-Library).txt,,txt_local_evidence,local,一手,日记,no,,keyword:日记,luxun_diary
SRC-0118,local_text_citation,鲁迅日记,鲁迅日记 1930年4月11日,research/raw_texts/日记全编：全2册 (鲁迅 著) (Z-Library).txt,,txt_local_evidence,local,一手,日记,no,,keyword:日记,luxun_diary
SRC-0119,local_text_citation,鲁迅日记,鲁迅日记 1930年4月18日,research/raw_texts/日记全编：全2册 (鲁迅 著) (Z-Library).txt,,txt_local_evidence,local,一手,日记,no,,keyword:日记,luxun_diary
SRC-0120,local_text_citation,鲁迅日记,鲁迅日记 1930年4月9日,research/raw_texts/日记全编：全2册 (鲁迅 著) (Z-Library).txt,,txt_local_evidence,local,一手,日记,no,,keyword:日记,luxun_diary
SRC-0121,local_text_citation,鲁迅日记,鲁迅日记 1930年6月10日,research/raw_texts/日记全编：全2册 (鲁迅 著) (Z-Library).txt,,txt_local_evidence,local,一手,日记,no,,keyword:日记,luxun_diary
SRC-0122,local_text_citation,鲁迅日记,鲁迅日记 1930年6月17日,research/raw_texts/日记全编：全2册 (鲁迅 著) (Z-Library).txt,,txt_local_evidence,local,一手,日记,no,,keyword:日记,luxun_diary
SRC-0123,local_text_citation,鲁迅日记,鲁迅日记 1930年6月7日,research/raw_texts/日记全编：全2册 (鲁迅 著) (Z-Library).txt,,txt_local_evidence,local,一手,日记,no,,keyword:日记,luxun_diary
SRC-0124,local_text_citation,左联词典,左联词典 第118页,research/raw_texts/左联词典.txt,,txt_local_evidence,local,二手,研究论著,no,,keyword:研究论著,zuolian_cidian
SRC-0125,local_text_citation,左联词典,左联词典 第175页,research/raw_texts/左联词典.txt,,txt_local_evidence,local,二手,研究论著,no,,keyword:研究论著,zuolian_cidian
SRC-0126,local_text_citation,左联词典,左联词典 第192页,research/raw_texts/左联词典.txt,,txt_local_evidence,local,二手,研究论著,no,,keyword:研究论著,zuolian_cidian
SRC-0127,local_text_citation,左联词典,左联词典 第212页,research/raw_texts/左联词典.txt,,txt_local_evidence,local,二手,研究论著,no,,keyword:研究论著,zuolian_cidian
SRC-0128,local_text_citation,左联词典,左联词典 第239页,research/raw_texts/左联词典.txt,,txt_local_evidence,local,二手,研究论著,no,,keyword:研究论著,zuolian_cidian
SRC-0129,local_text_citation,左联词典,左联词典 第200页,research/raw_texts/左联词典.txt,,txt_local_evidence,local,二手,研究论著,no,,keyword:研究论著,zuolian_cidian
SRC-0130,local_text_citation,鲁迅日记,鲁迅日记 1936年7月18日,research/raw_texts/日记全编：全2册 (鲁迅 著) (Z-Library).txt,,txt_local_evidence,local,一手,日记,no,,keyword:日记,luxun_diary
SRC-0131,local_text_citation,左联词典,左联词典 第145页,research/raw_texts/左联词典.txt,,txt_local_evidence,local,二手,研究论著,no,,keyword:研究论著,zuolian_cidian
SRC-0132,local_text_citation,左联词典,左联词典 第157页,research/raw_texts/左联词典.txt,,txt_local_evidence,local,二手,研究论著,no,,keyword:研究论著,zuolian_cidian
SRC-0133,local_text_citation,左联词典,左联词典 第169页,research/raw_texts/左联词典.txt,,txt_local_evidence,local,二手,研究论著,no,,keyword:研究论著,zuolian_cidian
SRC-0134,local_text_citation,左联词典,左联词典 第198页,research/raw_texts/左联词典.txt,,txt_local_evidence,local,二手,研究论著,no,,keyword:研究论著,zuolian_cidian
SRC-0135,local_text_citation,左联词典,左联词典 第109页,research/raw_texts/左联词典.txt,,txt_local_evidence,local,二手,研究论著,no,,keyword:研究论著,zuolian_cidian
SRC-0136,local_text_citation,左联词典,左联词典 第162页,research/raw_texts/左联词典.txt,,txt_local_evidence,local,二手,研究论著,no,,keyword:研究论著,zuolian_cidian
SRC-0137,local_text_citation,左联词典,左联词典 第190页,research/raw_texts/左联词典.txt,,txt_local_evidence,local,二手,研究论著,no,,keyword:研究论著,zuolian_cidian
SRC-0138,local_text_citation,左联词典,左联词典 第247页,research/raw_texts/左联词典.txt,,txt_local_evidence,local,二手,研究论著,no,,keyword:研究论著,zuolian_cidian
SRC-0139,local_text_citation,左联词典,左联词典 第155页,research/raw_texts/左联词典.txt,,txt_local_evidence,local,二手,研究论著,no,,keyword:研究论著,zuolian_cidian
SRC-0140,local_text_citation,左联词典,左联词典 第227页,research/raw_texts/左联词典.txt,,txt_local_evidence,local,二手,研究论著,no,,keyword:研究论著,zuolian_cidian
SRC-0141,local_text_citation,左联词典,左联词典 第114页,research/raw_texts/左联词典.txt,,txt_local_evidence,local,二手,研究论著,no,,keyword:研究论著,zuolian_cidian
SRC-0142,local_text_citation,左联词典,左联词典 第156页,research/raw_texts/左联词典.txt,,txt_local_evidence,local,二手,研究论著,no,,keyword:研究论著,zuolian_cidian
SRC-0143,local_text_citation,左联词典,左联词典 第158页,research/raw_texts/左联词典.txt,,txt_local_evidence,local,二手,研究论著,no,,keyword:研究论著,zuolian_cidian
SRC-0144,local_text_citation,左联词典,左联词典 第219页,research/raw_texts/左联词典.txt,,txt_local_evidence,local,二手,研究论著,no,,keyword:研究论著,zuolian_cidian
SRC-0145,local_text_citation,左联词典,左联词典 第228页,research/raw_texts/左联词典.txt,,txt_local_evidence,local,二手,研究论著,no,,keyword:研究论著,zuolian_cidian
SRC-0146,local_text_citation,左联词典,左联词典 第262页,research/raw_texts/左联词典.txt,,txt_local_evidence,local,二手,研究论著,no,,keyword:研究论著,zuolian_cidian
SRC-0147,local_text_citation,左联词典,左联词典 第263页,research/raw_texts/左联词典.txt,,txt_local_evidence,local,二手,研究论著,no,,keyword:研究论著,zuolian_cidian
SRC-0148,local_text_citation,左联词典,左联词典 第278页,research/raw_texts/左联词典.txt,,txt_local_evidence,local,二手,研究论著,no,,keyword:研究论著,zuolian_cidian
SRC-0149,local_text_citation,左联词典,左联词典 第252页,research/raw_texts/左联词典.txt,,txt_local_evidence,local,二手,研究论著,no,,keyword:研究论著,zuolian_cidian
SRC-0150,local_text_citation,左联词典,左联词典 第331页,research/raw_texts/左联词典.txt,,txt_local_evidence,local,二手,研究论著,no,,keyword:研究论著,zuolian_cidian
SRC-0151,local_text_citation,左联词典,左联词典 第483页,research/raw_texts/左联词典.txt,,txt_local_evidence,local,二手,研究论著,no,,keyword:研究论著,zuolian_cidian
SRC-0152,local_text_citation,左联词典,左联词典 第143页,research/raw_texts/左联词典.txt,,txt_local_evidence,local,二手,研究论著,no,,keyword:研究论著,zuolian_cidian
SRC-0153,local_text_citation,左联词典,左联词典 第173页,research/raw_texts/左联词典.txt,,txt_local_evidence,local,二手,研究论著,no,,keyword:研究论著,zuolian_cidian
SRC-0154,local_text_citation,左联词典,左联词典 第163页,research/raw_texts/左联词典.txt,,txt_local_evidence,local,二手,研究论著,no,,keyword:研究论著,zuolian_cidian
SRC-0155,local_text_citation,左联词典,左联词典 第179页,research/raw_texts/左联词典.txt,,txt_local_evidence,local,二手,研究论著,no,,keyword:研究论著,zuolian_cidian
SRC-0156,local_text_citation,左联词典,左联词典 第180页,research/raw_texts/左联词典.txt,,txt_local_evidence,local,二手,研究论著,no,,keyword:研究论著,zuolian_cidian
SRC-0157,local_text_citation,左联词典,左联词典 第242页,research/raw_texts/左联词典.txt,,txt_local_evidence,local,二手,研究论著,no,,keyword:研究论著,zuolian_cidian
SRC-0158,local_text_citation,左联词典,左联词典 第402页,research/raw_texts/左联词典.txt,,txt_local_evidence,local,二手,研究论著,no,,keyword:研究论著,zuolian_cidian
SRC-0159,local_text_citation,左联词典,左联词典 第161页,research/raw_texts/左联词典.txt,,txt_local_evidence,local,二手,研究论著,no,,keyword:研究论著,zuolian_cidian
SRC-0160,local_text_citation,左联词典,左联词典 第207页,research/raw_texts/左联词典.txt,,txt_local_evidence,local,二手,研究论著,no,,keyword:研究论著,zuolian_cidian
SRC-0161,local_text_citation,左联词典,左联词典 第513页,research/raw_texts/左联词典.txt,,txt_local_evidence,local,二手,研究论著,no,,keyword:研究论著,zuolian_cidian
SRC-0162,local_text_citation,左联词典,左联词典 第685页,research/raw_texts/左联词典.txt,,txt_local_evidence,local,二手,研究论著,no,,keyword:研究论著,zuolian_cidian
SRC-0163,local_text_citation,左联词典,左联词典 第336页,research/raw_texts/左联词典.txt,,txt_local_evidence,local,二手,研究论著,no,,keyword:研究论著,zuolian_cidian
SRC-0164,local_text_citation,左联词典,左联词典 第358页,research/raw_texts/左联词典.txt,,txt_local_evidence,local,二手,研究论著,no,,keyword:研究论著,zuolian_cidian
SRC-0165,local_text_citation,左联词典,左联词典 第460页,research/raw_texts/左联词典.txt,,txt_local_evidence,local,二手,研究论著,no,,keyword:研究论著,zuolian_cidian
SRC-0166,local_text_citation,左联词典,左联词典 第224页,research/raw_texts/左联词典.txt,,txt_local_evidence,local,二手,研究论著,no,,keyword:研究论著,zuolian_cidian
SRC-0167,local_text_citation,左联词典,左联词典 第476页,research/raw_texts/左联词典.txt,,txt_local_evidence,local,二手,研究论著,no,,keyword:研究论著,zuolian_cidian
SRC-0168,local_text_citation,左联词典,左联词典 第489页,research/raw_texts/左联词典.txt,,txt_local_evidence,local,二手,研究论著,no,,keyword:研究论著,zuolian_cidian
SRC-0169,local_text_citation,左联词典,左联词典 第496页,research/raw_texts/左联词典.txt,,txt_local_evidence,local,二手,研究论著,no,,keyword:研究论著,zuolian_cidian
SRC-0170,local_text_citation,左联史,左联史 第191页,research/raw_texts/左联史.txt,,txt_local_evidence,local,二手,研究论著,no,,keyword:研究论著,zuolian_shi
SRC-0171,local_text_citation,左联词典,左联词典 第136页,research/raw_texts/左联词典.txt,,txt_local_evidence,local,二手,研究论著,no,,keyword:研究论著,zuolian_cidian
SRC-0172,local_text_citation,左联词典,左联词典 第166页,research/raw_texts/左联词典.txt,,txt_local_evidence,local,二手,研究论著,no,,keyword:研究论著,zuolian_cidian
SRC-0173,local_text_citation,左联词典,左联词典 第486页,research/raw_texts/左联词典.txt,,txt_local_evidence,local,二手,研究论著,no,,keyword:研究论著,zuolian_cidian
SRC-0174,local_text_citation,鲁迅日记,鲁迅日记 1928年11月30日,research/raw_texts/日记全编：全2册 (鲁迅 著) (Z-Library).txt,,txt_local_evidence,local,一手,日记,no,,keyword:日记,luxun_diary
SRC-0175,local_text_citation,左联词典,左联词典 第181页,research/raw_texts/左联词典.txt,,txt_local_evidence,local,二手,研究论著,no,,keyword:研究论著,zuolian_cidian
SRC-0176,local_text_citation,左联词典,左联词典 第477页,research/raw_texts/左联词典.txt,,txt_local_evidence,local,二手,研究论著,no,,keyword:研究论著,zuolian_cidian
SRC-0177,local_text_citation,左联词典,左联词典 第525页,research/raw_texts/左联词典.txt,,txt_local_evidence,local,二手,研究论著,no,,keyword:研究论著,zuolian_cidian
SRC-0178,local_text_citation,左联词典,左联词典 第563页,research/raw_texts/左联词典.txt,,txt_local_evidence,local,二手,研究论著,no,,keyword:研究论著,zuolian_cidian
SRC-0179,local_text_citation,左联词典,左联词典 第184页,research/raw_texts/左联词典.txt,,txt_local_evidence,local,二手,研究论著,no,,keyword:研究论著,zuolian_cidian
SRC-0180,local_text_citation,左联词典,左联词典 第229页,research/raw_texts/左联词典.txt,,txt_local_evidence,local,二手,研究论著,no,,keyword:研究论著,zuolian_cidian
SRC-0181,local_text_citation,左联词典,左联词典 第487页,research/raw_texts/左联词典.txt,,txt_local_evidence,local,二手,研究论著,no,,keyword:研究论著,zuolian_cidian
SRC-0182,local_text_citation,鲁迅日记,鲁迅日记 1929年6月1日,research/raw_texts/日记全编：全2册 (鲁迅 著) (Z-Library).txt,,txt_local_evidence,local,一手,日记,no,,keyword:日记,luxun_diary
SRC-0183,local_text_citation,鲁迅日记,鲁迅日记 1929年5月20日,research/raw_texts/日记全编：全2册 (鲁迅 著) (Z-Library).txt,,txt_local_evidence,local,一手,日记,no,,keyword:日记,luxun_diary
SRC-0184,local_text_citation,鲁迅日记,鲁迅日记 1929年5月28日,research/raw_texts/日记全编：全2册 (鲁迅 著) (Z-Library).txt,,txt_local_evidence,local,一手,日记,no,,keyword:日记,luxun_diary
SRC-0185,local_text_citation,鲁迅日记,鲁迅日记 1929年10月20日,research/raw_texts/日记全编：全2册 (鲁迅 著) (Z-Library).txt,,txt_local_evidence,local,一手,日记,no,,keyword:日记,luxun_diary
SRC-0186,local_text_citation,鲁迅日记,鲁迅日记 1929年10月21日 等4条,research/raw_texts/日记全编：全2册 (鲁迅 著) (Z-Library).txt,,txt_local_evidence,local,一手,日记,no,,keyword:日记,luxun_diary
SRC-0187,local_text_citation,鲁迅日记,鲁迅日记 1929年10月5日,research/raw_texts/日记全编：全2册 (鲁迅 著) (Z-Library).txt,,txt_local_evidence,local,一手,日记,no,,keyword:日记,luxun_diary
SRC-0188,local_text_citation,鲁迅日记,鲁迅日记 1929年11月18日,research/raw_texts/日记全编：全2册 (鲁迅 著) (Z-Library).txt,,txt_local_evidence,local,一手,日记,no,,keyword:日记,luxun_diary
SRC-0189,local_text_citation,鲁迅日记,鲁迅日记 1929年3月18日,research/raw_texts/日记全编：全2册 (鲁迅 著) (Z-Library).txt,,txt_local_evidence,local,一手,日记,no,,keyword:日记,luxun_diary
SRC-0190,local_text_citation,鲁迅日记,鲁迅日记 1929年3月23日,research/raw_texts/日记全编：全2册 (鲁迅 著) (Z-Library).txt,,txt_local_evidence,local,一手,日记,no,,keyword:日记,luxun_diary
SRC-0191,local_text_citation,鲁迅日记,鲁迅日记 1929年4月16日,research/raw_texts/日记全编：全2册 (鲁迅 著) (Z-Library).txt,,txt_local_evidence,local,一手,日记,no,,keyword:日记,luxun_diary
SRC-0192,local_text_citation,鲁迅日记,鲁迅日记 1929年6月11日,research/raw_texts/日记全编：全2册 (鲁迅 著) (Z-Library).txt,,txt_local_evidence,local,一手,日记,no,,keyword:日记,luxun_diary
SRC-0193,local_text_citation,鲁迅日记,鲁迅日记 1929年6月19日,research/raw_texts/日记全编：全2册 (鲁迅 著) (Z-Library).txt,,txt_local_evidence,local,一手,日记,no,,keyword:日记,luxun_diary
SRC-0194,local_text_citation,鲁迅日记,鲁迅日记 1929年6月22日 等4条,research/raw_texts/日记全编：全2册 (鲁迅 著) (Z-Library).txt,,txt_local_evidence,local,一手,日记,no,,keyword:日记,luxun_diary
SRC-0195,local_text_citation,鲁迅日记,鲁迅日记 1929年7月13日 等5条,research/raw_texts/日记全编：全2册 (鲁迅 著) (Z-Library).txt,,txt_local_evidence,local,一手,日记,no,,keyword:日记,luxun_diary
SRC-0196,local_text_citation,鲁迅日记,鲁迅日记 1929年7月3日,research/raw_texts/日记全编：全2册 (鲁迅 著) (Z-Library).txt,,txt_local_evidence,local,一手,日记,no,,keyword:日记,luxun_diary
SRC-0197,local_text_citation,鲁迅日记,鲁迅日记 1929年7月9日,research/raw_texts/日记全编：全2册 (鲁迅 著) (Z-Library).txt,,txt_local_evidence,local,一手,日记,no,,keyword:日记,luxun_diary
SRC-0198,local_text_citation,鲁迅日记,鲁迅日记 1929年8月13日,research/raw_texts/日记全编：全2册 (鲁迅 著) (Z-Library).txt,,txt_local_evidence,local,一手,日记,no,,keyword:日记,luxun_diary
SRC-0199,local_text_citation,鲁迅日记,鲁迅日记 1929年8月21日,research/raw_texts/日记全编：全2册 (鲁迅 著) (Z-Library).txt,,txt_local_evidence,local,一手,日记,no,,keyword:日记,luxun_diary
SRC-0200,local_text_citation,鲁迅日记,鲁迅日记 1929年9月23日,research/raw_texts/日记全编：全2册 (鲁迅 著) (Z-Library).txt,,txt_local_evidence,local,一手,日记,no,,keyword:日记,luxun_diary
SRC-0201,local_text_citation,鲁迅日记,鲁迅日记 1929年9月28日,research/raw_texts/日记全编：全2册 (鲁迅 著) (Z-Library).txt,,txt_local_evidence,local,一手,日记,no,,keyword:日记,luxun_diary
SRC-0202,local_text_citation,鲁迅日记,鲁迅日记 1930年1月19日,research/raw_texts/日记全编：全2册 (鲁迅 著) (Z-Library).txt,,txt_local_evidence,local,一手,日记,no,,keyword:日记,luxun_diary
SRC-0203,local_text_citation,鲁迅日记,鲁迅日记 1930年1月20日,research/raw_texts/日记全编：全2册 (鲁迅 著) (Z-Library).txt,,txt_local_evidence,local,一手,日记,no,,keyword:日记,luxun_diary
SRC-0204,local_text_citation,鲁迅日记,鲁迅日记 1930年2月15日,research/raw_texts/日记全编：全2册 (鲁迅 著) (Z-Library).txt,,txt_local_evidence,local,一手,日记,no,,keyword:日记,luxun_diary
SRC-0205,local_text_citation,鲁迅日记,鲁迅日记 1930年2月3日,research/raw_texts/日记全编：全2册 (鲁迅 著) (Z-Library).txt,,txt_local_evidence,local,一手,日记,no,,keyword:日记,luxun_diary
SRC-0206,local_text_citation,鲁迅日记,鲁迅日记 1930年3月12日,research/raw_texts/日记全编：全2册 (鲁迅 著) (Z-Library).txt,,txt_local_evidence,local,一手,日记,no,,keyword:日记,luxun_diary
SRC-0207,local_text_citation,鲁迅日记,鲁迅日记 1930年5月5日,research/raw_texts/日记全编：全2册 (鲁迅 著) (Z-Library).txt,,txt_local_evidence,local,一手,日记,no,,keyword:日记,luxun_diary
SRC-0208,local_text_citation,鲁迅日记,鲁迅日记 1930年8月14日,research/raw_texts/日记全编：全2册 (鲁迅 著) (Z-Library).txt,,txt_local_evidence,local,一手,日记,no,,keyword:日记,luxun_diary
SRC-0209,local_text_citation,鲁迅日记,鲁迅日记 1932年12月22日,research/raw_texts/日记全编：全2册 (鲁迅 著) (Z-Library).txt,,txt_local_evidence,local,一手,日记,no,,keyword:日记,luxun_diary
SRC-0210,local_text_citation,鲁迅日记,鲁迅日记 1932年12月26日,research/raw_texts/日记全编：全2册 (鲁迅 著) (Z-Library).txt,,txt_local_evidence,local,一手,日记,no,,keyword:日记,luxun_diary
SRC-0211,local_text_citation,鲁迅日记,鲁迅日记 1932年4月26日,research/raw_texts/日记全编：全2册 (鲁迅 著) (Z-Library).txt,,txt_local_evidence,local,一手,日记,no,,keyword:日记,luxun_diary
SRC-0212,local_text_citation,鲁迅日记,鲁迅日记 1932年4月27日,research/raw_texts/日记全编：全2册 (鲁迅 著) (Z-Library).txt,,txt_local_evidence,local,一手,日记,no,,keyword:日记,luxun_diary
SRC-0213,local_text_citation,鲁迅日记,鲁迅日记 1932年5月12日,research/raw_texts/日记全编：全2册 (鲁迅 著) (Z-Library).txt,,txt_local_evidence,local,一手,日记,no,,keyword:日记,luxun_diary
SRC-0214,local_text_citation,鲁迅日记,鲁迅日记 1932年6月10日,research/raw_texts/日记全编：全2册 (鲁迅 著) (Z-Library).txt,,txt_local_evidence,local,一手,日记,no,,keyword:日记,luxun_diary
SRC-0215,local_text_citation,鲁迅日记,鲁迅日记 1932年6月30日,research/raw_texts/日记全编：全2册 (鲁迅 著) (Z-Library).txt,,txt_local_evidence,local,一手,日记,no,,keyword:日记,luxun_diary
SRC-0216,local_text_citation,鲁迅日记,鲁迅日记 1932年6月5日,research/raw_texts/日记全编：全2册 (鲁迅 著) (Z-Library).txt,,txt_local_evidence,local,一手,日记,no,,keyword:日记,luxun_diary
SRC-0217,local_text_citation,鲁迅日记,鲁迅日记 1932年7月3日,research/raw_texts/日记全编：全2册 (鲁迅 著) (Z-Library).txt,,txt_local_evidence,local,一手,日记,no,,keyword:日记,luxun_diary
SRC-0218,local_text_citation,鲁迅日记,鲁迅日记 1932年7月8日,research/raw_texts/日记全编：全2册 (鲁迅 著) (Z-Library).txt,,txt_local_evidence,local,一手,日记,no,,keyword:日记,luxun_diary
SRC-0219,local_text_citation,鲁迅日记,鲁迅日记 1933年2月18日,research/raw_texts/日记全编：全2册 (鲁迅 著) (Z-Library).txt,,txt_local_evidence,local,一手,日记,no,,keyword:日记,luxun_diary
SRC-0220,local_text_citation,鲁迅日记,鲁迅日记 1933年2月24日 等4条,research/raw_texts/日记全编：全2册 (鲁迅 著) (Z-Library).txt,,txt_local_evidence,local,一手,日记,no,,keyword:日记,luxun_diary
SRC-0221,local_text_citation,鲁迅日记,鲁迅日记 1933年3月10日,research/raw_texts/日记全编：全2册 (鲁迅 著) (Z-Library).txt,,txt_local_evidence,local,一手,日记,no,,keyword:日记,luxun_diary
SRC-0222,local_text_citation,鲁迅日记,鲁迅日记 1933年5月12日,research/raw_texts/日记全编：全2册 (鲁迅 著) (Z-Library).txt,,txt_local_evidence,local,一手,日记,no,,keyword:日记,luxun_diary
SRC-0223,local_text_citation,鲁迅日记,鲁迅日记 1933年8月24日,research/raw_texts/日记全编：全2册 (鲁迅 著) (Z-Library).txt,,txt_local_evidence,local,一手,日记,no,,keyword:日记,luxun_diary
SRC-0224,local_text_citation,鲁迅日记,鲁迅日记 1933年8月9日,research/raw_texts/日记全编：全2册 (鲁迅 著) (Z-Library).txt,,txt_local_evidence,local,一手,日记,no,,keyword:日记,luxun_diary
SRC-0225,local_text_citation,鲁迅日记,鲁迅日记 1934年10月5日,research/raw_texts/日记全编：全2册 (鲁迅 著) (Z-Library).txt,,txt_local_evidence,local,一手,日记,no,,keyword:日记,luxun_diary
SRC-0226,local_text_citation,鲁迅日记,鲁迅日记 1934年11月19日 等6条,research/raw_texts/日记全编：全2册 (鲁迅 著) (Z-Library).txt,,txt_local_evidence,local,一手,日记,no,,keyword:日记,luxun_diary
SRC-0227,local_text_citation,鲁迅日记,鲁迅日记 1934年11月6日,research/raw_texts/日记全编：全2册 (鲁迅 著) (Z-Library).txt,,txt_local_evidence,local,一手,日记,no,,keyword:日记,luxun_diary
SRC-0228,local_text_citation,鲁迅日记,鲁迅日记 1934年11月7日,research/raw_texts/日记全编：全2册 (鲁迅 著) (Z-Library).txt,,txt_local_evidence,local,一手,日记,no,,keyword:日记,luxun_diary
SRC-0229,local_text_citation,鲁迅日记,鲁迅日记 1934年12月8日,research/raw_texts/日记全编：全2册 (鲁迅 著) (Z-Library).txt,,txt_local_evidence,local,一手,日记,no,,keyword:日记,luxun_diary
SRC-0230,local_text_citation,鲁迅日记,鲁迅日记 1934年6月28日,research/raw_texts/日记全编：全2册 (鲁迅 著) (Z-Library).txt,,txt_local_evidence,local,一手,日记,no,,keyword:日记,luxun_diary
SRC-0231,local_text_citation,鲁迅日记,鲁迅日记 1934年8月7日,research/raw_texts/日记全编：全2册 (鲁迅 著) (Z-Library).txt,,txt_local_evidence,local,一手,日记,no,,keyword:日记,luxun_diary
SRC-0232,local_text_citation,鲁迅日记,鲁迅日记 1935年11月27日,research/raw_texts/日记全编：全2册 (鲁迅 著) (Z-Library).txt,,txt_local_evidence,local,一手,日记,no,,keyword:日记,luxun_diary
SRC-0233,local_text_citation,鲁迅日记,鲁迅日记 1935年1月11日,research/raw_texts/日记全编：全2册 (鲁迅 著) (Z-Library).txt,,txt_local_evidence,local,一手,日记,no,,keyword:日记,luxun_diary
SRC-0234,local_text_citation,鲁迅日记,鲁迅日记 1935年1月21日,research/raw_texts/日记全编：全2册 (鲁迅 著) (Z-Library).txt,,txt_local_evidence,local,一手,日记,no,,keyword:日记,luxun_diary
SRC-0235,local_text_citation,鲁迅日记,鲁迅日记 1935年2月22日,research/raw_texts/日记全编：全2册 (鲁迅 著) (Z-Library).txt,,txt_local_evidence,local,一手,日记,no,,keyword:日记,luxun_diary
SRC-0236,local_text_citation,鲁迅日记,鲁迅日记 1935年6月16日,research/raw_texts/日记全编：全2册 (鲁迅 著) (Z-Library).txt,,txt_local_evidence,local,一手,日记,no,,keyword:日记,luxun_diary
SRC-0237,local_text_citation,鲁迅日记,鲁迅日记 1935年6月1日,research/raw_texts/日记全编：全2册 (鲁迅 著) (Z-Library).txt,,txt_local_evidence,local,一手,日记,no,,keyword:日记,luxun_diary
SRC-0238,local_text_citation,鲁迅日记,鲁迅日记 1935年6月23日,research/raw_texts/日记全编：全2册 (鲁迅 著) (Z-Library).txt,,txt_local_evidence,local,一手,日记,no,,keyword:日记,luxun_diary
SRC-0239,local_text_citation,鲁迅日记,鲁迅日记 1935年7月17日,research/raw_texts/日记全编：全2册 (鲁迅 著) (Z-Library).txt,,txt_local_evidence,local,一手,日记,no,,keyword:日记,luxun_diary
SRC-0240,local_text_citation,鲁迅日记,鲁迅日记 1935年7月18日,research/raw_texts/日记全编：全2册 (鲁迅 著) (Z-Library).txt,,txt_local_evidence,local,一手,日记,no,,keyword:日记,luxun_diary
SRC-0241,local_text_citation,鲁迅日记,鲁迅日记 1935年7月22日,research/raw_texts/日记全编：全2册 (鲁迅 著) (Z-Library).txt,,txt_local_evidence,local,一手,日记,no,,keyword:日记,luxun_diary
SRC-0242,local_text_citation,鲁迅日记,鲁迅日记 1935年8月15日,research/raw_texts/日记全编：全2册 (鲁迅 著) (Z-Library).txt,,txt_local_evidence,local,一手,日记,no,,keyword:日记,luxun_diary
SRC-0243,local_text_citation,鲁迅日记,鲁迅日记 1935年8月24日,research/raw_texts/日记全编：全2册 (鲁迅 著) (Z-Library).txt,,txt_local_evidence,local,一手,日记,no,,keyword:日记,luxun_diary
SRC-0244,local_text_citation,鲁迅日记,鲁迅日记 1936年4月21日,research/raw_texts/日记全编：全2册 (鲁迅 著) (Z-Library).txt,,txt_local_evidence,local,一手,日记,no,,keyword:日记,luxun_diary
SRC-0245,local_text_citation,鲁迅日记,鲁迅日记 1936年5月22日,research/raw_texts/日记全编：全2册 (鲁迅 著) (Z-Library).txt,,txt_local_evidence,local,一手,日记,no,,keyword:日记,luxun_diary
SRC-0246,local_text_citation,鲁迅日记,鲁迅日记 1936年5月8日,research/raw_texts/日记全编：全2册 (鲁迅 著) (Z-Library).txt,,txt_local_evidence,local,一手,日记,no,,keyword:日记,luxun_diary
SRC-0247,local_text_citation,鲁迅日记,鲁迅日记 1936年5月9日,research/raw_texts/日记全编：全2册 (鲁迅 著) (Z-Library).txt,,txt_local_evidence,local,一手,日记,no,,keyword:日记,luxun_diary
SRC-0248,local_text_citation,鲁迅日记,鲁迅日记 1936年7月21日,research/raw_texts/日记全编：全2册 (鲁迅 著) (Z-Library).txt,,txt_local_evidence,local,一手,日记,no,,keyword:日记,luxun_diary
SRC-0249,local_text_citation,左联词典,左联词典 第580页,research/raw_texts/左联词典.txt,,txt_local_evidence,local,二手,研究论著,no,,keyword:研究论著,zuolian_cidian
SRC-0250,local_text_citation,左联史,左联史 第440页,research/raw_texts/左联史.txt,,txt_local_evidence,local,二手,研究论著,no,,keyword:研究论著,zuolian_shi
SRC-0251,local_text_citation,左联词典,左联词典 第186页,research/raw_texts/左联词典.txt,,txt_local_evidence,local,二手,研究论著,no,,keyword:研究论著,zuolian_cidian
SRC-0252,local_text_citation,左联词典,左联词典 第287页,research/raw_texts/左联词典.txt,,txt_local_evidence,local,二手,研究论著,no,,keyword:研究论著,zuolian_cidian
SRC-0253,local_text_citation,左联词典,左联词典 第288页,research/raw_texts/左联词典.txt,,txt_local_evidence,local,二手,研究论著,no,,keyword:研究论著,zuolian_cidian
SRC-0254,local_text_citation,左联词典,左联词典 第308页,research/raw_texts/左联词典.txt,,txt_local_evidence,local,二手,研究论著,no,,keyword:研究论著,zuolian_cidian
SRC-0255,local_text_citation,左联词典,左联词典 第438页,research/raw_texts/左联词典.txt,,txt_local_evidence,local,二手,研究论著,no,,keyword:研究论著,zuolian_cidian
SRC-0256,local_text_citation,左联词典,左联词典 第280页,research/raw_texts/左联词典.txt,,txt_local_evidence,local,二手,研究论著,no,,keyword:研究论著,zuolian_cidian
SRC-0257,local_text_citation,左联词典,左联词典 第457页,research/raw_texts/左联词典.txt,,txt_local_evidence,local,二手,研究论著,no,,keyword:研究论著,zuolian_cidian
SRC-0258,local_text_citation,左联词典,左联词典 第488页,research/raw_texts/左联词典.txt,,txt_local_evidence,local,二手,研究论著,no,,keyword:研究论著,zuolian_cidian
SRC-0259,local_text_citation,左联词典,左联词典 第275页,research/raw_texts/左联词典.txt,,txt_local_evidence,local,二手,研究论著,no,,keyword:研究论著,zuolian_cidian
SRC-0260,local_text_citation,左联词典,左联词典 第431页,research/raw_texts/左联词典.txt,,txt_local_evidence,local,二手,研究论著,no,,keyword:研究论著,zuolian_cidian
SRC-0261,local_text_citation,左联词典,左联词典 第343页,research/raw_texts/左联词典.txt,,txt_local_evidence,local,二手,研究论著,no,,keyword:研究论著,zuolian_cidian
SRC-0262,local_text_citation,左联词典,左联词典 第491页,research/raw_texts/左联词典.txt,,txt_local_evidence,local,二手,研究论著,no,,keyword:研究论著,zuolian_cidian
SRC-0263,local_text_citation,左联词典,左联词典 第499页,research/raw_texts/左联词典.txt,,txt_local_evidence,local,二手,研究论著,no,,keyword:研究论著,zuolian_cidian
SRC-0264,local_text_citation,左联词典,左联词典 第330页,research/raw_texts/左联词典.txt,,txt_local_evidence,local,二手,研究论著,no,,keyword:研究论著,zuolian_cidian
SRC-0265,local_text_citation,左联词典,左联词典 第500页,research/raw_texts/左联词典.txt,,txt_local_evidence,local,二手,研究论著,no,,keyword:研究论著,zuolian_cidian
SRC-0266,local_text_citation,左联词典,左联词典 第557页,research/raw_texts/左联词典.txt,,txt_local_evidence,local,二手,研究论著,no,,keyword:研究论著,zuolian_cidian
SRC-0267,local_text_citation,左联词典,左联词典 第285页,research/raw_texts/左联词典.txt,,txt_local_evidence,local,二手,研究论著,no,,keyword:研究论著,zuolian_cidian
SRC-0268,local_text_citation,左联词典,左联词典 第515页,research/raw_texts/左联词典.txt,,txt_local_evidence,local,二手,研究论著,no,,keyword:研究论著,zuolian_cidian
SRC-0269,local_text_citation,左联词典,左联词典 第512页,research/raw_texts/左联词典.txt,,txt_local_evidence,local,二手,研究论著,no,,keyword:研究论著,zuolian_cidian
SRC-0270,local_text_citation,左联词典,左联词典 第133页,research/raw_texts/左联词典.txt,,txt_local_evidence,local,二手,研究论著,no,,keyword:研究论著,zuolian_cidian
SRC-0271,local_text_citation,左联词典,左联词典 第254页,research/raw_texts/左联词典.txt,,txt_local_evidence,local,二手,研究论著,no,,keyword:研究论著,zuolian_cidian
SRC-0272,local_text_citation,左联词典,左联词典 第294页,research/raw_texts/左联词典.txt,,txt_local_evidence,local,二手,研究论著,no,,keyword:研究论著,zuolian_cidian
SRC-0273,local_text_citation,左联词典,左联词典 第300页,research/raw_texts/左联词典.txt,,txt_local_evidence,local,二手,研究论著,no,,keyword:研究论著,zuolian_cidian
SRC-0274,local_text_citation,左联词典,左联词典 第159页,research/raw_texts/左联词典.txt,,txt_local_evidence,local,二手,研究论著,no,,keyword:研究论著,zuolian_cidian
SRC-0275,local_text_citation,左联词典,左联词典 第268页,research/raw_texts/左联词典.txt,,txt_local_evidence,local,二手,研究论著,no,,keyword:研究论著,zuolian_cidian
SRC-0276,local_text_citation,左联词典,左联词典 第243页,research/raw_texts/左联词典.txt,,txt_local_evidence,local,二手,研究论著,no,,keyword:研究论著,zuolian_cidian
SRC-0277,local_text_citation,左联词典,左联词典 第353页,research/raw_texts/左联词典.txt,,txt_local_evidence,local,二手,研究论著,no,,keyword:研究论著,zuolian_cidian
SRC-0278,local_text_citation,左联词典,左联词典 第505页,research/raw_texts/左联词典.txt,,txt_local_evidence,local,二手,研究论著,no,,keyword:研究论著,zuolian_cidian
SRC-0279,local_text_citation,左联词典,左联词典 第547页,research/raw_texts/左联词典.txt,,txt_local_evidence,local,二手,研究论著,no,,keyword:研究论著,zuolian_cidian
SRC-0280,local_text_citation,左联史,左联史 第17页,research/raw_texts/左联史.txt,,txt_local_evidence,local,二手,研究论著,no,,keyword:研究论著,zuolian_shi
SRC-0281,local_text_citation,左联史,左联史 第305页,research/raw_texts/左联史.txt,,txt_local_evidence,local,二手,研究论著,no,,keyword:研究论著,zuolian_shi
SRC-0282,local_text_citation,左联史,左联史 第730页,research/raw_texts/左联史.txt,,txt_local_evidence,local,二手,研究论著,no,,keyword:研究论著,zuolian_shi
SRC-0283,local_text_citation,左联史,左联史 第97页,research/raw_texts/左联史.txt,,txt_local_evidence,local,二手,研究论著,no,,keyword:研究论著,zuolian_shi
SRC-0284,local_text_citation,左联史,左联史 第498页,research/raw_texts/左联史.txt,,txt_local_evidence,local,二手,研究论著,no,,keyword:研究论著,zuolian_shi
SRC-0285,local_text_citation,左联词典,左联词典 第138页,research/raw_texts/左联词典.txt,,txt_local_evidence,local,二手,研究论著,no,,keyword:研究论著,zuolian_cidian
SRC-0286,local_text_citation,左联词典,左联词典 第178页,research/raw_texts/左联词典.txt,,txt_local_evidence,local,二手,研究论著,no,,keyword:研究论著,zuolian_cidian
SRC-0287,local_text_citation,左联词典,左联词典 第209页,research/raw_texts/左联词典.txt,,txt_local_evidence,local,二手,研究论著,no,,keyword:研究论著,zuolian_cidian
SRC-0288,local_text_citation,左联词典,左联词典 第302页,research/raw_texts/左联词典.txt,,txt_local_evidence,local,二手,研究论著,no,,keyword:研究论著,zuolian_cidian
SRC-0289,local_text_citation,左联词典,左联词典 第445页,research/raw_texts/左联词典.txt,,txt_local_evidence,local,二手,研究论著,no,,keyword:研究论著,zuolian_cidian
SRC-0290,local_text_citation,鲁迅日记,鲁迅日记 1931年8月21日,research/raw_texts/日记全编：全2册 (鲁迅 著) (Z-Library).txt,,txt_local_evidence,local,一手,日记,no,,keyword:日记,luxun_diary
SRC-0291,local_text_citation,鲁迅日记,鲁迅日记 1929年5月18日,research/raw_texts/日记全编：全2册 (鲁迅 著) (Z-Library).txt,,txt_local_evidence,local,一手,日记,no,,keyword:日记,luxun_diary
SRC-0292,local_text_citation,鲁迅日记,鲁迅日记 1929年5月21日,research/raw_texts/日记全编：全2册 (鲁迅 著) (Z-Library).txt,,txt_local_evidence,local,一手,日记,no,,keyword:日记,luxun_diary
SRC-0293,local_text_citation,鲁迅日记,鲁迅日记 1929年5月22日,research/raw_texts/日记全编：全2册 (鲁迅 著) (Z-Library).txt,,txt_local_evidence,local,一手,日记,no,,keyword:日记,luxun_diary
SRC-0294,local_text_citation,鲁迅日记,鲁迅日记 1929年5月23日,research/raw_texts/日记全编：全2册 (鲁迅 著) (Z-Library).txt,,txt_local_evidence,local,一手,日记,no,,keyword:日记,luxun_diary
SRC-0295,local_text_citation,鲁迅日记,鲁迅日记 1929年5月24日,research/raw_texts/日记全编：全2册 (鲁迅 著) (Z-Library).txt,,txt_local_evidence,local,一手,日记,no,,keyword:日记,luxun_diary
SRC-0296,local_text_citation,鲁迅日记,鲁迅日记 1929年5月25日,research/raw_texts/日记全编：全2册 (鲁迅 著) (Z-Library).txt,,txt_local_evidence,local,一手,日记,no,,keyword:日记,luxun_diary
SRC-0297,local_text_citation,鲁迅日记,鲁迅日记 1929年5月27日,research/raw_texts/日记全编：全2册 (鲁迅 著) (Z-Library).txt,,txt_local_evidence,local,一手,日记,no,,keyword:日记,luxun_diary
SRC-0298,local_text_citation,鲁迅日记,鲁迅日记 1929年5月29日,research/raw_texts/日记全编：全2册 (鲁迅 著) (Z-Library).txt,,txt_local_evidence,local,一手,日记,no,,keyword:日记,luxun_diary
SRC-0299,local_text_citation,鲁迅日记,鲁迅日记 1929年5月30日,research/raw_texts/日记全编：全2册 (鲁迅 著) (Z-Library).txt,,txt_local_evidence,local,一手,日记,no,,keyword:日记,luxun_diary
SRC-0300,local_text_citation,鲁迅日记,鲁迅日记 1932年11月13日,research/raw_texts/日记全编：全2册 (鲁迅 著) (Z-Library).txt,,txt_local_evidence,local,一手,日记,no,,keyword:日记,luxun_diary
SRC-0301,local_text_citation,鲁迅日记,鲁迅日记 1932年11月14日,research/raw_texts/日记全编：全2册 (鲁迅 著) (Z-Library).txt,,txt_local_evidence,local,一手,日记,no,,keyword:日记,luxun_diary
SRC-0302,local_text_citation,鲁迅日记,鲁迅日记 1932年11月15日,research/raw_texts/日记全编：全2册 (鲁迅 著) (Z-Library).txt,,txt_local_evidence,local,一手,日记,no,,keyword:日记,luxun_diary
SRC-0303,local_text_citation,鲁迅日记,鲁迅日记 1932年11月16日,research/raw_texts/日记全编：全2册 (鲁迅 著) (Z-Library).txt,,txt_local_evidence,local,一手,日记,no,,keyword:日记,luxun_diary
SRC-0304,local_text_citation,鲁迅日记,鲁迅日记 1932年11月17日,research/raw_texts/日记全编：全2册 (鲁迅 著) (Z-Library).txt,,txt_local_evidence,local,一手,日记,no,,keyword:日记,luxun_diary
SRC-0305,local_text_citation,鲁迅日记,鲁迅日记 1932年11月18日,research/raw_texts/日记全编：全2册 (鲁迅 著) (Z-Library).txt,,txt_local_evidence,local,一手,日记,no,,keyword:日记,luxun_diary
SRC-0306,local_text_citation,鲁迅日记,鲁迅日记 1932年11月20日,research/raw_texts/日记全编：全2册 (鲁迅 著) (Z-Library).txt,,txt_local_evidence,local,一手,日记,no,,keyword:日记,luxun_diary
SRC-0307,local_text_citation,鲁迅日记,鲁迅日记 1932年11月21日,research/raw_texts/日记全编：全2册 (鲁迅 著) (Z-Library).txt,,txt_local_evidence,local,一手,日记,no,,keyword:日记,luxun_diary
SRC-0308,local_text_citation,鲁迅日记,鲁迅日记 1932年11月22日,research/raw_texts/日记全编：全2册 (鲁迅 著) (Z-Library).txt,,txt_local_evidence,local,一手,日记,no,,keyword:日记,luxun_diary
SRC-0309,local_text_citation,鲁迅日记,鲁迅日记 1932年11月23日,research/raw_texts/日记全编：全2册 (鲁迅 著) (Z-Library).txt,,txt_local_evidence,local,一手,日记,no,,keyword:日记,luxun_diary
SRC-0310,local_text_citation,鲁迅日记,鲁迅日记 1932年11月25日,research/raw_texts/日记全编：全2册 (鲁迅 著) (Z-Library).txt,,txt_local_evidence,local,一手,日记,no,,keyword:日记,luxun_diary
SRC-0311,local_text_citation,鲁迅日记,鲁迅日记 1932年11月26日,research/raw_texts/日记全编：全2册 (鲁迅 著) (Z-Library).txt,,txt_local_evidence,local,一手,日记,no,,keyword:日记,luxun_diary
SRC-0312,local_text_citation,鲁迅日记,鲁迅日记 1932年11月27日,research/raw_texts/日记全编：全2册 (鲁迅 著) (Z-Library).txt,,txt_local_evidence,local,一手,日记,no,,keyword:日记,luxun_diary
SRC-0313,local_text_citation,鲁迅日记,鲁迅日记 1932年1月12日,research/raw_texts/日记全编：全2册 (鲁迅 著) (Z-Library).txt,,txt_local_evidence,local,一手,日记,no,,keyword:日记,luxun_diary
SRC-0314,local_text_citation,鲁迅日记,鲁迅日记 1932年3月16日,research/raw_texts/日记全编：全2册 (鲁迅 著) (Z-Library).txt,,txt_local_evidence,local,一手,日记,no,,keyword:日记,luxun_diary
SRC-0315,local_text_citation,鲁迅日记,鲁迅日记 1928年11月27日,research/raw_texts/日记全编：全2册 (鲁迅 著) (Z-Library).txt,,txt_local_evidence,local,一手,日记,no,,keyword:日记,luxun_diary
SRC-0316,local_text_citation,鲁迅日记,鲁迅日记 1929年11月23日,research/raw_texts/日记全编：全2册 (鲁迅 著) (Z-Library).txt,,txt_local_evidence,local,一手,日记,no,,keyword:日记,luxun_diary
SRC-0317,local_text_citation,鲁迅日记,鲁迅日记 1929年5月2日,research/raw_texts/日记全编：全2册 (鲁迅 著) (Z-Library).txt,,txt_local_evidence,local,一手,日记,no,,keyword:日记,luxun_diary
SRC-0318,local_text_citation,鲁迅日记,鲁迅日记 1929年7月10日,research/raw_texts/日记全编：全2册 (鲁迅 著) (Z-Library).txt,,txt_local_evidence,local,一手,日记,no,,keyword:日记,luxun_diary
SRC-0319,local_text_citation,鲁迅日记,鲁迅日记 1929年8月16日,research/raw_texts/日记全编：全2册 (鲁迅 著) (Z-Library).txt,,txt_local_evidence,local,一手,日记,no,,keyword:日记,luxun_diary
SRC-0320,local_text_citation,鲁迅日记,鲁迅日记 1929年8月26日,research/raw_texts/日记全编：全2册 (鲁迅 著) (Z-Library).txt,,txt_local_evidence,local,一手,日记,no,,keyword:日记,luxun_diary
SRC-0321,local_text_citation,鲁迅日记,鲁迅日记 1929年8月28日,research/raw_texts/日记全编：全2册 (鲁迅 著) (Z-Library).txt,,txt_local_evidence,local,一手,日记,no,,keyword:日记,luxun_diary
SRC-0322,local_text_citation,鲁迅日记,鲁迅日记 1930年11月22日,research/raw_texts/日记全编：全2册 (鲁迅 著) (Z-Library).txt,,txt_local_evidence,local,一手,日记,no,,keyword:日记,luxun_diary
SRC-0323,local_text_citation,鲁迅日记,鲁迅日记 1931年10月11日,research/raw_texts/日记全编：全2册 (鲁迅 著) (Z-Library).txt,,txt_local_evidence,local,一手,日记,no,,keyword:日记,luxun_diary
SRC-0324,local_text_citation,鲁迅日记,鲁迅日记 1931年2月13日,research/raw_texts/日记全编：全2册 (鲁迅 著) (Z-Library).txt,,txt_local_evidence,local,一手,日记,no,,keyword:日记,luxun_diary
SRC-0325,local_text_citation,鲁迅日记,鲁迅日记 1932年10月17日,research/raw_texts/日记全编：全2册 (鲁迅 著) (Z-Library).txt,,txt_local_evidence,local,一手,日记,no,,keyword:日记,luxun_diary
SRC-0326,local_text_citation,鲁迅日记,鲁迅日记 1932年2月10日,research/raw_texts/日记全编：全2册 (鲁迅 著) (Z-Library).txt,,txt_local_evidence,local,一手,日记,no,,keyword:日记,luxun_diary
SRC-0327,local_text_citation,鲁迅日记,鲁迅日记 1932年2月8日,research/raw_texts/日记全编：全2册 (鲁迅 著) (Z-Library).txt,,txt_local_evidence,local,一手,日记,no,,keyword:日记,luxun_diary
SRC-0328,local_text_citation,鲁迅日记,鲁迅日记 1933年1月20日,research/raw_texts/日记全编：全2册 (鲁迅 著) (Z-Library).txt,,txt_local_evidence,local,一手,日记,no,,keyword:日记,luxun_diary
SRC-0329,local_text_citation,鲁迅日记,鲁迅日记 1935年8月30日,research/raw_texts/日记全编：全2册 (鲁迅 著) (Z-Library).txt,,txt_local_evidence,local,一手,日记,no,,keyword:日记,luxun_diary
SRC-0330,local_text_citation,鲁迅日记,鲁迅日记 1928年11月26日,research/raw_texts/日记全编：全2册 (鲁迅 著) (Z-Library).txt,,txt_local_evidence,local,一手,日记,no,,keyword:日记,luxun_diary
SRC-0331,local_text_citation,鲁迅日记,鲁迅日记 1928年12月2日,research/raw_texts/日记全编：全2册 (鲁迅 著) (Z-Library).txt,,txt_local_evidence,local,一手,日记,no,,keyword:日记,luxun_diary
SRC-0332,local_text_citation,鲁迅日记,鲁迅日记 1928年12月5日,research/raw_texts/日记全编：全2册 (鲁迅 著) (Z-Library).txt,,txt_local_evidence,local,一手,日记,no,,keyword:日记,luxun_diary
SRC-0333,local_text_citation,鲁迅日记,鲁迅日记 1928年12月7日 等6条,research/raw_texts/日记全编：全2册 (鲁迅 著) (Z-Library).txt,,txt_local_evidence,local,一手,日记,no,,keyword:日记,luxun_diary
SRC-0334,local_text_citation,鲁迅日记,鲁迅日记 1929年10月19日,research/raw_texts/日记全编：全2册 (鲁迅 著) (Z-Library).txt,,txt_local_evidence,local,一手,日记,no,,keyword:日记,luxun_diary
SRC-0335,local_text_citation,鲁迅日记,鲁迅日记 1929年10月28日,research/raw_texts/日记全编：全2册 (鲁迅 著) (Z-Library).txt,,txt_local_evidence,local,一手,日记,no,,keyword:日记,luxun_diary
SRC-0336,local_text_citation,鲁迅日记,鲁迅日记 1929年11月11日 等7条,research/raw_texts/日记全编：全2册 (鲁迅 著) (Z-Library).txt,,txt_local_evidence,local,一手,日记,no,,keyword:日记,luxun_diary
SRC-0337,local_text_citation,鲁迅日记,鲁迅日记 1929年11月4日,research/raw_texts/日记全编：全2册 (鲁迅 著) (Z-Library).txt,,txt_local_evidence,local,一手,日记,no,,keyword:日记,luxun_diary
SRC-0338,local_text_citation,鲁迅日记,鲁迅日记 1929年11月6日,research/raw_texts/日记全编：全2册 (鲁迅 著) (Z-Library).txt,,txt_local_evidence,local,一手,日记,no,,keyword:日记,luxun_diary
SRC-0339,local_text_citation,鲁迅日记,鲁迅日记 1929年12月10日,research/raw_texts/日记全编：全2册 (鲁迅 著) (Z-Library).txt,,txt_local_evidence,local,一手,日记,no,,keyword:日记,luxun_diary
SRC-0340,local_text_citation,鲁迅日记,鲁迅日记 1929年12月15日,research/raw_texts/日记全编：全2册 (鲁迅 著) (Z-Library).txt,,txt_local_evidence,local,一手,日记,no,,keyword:日记,luxun_diary
SRC-0341,local_text_citation,鲁迅日记,鲁迅日记 1929年12月4日,research/raw_texts/日记全编：全2册 (鲁迅 著) (Z-Library).txt,,txt_local_evidence,local,一手,日记,no,,keyword:日记,luxun_diary
SRC-0342,local_text_citation,鲁迅日记,鲁迅日记 1929年1月15日 等7条,research/raw_texts/日记全编：全2册 (鲁迅 著) (Z-Library).txt,,txt_local_evidence,local,一手,日记,no,,keyword:日记,luxun_diary
SRC-0343,local_text_citation,鲁迅日记,鲁迅日记 1929年1月5日,research/raw_texts/日记全编：全2册 (鲁迅 著) (Z-Library).txt,,txt_local_evidence,local,一手,日记,no,,keyword:日记,luxun_diary
SRC-0344,local_text_citation,鲁迅日记,鲁迅日记 1929年1月8日,research/raw_texts/日记全编：全2册 (鲁迅 著) (Z-Library).txt,,txt_local_evidence,local,一手,日记,no,,keyword:日记,luxun_diary
SRC-0345,local_text_citation,鲁迅日记,鲁迅日记 1929年2月16日,research/raw_texts/日记全编：全2册 (鲁迅 著) (Z-Library).txt,,txt_local_evidence,local,一手,日记,no,,keyword:日记,luxun_diary
SRC-0346,local_text_citation,鲁迅日记,鲁迅日记 1929年2月17日 等7条,research/raw_texts/日记全编：全2册 (鲁迅 著) (Z-Library).txt,,txt_local_evidence,local,一手,日记,no,,keyword:日记,luxun_diary
SRC-0347,local_text_citation,鲁迅日记,鲁迅日记 1929年2月4日,research/raw_texts/日记全编：全2册 (鲁迅 著) (Z-Library).txt,,txt_local_evidence,local,一手,日记,no,,keyword:日记,luxun_diary
SRC-0348,local_text_citation,鲁迅日记,鲁迅日记 1929年3月3日,research/raw_texts/日记全编：全2册 (鲁迅 著) (Z-Library).txt,,txt_local_evidence,local,一手,日记,no,,keyword:日记,luxun_diary
SRC-0349,local_text_citation,鲁迅日记,鲁迅日记 1929年3月5日,research/raw_texts/日记全编：全2册 (鲁迅 著) (Z-Library).txt,,txt_local_evidence,local,一手,日记,no,,keyword:日记,luxun_diary
SRC-0350,local_text_citation,鲁迅日记,鲁迅日记 1929年3月6日 等6条,research/raw_texts/日记全编：全2册 (鲁迅 著) (Z-Library).txt,,txt_local_evidence,local,一手,日记,no,,keyword:日记,luxun_diary
SRC-0351,local_text_citation,鲁迅日记,鲁迅日记 1929年4月4日,research/raw_texts/日记全编：全2册 (鲁迅 著) (Z-Library).txt,,txt_local_evidence,local,一手,日记,no,,keyword:日记,luxun_diary
SRC-0352,local_text_citation,鲁迅日记,鲁迅日记 1929年4月6日,research/raw_texts/日记全编：全2册 (鲁迅 著) (Z-Library).txt,,txt_local_evidence,local,一手,日记,no,,keyword:日记,luxun_diary
SRC-0353,local_text_citation,鲁迅日记,鲁迅日记 1929年4月8日 等7条,research/raw_texts/日记全编：全2册 (鲁迅 著) (Z-Library).txt,,txt_local_evidence,local,一手,日记,no,,keyword:日记,luxun_diary
SRC-0354,local_text_citation,鲁迅日记,鲁迅日记 1929年5月12日,research/raw_texts/日记全编：全2册 (鲁迅 著) (Z-Library).txt,,txt_local_evidence,local,一手,日记,no,,keyword:日记,luxun_diary
SRC-0355,local_text_citation,鲁迅日记,鲁迅日记 1929年5月1日,research/raw_texts/日记全编：全2册 (鲁迅 著) (Z-Library).txt,,txt_local_evidence,local,一手,日记,no,,keyword:日记,luxun_diary
SRC-0356,local_text_citation,鲁迅日记,鲁迅日记 1929年6月10日 等7条,research/raw_texts/日记全编：全2册 (鲁迅 著) (Z-Library).txt,,txt_local_evidence,local,一手,日记,no,,keyword:日记,luxun_diary
SRC-0357,local_text_citation,鲁迅日记,鲁迅日记 1929年6月8日,research/raw_texts/日记全编：全2册 (鲁迅 著) (Z-Library).txt,,txt_local_evidence,local,一手,日记,no,,keyword:日记,luxun_diary
SRC-0358,local_text_citation,鲁迅日记,鲁迅日记 1929年7月11日,research/raw_texts/日记全编：全2册 (鲁迅 著) (Z-Library).txt,,txt_local_evidence,local,一手,日记,no,,keyword:日记,luxun_diary
SRC-0359,local_text_citation,鲁迅日记,鲁迅日记 1929年7月13日 等7条,research/raw_texts/日记全编：全2册 (鲁迅 著) (Z-Library).txt,,txt_local_evidence,local,一手,日记,no,,keyword:日记,luxun_diary
SRC-0360,local_text_citation,鲁迅日记,鲁迅日记 1929年8月12日,research/raw_texts/日记全编：全2册 (鲁迅 著) (Z-Library).txt,,txt_local_evidence,local,一手,日记,no,,keyword:日记,luxun_diary
SRC-0361,local_text_citation,鲁迅日记,鲁迅日记 1929年9月10日,research/raw_texts/日记全编：全2册 (鲁迅 著) (Z-Library).txt,,txt_local_evidence,local,一手,日记,no,,keyword:日记,luxun_diary
SRC-0362,local_text_citation,鲁迅日记,鲁迅日记 1929年9月7日,research/raw_texts/日记全编：全2册 (鲁迅 著) (Z-Library).txt,,txt_local_evidence,local,一手,日记,no,,keyword:日记,luxun_diary
SRC-0363,local_text_citation,鲁迅日记,鲁迅日记 1930年10月13日,research/raw_texts/日记全编：全2册 (鲁迅 著) (Z-Library).txt,,txt_local_evidence,local,一手,日记,no,,keyword:日记,luxun_diary
SRC-0364,local_text_citation,鲁迅日记,鲁迅日记 1930年10月15日 等5条,research/raw_texts/日记全编：全2册 (鲁迅 著) (Z-Library).txt,,txt_local_evidence,local,一手,日记,no,,keyword:日记,luxun_diary
SRC-0365,local_text_citation,鲁迅日记,鲁迅日记 1930年10月2日,research/raw_texts/日记全编：全2册 (鲁迅 著) (Z-Library).txt,,txt_local_evidence,local,一手,日记,no,,keyword:日记,luxun_diary
SRC-0366,local_text_citation,鲁迅日记,鲁迅日记 1930年12月6日,research/raw_texts/日记全编：全2册 (鲁迅 著) (Z-Library).txt,,txt_local_evidence,local,一手,日记,no,,keyword:日记,luxun_diary
SRC-0367,local_text_citation,鲁迅日记,鲁迅日记 1930年2月5日,research/raw_texts/日记全编：全2册 (鲁迅 著) (Z-Library).txt,,txt_local_evidence,local,一手,日记,no,,keyword:日记,luxun_diary
SRC-0368,local_text_citation,鲁迅日记,鲁迅日记 1930年4月16日,research/raw_texts/日记全编：全2册 (鲁迅 著) (Z-Library).txt,,txt_local_evidence,local,一手,日记,no,,keyword:日记,luxun_diary
SRC-0369,local_text_citation,鲁迅日记,鲁迅日记 1930年4月17日 等6条,research/raw_texts/日记全编：全2册 (鲁迅 著) (Z-Library).txt,,txt_local_evidence,local,一手,日记,no,,keyword:日记,luxun_diary
SRC-0370,local_text_citation,鲁迅日记,鲁迅日记 1930年7月6日,research/raw_texts/日记全编：全2册 (鲁迅 著) (Z-Library).txt,,txt_local_evidence,local,一手,日记,no,,keyword:日记,luxun_diary
SRC-0371,local_text_citation,鲁迅日记,鲁迅日记 1930年9月10日,research/raw_texts/日记全编：全2册 (鲁迅 著) (Z-Library).txt,,txt_local_evidence,local,一手,日记,no,,keyword:日记,luxun_diary
SRC-0372,local_text_citation,鲁迅日记,鲁迅日记 1930年9月22日,research/raw_texts/日记全编：全2册 (鲁迅 著) (Z-Library).txt,,txt_local_evidence,local,一手,日记,no,,keyword:日记,luxun_diary
SRC-0373,local_text_citation,鲁迅日记,鲁迅日记 1930年9月3日,research/raw_texts/日记全编：全2册 (鲁迅 著) (Z-Library).txt,,txt_local_evidence,local,一手,日记,no,,keyword:日记,luxun_diary
SRC-0374,local_text_citation,鲁迅日记,鲁迅日记 1931年10月19日,research/raw_texts/日记全编：全2册 (鲁迅 著) (Z-Library).txt,,txt_local_evidence,local,一手,日记,no,,keyword:日记,luxun_diary
SRC-0375,local_text_citation,鲁迅日记,鲁迅日记 1931年10月6日,research/raw_texts/日记全编：全2册 (鲁迅 著) (Z-Library).txt,,txt_local_evidence,local,一手,日记,no,,keyword:日记,luxun_diary
SRC-0376,local_text_citation,鲁迅日记,鲁迅日记 1931年10月9日,research/raw_texts/日记全编：全2册 (鲁迅 著) (Z-Library).txt,,txt_local_evidence,local,一手,日记,no,,keyword:日记,luxun_diary
SRC-0377,local_text_citation,鲁迅日记,鲁迅日记 1931年11月17日 等6条,research/raw_texts/日记全编：全2册 (鲁迅 著) (Z-Library).txt,,txt_local_evidence,local,一手,日记,no,,keyword:日记,luxun_diary
SRC-0378,local_text_citation,鲁迅日记,鲁迅日记 1931年11月6日,research/raw_texts/日记全编：全2册 (鲁迅 著) (Z-Library).txt,,txt_local_evidence,local,一手,日记,no,,keyword:日记,luxun_diary
SRC-0379,local_text_citation,鲁迅日记,鲁迅日记 1931年11月8日,research/raw_texts/日记全编：全2册 (鲁迅 著) (Z-Library).txt,,txt_local_evidence,local,一手,日记,no,,keyword:日记,luxun_diary
SRC-0380,local_text_citation,鲁迅日记,鲁迅日记 1931年12月12日,research/raw_texts/日记全编：全2册 (鲁迅 著) (Z-Library).txt,,txt_local_evidence,local,一手,日记,no,,keyword:日记,luxun_diary
SRC-0381,local_text_citation,鲁迅日记,鲁迅日记 1931年12月19日 等5条,research/raw_texts/日记全编：全2册 (鲁迅 著) (Z-Library).txt,,txt_local_evidence,local,一手,日记,no,,keyword:日记,luxun_diary
SRC-0382,local_text_citation,鲁迅日记,鲁迅日记 1931年12月1日,research/raw_texts/日记全编：全2册 (鲁迅 著) (Z-Library).txt,,txt_local_evidence,local,一手,日记,no,,keyword:日记,luxun_diary
SRC-0383,local_text_citation,鲁迅日记,鲁迅日记 1931年1月23日,research/raw_texts/日记全编：全2册 (鲁迅 著) (Z-Library).txt,,txt_local_evidence,local,一手,日记,no,,keyword:日记,luxun_diary
SRC-0384,local_text_citation,鲁迅日记,鲁迅日记 1931年2月2日,research/raw_texts/日记全编：全2册 (鲁迅 著) (Z-Library).txt,,txt_local_evidence,local,一手,日记,no,,keyword:日记,luxun_diary
SRC-0385,local_text_citation,鲁迅日记,鲁迅日记 1931年2月3日,research/raw_texts/日记全编：全2册 (鲁迅 著) (Z-Library).txt,,txt_local_evidence,local,一手,日记,no,,keyword:日记,luxun_diary
SRC-0386,local_text_citation,鲁迅日记,鲁迅日记 1931年2月5日 等7条,research/raw_texts/日记全编：全2册 (鲁迅 著) (Z-Library).txt,,txt_local_evidence,local,一手,日记,no,,keyword:日记,luxun_diary
SRC-0387,local_text_citation,鲁迅日记,鲁迅日记 1931年3月18日,research/raw_texts/日记全编：全2册 (鲁迅 著) (Z-Library).txt,,txt_local_evidence,local,一手,日记,no,,keyword:日记,luxun_diary
SRC-0388,local_text_citation,鲁迅日记,鲁迅日记 1931年3月20日,research/raw_texts/日记全编：全2册 (鲁迅 著) (Z-Library).txt,,txt_local_evidence,local,一手,日记,no,,keyword:日记,luxun_diary
SRC-0389,local_text_citation,鲁迅日记,鲁迅日记 1931年4月26日,research/raw_texts/日记全编：全2册 (鲁迅 著) (Z-Library).txt,,txt_local_evidence,local,一手,日记,no,,keyword:日记,luxun_diary
SRC-0390,local_text_citation,鲁迅日记,鲁迅日记 1931年6月1日,research/raw_texts/日记全编：全2册 (鲁迅 著) (Z-Library).txt,,txt_local_evidence,local,一手,日记,no,,keyword:日记,luxun_diary
SRC-0391,local_text_citation,鲁迅日记,鲁迅日记 1931年6月24日,research/raw_texts/日记全编：全2册 (鲁迅 著) (Z-Library).txt,,txt_local_evidence,local,一手,日记,no,,keyword:日记,luxun_diary
SRC-0392,local_text_citation,鲁迅日记,鲁迅日记 1931年6月2日,research/raw_texts/日记全编：全2册 (鲁迅 著) (Z-Library).txt,,txt_local_evidence,local,一手,日记,no,,keyword:日记,luxun_diary
SRC-0393,local_text_citation,鲁迅日记,鲁迅日记 1931年7月14日,research/raw_texts/日记全编：全2册 (鲁迅 著) (Z-Library).txt,,txt_local_evidence,local,一手,日记,no,,keyword:日记,luxun_diary
SRC-0394,local_text_citation,鲁迅日记,鲁迅日记 1931年7月15日,research/raw_texts/日记全编：全2册 (鲁迅 著) (Z-Library).txt,,txt_local_evidence,local,一手,日记,no,,keyword:日记,luxun_diary
SRC-0395,local_text_citation,鲁迅日记,鲁迅日记 1931年7月18日 等6条,research/raw_texts/日记全编：全2册 (鲁迅 著) (Z-Library).txt,,txt_local_evidence,local,一手,日记,no,,keyword:日记,luxun_diary
SRC-0396,local_text_citation,鲁迅日记,鲁迅日记 1931年8月15日,research/raw_texts/日记全编：全2册 (鲁迅 著) (Z-Library).txt,,txt_local_evidence,local,一手,日记,no,,keyword:日记,luxun_diary
SRC-0397,local_text_citation,鲁迅日记,鲁迅日记 1931年8月8日,research/raw_texts/日记全编：全2册 (鲁迅 著) (Z-Library).txt,,txt_local_evidence,local,一手,日记,no,,keyword:日记,luxun_diary
SRC-0398,local_text_citation,鲁迅日记,鲁迅日记 1931年8月9日,research/raw_texts/日记全编：全2册 (鲁迅 著) (Z-Library).txt,,txt_local_evidence,local,一手,日记,no,,keyword:日记,luxun_diary
SRC-0399,local_text_citation,鲁迅日记,鲁迅日记 1931年9月11日,research/raw_texts/日记全编：全2册 (鲁迅 著) (Z-Library).txt,,txt_local_evidence,local,一手,日记,no,,keyword:日记,luxun_diary
SRC-0400,local_text_citation,鲁迅日记,鲁迅日记 1931年9月15日,research/raw_texts/日记全编：全2册 (鲁迅 著) (Z-Library).txt,,txt_local_evidence,local,一手,日记,no,,keyword:日记,luxun_diary
SRC-0401,local_text_citation,鲁迅日记,鲁迅日记 1931年9月16日,research/raw_texts/日记全编：全2册 (鲁迅 著) (Z-Library).txt,,txt_local_evidence,local,一手,日记,no,,keyword:日记,luxun_diary
SRC-0402,local_text_citation,鲁迅日记,鲁迅日记 1932年10月13日,research/raw_texts/日记全编：全2册 (鲁迅 著) (Z-Library).txt,,txt_local_evidence,local,一手,日记,no,,keyword:日记,luxun_diary
SRC-0403,local_text_citation,鲁迅日记,鲁迅日记 1932年10月20日 等4条,research/raw_texts/日记全编：全2册 (鲁迅 著) (Z-Library).txt,,txt_local_evidence,local,一手,日记,no,,keyword:日记,luxun_diary
SRC-0404,local_text_citation,鲁迅日记,鲁迅日记 1932年10月3日,research/raw_texts/日记全编：全2册 (鲁迅 著) (Z-Library).txt,,txt_local_evidence,local,一手,日记,no,,keyword:日记,luxun_diary
SRC-0405,local_text_citation,鲁迅日记,鲁迅日记 1932年12月13日,research/raw_texts/日记全编：全2册 (鲁迅 著) (Z-Library).txt,,txt_local_evidence,local,一手,日记,no,,keyword:日记,luxun_diary
SRC-0406,local_text_citation,鲁迅日记,鲁迅日记 1932年12月21日,research/raw_texts/日记全编：全2册 (鲁迅 著) (Z-Library).txt,,txt_local_evidence,local,一手,日记,no,,keyword:日记,luxun_diary
SRC-0407,local_text_citation,鲁迅日记,鲁迅日记 1932年12月24日,research/raw_texts/日记全编：全2册 (鲁迅 著) (Z-Library).txt,,txt_local_evidence,local,一手,日记,no,,keyword:日记,luxun_diary
SRC-0408,local_text_citation,鲁迅日记,鲁迅日记 1932年1月14日,research/raw_texts/日记全编：全2册 (鲁迅 著) (Z-Library).txt,,txt_local_evidence,local,一手,日记,no,,keyword:日记,luxun_diary
SRC-0409,local_text_citation,鲁迅日记,鲁迅日记 1932年1月20日,research/raw_texts/日记全编：全2册 (鲁迅 著) (Z-Library).txt,,txt_local_evidence,local,一手,日记,no,,keyword:日记,luxun_diary
SRC-0410,local_text_citation,鲁迅日记,鲁迅日记 1932年4月13日,research/raw_texts/日记全编：全2册 (鲁迅 著) (Z-Library).txt,,txt_local_evidence,local,一手,日记,no,,keyword:日记,luxun_diary
SRC-0411,local_text_citation,鲁迅日记,鲁迅日记 1932年4月14日 等7条,research/raw_texts/日记全编：全2册 (鲁迅 著) (Z-Library).txt,,txt_local_evidence,local,一手,日记,no,,keyword:日记,luxun_diary
SRC-0412,local_text_citation,鲁迅日记,鲁迅日记 1932年4月6日,research/raw_texts/日记全编：全2册 (鲁迅 著) (Z-Library).txt,,txt_local_evidence,local,一手,日记,no,,keyword:日记,luxun_diary
SRC-0413,local_text_citation,鲁迅日记,鲁迅日记 1932年5月13日,research/raw_texts/日记全编：全2册 (鲁迅 著) (Z-Library).txt,,txt_local_evidence,local,一手,日记,no,,keyword:日记,luxun_diary
SRC-0414,local_text_citation,鲁迅日记,鲁迅日记 1932年5月14日 等5条,research/raw_texts/日记全编：全2册 (鲁迅 著) (Z-Library).txt,,txt_local_evidence,local,一手,日记,no,,keyword:日记,luxun_diary
SRC-0415,local_text_citation,鲁迅日记,鲁迅日记 1932年5月8日,research/raw_texts/日记全编：全2册 (鲁迅 著) (Z-Library).txt,,txt_local_evidence,local,一手,日记,no,,keyword:日记,luxun_diary
SRC-0416,local_text_citation,鲁迅日记,鲁迅日记 1932年6月13日,research/raw_texts/日记全编：全2册 (鲁迅 著) (Z-Library).txt,,txt_local_evidence,local,一手,日记,no,,keyword:日记,luxun_diary
SRC-0417,local_text_citation,鲁迅日记,鲁迅日记 1932年6月23日,research/raw_texts/日记全编：全2册 (鲁迅 著) (Z-Library).txt,,txt_local_evidence,local,一手,日记,no,,keyword:日记,luxun_diary
SRC-0418,local_text_citation,鲁迅日记,鲁迅日记 1932年7月26日,research/raw_texts/日记全编：全2册 (鲁迅 著) (Z-Library).txt,,txt_local_evidence,local,一手,日记,no,,keyword:日记,luxun_diary
SRC-0419,local_text_citation,鲁迅日记,鲁迅日记 1932年8月13日,research/raw_texts/日记全编：全2册 (鲁迅 著) (Z-Library).txt,,txt_local_evidence,local,一手,日记,no,,keyword:日记,luxun_diary
SRC-0420,local_text_citation,鲁迅日记,鲁迅日记 1932年8月16日,research/raw_texts/日记全编：全2册 (鲁迅 著) (Z-Library).txt,,txt_local_evidence,local,一手,日记,no,,keyword:日记,luxun_diary
SRC-0421,local_text_citation,鲁迅日记,鲁迅日记 1932年8月26日,research/raw_texts/日记全编：全2册 (鲁迅 著) (Z-Library).txt,,txt_local_evidence,local,一手,日记,no,,keyword:日记,luxun_diary
SRC-0422,local_text_citation,鲁迅日记,鲁迅日记 1932年9月14日,research/raw_texts/日记全编：全2册 (鲁迅 著) (Z-Library).txt,,txt_local_evidence,local,一手,日记,no,,keyword:日记,luxun_diary
SRC-0423,local_text_citation,鲁迅日记,鲁迅日记 1932年9月24日,research/raw_texts/日记全编：全2册 (鲁迅 著) (Z-Library).txt,,txt_local_evidence,local,一手,日记,no,,keyword:日记,luxun_diary
SRC-0424,local_text_citation,鲁迅日记,鲁迅日记 1933年10月16日,research/raw_texts/日记全编：全2册 (鲁迅 著) (Z-Library).txt,,txt_local_evidence,local,一手,日记,no,,keyword:日记,luxun_diary
SRC-0425,local_text_citation,鲁迅日记,鲁迅日记 1933年10月17日 等4条,research/raw_texts/日记全编：全2册 (鲁迅 著) (Z-Library).txt,,txt_local_evidence,local,一手,日记,no,,keyword:日记,luxun_diary
SRC-0426,local_text_citation,鲁迅日记,鲁迅日记 1933年10月5日,research/raw_texts/日记全编：全2册 (鲁迅 著) (Z-Library).txt,,txt_local_evidence,local,一手,日记,no,,keyword:日记,luxun_diary
SRC-0427,local_text_citation,鲁迅日记,鲁迅日记 1933年11月15日,research/raw_texts/日记全编：全2册 (鲁迅 著) (Z-Library).txt,,txt_local_evidence,local,一手,日记,no,,keyword:日记,luxun_diary
SRC-0428,local_text_citation,鲁迅日记,鲁迅日记 1933年11月16日,research/raw_texts/日记全编：全2册 (鲁迅 著) (Z-Library).txt,,txt_local_evidence,local,一手,日记,no,,keyword:日记,luxun_diary
SRC-0429,local_text_citation,鲁迅日记,鲁迅日记 1933年11月29日,research/raw_texts/日记全编：全2册 (鲁迅 著) (Z-Library).txt,,txt_local_evidence,local,一手,日记,no,,keyword:日记,luxun_diary
SRC-0430,local_text_citation,鲁迅日记,鲁迅日记 1933年12月10日 等6条,research/raw_texts/日记全编：全2册 (鲁迅 著) (Z-Library).txt,,txt_local_evidence,local,一手,日记,no,,keyword:日记,luxun_diary
SRC-0431,local_text_citation,鲁迅日记,鲁迅日记 1933年12月2日,research/raw_texts/日记全编：全2册 (鲁迅 著) (Z-Library).txt,,txt_local_evidence,local,一手,日记,no,,keyword:日记,luxun_diary
SRC-0432,local_text_citation,鲁迅日记,鲁迅日记 1933年12月3日,research/raw_texts/日记全编：全2册 (鲁迅 著) (Z-Library).txt,,txt_local_evidence,local,一手,日记,no,,keyword:日记,luxun_diary
SRC-0433,local_text_citation,鲁迅日记,鲁迅日记 1933年1月15日 等4条,research/raw_texts/日记全编：全2册 (鲁迅 著) (Z-Library).txt,,txt_local_evidence,local,一手,日记,no,,keyword:日记,luxun_diary
SRC-0434,local_text_citation,鲁迅日记,鲁迅日记 1933年1月3日,research/raw_texts/日记全编：全2册 (鲁迅 著) (Z-Library).txt,,txt_local_evidence,local,一手,日记,no,,keyword:日记,luxun_diary
SRC-0435,local_text_citation,鲁迅日记,鲁迅日记 1933年1月6日,research/raw_texts/日记全编：全2册 (鲁迅 著) (Z-Library).txt,,txt_local_evidence,local,一手,日记,no,,keyword:日记,luxun_diary
SRC-0436,local_text_citation,鲁迅日记,鲁迅日记 1933年2月12日,research/raw_texts/日记全编：全2册 (鲁迅 著) (Z-Library).txt,,txt_local_evidence,local,一手,日记,no,,keyword:日记,luxun_diary
SRC-0437,local_text_citation,鲁迅日记,鲁迅日记 1933年2月21日,research/raw_texts/日记全编：全2册 (鲁迅 著) (Z-Library).txt,,txt_local_evidence,local,一手,日记,no,,keyword:日记,luxun_diary
SRC-0438,local_text_citation,鲁迅日记,鲁迅日记 1933年2月27日,research/raw_texts/日记全编：全2册 (鲁迅 著) (Z-Library).txt,,txt_local_evidence,local,一手,日记,no,,keyword:日记,luxun_diary
SRC-0439,local_text_citation,鲁迅日记,鲁迅日记 1933年3月14日,research/raw_texts/日记全编：全2册 (鲁迅 著) (Z-Library).txt,,txt_local_evidence,local,一手,日记,no,,keyword:日记,luxun_diary
SRC-0440,local_text_citation,鲁迅日记,鲁迅日记 1933年3月15日 等11条,research/raw_texts/日记全编：全2册 (鲁迅 著) (Z-Library).txt,,txt_local_evidence,local,一手,日记,no,,keyword:日记,luxun_diary
SRC-0441,local_text_citation,鲁迅日记,鲁迅日记 1933年3月2日,research/raw_texts/日记全编：全2册 (鲁迅 著) (Z-Library).txt,,txt_local_evidence,local,一手,日记,no,,keyword:日记,luxun_diary
SRC-0442,local_text_citation,鲁迅日记,鲁迅日记 1933年4月12日 等8条,research/raw_texts/日记全编：全2册 (鲁迅 著) (Z-Library).txt,,txt_local_evidence,local,一手,日记,no,,keyword:日记,luxun_diary
SRC-0443,local_text_citation,鲁迅日记,鲁迅日记 1933年4月5日,research/raw_texts/日记全编：全2册 (鲁迅 著) (Z-Library).txt,,txt_local_evidence,local,一手,日记,no,,keyword:日记,luxun_diary
SRC-0444,local_text_citation,鲁迅日记,鲁迅日记 1933年5月13日,research/raw_texts/日记全编：全2册 (鲁迅 著) (Z-Library).txt,,txt_local_evidence,local,一手,日记,no,,keyword:日记,luxun_diary
SRC-0445,local_text_citation,鲁迅日记,鲁迅日记 1933年5月15日 等5条,research/raw_texts/日记全编：全2册 (鲁迅 著) (Z-Library).txt,,txt_local_evidence,local,一手,日记,no,,keyword:日记,luxun_diary
SRC-0446,local_text_citation,鲁迅日记,鲁迅日记 1933年5月3日,research/raw_texts/日记全编：全2册 (鲁迅 著) (Z-Library).txt,,txt_local_evidence,local,一手,日记,no,,keyword:日记,luxun_diary
SRC-0447,local_text_citation,鲁迅日记,鲁迅日记 1933年6月13日,research/raw_texts/日记全编：全2册 (鲁迅 著) (Z-Library).txt,,txt_local_evidence,local,一手,日记,no,,keyword:日记,luxun_diary
SRC-0448,local_text_citation,鲁迅日记,鲁迅日记 1933年6月24日,research/raw_texts/日记全编：全2册 (鲁迅 著) (Z-Library).txt,,txt_local_evidence,local,一手,日记,no,,keyword:日记,luxun_diary
SRC-0449,local_text_citation,鲁迅日记,鲁迅日记 1933年6月26日,research/raw_texts/日记全编：全2册 (鲁迅 著) (Z-Library).txt,,txt_local_evidence,local,一手,日记,no,,keyword:日记,luxun_diary
SRC-0450,local_text_citation,鲁迅日记,鲁迅日记 1933年7月15日 等4条,research/raw_texts/日记全编：全2册 (鲁迅 著) (Z-Library).txt,,txt_local_evidence,local,一手,日记,no,,keyword:日记,luxun_diary
SRC-0451,local_text_citation,鲁迅日记,鲁迅日记 1933年7月3日,research/raw_texts/日记全编：全2册 (鲁迅 著) (Z-Library).txt,,txt_local_evidence,local,一手,日记,no,,keyword:日记,luxun_diary
SRC-0452,local_text_citation,鲁迅日记,鲁迅日记 1933年7月8日,research/raw_texts/日记全编：全2册 (鲁迅 著) (Z-Library).txt,,txt_local_evidence,local,一手,日记,no,,keyword:日记,luxun_diary
SRC-0453,local_text_citation,鲁迅日记,鲁迅日记 1933年8月16日 等4条,research/raw_texts/日记全编：全2册 (鲁迅 著) (Z-Library).txt,,txt_local_evidence,local,一手,日记,no,,keyword:日记,luxun_diary
SRC-0454,local_text_citation,鲁迅日记,鲁迅日记 1933年8月2日,research/raw_texts/日记全编：全2册 (鲁迅 著) (Z-Library).txt,,txt_local_evidence,local,一手,日记,no,,keyword:日记,luxun_diary
SRC-0455,local_text_citation,鲁迅日记,鲁迅日记 1933年8月4日,research/raw_texts/日记全编：全2册 (鲁迅 著) (Z-Library).txt,,txt_local_evidence,local,一手,日记,no,,keyword:日记,luxun_diary
SRC-0456,local_text_citation,鲁迅日记,鲁迅日记 1933年9月18日,research/raw_texts/日记全编：全2册 (鲁迅 著) (Z-Library).txt,,txt_local_evidence,local,一手,日记,no,,keyword:日记,luxun_diary
SRC-0457,local_text_citation,鲁迅日记,鲁迅日记 1933年9月19日 等5条,research/raw_texts/日记全编：全2册 (鲁迅 著) (Z-Library).txt,,txt_local_evidence,local,一手,日记,no,,keyword:日记,luxun_diary
SRC-0458,local_text_citation,鲁迅日记,鲁迅日记 1933年9月4日,research/raw_texts/日记全编：全2册 (鲁迅 著) (Z-Library).txt,,txt_local_evidence,local,一手,日记,no,,keyword:日记,luxun_diary
SRC-0459,local_text_citation,鲁迅日记,鲁迅日记 1934年12月10日,research/raw_texts/日记全编：全2册 (鲁迅 著) (Z-Library).txt,,txt_local_evidence,local,一手,日记,no,,keyword:日记,luxun_diary
SRC-0460,local_text_citation,鲁迅日记,鲁迅日记 1934年1月22日,research/raw_texts/日记全编：全2册 (鲁迅 著) (Z-Library).txt,,txt_local_evidence,local,一手,日记,no,,keyword:日记,luxun_diary
SRC-0461,local_text_citation,鲁迅日记,鲁迅日记 1934年2月14日 等5条,research/raw_texts/日记全编：全2册 (鲁迅 著) (Z-Library).txt,,txt_local_evidence,local,一手,日记,no,,keyword:日记,luxun_diary
SRC-0462,local_text_citation,鲁迅日记,鲁迅日记 1934年2月6日,research/raw_texts/日记全编：全2册 (鲁迅 著) (Z-Library).txt,,txt_local_evidence,local,一手,日记,no,,keyword:日记,luxun_diary
SRC-0463,local_text_citation,鲁迅日记,鲁迅日记 1934年2月7日,research/raw_texts/日记全编：全2册 (鲁迅 著) (Z-Library).txt,,txt_local_evidence,local,一手,日记,no,,keyword:日记,luxun_diary
SRC-0464,local_text_citation,鲁迅日记,鲁迅日记 1934年3月20日,research/raw_texts/日记全编：全2册 (鲁迅 著) (Z-Library).txt,,txt_local_evidence,local,一手,日记,no,,keyword:日记,luxun_diary
SRC-0465,local_text_citation,鲁迅日记,鲁迅日记 1934年3月9日,research/raw_texts/日记全编：全2册 (鲁迅 著) (Z-Library).txt,,txt_local_evidence,local,一手,日记,no,,keyword:日记,luxun_diary
SRC-0466,local_text_citation,鲁迅日记,鲁迅日记 1934年4月11日,research/raw_texts/日记全编：全2册 (鲁迅 著) (Z-Library).txt,,txt_local_evidence,local,一手,日记,no,,keyword:日记,luxun_diary
SRC-0467,local_text_citation,鲁迅日记,鲁迅日记 1934年4月7日,research/raw_texts/日记全编：全2册 (鲁迅 著) (Z-Library).txt,,txt_local_evidence,local,一手,日记,no,,keyword:日记,luxun_diary
SRC-0468,local_text_citation,鲁迅日记,鲁迅日记 1934年5月12日,research/raw_texts/日记全编：全2册 (鲁迅 著) (Z-Library).txt,,txt_local_evidence,local,一手,日记,no,,keyword:日记,luxun_diary
SRC-0469,local_text_citation,鲁迅日记,鲁迅日记 1934年5月17日,research/raw_texts/日记全编：全2册 (鲁迅 著) (Z-Library).txt,,txt_local_evidence,local,一手,日记,no,,keyword:日记,luxun_diary
SRC-0470,local_text_citation,鲁迅日记,鲁迅日记 1934年5月19日 等5条,research/raw_texts/日记全编：全2册 (鲁迅 著) (Z-Library).txt,,txt_local_evidence,local,一手,日记,no,,keyword:日记,luxun_diary
SRC-0471,local_text_citation,鲁迅日记,鲁迅日记 1934年6月2日,research/raw_texts/日记全编：全2册 (鲁迅 著) (Z-Library).txt,,txt_local_evidence,local,一手,日记,no,,keyword:日记,luxun_diary
SRC-0472,local_text_citation,鲁迅日记,鲁迅日记 1934年7月31日,research/raw_texts/日记全编：全2册 (鲁迅 著) (Z-Library).txt,,txt_local_evidence,local,一手,日记,no,,keyword:日记,luxun_diary
SRC-0473,local_text_citation,鲁迅日记,鲁迅日记 1934年8月12日,research/raw_texts/日记全编：全2册 (鲁迅 著) (Z-Library).txt,,txt_local_evidence,local,一手,日记,no,,keyword:日记,luxun_diary
SRC-0474,local_text_citation,鲁迅日记,鲁迅日记 1934年8月2日,research/raw_texts/日记全编：全2册 (鲁迅 著) (Z-Library).txt,,txt_local_evidence,local,一手,日记,no,,keyword:日记,luxun_diary
SRC-0475,local_text_citation,鲁迅日记,鲁迅日记 1935年11月30日,research/raw_texts/日记全编：全2册 (鲁迅 著) (Z-Library).txt,,txt_local_evidence,local,一手,日记,no,,keyword:日记,luxun_diary
SRC-0476,local_text_citation,鲁迅日记,鲁迅日记 1935年12月21日,research/raw_texts/日记全编：全2册 (鲁迅 著) (Z-Library).txt,,txt_local_evidence,local,一手,日记,no,,keyword:日记,luxun_diary
SRC-0477,local_text_citation,鲁迅日记,鲁迅日记 1935年12月23日,research/raw_texts/日记全编：全2册 (鲁迅 著) (Z-Library).txt,,txt_local_evidence,local,一手,日记,no,,keyword:日记,luxun_diary
SRC-0478,local_text_citation,鲁迅日记,鲁迅日记 1935年1月24日,research/raw_texts/日记全编：全2册 (鲁迅 著) (Z-Library).txt,,txt_local_evidence,local,一手,日记,no,,keyword:日记,luxun_diary
SRC-0479,local_text_citation,鲁迅日记,鲁迅日记 1935年2月16日,research/raw_texts/日记全编：全2册 (鲁迅 著) (Z-Library).txt,,txt_local_evidence,local,一手,日记,no,,keyword:日记,luxun_diary
SRC-0480,local_text_citation,鲁迅日记,鲁迅日记 1935年4月13日,research/raw_texts/日记全编：全2册 (鲁迅 著) (Z-Library).txt,,txt_local_evidence,local,一手,日记,no,,keyword:日记,luxun_diary
SRC-0481,local_text_citation,鲁迅日记,鲁迅日记 1935年5月1日,research/raw_texts/日记全编：全2册 (鲁迅 著) (Z-Library).txt,,txt_local_evidence,local,一手,日记,no,,keyword:日记,luxun_diary
SRC-0482,local_text_citation,鲁迅日记,鲁迅日记 1935年5月21日,research/raw_texts/日记全编：全2册 (鲁迅 著) (Z-Library).txt,,txt_local_evidence,local,一手,日记,no,,keyword:日记,luxun_diary
SRC-0483,local_text_citation,鲁迅日记,鲁迅日记 1935年5月22日,research/raw_texts/日记全编：全2册 (鲁迅 著) (Z-Library).txt,,txt_local_evidence,local,一手,日记,no,,keyword:日记,luxun_diary
SRC-0484,local_text_citation,鲁迅日记,鲁迅日记 1935年6月17日,research/raw_texts/日记全编：全2册 (鲁迅 著) (Z-Library).txt,,txt_local_evidence,local,一手,日记,no,,keyword:日记,luxun_diary
SRC-0485,local_text_citation,鲁迅日记,鲁迅日记 1935年8月14日,research/raw_texts/日记全编：全2册 (鲁迅 著) (Z-Library).txt,,txt_local_evidence,local,一手,日记,no,,keyword:日记,luxun_diary
SRC-0486,local_text_citation,鲁迅日记,鲁迅日记 1935年9月14日,research/raw_texts/日记全编：全2册 (鲁迅 著) (Z-Library).txt,,txt_local_evidence,local,一手,日记,no,,keyword:日记,luxun_diary
SRC-0487,local_text_citation,鲁迅日记,鲁迅日记 1935年9月28日,research/raw_texts/日记全编：全2册 (鲁迅 著) (Z-Library).txt,,txt_local_evidence,local,一手,日记,no,,keyword:日记,luxun_diary
SRC-0488,local_text_citation,鲁迅日记,鲁迅日记 1935年9月5日,research/raw_texts/日记全编：全2册 (鲁迅 著) (Z-Library).txt,,txt_local_evidence,local,一手,日记,no,,keyword:日记,luxun_diary
SRC-0489,local_text_citation,鲁迅日记,鲁迅日记 1936年1月12日,research/raw_texts/日记全编：全2册 (鲁迅 著) (Z-Library).txt,,txt_local_evidence,local,一手,日记,no,,keyword:日记,luxun_diary
SRC-0490,local_text_citation,鲁迅日记,鲁迅日记 1936年1月17日,research/raw_texts/日记全编：全2册 (鲁迅 著) (Z-Library).txt,,txt_local_evidence,local,一手,日记,no,,keyword:日记,luxun_diary
SRC-0491,local_text_citation,鲁迅日记,鲁迅日记 1929年7月28日,research/raw_texts/日记全编：全2册 (鲁迅 著) (Z-Library).txt,,txt_local_evidence,local,一手,日记,no,,keyword:日记,luxun_diary
SRC-0492,local_text_citation,鲁迅日记,鲁迅日记 1932年12月23日,research/raw_texts/日记全编：全2册 (鲁迅 著) (Z-Library).txt,,txt_local_evidence,local,一手,日记,no,,keyword:日记,luxun_diary
SRC-0493,local_text_citation,左联词典,左联词典 第216页,research/raw_texts/左联词典.txt,,txt_local_evidence,local,二手,研究论著,no,,keyword:研究论著,zuolian_cidian
SRC-0494,local_text_citation,左联词典,左联词典 第236页,research/raw_texts/左联词典.txt,,txt_local_evidence,local,二手,研究论著,no,,keyword:研究论著,zuolian_cidian
SRC-0495,local_text_citation,左联词典,左联词典 第251页,research/raw_texts/左联词典.txt,,txt_local_evidence,local,二手,研究论著,no,,keyword:研究论著,zuolian_cidian
SRC-0496,local_text_citation,鲁迅日记,鲁迅日记 1929年7月7日,research/raw_texts/日记全编：全2册 (鲁迅 著) (Z-Library).txt,,txt_local_evidence,local,一手,日记,no,,keyword:日记,luxun_diary
SRC-0497,local_text_citation,鲁迅日记,鲁迅日记 1928年11月24日,research/raw_texts/日记全编：全2册 (鲁迅 著) (Z-Library).txt,,txt_local_evidence,local,一手,日记,no,,keyword:日记,luxun_diary
SRC-0498,local_text_citation,鲁迅日记,鲁迅日记 1929年3月6日,research/raw_texts/日记全编：全2册 (鲁迅 著) (Z-Library).txt,,txt_local_evidence,local,一手,日记,no,,keyword:日记,luxun_diary
SRC-0499,local_text_citation,鲁迅日记,鲁迅日记 1933年2月16日,research/raw_texts/日记全编：全2册 (鲁迅 著) (Z-Library).txt,,txt_local_evidence,local,一手,日记,no,,keyword:日记,luxun_diary
SRC-0500,local_text_citation,鲁迅日记,鲁迅日记 1933年2月19日,research/raw_texts/日记全编：全2册 (鲁迅 著) (Z-Library).txt,,txt_local_evidence,local,一手,日记,no,,keyword:日记,luxun_diary
SRC-0501,local_text_citation,鲁迅日记,鲁迅日记 1933年3月28日,research/raw_texts/日记全编：全2册 (鲁迅 著) (Z-Library).txt,,txt_local_evidence,local,一手,日记,no,,keyword:日记,luxun_diary
SRC-0502,local_text_citation,鲁迅日记,鲁迅日记 1933年3月5日,research/raw_texts/日记全编：全2册 (鲁迅 著) (Z-Library).txt,,txt_local_evidence,local,一手,日记,no,,keyword:日记,luxun_diary
SRC-0503,local_text_citation,鲁迅日记,鲁迅日记 1933年4月30日,research/raw_texts/日记全编：全2册 (鲁迅 著) (Z-Library).txt,,txt_local_evidence,local,一手,日记,no,,keyword:日记,luxun_diary
SRC-0504,local_text_citation,鲁迅日记,鲁迅日记 1933年5月10日,research/raw_texts/日记全编：全2册 (鲁迅 著) (Z-Library).txt,,txt_local_evidence,local,一手,日记,no,,keyword:日记,luxun_diary
SRC-0505,local_text_citation,鲁迅日记,鲁迅日记 1933年5月19日,research/raw_texts/日记全编：全2册 (鲁迅 著) (Z-Library).txt,,txt_local_evidence,local,一手,日记,no,,keyword:日记,luxun_diary
SRC-0506,local_text_citation,鲁迅日记,鲁迅日记 1933年6月20日 等4条,research/raw_texts/日记全编：全2册 (鲁迅 著) (Z-Library).txt,,txt_local_evidence,local,一手,日记,no,,keyword:日记,luxun_diary
SRC-0507,local_text_citation,鲁迅日记,鲁迅日记 1933年6月6日,research/raw_texts/日记全编：全2册 (鲁迅 著) (Z-Library).txt,,txt_local_evidence,local,一手,日记,no,,keyword:日记,luxun_diary
SRC-0508,local_text_citation,鲁迅日记,鲁迅日记 1933年6月8日,research/raw_texts/日记全编：全2册 (鲁迅 著) (Z-Library).txt,,txt_local_evidence,local,一手,日记,no,,keyword:日记,luxun_diary
SRC-0509,local_text_citation,鲁迅日记,鲁迅日记 1933年8月16日 等5条,research/raw_texts/日记全编：全2册 (鲁迅 著) (Z-Library).txt,,txt_local_evidence,local,一手,日记,no,,keyword:日记,luxun_diary
SRC-0510,local_text_citation,鲁迅日记,鲁迅日记 1933年8月1日,research/raw_texts/日记全编：全2册 (鲁迅 著) (Z-Library).txt,,txt_local_evidence,local,一手,日记,no,,keyword:日记,luxun_diary
SRC-0511,local_text_citation,鲁迅日记,鲁迅日记 1934年1月18日,research/raw_texts/日记全编：全2册 (鲁迅 著) (Z-Library).txt,,txt_local_evidence,local,一手,日记,no,,keyword:日记,luxun_diary
SRC-0512,local_text_citation,鲁迅日记,鲁迅日记 1934年1月7日,research/raw_texts/日记全编：全2册 (鲁迅 著) (Z-Library).txt,,txt_local_evidence,local,一手,日记,no,,keyword:日记,luxun_diary
SRC-0513,local_text_citation,鲁迅日记,鲁迅日记 1934年3月18日,research/raw_texts/日记全编：全2册 (鲁迅 著) (Z-Library).txt,,txt_local_evidence,local,一手,日记,no,,keyword:日记,luxun_diary
SRC-0514,local_text_citation,鲁迅日记,鲁迅日记 1934年4月14日,research/raw_texts/日记全编：全2册 (鲁迅 著) (Z-Library).txt,,txt_local_evidence,local,一手,日记,no,,keyword:日记,luxun_diary
SRC-0515,local_text_citation,鲁迅日记,鲁迅日记 1934年4月15日,research/raw_texts/日记全编：全2册 (鲁迅 著) (Z-Library).txt,,txt_local_evidence,local,一手,日记,no,,keyword:日记,luxun_diary
SRC-0516,local_text_citation,鲁迅日记,鲁迅日记 1934年4月9日,research/raw_texts/日记全编：全2册 (鲁迅 著) (Z-Library).txt,,txt_local_evidence,local,一手,日记,no,,keyword:日记,luxun_diary
SRC-0517,local_text_citation,鲁迅日记,鲁迅日记 1934年5月4日,research/raw_texts/日记全编：全2册 (鲁迅 著) (Z-Library).txt,,txt_local_evidence,local,一手,日记,no,,keyword:日记,luxun_diary
SRC-0518,local_text_citation,鲁迅日记,鲁迅日记 1934年5月5日,research/raw_texts/日记全编：全2册 (鲁迅 著) (Z-Library).txt,,txt_local_evidence,local,一手,日记,no,,keyword:日记,luxun_diary
SRC-0519,local_text_citation,鲁迅日记,鲁迅日记 1934年5月9日,research/raw_texts/日记全编：全2册 (鲁迅 著) (Z-Library).txt,,txt_local_evidence,local,一手,日记,no,,keyword:日记,luxun_diary
SRC-0520,local_text_citation,鲁迅日记,鲁迅日记 1934年8月29日,research/raw_texts/日记全编：全2册 (鲁迅 著) (Z-Library).txt,,txt_local_evidence,local,一手,日记,no,,keyword:日记,luxun_diary
SRC-0521,local_text_citation,左联词典,左联词典 第324页,research/raw_texts/左联词典.txt,,txt_local_evidence,local,二手,研究论著,no,,keyword:研究论著,zuolian_cidian
SRC-0522,local_text_citation,左联词典,左联词典 第596页,research/raw_texts/左联词典.txt,,txt_local_evidence,local,二手,研究论著,no,,keyword:研究论著,zuolian_cidian
SRC-0523,local_text_citation,左联词典,左联词典 第674页,research/raw_texts/左联词典.txt,,txt_local_evidence,local,二手,研究论著,no,,keyword:研究论著,zuolian_cidian
SRC-0524,local_text_citation,左联史,左联史 第192页,research/raw_texts/左联史.txt,,txt_local_evidence,local,二手,研究论著,no,,keyword:研究论著,zuolian_shi
SRC-0525,local_text_citation,左联史,左联史 第201页,research/raw_texts/左联史.txt,,txt_local_evidence,local,二手,研究论著,no,,keyword:研究论著,zuolian_shi
SRC-0526,local_text_citation,左联史,左联史 第204页,research/raw_texts/左联史.txt,,txt_local_evidence,local,二手,研究论著,no,,keyword:研究论著,zuolian_shi
SRC-0527,local_text_citation,左联史,左联史 第238页,research/raw_texts/左联史.txt,,txt_local_evidence,local,二手,研究论著,no,,keyword:研究论著,zuolian_shi
SRC-0528,local_text_citation,左联史,左联史 第239页,research/raw_texts/左联史.txt,,txt_local_evidence,local,二手,研究论著,no,,keyword:研究论著,zuolian_shi
SRC-0529,local_text_citation,左联词典,左联词典 第210页,research/raw_texts/左联词典.txt,,txt_local_evidence,local,二手,研究论著,no,,keyword:研究论著,zuolian_cidian
SRC-0530,local_text_citation,左联词典,左联词典 第233页,research/raw_texts/左联词典.txt,,txt_local_evidence,local,二手,研究论著,no,,keyword:研究论著,zuolian_cidian
SRC-0531,local_text_citation,左联词典,左联词典 第261页,research/raw_texts/左联词典.txt,,txt_local_evidence,local,二手,研究论著,no,,keyword:研究论著,zuolian_cidian
SRC-0532,local_text_citation,左联词典,左联词典 第270页,research/raw_texts/左联词典.txt,,txt_local_evidence,local,二手,研究论著,no,,keyword:研究论著,zuolian_cidian
SRC-0533,local_text_citation,左联词典,左联词典 第202页,research/raw_texts/左联词典.txt,,txt_local_evidence,local,二手,研究论著,no,,keyword:研究论著,zuolian_cidian
SRC-0534,local_text_citation,左联词典,左联词典 第284页,research/raw_texts/左联词典.txt,,txt_local_evidence,local,二手,研究论著,no,,keyword:研究论著,zuolian_cidian
SRC-0535,local_text_citation,左联词典,左联词典 第332页,research/raw_texts/左联词典.txt,,txt_local_evidence,local,二手,研究论著,no,,keyword:研究论著,zuolian_cidian
SRC-0536,local_text_citation,左联词典,左联词典 第481页,research/raw_texts/左联词典.txt,,txt_local_evidence,local,二手,研究论著,no,,keyword:研究论著,zuolian_cidian
SRC-0537,local_text_citation,左联史,左联史 第616页,research/raw_texts/左联史.txt,,txt_local_evidence,local,二手,研究论著,no,,keyword:研究论著,zuolian_shi
SRC-0538,local_text_citation,左联词典,左联词典 第354页,research/raw_texts/左联词典.txt,,txt_local_evidence,local,二手,研究论著,no,,keyword:研究论著,zuolian_cidian
SRC-0539,local_text_citation,左联词典,左联词典 第361页,research/raw_texts/左联词典.txt,,txt_local_evidence,local,二手,研究论著,no,,keyword:研究论著,zuolian_cidian
SRC-0540,local_text_citation,鲁迅日记,鲁迅日记 1929年5月11日,research/raw_texts/日记全编：全2册 (鲁迅 著) (Z-Library).txt,,txt_local_evidence,local,一手,日记,no,,keyword:日记,luxun_diary
SRC-0541,local_text_citation,鲁迅日记,鲁迅日记 1930年2月8日,research/raw_texts/日记全编：全2册 (鲁迅 著) (Z-Library).txt,,txt_local_evidence,local,一手,日记,no,,keyword:日记,luxun_diary
SRC-0542,local_text_citation,鲁迅日记,鲁迅日记 1930年4月24日,research/raw_texts/日记全编：全2册 (鲁迅 著) (Z-Library).txt,,txt_local_evidence,local,一手,日记,no,,keyword:日记,luxun_diary
SRC-0543,local_text_citation,鲁迅日记,鲁迅日记 1930年4月26日,research/raw_texts/日记全编：全2册 (鲁迅 著) (Z-Library).txt,,txt_local_evidence,local,一手,日记,no,,keyword:日记,luxun_diary
SRC-0544,local_text_citation,鲁迅日记,鲁迅日记 1930年4月4日,research/raw_texts/日记全编：全2册 (鲁迅 著) (Z-Library).txt,,txt_local_evidence,local,一手,日记,no,,keyword:日记,luxun_diary
SRC-0545,local_text_citation,鲁迅日记,鲁迅日记 1934年10月24日,research/raw_texts/日记全编：全2册 (鲁迅 著) (Z-Library).txt,,txt_local_evidence,local,一手,日记,no,,keyword:日记,luxun_diary
SRC-0546,local_text_citation,鲁迅日记,鲁迅日记 1934年10月3日,research/raw_texts/日记全编：全2册 (鲁迅 著) (Z-Library).txt,,txt_local_evidence,local,一手,日记,no,,keyword:日记,luxun_diary
SRC-0547,local_text_citation,鲁迅日记,鲁迅日记 1934年11月26日,research/raw_texts/日记全编：全2册 (鲁迅 著) (Z-Library).txt,,txt_local_evidence,local,一手,日记,no,,keyword:日记,luxun_diary
SRC-0548,local_text_citation,鲁迅日记,鲁迅日记 1934年8月28日,research/raw_texts/日记全编：全2册 (鲁迅 著) (Z-Library).txt,,txt_local_evidence,local,一手,日记,no,,keyword:日记,luxun_diary
SRC-0549,local_text_citation,鲁迅日记,鲁迅日记 1934年8月31日,research/raw_texts/日记全编：全2册 (鲁迅 著) (Z-Library).txt,,txt_local_evidence,local,一手,日记,no,,keyword:日记,luxun_diary
SRC-0550,local_text_citation,鲁迅日记,鲁迅日记 1934年9月20日,research/raw_texts/日记全编：全2册 (鲁迅 著) (Z-Library).txt,,txt_local_evidence,local,一手,日记,no,,keyword:日记,luxun_diary
SRC-0551,local_text_citation,鲁迅日记,鲁迅日记 1934年9月23日,research/raw_texts/日记全编：全2册 (鲁迅 著) (Z-Library).txt,,txt_local_evidence,local,一手,日记,no,,keyword:日记,luxun_diary
SRC-0552,local_text_citation,鲁迅日记,鲁迅日记 1934年9月26日,research/raw_texts/日记全编：全2册 (鲁迅 著) (Z-Library).txt,,txt_local_evidence,local,一手,日记,no,,keyword:日记,luxun_diary
SRC-0553,local_text_citation,鲁迅日记,鲁迅日记 1935年1月26日,research/raw_texts/日记全编：全2册 (鲁迅 著) (Z-Library).txt,,txt_local_evidence,local,一手,日记,no,,keyword:日记,luxun_diary
SRC-0554,local_text_citation,鲁迅日记,鲁迅日记 1935年1月30日,research/raw_texts/日记全编：全2册 (鲁迅 著) (Z-Library).txt,,txt_local_evidence,local,一手,日记,no,,keyword:日记,luxun_diary
SRC-0555,local_text_citation,鲁迅日记,鲁迅日记 1935年2月13日,research/raw_texts/日记全编：全2册 (鲁迅 著) (Z-Library).txt,,txt_local_evidence,local,一手,日记,no,,keyword:日记,luxun_diary
SRC-0556,local_text_citation,鲁迅日记,鲁迅日记 1935年2月15日 等4条,research/raw_texts/日记全编：全2册 (鲁迅 著) (Z-Library).txt,,txt_local_evidence,local,一手,日记,no,,keyword:日记,luxun_diary
SRC-0557,local_text_citation,鲁迅日记,鲁迅日记 1935年2月8日,research/raw_texts/日记全编：全2册 (鲁迅 著) (Z-Library).txt,,txt_local_evidence,local,一手,日记,no,,keyword:日记,luxun_diary
SRC-0558,local_text_citation,鲁迅日记,鲁迅日记 1935年3月1日,research/raw_texts/日记全编：全2册 (鲁迅 著) (Z-Library).txt,,txt_local_evidence,local,一手,日记,no,,keyword:日记,luxun_diary
SRC-0559,local_text_citation,鲁迅日记,鲁迅日记 1935年3月8日,research/raw_texts/日记全编：全2册 (鲁迅 著) (Z-Library).txt,,txt_local_evidence,local,一手,日记,no,,keyword:日记,luxun_diary
SRC-0560,local_text_citation,鲁迅日记,鲁迅日记 1935年4月3日,research/raw_texts/日记全编：全2册 (鲁迅 著) (Z-Library).txt,,txt_local_evidence,local,一手,日记,no,,keyword:日记,luxun_diary
SRC-0561,local_text_citation,鲁迅日记,鲁迅日记 1935年4月7日,research/raw_texts/日记全编：全2册 (鲁迅 著) (Z-Library).txt,,txt_local_evidence,local,一手,日记,no,,keyword:日记,luxun_diary
SRC-0562,local_text_citation,鲁迅日记,鲁迅日记 1935年4月8日 等7条,research/raw_texts/日记全编：全2册 (鲁迅 著) (Z-Library).txt,,txt_local_evidence,local,一手,日记,no,,keyword:日记,luxun_diary
SRC-0563,local_text_citation,鲁迅日记,鲁迅日记 1935年5月30日,research/raw_texts/日记全编：全2册 (鲁迅 著) (Z-Library).txt,,txt_local_evidence,local,一手,日记,no,,keyword:日记,luxun_diary
SRC-0564,local_text_citation,鲁迅日记,鲁迅日记 1935年5月9日,research/raw_texts/日记全编：全2册 (鲁迅 著) (Z-Library).txt,,txt_local_evidence,local,一手,日记,no,,keyword:日记,luxun_diary
SRC-0565,local_text_citation,鲁迅日记,鲁迅日记 1935年6月20日,research/raw_texts/日记全编：全2册 (鲁迅 著) (Z-Library).txt,,txt_local_evidence,local,一手,日记,no,,keyword:日记,luxun_diary
SRC-0566,local_text_citation,鲁迅日记,鲁迅日记 1935年6月7日,research/raw_texts/日记全编：全2册 (鲁迅 著) (Z-Library).txt,,txt_local_evidence,local,一手,日记,no,,keyword:日记,luxun_diary
SRC-0567,local_text_citation,鲁迅日记,鲁迅日记 1935年7月24日,research/raw_texts/日记全编：全2册 (鲁迅 著) (Z-Library).txt,,txt_local_evidence,local,一手,日记,no,,keyword:日记,luxun_diary
SRC-0568,local_text_citation,鲁迅日记,鲁迅日记 1935年8月11日 等6条,research/raw_texts/日记全编：全2册 (鲁迅 著) (Z-Library).txt,,txt_local_evidence,local,一手,日记,no,,keyword:日记,luxun_diary
SRC-0569,local_text_citation,鲁迅日记,鲁迅日记 1935年8月28日,research/raw_texts/日记全编：全2册 (鲁迅 著) (Z-Library).txt,,txt_local_evidence,local,一手,日记,no,,keyword:日记,luxun_diary
SRC-0570,local_text_citation,鲁迅日记,鲁迅日记 1935年8月3日,research/raw_texts/日记全编：全2册 (鲁迅 著) (Z-Library).txt,,txt_local_evidence,local,一手,日记,no,,keyword:日记,luxun_diary
SRC-0571,local_text_citation,左联词典,左联词典 第474页,research/raw_texts/左联词典.txt,,txt_local_evidence,local,二手,研究论著,no,,keyword:研究论著,zuolian_cidian
SRC-0572,local_text_citation,左联词典,左联词典 第503页,research/raw_texts/左联词典.txt,,txt_local_evidence,local,二手,研究论著,no,,keyword:研究论著,zuolian_cidian
SRC-0573,local_text_citation,左联史,左联史 第139页,research/raw_texts/左联史.txt,,txt_local_evidence,local,二手,研究论著,no,,keyword:研究论著,zuolian_shi
SRC-0574,local_text_citation,左联史,左联史 第186页,research/raw_texts/左联史.txt,,txt_local_evidence,local,二手,研究论著,no,,keyword:研究论著,zuolian_shi
SRC-0575,local_text_citation,左联史,左联史 第190页,research/raw_texts/左联史.txt,,txt_local_evidence,local,二手,研究论著,no,,keyword:研究论著,zuolian_shi
SRC-0576,local_text_citation,左联史,左联史 第268页,research/raw_texts/左联史.txt,,txt_local_evidence,local,二手,研究论著,no,,keyword:研究论著,zuolian_shi
SRC-0577,local_text_citation,左联词典,左联词典 第111页,research/raw_texts/左联词典.txt,,txt_local_evidence,local,二手,研究论著,no,,keyword:研究论著,zuolian_cidian
SRC-0578,local_text_citation,左联词典,左联词典 第153页,research/raw_texts/左联词典.txt,,txt_local_evidence,local,二手,研究论著,no,,keyword:研究论著,zuolian_cidian
SRC-0579,local_text_citation,左联词典,左联词典 第567页,research/raw_texts/左联词典.txt,,txt_local_evidence,local,二手,研究论著,no,,keyword:研究论著,zuolian_cidian
SRC-0580,local_text_citation,左联词典,左联词典 第706页,research/raw_texts/左联词典.txt,,txt_local_evidence,local,二手,研究论著,no,,keyword:研究论著,zuolian_cidian
SRC-0581,local_text_citation,左联词典,左联词典 第319页,research/raw_texts/左联词典.txt,,txt_local_evidence,local,二手,研究论著,no,,keyword:研究论著,zuolian_cidian
SRC-0582,local_text_citation,左联词典,左联词典 第628页,research/raw_texts/左联词典.txt,,txt_local_evidence,local,二手,研究论著,no,,keyword:研究论著,zuolian_cidian
SRC-0583,local_text_citation,左联词典,左联词典 第6页,research/raw_texts/左联词典.txt,,txt_local_evidence,local,二手,研究论著,no,,keyword:研究论著,zuolian_cidian
SRC-0584,local_text_citation,左联词典,左联词典 第127页,research/raw_texts/左联词典.txt,,txt_local_evidence,local,二手,研究论著,no,,keyword:研究论著,zuolian_cidian
SRC-0585,local_text_citation,左联词典,左联词典 第301页,research/raw_texts/左联词典.txt,,txt_local_evidence,local,二手,研究论著,no,,keyword:研究论著,zuolian_cidian
SRC-0586,local_text_citation,左联词典,左联词典 第188页,research/raw_texts/左联词典.txt,,txt_local_evidence,local,二手,研究论著,no,,keyword:研究论著,zuolian_cidian
SRC-0587,citation_only,左联回忆录,左联回忆录 第699页,,,citation_reference,citation_only,二手,回忆录,no,,keyword:回忆录,zuolian_memoir
SRC-0588,local_text_citation,左联词典,左联词典 第694页,research/raw_texts/左联词典.txt,,txt_local_evidence,local,二手,研究论著,no,,keyword:研究论著,zuolian_cidian
SRC-0589,local_text_citation,左联词典,左联词典 第135页,research/raw_texts/左联词典.txt,,txt_local_evidence,local,二手,研究论著,no,,keyword:研究论著,zuolian_cidian
SRC-0590,local_text_citation,左联词典,左联词典 第291页,research/raw_texts/左联词典.txt,,txt_local_evidence,local,二手,研究论著,no,,keyword:研究论著,zuolian_cidian
SRC-0591,local_text_citation,左联词典,左联词典 第328页,research/raw_texts/左联词典.txt,,txt_local_evidence,local,二手,研究论著,no,,keyword:研究论著,zuolian_cidian
SRC-0592,local_text_citation,左联词典,左联词典 第341页,research/raw_texts/左联词典.txt,,txt_local_evidence,local,二手,研究论著,no,,keyword:研究论著,zuolian_cidian
SRC-0593,local_text_citation,左联词典,左联词典 第490页,research/raw_texts/左联词典.txt,,txt_local_evidence,local,二手,研究论著,no,,keyword:研究论著,zuolian_cidian
SRC-0594,local_text_citation,左联词典,左联词典 第259页,research/raw_texts/左联词典.txt,,txt_local_evidence,local,二手,研究论著,no,,keyword:研究论著,zuolian_cidian
SRC-0595,local_text_citation,左联词典,左联词典 第260页,research/raw_texts/左联词典.txt,,txt_local_evidence,local,二手,研究论著,no,,keyword:研究论著,zuolian_cidian
SRC-0596,local_text_citation,左联词典,左联词典 第119页,research/raw_texts/左联词典.txt,,txt_local_evidence,local,二手,研究论著,no,,keyword:研究论著,zuolian_cidian
SRC-0597,local_text_citation,左联词典,左联词典 第141页,research/raw_texts/左联词典.txt,,txt_local_evidence,local,二手,研究论著,no,,keyword:研究论著,zuolian_cidian
SRC-0598,local_text_citation,左联词典,左联词典 第321页,research/raw_texts/左联词典.txt,,txt_local_evidence,local,二手,研究论著,no,,keyword:研究论著,zuolian_cidian
SRC-0599,local_text_citation,左联词典,左联词典 第327页,research/raw_texts/左联词典.txt,,txt_local_evidence,local,二手,研究论著,no,,keyword:研究论著,zuolian_cidian
SRC-0600,local_text_citation,左联词典,左联词典 第189页,research/raw_texts/左联词典.txt,,txt_local_evidence,local,二手,研究论著,no,,keyword:研究论著,zuolian_cidian
SRC-0601,local_text_citation,左联词典,左联词典 第215页,research/raw_texts/左联词典.txt,,txt_local_evidence,local,二手,研究论著,no,,keyword:研究论著,zuolian_cidian
SRC-0602,local_text_citation,左联词典,左联词典 第359页,research/raw_texts/左联词典.txt,,txt_local_evidence,local,二手,研究论著,no,,keyword:研究论著,zuolian_cidian
SRC-0603,local_text_citation,左联词典,左联词典 第281页,research/raw_texts/左联词典.txt,,txt_local_evidence,local,二手,研究论著,no,,keyword:研究论著,zuolian_cidian
SRC-0604,local_text_citation,左联词典,左联词典 第283页,research/raw_texts/左联词典.txt,,txt_local_evidence,local,二手,研究论著,no,,keyword:研究论著,zuolian_cidian
SRC-0605,local_text_citation,左联词典,左联词典 第272页,research/raw_texts/左联词典.txt,,txt_local_evidence,local,二手,研究论著,no,,keyword:研究论著,zuolian_cidian
SRC-0606,local_text_citation,左联词典,左联词典 第274页,research/raw_texts/左联词典.txt,,txt_local_evidence,local,二手,研究论著,no,,keyword:研究论著,zuolian_cidian
SRC-0607,local_text_citation,左联词典,左联词典 第501页,research/raw_texts/左联词典.txt,,txt_local_evidence,local,二手,研究论著,no,,keyword:研究论著,zuolian_cidian
SRC-0608,local_text_citation,左联词典,左联词典 第520页,research/raw_texts/左联词典.txt,,txt_local_evidence,local,二手,研究论著,no,,keyword:研究论著,zuolian_cidian
SRC-0609,local_text_citation,左联词典,左联词典 第537页,research/raw_texts/左联词典.txt,,txt_local_evidence,local,二手,研究论著,no,,keyword:研究论著,zuolian_cidian
SRC-0610,local_text_citation,左联词典,左联词典 第437页,research/raw_texts/左联词典.txt,,txt_local_evidence,local,二手,研究论著,no,,keyword:研究论著,zuolian_cidian
SRC-0611,local_text_citation,左联词典,左联词典 第480页,research/raw_texts/左联词典.txt,,txt_local_evidence,local,二手,研究论著,no,,keyword:研究论著,zuolian_cidian
SRC-0612,local_text_citation,左联词典,左联词典 第531页,research/raw_texts/左联词典.txt,,txt_local_evidence,local,二手,研究论著,no,,keyword:研究论著,zuolian_cidian
SRC-0613,local_text_citation,左联词典,左联词典 第482页,research/raw_texts/左联词典.txt,,txt_local_evidence,local,二手,研究论著,no,,keyword:研究论著,zuolian_cidian
SRC-0614,local_text_citation,左联词典,左联词典 第345页,research/raw_texts/左联词典.txt,,txt_local_evidence,local,二手,研究论著,no,,keyword:研究论著,zuolian_cidian
SRC-0615,local_text_citation,左联词典,左联词典 第623页,research/raw_texts/左联词典.txt,,txt_local_evidence,local,二手,研究论著,no,,keyword:研究论著,zuolian_cidian
SRC-0616,local_text_citation,左联史,左联史 第500页,research/raw_texts/左联史.txt,,txt_local_evidence,local,二手,研究论著,no,,keyword:研究论著,zuolian_shi
SRC-0617,local_text_citation,左联史,左联史 第505页,research/raw_texts/左联史.txt,,txt_local_evidence,local,二手,研究论著,no,,keyword:研究论著,zuolian_shi
SRC-0618,local_text_citation,左联史,左联史 第579页,research/raw_texts/左联史.txt,,txt_local_evidence,local,二手,研究论著,no,,keyword:研究论著,zuolian_shi
SRC-0619,local_text_citation,左联史,左联史 第594页,research/raw_texts/左联史.txt,,txt_local_evidence,local,二手,研究论著,no,,keyword:研究论著,zuolian_shi
SRC-0620,local_text_citation,左联史,左联史 第725页,research/raw_texts/左联史.txt,,txt_local_evidence,local,二手,研究论著,no,,keyword:研究论著,zuolian_shi
SRC-0621,local_text_citation,左联史,左联史 第619页,research/raw_texts/左联史.txt,,txt_local_evidence,local,二手,研究论著,no,,keyword:研究论著,zuolian_shi
SRC-0622,local_text_citation,左联史,左联史 第620页,research/raw_texts/左联史.txt,,txt_local_evidence,local,二手,研究论著,no,,keyword:研究论著,zuolian_shi
SRC-0623,local_text_citation,左联词典,左联词典 第619页,research/raw_texts/左联词典.txt,,txt_local_evidence,local,二手,研究论著,no,,keyword:研究论著,zuolian_cidian
SRC-0624,local_text_citation,左联词典,左联词典 第492页,research/raw_texts/左联词典.txt,,txt_local_evidence,local,二手,研究论著,no,,keyword:研究论著,zuolian_cidian
SRC-0625,local_text_citation,左联词典,左联词典 第624页,research/raw_texts/左联词典.txt,,txt_local_evidence,local,二手,研究论著,no,,keyword:研究论著,zuolian_cidian
SRC-0626,local_text_citation,左联史,左联史 第49页,research/raw_texts/左联史.txt,,txt_local_evidence,local,二手,研究论著,no,,keyword:研究论著,zuolian_shi
SRC-0627,local_text_citation,左联史,左联史 第50页,research/raw_texts/左联史.txt,,txt_local_evidence,local,二手,研究论著,no,,keyword:研究论著,zuolian_shi
SRC-0628,local_text_citation,左联史,左联史 第61页,research/raw_texts/左联史.txt,,txt_local_evidence,local,二手,研究论著,no,,keyword:研究论著,zuolian_shi
SRC-0629,local_text_citation,左联史,左联史 第527页,research/raw_texts/左联史.txt,,txt_local_evidence,local,二手,研究论著,no,,keyword:研究论著,zuolian_shi
SRC-0630,local_text_citation,左联史,左联史 第548页,research/raw_texts/左联史.txt,,txt_local_evidence,local,二手,研究论著,no,,keyword:研究论著,zuolian_shi
SRC-0631,local_text_citation,左联词典,左联词典 第554页,research/raw_texts/左联词典.txt,,txt_local_evidence,local,二手,研究论著,no,,keyword:研究论著,zuolian_cidian
SRC-0632,local_text_citation,左联词典,左联词典 第100页,research/raw_texts/左联词典.txt,,txt_local_evidence,local,二手,研究论著,no,,keyword:研究论著,zuolian_cidian
SRC-0633,local_text_citation,左联词典,左联词典 第626页,research/raw_texts/左联词典.txt,,txt_local_evidence,local,二手,研究论著,no,,keyword:研究论著,zuolian_cidian
SRC-0634,local_text_citation,左联词典,左联词典 第484页,research/raw_texts/左联词典.txt,,txt_local_evidence,local,二手,研究论著,no,,keyword:研究论著,zuolian_cidian
SRC-0635,local_text_citation,左联词典,左联词典 第444页,research/raw_texts/左联词典.txt,,txt_local_evidence,local,二手,研究论著,no,,keyword:研究论著,zuolian_cidian
SRC-0636,local_text_citation,左联史,左联史 第324页,research/raw_texts/左联史.txt,,txt_local_evidence,local,二手,研究论著,no,,keyword:研究论著,zuolian_shi
SRC-0637,local_text_citation,左联史,左联史 第606页,research/raw_texts/左联史.txt,,txt_local_evidence,local,二手,研究论著,no,,keyword:研究论著,zuolian_shi
SRC-0638,local_text_citation,左联词典,左联词典 第574页,research/raw_texts/左联词典.txt,,txt_local_evidence,local,二手,研究论著,no,,keyword:研究论著,zuolian_cidian
SRC-0639,local_text_citation,左联词典,左联词典 第271页,research/raw_texts/左联词典.txt,,txt_local_evidence,local,二手,研究论著,no,,keyword:研究论著,zuolian_cidian
SRC-0640,local_text_citation,左联史,左联史 第240页,research/raw_texts/左联史.txt,,txt_local_evidence,local,二手,研究论著,no,,keyword:研究论著,zuolian_shi
SRC-0641,local_text_citation,左联史,左联史 第445页,research/raw_texts/左联史.txt,,txt_local_evidence,local,二手,研究论著,no,,keyword:研究论著,zuolian_shi
SRC-0642,local_text_citation,左联词典,左联词典 第621页,research/raw_texts/左联词典.txt,,txt_local_evidence,local,二手,研究论著,no,,keyword:研究论著,zuolian_cidian
SRC-0643,local_text_citation,左联词典,左联词典 第682页,research/raw_texts/左联词典.txt,,txt_local_evidence,local,二手,研究论著,no,,keyword:研究论著,zuolian_cidian
SRC-0644,local_text_citation,左联词典,左联词典 第454页,research/raw_texts/左联词典.txt,,txt_local_evidence,local,二手,研究论著,no,,keyword:研究论著,zuolian_cidian
SRC-0645,local_text_citation,左联词典,左联词典 第253页,research/raw_texts/左联词典.txt,,txt_local_evidence,local,二手,研究论著,no,,keyword:研究论著,zuolian_cidian
SRC-0646,local_text_citation,左联词典,左联词典 第593页,research/raw_texts/左联词典.txt,,txt_local_evidence,local,二手,研究论著,no,,keyword:研究论著,zuolian_cidian
SRC-0647,local_text_citation,左联词典,左联词典 第504页,research/raw_texts/左联词典.txt,,txt_local_evidence,local,二手,研究论著,no,,keyword:研究论著,zuolian_cidian
SRC-0648,local_text_citation,左联词典,左联词典 第559页,research/raw_texts/左联词典.txt,,txt_local_evidence,local,二手,研究论著,no,,keyword:研究论著,zuolian_cidian
SRC-0649,local_text_citation,左联词典,左联词典 第507页,research/raw_texts/左联词典.txt,,txt_local_evidence,local,二手,研究论著,no,,keyword:研究论著,zuolian_cidian
SRC-0650,local_text_citation,左联词典,左联词典 第498页,research/raw_texts/左联词典.txt,,txt_local_evidence,local,二手,研究论著,no,,keyword:研究论著,zuolian_cidian
SRC-0651,local_text_citation,左联史,左联史 第40页,research/raw_texts/左联史.txt,,txt_local_evidence,local,二手,研究论著,no,,keyword:研究论著,zuolian_shi
SRC-0652,local_text_citation,左联史,左联史 第434页,research/raw_texts/左联史.txt,,txt_local_evidence,local,二手,研究论著,no,,keyword:研究论著,zuolian_shi
SRC-0653,local_text_citation,左联词典,左联词典 第473页,research/raw_texts/左联词典.txt,,txt_local_evidence,local,二手,研究论著,no,,keyword:研究论著,zuolian_cidian
SRC-0654,local_text_citation,左联史,左联史 第698页,research/raw_texts/左联史.txt,,txt_local_evidence,local,二手,研究论著,no,,keyword:研究论著,zuolian_shi
SRC-0655,local_text_citation,左联史,左联史 第713页,research/raw_texts/左联史.txt,,txt_local_evidence,local,二手,研究论著,no,,keyword:研究论著,zuolian_shi
SRC-0656,local_text_citation,左联词典,左联词典 第546页,research/raw_texts/左联词典.txt,,txt_local_evidence,local,二手,研究论著,no,,keyword:研究论著,zuolian_cidian
SRC-0657,local_text_citation,左联词典,左联词典 第657页,research/raw_texts/左联词典.txt,,txt_local_evidence,local,二手,研究论著,no,,keyword:研究论著,zuolian_cidian
SRC-0658,local_text_citation,左联史,左联史 第437页,research/raw_texts/左联史.txt,,txt_local_evidence,local,二手,研究论著,no,,keyword:研究论著,zuolian_shi
SRC-0659,local_text_citation,左联史,左联史 第318页,research/raw_texts/左联史.txt,,txt_local_evidence,local,二手,研究论著,no,,keyword:研究论著,zuolian_shi
SRC-0660,local_text_citation,左联史,左联史 第710页,research/raw_texts/左联史.txt,,txt_local_evidence,local,二手,研究论著,no,,keyword:研究论著,zuolian_shi
SRC-0661,local_text_citation,左联词典,左联词典 第613页,research/raw_texts/左联词典.txt,,txt_local_evidence,local,二手,研究论著,no,,keyword:研究论著,zuolian_cidian
SRC-0662,local_text_citation,左联词典,左联词典 第676页,research/raw_texts/左联词典.txt,,txt_local_evidence,local,二手,研究论著,no,,keyword:研究论著,zuolian_cidian
SRC-0663,local_text_citation,左联史,左联史 第136页,research/raw_texts/左联史.txt,,txt_local_evidence,local,二手,研究论著,no,,keyword:研究论著,zuolian_shi
SRC-0664,local_text_citation,左联史,左联史 第142页,research/raw_texts/左联史.txt,,txt_local_evidence,local,二手,研究论著,no,,keyword:研究论著,zuolian_shi
SRC-0665,local_text_citation,左联史,左联史 第271页,research/raw_texts/左联史.txt,,txt_local_evidence,local,二手,研究论著,no,,keyword:研究论著,zuolian_shi
SRC-0666,local_text_citation,左联史,左联史 第561页,research/raw_texts/左联史.txt,,txt_local_evidence,local,二手,研究论著,no,,keyword:研究论著,zuolian_shi
SRC-0667,local_text_citation,左联史,左联史 第327页,research/raw_texts/左联史.txt,,txt_local_evidence,local,二手,研究论著,no,,keyword:研究论著,zuolian_shi
SRC-0668,local_text_citation,左联史,左联史 第193页,research/raw_texts/左联史.txt,,txt_local_evidence,local,二手,研究论著,no,,keyword:研究论著,zuolian_shi
SRC-0669,local_text_citation,左联词典,左联词典 第680页,research/raw_texts/左联词典.txt,,txt_local_evidence,local,二手,研究论著,no,,keyword:研究论著,zuolian_cidian
SRC-0670,local_text_citation,左联史,左联史 第161页,research/raw_texts/左联史.txt,,txt_local_evidence,local,二手,研究论著,no,,keyword:研究论著,zuolian_shi
SRC-0671,local_text_citation,左联史,左联史 第680页,research/raw_texts/左联史.txt,,txt_local_evidence,local,二手,研究论著,no,,keyword:研究论著,zuolian_shi
SRC-0672,local_text_citation,左联史,左联史 第692页,research/raw_texts/左联史.txt,,txt_local_evidence,local,二手,研究论著,no,,keyword:研究论著,zuolian_shi
SRC-0673,local_text_citation,左联词典,左联词典 第475页,research/raw_texts/左联词典.txt,,txt_local_evidence,local,二手,研究论著,no,,keyword:研究论著,zuolian_cidian
SRC-0674,local_text_citation,左联词典,左联词典 第702页,research/raw_texts/左联词典.txt,,txt_local_evidence,local,二手,研究论著,no,,keyword:研究论著,zuolian_cidian
SRC-0675,local_text_citation,左联词典,左联词典 第703页,research/raw_texts/左联词典.txt,,txt_local_evidence,local,二手,研究论著,no,,keyword:研究论著,zuolian_cidian
SRC-0676,local_text_citation,左联词典,左联词典 第110页,research/raw_texts/左联词典.txt,,txt_local_evidence,local,二手,研究论著,no,,keyword:研究论著,zuolian_cidian
SRC-0677,local_text_citation,左联词典,左联词典 第317页,research/raw_texts/左联词典.txt,,txt_local_evidence,local,二手,研究论著,no,,keyword:研究论著,zuolian_cidian
SRC-0678,local_text_citation,左联词典,左联词典 第164页,research/raw_texts/左联词典.txt,,txt_local_evidence,local,二手,研究论著,no,,keyword:研究论著,zuolian_cidian
SRC-0679,local_text_citation,左联词典,左联词典 第318页,research/raw_texts/左联词典.txt,,txt_local_evidence,local,二手,研究论著,no,,keyword:研究论著,zuolian_cidian
SRC-0680,local_text_citation,左联词典,左联词典 第241页,research/raw_texts/左联词典.txt,,txt_local_evidence,local,二手,研究论著,no,,keyword:研究论著,zuolian_cidian
SRC-0681,local_text_citation,左联词典,左联词典 第277页,research/raw_texts/左联词典.txt,,txt_local_evidence,local,二手,研究论著,no,,keyword:研究论著,zuolian_cidian
SRC-0682,local_text_citation,左联词典,左联词典 第299页,research/raw_texts/左联词典.txt,,txt_local_evidence,local,二手,研究论著,no,,keyword:研究论著,zuolian_cidian
SRC-0683,local_text_citation,左联词典,左联词典 第256页,research/raw_texts/左联词典.txt,,txt_local_evidence,local,二手,研究论著,no,,keyword:研究论著,zuolian_cidian
SRC-0684,local_text_citation,左联词典,左联词典 第326页,research/raw_texts/左联词典.txt,,txt_local_evidence,local,二手,研究论著,no,,keyword:研究论著,zuolian_cidian
SRC-0685,local_text_citation,左联词典,左联词典 第479页,research/raw_texts/左联词典.txt,,txt_local_evidence,local,二手,研究论著,no,,keyword:研究论著,zuolian_cidian
SRC-0686,local_text_citation,左联词典,左联词典 第365页,research/raw_texts/左联词典.txt,,txt_local_evidence,local,二手,研究论著,no,,keyword:研究论著,zuolian_cidian
SRC-0687,local_text_citation,左联词典,左联词典 第429页,research/raw_texts/左联词典.txt,,txt_local_evidence,local,二手,研究论著,no,,keyword:研究论著,zuolian_cidian
SRC-0688,local_text_citation,左联词典,左联词典 第172页,research/raw_texts/左联词典.txt,,txt_local_evidence,local,二手,研究论著,no,,keyword:研究论著,zuolian_cidian
SRC-0689,local_text_citation,左联词典,左联词典 第329页,research/raw_texts/左联词典.txt,,txt_local_evidence,local,二手,研究论著,no,,keyword:研究论著,zuolian_cidian
SRC-0690,local_text_citation,左联词典,左联词典 第443页,research/raw_texts/左联词典.txt,,txt_local_evidence,local,二手,研究论著,no,,keyword:研究论著,zuolian_cidian
SRC-0691,local_text_citation,左联词典,左联词典 第656页,research/raw_texts/左联词典.txt,,txt_local_evidence,local,二手,研究论著,no,,keyword:研究论著,zuolian_cidian
SRC-0692,local_text_citation,左联词典,左联词典 第536页,research/raw_texts/左联词典.txt,,txt_local_evidence,local,二手,研究论著,no,,keyword:研究论著,zuolian_cidian
SRC-0693,local_text_citation,左联词典,左联词典 第517页,research/raw_texts/左联词典.txt,,txt_local_evidence,local,二手,研究论著,no,,keyword:研究论著,zuolian_cidian
SRC-0694,local_text_citation,左联词典,左联词典 第560页,research/raw_texts/左联词典.txt,,txt_local_evidence,local,二手,研究论著,no,,keyword:研究论著,zuolian_cidian
SRC-0695,local_text_citation,左联史,左联史 第25页,research/raw_texts/左联史.txt,,txt_local_evidence,local,二手,研究论著,no,,keyword:研究论著,zuolian_shi
SRC-0696,local_text_citation,左联词典,左联词典 第497页,research/raw_texts/左联词典.txt,,txt_local_evidence,local,二手,研究论著,no,,keyword:研究论著,zuolian_cidian
SRC-0697,local_text_citation,左联词典,左联词典 第177页,research/raw_texts/左联词典.txt,,txt_local_evidence,local,二手,研究论著,no,,keyword:研究论著,zuolian_cidian
SRC-0698,local_text_citation,左联史,左联史 第368页,research/raw_texts/左联史.txt,,txt_local_evidence,local,二手,研究论著,no,,keyword:研究论著,zuolian_shi
SRC-0699,local_text_citation,左联史,左联史 第388页,research/raw_texts/左联史.txt,,txt_local_evidence,local,二手,研究论著,no,,keyword:研究论著,zuolian_shi
SRC-0700,local_text_citation,左联史,左联史 第424页,research/raw_texts/左联史.txt,,txt_local_evidence,local,二手,研究论著,no,,keyword:研究论著,zuolian_shi
SRC-0701,local_text_citation,左联史,左联史 第362页,research/raw_texts/左联史.txt,,txt_local_evidence,local,二手,研究论著,no,,keyword:研究论著,zuolian_shi
SRC-0702,local_text_citation,左联词典,左联词典 第611页,research/raw_texts/左联词典.txt,,txt_local_evidence,local,二手,研究论著,no,,keyword:研究论著,zuolian_cidian
SRC-0703,local_text_citation,左联史,左联史 第475页,research/raw_texts/左联史.txt,,txt_local_evidence,local,二手,研究论著,no,,keyword:研究论著,zuolian_shi
SRC-0704,local_text_citation,左联史,左联史 第9页,research/raw_texts/左联史.txt,,txt_local_evidence,local,二手,研究论著,no,,keyword:研究论著,zuolian_shi
SRC-0705,local_text_citation,左联史,左联史 第351页,research/raw_texts/左联史.txt,,txt_local_evidence,local,二手,研究论著,no,,keyword:研究论著,zuolian_shi
SRC-0706,local_text_citation,左联词典,左联词典 第635页,research/raw_texts/左联词典.txt,,txt_local_evidence,local,二手,研究论著,no,,keyword:研究论著,zuolian_cidian
SRC-0707,local_text_citation,左联史,左联史 第158页,research/raw_texts/左联史.txt,,txt_local_evidence,local,二手,研究论著,no,,keyword:研究论著,zuolian_shi
SRC-0708,local_text_citation,左联史,左联史 第358页,research/raw_texts/左联史.txt,,txt_local_evidence,local,二手,研究论著,no,,keyword:研究论著,zuolian_shi
SRC-0709,local_text_citation,左联史,左联史 第458页,research/raw_texts/左联史.txt,,txt_local_evidence,local,二手,研究论著,no,,keyword:研究论著,zuolian_shi
SRC-0710,local_text_citation,左联史,左联史 第729页,research/raw_texts/左联史.txt,,txt_local_evidence,local,二手,研究论著,no,,keyword:研究论著,zuolian_shi
SRC-0711,local_text_citation,左联史,左联史 第20页,research/raw_texts/左联史.txt,,txt_local_evidence,local,二手,研究论著,no,,keyword:研究论著,zuolian_shi
SRC-0712,local_text_citation,左联史,左联史 第98页,research/raw_texts/左联史.txt,,txt_local_evidence,local,二手,研究论著,no,,keyword:研究论著,zuolian_shi
SRC-0713,local_text_citation,左联史,左联史 第369页,research/raw_texts/左联史.txt,,txt_local_evidence,local,二手,研究论著,no,,keyword:研究论著,zuolian_shi
SRC-0714,local_text_citation,左联史,左联史 第404页,research/raw_texts/左联史.txt,,txt_local_evidence,local,二手,研究论著,no,,keyword:研究论著,zuolian_shi
SRC-0715,local_text_citation,左联史,左联史 第682页,research/raw_texts/左联史.txt,,txt_local_evidence,local,二手,研究论著,no,,keyword:研究论著,zuolian_shi
SRC-0716,local_text_citation,左联词典,左联词典 第662页,research/raw_texts/左联词典.txt,,txt_local_evidence,local,二手,研究论著,no,,keyword:研究论著,zuolian_cidian
SRC-0717,local_text_citation,左联史,左联史 第89页,research/raw_texts/左联史.txt,,txt_local_evidence,local,二手,研究论著,no,,keyword:研究论著,zuolian_shi
SRC-0718,local_text_citation,左联史,左联史 第464页,research/raw_texts/左联史.txt,,txt_local_evidence,local,二手,研究论著,no,,keyword:研究论著,zuolian_shi
SRC-0719,local_text_citation,左联史,左联史 第214页,research/raw_texts/左联史.txt,,txt_local_evidence,local,二手,研究论著,no,,keyword:研究论著,zuolian_shi
SRC-0720,local_text_citation,左联史,左联史 第215页,research/raw_texts/左联史.txt,,txt_local_evidence,local,二手,研究论著,no,,keyword:研究论著,zuolian_shi
SRC-0721,local_text_citation,左联词典,左联词典 第556页,research/raw_texts/左联词典.txt,,txt_local_evidence,local,二手,研究论著,no,,keyword:研究论著,zuolian_cidian
SRC-0722,local_text_citation,左联史,左联史 第179页,research/raw_texts/左联史.txt,,txt_local_evidence,local,二手,研究论著,no,,keyword:研究论著,zuolian_shi
SRC-0723,local_text_citation,左联史,左联史 第703页,research/raw_texts/左联史.txt,,txt_local_evidence,local,二手,研究论著,no,,keyword:研究论著,zuolian_shi
SRC-0724,local_text_citation,左联史,左联史 第711页,research/raw_texts/左联史.txt,,txt_local_evidence,local,二手,研究论著,no,,keyword:研究论著,zuolian_shi
SRC-0725,local_text_citation,左联史,左联史 第18页,research/raw_texts/左联史.txt,,txt_local_evidence,local,二手,研究论著,no,,keyword:研究论著,zuolian_shi
SRC-0726,local_text_citation,左联史,左联史 第231页,research/raw_texts/左联史.txt,,txt_local_evidence,local,二手,研究论著,no,,keyword:研究论著,zuolian_shi
SRC-0727,local_text_citation,左联史,左联史 第466页,research/raw_texts/左联史.txt,,txt_local_evidence,local,二手,研究论著,no,,keyword:研究论著,zuolian_shi
SRC-0728,local_text_citation,左联词典,左联词典 第269页,research/raw_texts/左联词典.txt,,txt_local_evidence,local,二手,研究论著,no,,keyword:研究论著,zuolian_cidian
SRC-0729,local_text_citation,左联词典,左联词典 第334页,research/raw_texts/左联词典.txt,,txt_local_evidence,local,二手,研究论著,no,,keyword:研究论著,zuolian_cidian
SRC-0730,local_text_citation,左联词典,左联词典 第170页,research/raw_texts/左联词典.txt,,txt_local_evidence,local,二手,研究论著,no,,keyword:研究论著,zuolian_cidian
SRC-0731,local_text_citation,左联词典,左联词典 第295页,research/raw_texts/左联词典.txt,,txt_local_evidence,local,二手,研究论著,no,,keyword:研究论著,zuolian_cidian
SRC-0732,local_text_citation,左联词典,左联词典 第297页,research/raw_texts/左联词典.txt,,txt_local_evidence,local,二手,研究论著,no,,keyword:研究论著,zuolian_cidian
SRC-0733,local_text_citation,左联词典,左联词典 第30页,research/raw_texts/左联词典.txt,,txt_local_evidence,local,二手,研究论著,no,,keyword:研究论著,zuolian_cidian
SRC-0734,local_text_citation,左联词典,左联词典 第282页,research/raw_texts/左联词典.txt,,txt_local_evidence,local,二手,研究论著,no,,keyword:研究论著,zuolian_cidian
SRC-0735,local_text_citation,左联词典,左联词典 第637页,research/raw_texts/左联词典.txt,,txt_local_evidence,local,二手,研究论著,no,,keyword:研究论著,zuolian_cidian
SRC-0736,local_text_citation,左联词典,左联词典 第643页,research/raw_texts/左联词典.txt,,txt_local_evidence,local,二手,研究论著,no,,keyword:研究论著,zuolian_cidian
SRC-0737,local_text_citation,左联词典,左联词典 第639页,research/raw_texts/左联词典.txt,,txt_local_evidence,local,二手,研究论著,no,,keyword:研究论著,zuolian_cidian
SRC-0738,local_text_citation,左联史,左联史 第624页,research/raw_texts/左联史.txt,,txt_local_evidence,local,二手,研究论著,no,,keyword:研究论著,zuolian_shi
SRC-0739,local_text_citation,左联史,左联史 第22页,research/raw_texts/左联史.txt,,txt_local_evidence,local,二手,研究论著,no,,keyword:研究论著,zuolian_shi
SRC-0740,local_text_citation,左联史,左联史 第106页,research/raw_texts/左联史.txt,,txt_local_evidence,local,二手,研究论著,no,,keyword:研究论著,zuolian_shi
SRC-0741,local_text_citation,左联史,左联史 第707页,research/raw_texts/左联史.txt,,txt_local_evidence,local,二手,研究论著,no,,keyword:研究论著,zuolian_shi
SRC-0742,local_text_citation,左联词典,左联词典 第360页,research/raw_texts/左联词典.txt,,txt_local_evidence,local,二手,研究论著,no,,keyword:研究论著,zuolian_cidian
SRC-0743,local_text_citation,左联史,左联史 第509页,research/raw_texts/左联史.txt,,txt_local_evidence,local,二手,研究论著,no,,keyword:研究论著,zuolian_shi
SRC-0744,local_text_citation,左联词典,左联词典 第689页,research/raw_texts/左联词典.txt,,txt_local_evidence,local,二手,研究论著,no,,keyword:研究论著,zuolian_cidian
SRC-0745,local_text_citation,左联词典,左联词典 第532页,research/raw_texts/左联词典.txt,,txt_local_evidence,local,二手,研究论著,no,,keyword:研究论著,zuolian_cidian
SRC-0746,local_text_citation,左联史,左联史 第605页,research/raw_texts/左联史.txt,,txt_local_evidence,local,二手,研究论著,no,,keyword:研究论著,zuolian_shi
SRC-0747,local_text_citation,左联史,左联史 第8页,research/raw_texts/左联史.txt,,txt_local_evidence,local,二手,研究论著,no,,keyword:研究论著,zuolian_shi
SRC-0748,local_text_citation,左联词典,左联词典 第521页,research/raw_texts/左联词典.txt,,txt_local_evidence,local,二手,研究论著,no,,keyword:研究论著,zuolian_cidian
SRC-0749,local_text_citation,左联史,左联史 第38页,research/raw_texts/左联史.txt,,txt_local_evidence,local,二手,研究论著,no,,keyword:研究论著,zuolian_shi
SRC-0750,local_text_citation,左联史,左联史 第90页,research/raw_texts/左联史.txt,,txt_local_evidence,local,二手,研究论著,no,,keyword:研究论著,zuolian_shi
SRC-0751,local_text_citation,左联史,左联史 第688页,research/raw_texts/左联史.txt,,txt_local_evidence,local,二手,研究论著,no,,keyword:研究论著,zuolian_shi
SRC-0752,local_text_citation,左联史,左联史 第724页,research/raw_texts/左联史.txt,,txt_local_evidence,local,二手,研究论著,no,,keyword:研究论著,zuolian_shi
SRC-0753,local_text_citation,左联史,左联史 第503页,research/raw_texts/左联史.txt,,txt_local_evidence,local,二手,研究论著,no,,keyword:研究论著,zuolian_shi
SRC-0754,local_text_citation,左联史,左联史 第102页,research/raw_texts/左联史.txt,,txt_local_evidence,local,二手,研究论著,no,,keyword:研究论著,zuolian_shi
SRC-0755,local_text_citation,左联词典,左联词典 第658页,research/raw_texts/左联词典.txt,,txt_local_evidence,local,二手,研究论著,no,,keyword:研究论著,zuolian_cidian
SRC-0756,local_text_citation,左联词典,左联词典 第126页,research/raw_texts/左联词典.txt,,txt_local_evidence,local,二手,研究论著,no,,keyword:研究论著,zuolian_cidian
SRC-0757,local_text_citation,左联词典,左联词典 第523页,research/raw_texts/左联词典.txt,,txt_local_evidence,local,二手,研究论著,no,,keyword:研究论著,zuolian_cidian
SRC-0758,local_text_citation,左联词典,左联词典 第561页,research/raw_texts/左联词典.txt,,txt_local_evidence,local,二手,研究论著,no,,keyword:研究论著,zuolian_cidian
SRC-0759,local_text_citation,左联词典,左联词典 第577页,research/raw_texts/左联词典.txt,,txt_local_evidence,local,二手,研究论著,no,,keyword:研究论著,zuolian_cidian
SRC-0760,local_text_citation,左联词典,左联词典 第267页,research/raw_texts/左联词典.txt,,txt_local_evidence,local,二手,研究论著,no,,keyword:研究论著,zuolian_cidian
SRC-0761,local_text_citation,左联词典,左联词典 第17页,research/raw_texts/左联词典.txt,,txt_local_evidence,local,二手,研究论著,no,,keyword:研究论著,zuolian_cidian
SRC-0762,local_text_citation,左联史,左联史 第19页,research/raw_texts/左联史.txt,,txt_local_evidence,local,二手,研究论著,no,,keyword:研究论著,zuolian_shi
SRC-0763,local_text_citation,左联词典,左联词典 第93页,research/raw_texts/左联词典.txt,,txt_local_evidence,local,二手,研究论著,no,,keyword:研究论著,zuolian_cidian
SRC-0764,local_text_citation,左联词典,左联词典 第470页,research/raw_texts/左联词典.txt,,txt_local_evidence,local,二手,研究论著,no,,keyword:研究论著,zuolian_cidian
SRC-0765,local_text_citation,左联词典,左联词典 第696页,research/raw_texts/左联词典.txt,,txt_local_evidence,local,二手,研究论著,no,,keyword:研究论著,zuolian_cidian
SRC-0766,local_text_citation,左联史,左联史 第453页,research/raw_texts/左联史.txt,,txt_local_evidence,local,二手,研究论著,no,,keyword:研究论著,zuolian_shi
SRC-0767,local_text_citation,左联史,左联史 第23页,research/raw_texts/左联史.txt,,txt_local_evidence,local,二手,研究论著,no,,keyword:研究论著,zuolian_shi
SRC-0768,local_text_citation,左联史,左联史 第550页,research/raw_texts/左联史.txt,,txt_local_evidence,local,二手,研究论著,no,,keyword:研究论著,zuolian_shi
SRC-0769,local_text_citation,左联史,左联史 第467页,research/raw_texts/左联史.txt,,txt_local_evidence,local,二手,研究论著,no,,keyword:研究论著,zuolian_shi
SRC-0770,local_text_citation,左联史,左联史 第456页,research/raw_texts/左联史.txt,,txt_local_evidence,local,二手,研究论著,no,,keyword:研究论著,zuolian_shi
SRC-0771,local_text_citation,左联史,左联史 第30页,research/raw_texts/左联史.txt,,txt_local_evidence,local,二手,研究论著,no,,keyword:研究论著,zuolian_shi
SRC-0772,local_text_citation,左联史,左联史 第27页,research/raw_texts/左联史.txt,,txt_local_evidence,local,二手,研究论著,no,,keyword:研究论著,zuolian_shi
SRC-0773,local_text_citation,左联史,左联史 第37页,research/raw_texts/左联史.txt,,txt_local_evidence,local,二手,研究论著,no,,keyword:研究论著,zuolian_shi
SRC-0774,local_text_citation,左联史,左联史 第474页,research/raw_texts/左联史.txt,,txt_local_evidence,local,二手,研究论著,no,,keyword:研究论著,zuolian_shi
SRC-0775,local_text_citation,左联词典,左联词典 第286页,research/raw_texts/左联词典.txt,,txt_local_evidence,local,二手,研究论著,no,,keyword:研究论著,zuolian_cidian
SRC-0776,local_text_citation,左联词典,左联词典 第633页,research/raw_texts/左联词典.txt,,txt_local_evidence,local,二手,研究论著,no,,keyword:研究论著,zuolian_cidian
SRC-0777,local_text_citation,左联词典,左联词典 第506页,research/raw_texts/左联词典.txt,,txt_local_evidence,local,二手,研究论著,no,,keyword:研究论著,zuolian_cidian
SRC-0778,local_text_citation,左联词典,左联词典 第678页,research/raw_texts/左联词典.txt,,txt_local_evidence,local,二手,研究论著,no,,keyword:研究论著,zuolian_cidian
SRC-0779,local_text_citation,左联史,左联史 第504页,research/raw_texts/左联史.txt,,txt_local_evidence,local,二手,研究论著,no,,keyword:研究论著,zuolian_shi
SRC-0780,local_text_citation,左联史,左联史 第269页,research/raw_texts/左联史.txt,,txt_local_evidence,local,二手,研究论著,no,,keyword:研究论著,zuolian_shi
SRC-0781,local_text_citation,左联词典,左联词典 第306页,research/raw_texts/左联词典.txt,,txt_local_evidence,local,二手,研究论著,no,,keyword:研究论著,zuolian_cidian
SRC-0782,local_text_citation,左联史,左联史 第71页,research/raw_texts/左联史.txt,,txt_local_evidence,local,二手,研究论著,no,,keyword:研究论著,zuolian_shi
SRC-0783,local_text_citation,左联史,左联史 第524页,research/raw_texts/左联史.txt,,txt_local_evidence,local,二手,研究论著,no,,keyword:研究论著,zuolian_shi
SRC-0784,local_text_citation,左联史,左联史 第552页,research/raw_texts/左联史.txt,,txt_local_evidence,local,二手,研究论著,no,,keyword:研究论著,zuolian_shi
SRC-0785,local_text_citation,左联词典,左联词典 第461页,research/raw_texts/左联词典.txt,,txt_local_evidence,local,二手,研究论著,no,,keyword:研究论著,zuolian_cidian
SRC-0786,local_text_citation,左联史,左联史 第244页,research/raw_texts/左联史.txt,,txt_local_evidence,local,二手,研究论著,no,,keyword:研究论著,zuolian_shi
SRC-0787,local_text_citation,左联史,左联史 第285页,research/raw_texts/左联史.txt,,txt_local_evidence,local,二手,研究论著,no,,keyword:研究论著,zuolian_shi
SRC-0788,local_text_citation,左联史,左联史 第140页,research/raw_texts/左联史.txt,,txt_local_evidence,local,二手,研究论著,no,,keyword:研究论著,zuolian_shi
SRC-0789,local_text_citation,左联词典,左联词典 第605页,research/raw_texts/左联词典.txt,,txt_local_evidence,local,二手,研究论著,no,,keyword:研究论著,zuolian_cidian
SRC-0790,local_text_citation,左联史,左联史 第618页,research/raw_texts/左联史.txt,,txt_local_evidence,local,二手,研究论著,no,,keyword:研究论著,zuolian_shi
SRC-0791,local_text_citation,左联词典,左联词典 第644页,research/raw_texts/左联词典.txt,,txt_local_evidence,local,二手,研究论著,no,,keyword:研究论著,zuolian_cidian
SRC-0792,local_text_citation,左联词典,左联词典 第427页,research/raw_texts/左联词典.txt,,txt_local_evidence,local,二手,研究论著,no,,keyword:研究论著,zuolian_cidian
SRC-0793,local_text_citation,左联史,左联史 第479页,research/raw_texts/左联史.txt,,txt_local_evidence,local,二手,研究论著,no,,keyword:研究论著,zuolian_shi
SRC-0794,local_text_citation,左联词典,左联词典 第63页,research/raw_texts/左联词典.txt,,txt_local_evidence,local,二手,研究论著,no,,keyword:研究论著,zuolian_cidian
SRC-0795,local_text_citation,左联词典,左联词典 第208页,research/raw_texts/左联词典.txt,,txt_local_evidence,local,二手,研究论著,no,,keyword:研究论著,zuolian_cidian
SRC-0796,local_text_citation,左联史,左联史 第230页,research/raw_texts/左联史.txt,,txt_local_evidence,local,二手,研究论著,no,,keyword:研究论著,zuolian_shi
SRC-0797,local_text_citation,左联史,左联史 第507页,research/raw_texts/左联史.txt,,txt_local_evidence,local,二手,研究论著,no,,keyword:研究论著,zuolian_shi
SRC-0798,local_text_citation,左联史,左联史 第535页,research/raw_texts/左联史.txt,,txt_local_evidence,local,二手,研究论著,no,,keyword:研究论著,zuolian_shi
SRC-0799,local_text_citation,左联史,左联史 第717页,research/raw_texts/左联史.txt,,txt_local_evidence,local,二手,研究论著,no,,keyword:研究论著,zuolian_shi
SRC-0800,local_text_citation,左联史,左联史 第676页,research/raw_texts/左联史.txt,,txt_local_evidence,local,二手,研究论著,no,,keyword:研究论著,zuolian_shi
SRC-0801,local_text_citation,左联史,左联史 第712页,research/raw_texts/左联史.txt,,txt_local_evidence,local,二手,研究论著,no,,keyword:研究论著,zuolian_shi
SRC-0802,local_text_citation,左联词典,左联词典 第151页,research/raw_texts/左联词典.txt,,txt_local_evidence,local,二手,研究论著,no,,keyword:研究论著,zuolian_cidian
SRC-0803,local_text_citation,左联词典,左联词典 第669页,research/raw_texts/左联词典.txt,,txt_local_evidence,local,二手,研究论著,no,,keyword:研究论著,zuolian_cidian
SRC-0804,local_text_citation,左联词典,左联词典 第494页,research/raw_texts/左联词典.txt,,txt_local_evidence,local,二手,研究论著,no,,keyword:研究论著,zuolian_cidian
SRC-0805,local_text_citation,左联词典,左联词典 第379页,research/raw_texts/左联词典.txt,,txt_local_evidence,local,二手,研究论著,no,,keyword:研究论著,zuolian_cidian
SRC-0806,local_text_citation,左联词典,左联词典 第199页,research/raw_texts/左联词典.txt,,txt_local_evidence,local,二手,研究论著,no,,keyword:研究论著,zuolian_cidian
SRC-0807,local_text_citation,左联词典,左联词典 第464页,research/raw_texts/左联词典.txt,,txt_local_evidence,local,二手,研究论著,no,,keyword:研究论著,zuolian_cidian
SRC-0808,local_text_citation,左联史,左联史 第168页,research/raw_texts/左联史.txt,,txt_local_evidence,local,二手,研究论著,no,,keyword:研究论著,zuolian_shi
SRC-0809,local_text_citation,左联史,左联史 第410页,research/raw_texts/左联史.txt,,txt_local_evidence,local,二手,研究论著,no,,keyword:研究论著,zuolian_shi
SRC-0810,local_text_citation,左联史,左联史 第423页,research/raw_texts/左联史.txt,,txt_local_evidence,local,二手,研究论著,no,,keyword:研究论著,zuolian_shi
SRC-0811,local_text_citation,左联史,左联史 第508页,research/raw_texts/左联史.txt,,txt_local_evidence,local,二手,研究论著,no,,keyword:研究论著,zuolian_shi
SRC-0812,local_text_citation,左联史,左联史 第528页,research/raw_texts/左联史.txt,,txt_local_evidence,local,二手,研究论著,no,,keyword:研究论著,zuolian_shi
SRC-0813,local_text_citation,左联史,左联史 第36页,research/raw_texts/左联史.txt,,txt_local_evidence,local,二手,研究论著,no,,keyword:研究论著,zuolian_shi
SRC-0814,local_text_citation,左联史,左联史 第88页,research/raw_texts/左联史.txt,,txt_local_evidence,local,二手,研究论著,no,,keyword:研究论著,zuolian_shi
SRC-0815,local_text_citation,左联史,左联史 第189页,research/raw_texts/左联史.txt,,txt_local_evidence,local,二手,研究论著,no,,keyword:研究论著,zuolian_shi
SRC-0816,local_text_citation,左联史,左联史 第251页,research/raw_texts/左联史.txt,,txt_local_evidence,local,二手,研究论著,no,,keyword:研究论著,zuolian_shi
SRC-0817,local_text_citation,左联史,左联史 第494页,research/raw_texts/左联史.txt,,txt_local_evidence,local,二手,研究论著,no,,keyword:研究论著,zuolian_shi
SRC-0818,local_text_citation,左联史,左联史 第91页,research/raw_texts/左联史.txt,,txt_local_evidence,local,二手,研究论著,no,,keyword:研究论著,zuolian_shi
SRC-0819,local_text_citation,左联词典,左联词典 第103页,research/raw_texts/左联词典.txt,,txt_local_evidence,local,二手,研究论著,no,,keyword:研究论著,zuolian_cidian
SRC-0820,local_text_citation,左联词典,左联词典 第313页,research/raw_texts/左联词典.txt,,txt_local_evidence,local,二手,研究论著,no,,keyword:研究论著,zuolian_cidian
SRC-0821,local_text_citation,左联词典,左联词典 第641页,research/raw_texts/左联词典.txt,,txt_local_evidence,local,二手,研究论著,no,,keyword:研究论著,zuolian_cidian
SRC-0822,local_text_citation,左联词典,左联词典 第226页,research/raw_texts/左联词典.txt,,txt_local_evidence,local,二手,研究论著,no,,keyword:研究论著,zuolian_cidian
SRC-0823,local_text_citation,左联词典,左联词典 第493页,research/raw_texts/左联词典.txt,,txt_local_evidence,local,二手,研究论著,no,,keyword:研究论著,zuolian_cidian
SRC-0824,local_text_citation,左联史,左联史 第397页,research/raw_texts/左联史.txt,,txt_local_evidence,local,二手,研究论著,no,,keyword:研究论著,zuolian_shi
SRC-0825,local_text_citation,左联词典,左联词典 第322页,research/raw_texts/左联词典.txt,,txt_local_evidence,local,二手,研究论著,no,,keyword:研究论著,zuolian_cidian
SRC-0826,local_text_citation,左联史,左联史 第411页,research/raw_texts/左联史.txt,,txt_local_evidence,local,二手,研究论著,no,,keyword:研究论著,zuolian_shi
SRC-0827,local_text_citation,左联史,左联史 第45页,research/raw_texts/左联史.txt,,txt_local_evidence,local,二手,研究论著,no,,keyword:研究论著,zuolian_shi
SRC-0828,local_text_citation,左联史,左联史 第233页,research/raw_texts/左联史.txt,,txt_local_evidence,local,二手,研究论著,no,,keyword:研究论著,zuolian_shi
SRC-0829,local_text_citation,左联史,左联史 第435页,research/raw_texts/左联史.txt,,txt_local_evidence,local,二手,研究论著,no,,keyword:研究论著,zuolian_shi
SRC-0830,local_text_citation,左联史,左联史 第502页,research/raw_texts/左联史.txt,,txt_local_evidence,local,二手,研究论著,no,,keyword:研究论著,zuolian_shi
SRC-0831,local_text_citation,左联史,左联史 第446页,research/raw_texts/左联史.txt,,txt_local_evidence,local,二手,研究论著,no,,keyword:研究论著,zuolian_shi
SRC-0832,local_text_citation,左联史,左联史 第174页,research/raw_texts/左联史.txt,,txt_local_evidence,local,二手,研究论著,no,,keyword:研究论著,zuolian_shi
SRC-0833,local_text_citation,左联史,左联史 第472页,research/raw_texts/左联史.txt,,txt_local_evidence,local,二手,研究论著,no,,keyword:研究论著,zuolian_shi
SRC-0834,local_text_citation,左联史,左联史 第668页,research/raw_texts/左联史.txt,,txt_local_evidence,local,二手,研究论著,no,,keyword:研究论著,zuolian_shi
SRC-0835,local_text_citation,左联词典,左联词典 第66页,research/raw_texts/左联词典.txt,,txt_local_evidence,local,二手,研究论著,no,,keyword:研究论著,zuolian_cidian
SRC-0836,local_text_citation,左联词典,左联词典 第649页,research/raw_texts/左联词典.txt,,txt_local_evidence,local,二手,研究论著,no,,keyword:研究论著,zuolian_cidian
SRC-0837,local_text_citation,左联史,左联史 第296页,research/raw_texts/左联史.txt,,txt_local_evidence,local,二手,研究论著,no,,keyword:研究论著,zuolian_shi
SRC-0838,local_text_citation,左联史,左联史 第642页,research/raw_texts/左联史.txt,,txt_local_evidence,local,二手,研究论著,no,,keyword:研究论著,zuolian_shi
SRC-0839,local_text_citation,左联史,左联史 第665页,research/raw_texts/左联史.txt,,txt_local_evidence,local,二手,研究论著,no,,keyword:研究论著,zuolian_shi
SRC-0840,local_text_citation,左联史,左联史 第534页,research/raw_texts/左联史.txt,,txt_local_evidence,local,二手,研究论著,no,,keyword:研究论著,zuolian_shi
SRC-0841,local_text_citation,左联史,左联史 第602页,research/raw_texts/左联史.txt,,txt_local_evidence,local,二手,研究论著,no,,keyword:研究论著,zuolian_shi
SRC-0842,local_text_citation,左联词典,左联词典 第116页,research/raw_texts/左联词典.txt,,txt_local_evidence,local,二手,研究论著,no,,keyword:研究论著,zuolian_cidian
SRC-0843,local_text_citation,左联词典,左联词典 第344页,research/raw_texts/左联词典.txt,,txt_local_evidence,local,二手,研究论著,no,,keyword:研究论著,zuolian_cidian
SRC-0844,local_text_citation,左联词典,左联词典 第665页,research/raw_texts/左联词典.txt,,txt_local_evidence,local,二手,研究论著,no,,keyword:研究论著,zuolian_cidian
SRC-0845,local_text_citation,左联词典,左联词典 第666页,research/raw_texts/左联词典.txt,,txt_local_evidence,local,二手,研究论著,no,,keyword:研究论著,zuolian_cidian
SRC-0846,local_text_citation,左联词典,左联词典 第335页,research/raw_texts/左联词典.txt,,txt_local_evidence,local,二手,研究论著,no,,keyword:研究论著,zuolian_cidian
SRC-0847,local_text_citation,左联词典,左联词典 第411页,research/raw_texts/左联词典.txt,,txt_local_evidence,local,二手,研究论著,no,,keyword:研究论著,zuolian_cidian
SRC-0848,local_text_citation,左联词典,左联词典 第604页,research/raw_texts/左联词典.txt,,txt_local_evidence,local,二手,研究论著,no,,keyword:研究论著,zuolian_cidian
SRC-0849,local_text_citation,左联词典,左联词典 第565页,research/raw_texts/左联词典.txt,,txt_local_evidence,local,二手,研究论著,no,,keyword:研究论著,zuolian_cidian
SRC-0850,local_text_citation,左联史,左联史 第15页,research/raw_texts/左联史.txt,,txt_local_evidence,local,二手,研究论著,no,,keyword:研究论著,zuolian_shi
SRC-0851,local_text_citation,左联史,左联史 第330页,research/raw_texts/左联史.txt,,txt_local_evidence,local,二手,研究论著,no,,keyword:研究论著,zuolian_shi
SRC-0852,local_text_citation,左联史,左联史 第608页,research/raw_texts/左联史.txt,,txt_local_evidence,local,二手,研究论著,no,,keyword:研究论著,zuolian_shi
SRC-0853,local_text_citation,左联史,左联史 第719页,research/raw_texts/左联史.txt,,txt_local_evidence,local,二手,研究论著,no,,keyword:研究论著,zuolian_shi
SRC-0854,local_text_citation,左联词典,左联词典 第570页,research/raw_texts/左联词典.txt,,txt_local_evidence,local,二手,研究论著,no,,keyword:研究论著,zuolian_cidian
SRC-0855,local_text_citation,左联史,左联史 第284页,research/raw_texts/左联史.txt,,txt_local_evidence,local,二手,研究论著,no,,keyword:研究论著,zuolian_shi
SRC-0856,local_text_citation,左联史,左联史 第684页,research/raw_texts/左联史.txt,,txt_local_evidence,local,二手,研究论著,no,,keyword:研究论著,zuolian_shi
SRC-0857,local_text_citation,左联史,左联史 第482页,research/raw_texts/左联史.txt,,txt_local_evidence,local,二手,研究论著,no,,keyword:研究论著,zuolian_shi
SRC-0858,local_text_citation,左联词典,左联词典 第240页,research/raw_texts/左联词典.txt,,txt_local_evidence,local,二手,研究论著,no,,keyword:研究论著,zuolian_cidian
SRC-0859,local_text_citation,左联词典,左联词典 第357页,research/raw_texts/左联词典.txt,,txt_local_evidence,local,二手,研究论著,no,,keyword:研究论著,zuolian_cidian
SRC-0860,local_text_citation,左联词典,左联词典 第176页,research/raw_texts/左联词典.txt,,txt_local_evidence,local,二手,研究论著,no,,keyword:研究论著,zuolian_cidian
SRC-0861,local_text_citation,左联词典,左联词典 第309页,research/raw_texts/左联词典.txt,,txt_local_evidence,local,二手,研究论著,no,,keyword:研究论著,zuolian_cidian
SRC-0862,local_text_citation,左联词典,左联词典 第564页,research/raw_texts/左联词典.txt,,txt_local_evidence,local,二手,研究论著,no,,keyword:研究论著,zuolian_cidian
SRC-0863,local_text_citation,左联词典,左联词典 第320页,research/raw_texts/左联词典.txt,,txt_local_evidence,local,二手,研究论著,no,,keyword:研究论著,zuolian_cidian
SRC-0864,local_text_citation,左联词典,左联词典 第550页,research/raw_texts/左联词典.txt,,txt_local_evidence,local,二手,研究论著,no,,keyword:研究论著,zuolian_cidian
SRC-0865,local_text_citation,左联词典,左联词典 第453页,research/raw_texts/左联词典.txt,,txt_local_evidence,local,二手,研究论著,no,,keyword:研究论著,zuolian_cidian
SRC-0866,local_text_citation,左联词典,左联词典 第686页,research/raw_texts/左联词典.txt,,txt_local_evidence,local,二手,研究论著,no,,keyword:研究论著,zuolian_cidian
SRC-0867,local_text_citation,左联史,左联史 第16页,research/raw_texts/左联史.txt,,txt_local_evidence,local,二手,研究论著,no,,keyword:研究论著,zuolian_shi
SRC-0868,local_text_citation,左联史,左联史 第213页,research/raw_texts/左联史.txt,,txt_local_evidence,local,二手,研究论著,no,,keyword:研究论著,zuolian_shi
SRC-0869,local_text_citation,左联史,左联史 第155页,research/raw_texts/左联史.txt,,txt_local_evidence,local,二手,研究论著,no,,keyword:研究论著,zuolian_shi
SRC-0870,local_text_citation,左联史,左联史 第518页,research/raw_texts/左联史.txt,,txt_local_evidence,local,二手,研究论著,no,,keyword:研究论著,zuolian_shi
SRC-0871,local_text_citation,左联史,左联史 第635页,research/raw_texts/左联史.txt,,txt_local_evidence,local,二手,研究论著,no,,keyword:研究论著,zuolian_shi
SRC-0872,local_text_citation,左联史,左联史 第632页,research/raw_texts/左联史.txt,,txt_local_evidence,local,二手,研究论著,no,,keyword:研究论著,zuolian_shi
SRC-0873,local_text_citation,左联史,左联史 第693页,research/raw_texts/左联史.txt,,txt_local_evidence,local,二手,研究论著,no,,keyword:研究论著,zuolian_shi
SRC-0874,local_text_citation,左联词典,左联词典 第211页,research/raw_texts/左联词典.txt,,txt_local_evidence,local,二手,研究论著,no,,keyword:研究论著,zuolian_cidian
SRC-0875,local_text_citation,左联词典,左联词典 第562页,research/raw_texts/左联词典.txt,,txt_local_evidence,local,二手,研究论著,no,,keyword:研究论著,zuolian_cidian
SRC-0876,local_text_citation,左联史,左联史 第659页,research/raw_texts/左联史.txt,,txt_local_evidence,local,二手,研究论著,no,,keyword:研究论著,zuolian_shi
SRC-0877,local_text_citation,左联词典,左联词典 第293页,research/raw_texts/左联词典.txt,,txt_local_evidence,local,二手,研究论著,no,,keyword:研究论著,zuolian_cidian
SRC-0878,local_text_citation,左联史,左联史 第373页,research/raw_texts/左联史.txt,,txt_local_evidence,local,二手,研究论著,no,,keyword:研究论著,zuolian_shi
SRC-0879,local_text_citation,左联史,左联史 第374页,research/raw_texts/左联史.txt,,txt_local_evidence,local,二手,研究论著,no,,keyword:研究论著,zuolian_shi
SRC-0880,local_text_citation,左联史,左联史 第443页,research/raw_texts/左联史.txt,,txt_local_evidence,local,二手,研究论著,no,,keyword:研究论著,zuolian_shi
SRC-0881,local_text_citation,左联史,左联史 第521页,research/raw_texts/左联史.txt,,txt_local_evidence,local,二手,研究论著,no,,keyword:研究论著,zuolian_shi
SRC-0882,local_text_citation,左联词典,左联词典 第392页,research/raw_texts/左联词典.txt,,txt_local_evidence,local,二手,研究论著,no,,keyword:研究论著,zuolian_cidian
SRC-0883,local_text_citation,左联词典,左联词典 第502页,research/raw_texts/左联词典.txt,,txt_local_evidence,local,二手,研究论著,no,,keyword:研究论著,zuolian_cidian
SRC-0884,local_text_citation,左联词典,左联词典 第382页,research/raw_texts/左联词典.txt,,txt_local_evidence,local,二手,研究论著,no,,keyword:研究论著,zuolian_cidian
SRC-0885,local_text_citation,左联词典,左联词典 第592页,research/raw_texts/左联词典.txt,,txt_local_evidence,local,二手,研究论著,no,,keyword:研究论著,zuolian_cidian
SRC-0886,local_text_citation,左联史,左联史 第491页,research/raw_texts/左联史.txt,,txt_local_evidence,local,二手,研究论著,no,,keyword:研究论著,zuolian_shi
SRC-0887,local_text_citation,左联史,左联史 第26页,research/raw_texts/左联史.txt,,txt_local_evidence,local,二手,研究论著,no,,keyword:研究论著,zuolian_shi
SRC-0888,local_text_citation,左联史,左联史 第143页,research/raw_texts/左联史.txt,,txt_local_evidence,local,二手,研究论著,no,,keyword:研究论著,zuolian_shi
SRC-0889,local_text_citation,左联史,左联史 第29页,research/raw_texts/左联史.txt,,txt_local_evidence,local,二手,研究论著,no,,keyword:研究论著,zuolian_shi
SRC-0890,local_text_citation,左联史,左联史 第468页,research/raw_texts/左联史.txt,,txt_local_evidence,local,二手,研究论著,no,,keyword:研究论著,zuolian_shi
SRC-0891,local_text_citation,左联词典,左联词典 第298页,research/raw_texts/左联词典.txt,,txt_local_evidence,local,二手,研究论著,no,,keyword:研究论著,zuolian_cidian
SRC-0892,local_text_citation,左联词典,左联词典 第276页,research/raw_texts/左联词典.txt,,txt_local_evidence,local,二手,研究论著,no,,keyword:研究论著,zuolian_cidian
SRC-0893,local_text_citation,左联词典,左联词典 第485页,research/raw_texts/左联词典.txt,,txt_local_evidence,local,二手,研究论著,no,,keyword:研究论著,zuolian_cidian
SRC-0894,local_text_citation,左联词典,左联词典 第12页,research/raw_texts/左联词典.txt,,txt_local_evidence,local,二手,研究论著,no,,keyword:研究论著,zuolian_cidian
SRC-0895,local_text_citation,左联史,左联史 第188页,research/raw_texts/左联史.txt,,txt_local_evidence,local,二手,研究论著,no,,keyword:研究论著,zuolian_shi
SRC-0896,local_text_citation,左联词典,左联词典 第147页,research/raw_texts/左联词典.txt,,txt_local_evidence,local,二手,研究论著,no,,keyword:研究论著,zuolian_cidian
SRC-0897,local_text_citation,左联词典,左联词典 第205页,research/raw_texts/左联词典.txt,,txt_local_evidence,local,二手,研究论著,no,,keyword:研究论著,zuolian_cidian
SRC-0898,local_text_citation,左联词典,左联词典 第232页,research/raw_texts/左联词典.txt,,txt_local_evidence,local,二手,研究论著,no,,keyword:研究论著,zuolian_cidian
SRC-0899,local_text_citation,左联词典,左联词典 第478页,research/raw_texts/左联词典.txt,,txt_local_evidence,local,二手,研究论著,no,,keyword:研究论著,zuolian_cidian
SRC-0900,local_text_citation,左联词典,左联词典 第526页,research/raw_texts/左联词典.txt,,txt_local_evidence,local,二手,研究论著,no,,keyword:研究论著,zuolian_cidian
SRC-0901,local_text_citation,左联词典,左联词典 第201页,research/raw_texts/左联词典.txt,,txt_local_evidence,local,二手,研究论著,no,,keyword:研究论著,zuolian_cidian
SRC-0902,local_text_citation,左联词典,左联词典 第472页,research/raw_texts/左联词典.txt,,txt_local_evidence,local,二手,研究论著,no,,keyword:研究论著,zuolian_cidian
SRC-0903,local_text_citation,左联词典,左联词典 第634页,research/raw_texts/左联词典.txt,,txt_local_evidence,local,二手,研究论著,no,,keyword:研究论著,zuolian_cidian
SRC-0904,local_text_citation,左联词典,左联词典 第495页,research/raw_texts/左联词典.txt,,txt_local_evidence,local,二手,研究论著,no,,keyword:研究论著,zuolian_cidian
SRC-0905,local_text_citation,左联词典,左联词典 第697页,research/raw_texts/左联词典.txt,,txt_local_evidence,local,二手,研究论著,no,,keyword:研究论著,zuolian_cidian
SRC-0906,local_text_citation,左联史,左联史 第431页,research/raw_texts/左联史.txt,,txt_local_evidence,local,二手,研究论著,no,,keyword:研究论著,zuolian_shi
SRC-0907,local_text_citation,左联史,左联史 第496页,research/raw_texts/左联史.txt,,txt_local_evidence,local,二手,研究论著,no,,keyword:研究论著,zuolian_shi
SRC-0908,local_text_citation,左联词典,左联词典 第296页,research/raw_texts/左联词典.txt,,txt_local_evidence,local,二手,研究论著,no,,keyword:研究论著,zuolian_cidian
SRC-0909,local_text_citation,左联词典,左联词典 第14页,research/raw_texts/左联词典.txt,,txt_local_evidence,local,二手,研究论著,no,,keyword:研究论著,zuolian_cidian
SRC-0910,local_text_citation,左联史,左联史 第109页,research/raw_texts/左联史.txt,,txt_local_evidence,local,二手,研究论著,no,,keyword:研究论著,zuolian_shi
SRC-0911,local_text_citation,左联史,左联史 第686页,research/raw_texts/左联史.txt,,txt_local_evidence,local,二手,研究论著,no,,keyword:研究论著,zuolian_shi
SRC-0912,local_text_citation,左联史,左联史 第125页,research/raw_texts/左联史.txt,,txt_local_evidence,local,二手,研究论著,no,,keyword:研究论著,zuolian_shi
SRC-0913,local_text_citation,左联词典,左联词典 第32页,research/raw_texts/左联词典.txt,,txt_local_evidence,local,二手,研究论著,no,,keyword:研究论著,zuolian_cidian
SRC-0914,local_text_citation,左联词典,左联词典 第553页,research/raw_texts/左联词典.txt,,txt_local_evidence,local,二手,研究论著,no,,keyword:研究论著,zuolian_cidian
SRC-0915,local_text_citation,左联词典,左联词典 第436页,research/raw_texts/左联词典.txt,,txt_local_evidence,local,二手,研究论著,no,,keyword:研究论著,zuolian_cidian
SRC-0916,local_text_citation,左联史,左联史 第553页,research/raw_texts/左联史.txt,,txt_local_evidence,local,二手,研究论著,no,,keyword:研究论著,zuolian_shi
SRC-0917,local_text_citation,左联词典,左联词典 第549页,research/raw_texts/左联词典.txt,,txt_local_evidence,local,二手,研究论著,no,,keyword:研究论著,zuolian_cidian
SRC-0918,local_text_citation,左联词典,左联词典 第601页,research/raw_texts/左联词典.txt,,txt_local_evidence,local,二手,研究论著,no,,keyword:研究论著,zuolian_cidian
SRC-0919,local_text_citation,左联史,左联史 第130页,research/raw_texts/左联史.txt,,txt_local_evidence,local,二手,研究论著,no,,keyword:研究论著,zuolian_shi
SRC-0920,local_text_citation,左联史,左联史 第121页,research/raw_texts/左联史.txt,,txt_local_evidence,local,二手,研究论著,no,,keyword:研究论著,zuolian_shi
SRC-0921,local_text_citation,左联词典,左联词典 第174页,research/raw_texts/左联词典.txt,,txt_local_evidence,local,二手,研究论著,no,,keyword:研究论著,zuolian_cidian
SRC-0922,local_text_citation,左联词典,左联词典 第609页,research/raw_texts/左联词典.txt,,txt_local_evidence,local,二手,研究论著,no,,keyword:研究论著,zuolian_cidian
SRC-0923,local_text_citation,左联词典,左联词典 第667页,research/raw_texts/左联词典.txt,,txt_local_evidence,local,二手,研究论著,no,,keyword:研究论著,zuolian_cidian
SRC-0924,local_text_citation,左联史,左联史 第526页,research/raw_texts/左联史.txt,,txt_local_evidence,local,二手,研究论著,no,,keyword:研究论著,zuolian_shi
SRC-0925,local_text_citation,左联史,左联史 第41页,research/raw_texts/左联史.txt,,txt_local_evidence,local,二手,研究论著,no,,keyword:研究论著,zuolian_shi
SRC-0926,local_text_citation,左联史,左联史 第532页,research/raw_texts/左联史.txt,,txt_local_evidence,local,二手,研究论著,no,,keyword:研究论著,zuolian_shi
SRC-0927,local_text_citation,左联词典,左联词典 第10页,research/raw_texts/左联词典.txt,,txt_local_evidence,local,二手,研究论著,no,,keyword:研究论著,zuolian_cidian
SRC-0928,local_text_citation,左联词典,左联词典 第548页,research/raw_texts/左联词典.txt,,txt_local_evidence,local,二手,研究论著,no,,keyword:研究论著,zuolian_cidian
SRC-0929,local_text_citation,左联词典,左联词典 第214页,research/raw_texts/左联词典.txt,,txt_local_evidence,local,二手,研究论著,no,,keyword:研究论著,zuolian_cidian
SRC-0930,local_text_citation,左联词典,左联词典 第312页,research/raw_texts/左联词典.txt,,txt_local_evidence,local,二手,研究论著,no,,keyword:研究论著,zuolian_cidian
SRC-0931,local_text_citation,左联词典,左联词典 第225页,research/raw_texts/左联词典.txt,,txt_local_evidence,local,二手,研究论著,no,,keyword:研究论著,zuolian_cidian
SRC-0932,local_text_citation,左联词典,左联词典 第54页,research/raw_texts/左联词典.txt,,txt_local_evidence,local,二手,研究论著,no,,keyword:研究论著,zuolian_cidian
SRC-0933,local_text_citation,左联词典,左联词典 第266页,research/raw_texts/左联词典.txt,,txt_local_evidence,local,二手,研究论著,no,,keyword:研究论著,zuolian_cidian
SRC-0934,local_text_citation,左联史,左联史 第520页,research/raw_texts/左联史.txt,,txt_local_evidence,local,二手,研究论著,no,,keyword:研究论著,zuolian_shi
SRC-0935,local_text_citation,左联史,左联史 第310页,research/raw_texts/左联史.txt,,txt_local_evidence,local,二手,研究论著,no,,keyword:研究论著,zuolian_shi
SRC-0936,local_text_citation,左联史,左联史 第309页,research/raw_texts/左联史.txt,,txt_local_evidence,local,二手,研究论著,no,,keyword:研究论著,zuolian_shi
SRC-0937,local_text_citation,左联词典,左联词典 第409页,research/raw_texts/左联词典.txt,,txt_local_evidence,local,二手,研究论著,no,,keyword:研究论著,zuolian_cidian
SRC-0938,local_text_citation,左联史,左联史 第267页,research/raw_texts/左联史.txt,,txt_local_evidence,local,二手,研究论著,no,,keyword:研究论著,zuolian_shi
SRC-0939,local_text_citation,左联史,左联史 第295页,research/raw_texts/左联史.txt,,txt_local_evidence,local,二手,研究论著,no,,keyword:研究论著,zuolian_shi
SRC-0940,local_text_citation,左联词典,左联词典 第337页,research/raw_texts/左联词典.txt,,txt_local_evidence,local,二手,研究论著,no,,keyword:研究论著,zuolian_cidian
SRC-0941,local_text_citation,左联词典,左联词典 第370页,research/raw_texts/左联词典.txt,,txt_local_evidence,local,二手,研究论著,no,,keyword:研究论著,zuolian_cidian
SRC-0942,local_text_citation,左联史,左联史 第623页,research/raw_texts/左联史.txt,,txt_local_evidence,local,二手,研究论著,no,,keyword:研究论著,zuolian_shi
SRC-0943,local_text_citation,左联史,左联史 第430页,research/raw_texts/左联史.txt,,txt_local_evidence,local,二手,研究论著,no,,keyword:研究论著,zuolian_shi
SRC-0944,local_text_citation,左联词典,左联词典 第614页,research/raw_texts/左联词典.txt,,txt_local_evidence,local,二手,研究论著,no,,keyword:研究论著,zuolian_cidian
SRC-0945,local_text_citation,左联词典,左联词典 第235页,research/raw_texts/左联词典.txt,,txt_local_evidence,local,二手,研究论著,no,,keyword:研究论著,zuolian_cidian
SRC-0946,local_text_citation,左联词典,左联词典 第587页,research/raw_texts/左联词典.txt,,txt_local_evidence,local,二手,研究论著,no,,keyword:研究论著,zuolian_cidian
SRC-0947,local_text_citation,左联词典,左联词典 第333页,research/raw_texts/左联词典.txt,,txt_local_evidence,local,二手,研究论著,no,,keyword:研究论著,zuolian_cidian
SRC-0948,local_text_citation,左联词典,左联词典 第698页,research/raw_texts/左联词典.txt,,txt_local_evidence,local,二手,研究论著,no,,keyword:研究论著,zuolian_cidian
SRC-0949,local_text_citation,左联词典,左联词典 第591页,research/raw_texts/左联词典.txt,,txt_local_evidence,local,二手,研究论著,no,,keyword:研究论著,zuolian_cidian
SRC-0950,local_text_citation,左联词典,左联词典 第586页,research/raw_texts/左联词典.txt,,txt_local_evidence,local,二手,研究论著,no,,keyword:研究论著,zuolian_cidian
SRC-0951,local_text_citation,左联史,左联史 第732页,research/raw_texts/左联史.txt,,txt_local_evidence,local,二手,研究论著,no,,keyword:研究论著,zuolian_shi
SRC-0952,local_text_citation,左联史,左联史 第542页,research/raw_texts/左联史.txt,,txt_local_evidence,local,二手,研究论著,no,,keyword:研究论著,zuolian_shi
SRC-0953,local_text_citation,左联词典,左联词典 第442页,research/raw_texts/左联词典.txt,,txt_local_evidence,local,二手,研究论著,no,,keyword:研究论著,zuolian_cidian
SRC-0954,local_text_citation,左联史,左联史 第331页,research/raw_texts/左联史.txt,,txt_local_evidence,local,二手,研究论著,no,,keyword:研究论著,zuolian_shi
SRC-0955,local_text_citation,左联史,左联史 第555页,research/raw_texts/左联史.txt,,txt_local_evidence,local,二手,研究论著,no,,keyword:研究论著,zuolian_shi
SRC-0956,local_text_citation,左联史,左联史 第516页,research/raw_texts/左联史.txt,,txt_local_evidence,local,二手,研究论著,no,,keyword:研究论著,zuolian_shi
SRC-0957,local_text_citation,左联史,左联史 第599页,research/raw_texts/左联史.txt,,txt_local_evidence,local,二手,研究论著,no,,keyword:研究论著,zuolian_shi
SRC-0958,local_text_citation,左联词典,左联词典 第376页,research/raw_texts/左联词典.txt,,txt_local_evidence,local,二手,研究论著,no,,keyword:研究论著,zuolian_cidian
SRC-0959,local_text_citation,左联词典,左联词典 第582页,research/raw_texts/左联词典.txt,,txt_local_evidence,local,二手,研究论著,no,,keyword:研究论著,zuolian_cidian
SRC-0960,local_text_citation,左联词典,左联词典 第234页,research/raw_texts/左联词典.txt,,txt_local_evidence,local,二手,研究论著,no,,keyword:研究论著,zuolian_cidian
SRC-0961,local_text_citation,左联词典,左联词典 第248页,research/raw_texts/左联词典.txt,,txt_local_evidence,local,二手,研究论著,no,,keyword:研究论著,zuolian_cidian
SRC-0962,local_text_citation,左联词典,左联词典 第416页,research/raw_texts/左联词典.txt,,txt_local_evidence,local,二手,研究论著,no,,keyword:研究论著,zuolian_cidian
SRC-0963,local_text_citation,左联史,左联史 第554页,research/raw_texts/左联史.txt,,txt_local_evidence,local,二手,研究论著,no,,keyword:研究论著,zuolian_shi
SRC-0964,local_text_citation,左联史,左联史 第52页,research/raw_texts/左联史.txt,,txt_local_evidence,local,二手,研究论著,no,,keyword:研究论著,zuolian_shi
SRC-0965,local_text_citation,左联词典,左联词典 第185页,research/raw_texts/左联词典.txt,,txt_local_evidence,local,二手,研究论著,no,,keyword:研究论著,zuolian_cidian
SRC-0966,local_text_citation,左联史,左联史 第336页,research/raw_texts/左联史.txt,,txt_local_evidence,local,二手,研究论著,no,,keyword:研究论著,zuolian_shi
SRC-0967,local_text_citation,左联词典,左联词典 第160页,research/raw_texts/左联词典.txt,,txt_local_evidence,local,二手,研究论著,no,,keyword:研究论著,zuolian_cidian
SRC-0968,local_text_citation,左联史,左联史 第439页,research/raw_texts/左联史.txt,,txt_local_evidence,local,二手,研究论著,no,,keyword:研究论著,zuolian_shi
SRC-0969,local_text_citation,左联词典,左联词典 第68页,research/raw_texts/左联词典.txt,,txt_local_evidence,local,二手,研究论著,no,,keyword:研究论著,zuolian_cidian
SRC-0970,local_text_citation,左联词典,左联词典 第630页,research/raw_texts/左联词典.txt,,txt_local_evidence,local,二手,研究论著,no,,keyword:研究论著,zuolian_cidian
SRC-0971,local_text_citation,左联史,左联史 第321页,research/raw_texts/左联史.txt,,txt_local_evidence,local,二手,研究论著,no,,keyword:研究论著,zuolian_shi
SRC-0972,local_text_citation,左联史,左联史 第306页,research/raw_texts/左联史.txt,,txt_local_evidence,local,二手,研究论著,no,,keyword:研究论著,zuolian_shi
SRC-0973,local_text_citation,左联词典,左联词典 第69页,research/raw_texts/左联词典.txt,,txt_local_evidence,local,二手,研究论著,no,,keyword:研究论著,zuolian_cidian
SRC-0974,local_text_citation,左联词典,左联词典 第672页,research/raw_texts/左联词典.txt,,txt_local_evidence,local,二手,研究论著,no,,keyword:研究论著,zuolian_cidian
SRC-0975,local_text_citation,左联史,左联史 第478页,research/raw_texts/左联史.txt,,txt_local_evidence,local,二手,研究论著,no,,keyword:研究论著,zuolian_shi
SRC-0976,local_text_citation,左联史,左联史 第495页,research/raw_texts/左联史.txt,,txt_local_evidence,local,二手,研究论著,no,,keyword:研究论著,zuolian_shi
SRC-0977,local_text_citation,左联史,左联史 第497页,research/raw_texts/左联史.txt,,txt_local_evidence,local,二手,研究论著,no,,keyword:研究论著,zuolian_shi
SRC-0978,local_text_citation,左联史,左联史 第610页,research/raw_texts/左联史.txt,,txt_local_evidence,local,二手,研究论著,no,,keyword:研究论著,zuolian_shi
SRC-0979,local_text_citation,左联史,左联史 第582页,research/raw_texts/左联史.txt,,txt_local_evidence,local,二手,研究论著,no,,keyword:研究论著,zuolian_shi
SRC-0980,local_text_citation,左联史,左联史 第718页,research/raw_texts/左联史.txt,,txt_local_evidence,local,二手,研究论著,no,,keyword:研究论著,zuolian_shi
SRC-0981,local_text_citation,左联史,左联史 第601页,research/raw_texts/左联史.txt,,txt_local_evidence,local,二手,研究论著,no,,keyword:研究论著,zuolian_shi
SRC-0982,local_text_citation,左联词典,左联词典 第264页,research/raw_texts/左联词典.txt,,txt_local_evidence,local,二手,研究论著,no,,keyword:研究论著,zuolian_cidian
SRC-0983,local_text_citation,左联史,左联史 第511页,research/raw_texts/左联史.txt,,txt_local_evidence,local,二手,研究论著,no,,keyword:研究论著,zuolian_shi
SRC-0984,local_text_citation,左联史,左联史 第544页,research/raw_texts/左联史.txt,,txt_local_evidence,local,二手,研究论著,no,,keyword:研究论著,zuolian_shi
SRC-0985,local_text_citation,左联词典,左联词典 第585页,research/raw_texts/左联词典.txt,,txt_local_evidence,local,二手,研究论著,no,,keyword:研究论著,zuolian_cidian
SRC-0986,local_text_citation,左联史,左联史 第317页,research/raw_texts/左联史.txt,,txt_local_evidence,local,二手,研究论著,no,,keyword:研究论著,zuolian_shi
SRC-0987,local_text_citation,左联史,左联史 第609页,research/raw_texts/左联史.txt,,txt_local_evidence,local,二手,研究论著,no,,keyword:研究论著,zuolian_shi
SRC-0988,local_text_citation,左联史,左联史 第492页,research/raw_texts/左联史.txt,,txt_local_evidence,local,二手,研究论著,no,,keyword:研究论著,zuolian_shi
SRC-0989,local_text_citation,左联史,左联史 第73页,research/raw_texts/左联史.txt,,txt_local_evidence,local,二手,研究论著,no,,keyword:研究论著,zuolian_shi
SRC-0990,local_text_citation,左联史,左联史 第316页,research/raw_texts/左联史.txt,,txt_local_evidence,local,二手,研究论著,no,,keyword:研究论著,zuolian_shi
SRC-0991,local_text_citation,左联史,左联史 第448页,research/raw_texts/左联史.txt,,txt_local_evidence,local,二手,研究论著,no,,keyword:研究论著,zuolian_shi
SRC-0992,local_text_citation,左联史,左联史 第570页,research/raw_texts/左联史.txt,,txt_local_evidence,local,二手,研究论著,no,,keyword:研究论著,zuolian_shi
SRC-0993,local_text_citation,左联词典,左联词典 第305页,research/raw_texts/左联词典.txt,,txt_local_evidence,local,二手,研究论著,no,,keyword:研究论著,zuolian_cidian
SRC-0994,local_text_citation,左联词典,左联词典 第659页,research/raw_texts/左联词典.txt,,txt_local_evidence,local,二手,研究论著,no,,keyword:研究论著,zuolian_cidian
SRC-0995,local_text_citation,左联词典,左联词典 第273页,research/raw_texts/左联词典.txt,,txt_local_evidence,local,二手,研究论著,no,,keyword:研究论著,zuolian_cidian
SRC-0996,local_text_citation,左联词典,左联词典 第307页,research/raw_texts/左联词典.txt,,txt_local_evidence,local,二手,研究论著,no,,keyword:研究论著,zuolian_cidian
SRC-0997,local_text_citation,左联词典,左联词典 第315页,research/raw_texts/左联词典.txt,,txt_local_evidence,local,二手,研究论著,no,,keyword:研究论著,zuolian_cidian
SRC-0998,local_text_citation,左联史,左联史 第578页,research/raw_texts/左联史.txt,,txt_local_evidence,local,二手,研究论著,no,,keyword:研究论著,zuolian_shi
SRC-0999,local_text_citation,左联词典,左联词典 第663页,research/raw_texts/左联词典.txt,,txt_local_evidence,local,二手,研究论著,no,,keyword:研究论著,zuolian_cidian
SRC-1000,local_text_citation,左联史,左联史 第165页,research/raw_texts/左联史.txt,,txt_local_evidence,local,二手,研究论著,no,,keyword:研究论著,zuolian_shi
SRC-1001,local_text_citation,左联史,左联史 第198页,research/raw_texts/左联史.txt,,txt_local_evidence,local,二手,研究论著,no,,keyword:研究论著,zuolian_shi
SRC-1002,local_text_citation,左联史,左联史 第272页,research/raw_texts/左联史.txt,,txt_local_evidence,local,二手,研究论著,no,,keyword:研究论著,zuolian_shi
SRC-1003,local_text_citation,左联史,左联史 第294页,research/raw_texts/左联史.txt,,txt_local_evidence,local,二手,研究论著,no,,keyword:研究论著,zuolian_shi
SRC-1004,local_text_citation,左联词典,左联词典 第83页,research/raw_texts/左联词典.txt,,txt_local_evidence,local,二手,研究论著,no,,keyword:研究论著,zuolian_cidian
SRC-1005,local_text_citation,左联词典,左联词典 第446页,research/raw_texts/左联词典.txt,,txt_local_evidence,local,二手,研究论著,no,,keyword:研究论著,zuolian_cidian
SRC-1006,local_text_citation,左联史,左联史 第28页,research/raw_texts/左联史.txt,,txt_local_evidence,local,二手,研究论著,no,,keyword:研究论著,zuolian_shi
SRC-1007,local_text_citation,左联词典,左联词典 第355页,research/raw_texts/左联词典.txt,,txt_local_evidence,local,二手,研究论著,no,,keyword:研究论著,zuolian_cidian
SRC-1008,local_text_citation,左联史,左联史 第342页,research/raw_texts/左联史.txt,,txt_local_evidence,local,二手,研究论著,no,,keyword:研究论著,zuolian_shi
SRC-1009,local_text_citation,左联史,左联史 第473页,research/raw_texts/左联史.txt,,txt_local_evidence,local,二手,研究论著,no,,keyword:研究论著,zuolian_shi
SRC-1010,local_text_citation,左联史,左联史 第315页,research/raw_texts/左联史.txt,,txt_local_evidence,local,二手,研究论著,no,,keyword:研究论著,zuolian_shi
SRC-1011,local_text_citation,左联史,左联史 第643页,research/raw_texts/左联史.txt,,txt_local_evidence,local,二手,研究论著,no,,keyword:研究论著,zuolian_shi
SRC-1012,local_text_citation,左联史,左联史 第699页,research/raw_texts/左联史.txt,,txt_local_evidence,local,二手,研究论著,no,,keyword:研究论著,zuolian_shi
SRC-1013,local_text_citation,左联史,左联史 第588页,research/raw_texts/左联史.txt,,txt_local_evidence,local,二手,研究论著,no,,keyword:研究论著,zuolian_shi
SRC-1014,local_text_citation,左联史,左联史 第687页,research/raw_texts/左联史.txt,,txt_local_evidence,local,二手,研究论著,no,,keyword:研究论著,zuolian_shi
SRC-1015,local_text_citation,左联史,左联史 第716页,research/raw_texts/左联史.txt,,txt_local_evidence,local,二手,研究论著,no,,keyword:研究论著,zuolian_shi
SRC-1016,local_text_citation,左联史,左联史 第506页,research/raw_texts/左联史.txt,,txt_local_evidence,local,二手,研究论著,no,,keyword:研究论著,zuolian_shi
SRC-1017,local_text_citation,左联史,左联史 第541页,research/raw_texts/左联史.txt,,txt_local_evidence,local,二手,研究论著,no,,keyword:研究论著,zuolian_shi
SRC-1018,local_text_citation,左联史,左联史 第701页,research/raw_texts/左联史.txt,,txt_local_evidence,local,二手,研究论著,no,,keyword:研究论著,zuolian_shi
SRC-1019,local_text_citation,左联史,左联史 第536页,research/raw_texts/左联史.txt,,txt_local_evidence,local,二手,研究论著,no,,keyword:研究论著,zuolian_shi
SRC-1020,local_text_citation,左联史,左联史 第253页,research/raw_texts/左联史.txt,,txt_local_evidence,local,二手,研究论著,no,,keyword:研究论著,zuolian_shi
SRC-1021,local_text_citation,左联史,左联史 第469页,research/raw_texts/左联史.txt,,txt_local_evidence,local,二手,研究论著,no,,keyword:研究论著,zuolian_shi
SRC-1022,local_text_citation,左联史,左联史 第259页,research/raw_texts/左联史.txt,,txt_local_evidence,local,二手,研究论著,no,,keyword:研究论著,zuolian_shi
SRC-1023,local_text_citation,左联词典,左联词典 第346页,research/raw_texts/左联词典.txt,,txt_local_evidence,local,二手,研究论著,no,,keyword:研究论著,zuolian_cidian
SRC-1024,local_text_citation,左联词典,左联词典 第463页,research/raw_texts/左联词典.txt,,txt_local_evidence,local,二手,研究论著,no,,keyword:研究论著,zuolian_cidian
SRC-1025,local_text_citation,左联史,左联史 第533页,research/raw_texts/左联史.txt,,txt_local_evidence,local,二手,研究论著,no,,keyword:研究论著,zuolian_shi
SRC-1026,local_text_citation,左联史,左联史 第82页,research/raw_texts/左联史.txt,,txt_local_evidence,local,二手,研究论著,no,,keyword:研究论著,zuolian_shi
SRC-1027,local_text_citation,左联史,左联史 第641页,research/raw_texts/左联史.txt,,txt_local_evidence,local,二手,研究论著,no,,keyword:研究论著,zuolian_shi
SRC-1028,local_text_citation,左联词典,左联词典 第415页,research/raw_texts/左联词典.txt,,txt_local_evidence,local,二手,研究论著,no,,keyword:研究论著,zuolian_cidian
SRC-1029,local_text_citation,左联词典,左联词典 第424页,research/raw_texts/左联词典.txt,,txt_local_evidence,local,二手,研究论著,no,,keyword:研究论著,zuolian_cidian
SRC-1030,local_text_citation,左联词典,左联词典 第435页,research/raw_texts/左联词典.txt,,txt_local_evidence,local,二手,研究论著,no,,keyword:研究论著,zuolian_cidian
SRC-1031,local_text_citation,左联词典,左联词典 第425页,research/raw_texts/左联词典.txt,,txt_local_evidence,local,二手,研究论著,no,,keyword:研究论著,zuolian_cidian
SRC-1032,local_text_citation,左联史,左联史 第153页,research/raw_texts/左联史.txt,,txt_local_evidence,local,二手,研究论著,no,,keyword:研究论著,zuolian_shi
SRC-1033,local_text_citation,左联史,左联史 第549页,research/raw_texts/左联史.txt,,txt_local_evidence,local,二手,研究论著,no,,keyword:研究论著,zuolian_shi
SRC-1034,local_text_citation,左联词典,左联词典 第112页,research/raw_texts/左联词典.txt,,txt_local_evidence,local,二手,研究论著,no,,keyword:研究论著,zuolian_cidian
SRC-1035,local_text_citation,左联史,左联史 第551页,research/raw_texts/左联史.txt,,txt_local_evidence,local,二手,研究论著,no,,keyword:研究论著,zuolian_shi
SRC-1036,local_text_citation,左联史,左联史 第547页,research/raw_texts/左联史.txt,,txt_local_evidence,local,二手,研究论著,no,,keyword:研究论著,zuolian_shi
SRC-1037,local_text_citation,左联史,左联史 第697页,research/raw_texts/左联史.txt,,txt_local_evidence,local,二手,研究论著,no,,keyword:研究论著,zuolian_shi
SRC-1038,local_text_citation,左联史,左联史 第329页,research/raw_texts/左联史.txt,,txt_local_evidence,local,二手,研究论著,no,,keyword:研究论著,zuolian_shi
SRC-1039,local_text_citation,左联史,左联史 第630页,research/raw_texts/左联史.txt,,txt_local_evidence,local,二手,研究论著,no,,keyword:研究论著,zuolian_shi
SRC-1040,local_text_citation,左联史,左联史 第675页,research/raw_texts/左联史.txt,,txt_local_evidence,local,二手,研究论著,no,,keyword:研究论著,zuolian_shi
SRC-1041,local_text_citation,左联史,左联史 第714页,research/raw_texts/左联史.txt,,txt_local_evidence,local,二手,研究论著,no,,keyword:研究论著,zuolian_shi
SRC-1042,local_text_citation,左联史,左联史 第454页,research/raw_texts/左联史.txt,,txt_local_evidence,local,二手,研究论著,no,,keyword:研究论著,zuolian_shi
SRC-1043,local_text_citation,左联词典,左联词典 第421页,research/raw_texts/左联词典.txt,,txt_local_evidence,local,二手,研究论著,no,,keyword:研究论著,zuolian_cidian
SRC-1044,local_text_citation,左联词典,左联词典 第303页,research/raw_texts/左联词典.txt,,txt_local_evidence,local,二手,研究论著,no,,keyword:研究论著,zuolian_cidian
SRC-1045,local_text_citation,左联史,左联史 第672页,research/raw_texts/左联史.txt,,txt_local_evidence,local,二手,研究论著,no,,keyword:研究论著,zuolian_shi
SRC-1046,local_text_citation,左联史,左联史 第625页,research/raw_texts/左联史.txt,,txt_local_evidence,local,二手,研究论著,no,,keyword:研究论著,zuolian_shi
SRC-1047,local_text_citation,左联史,左联史 第673页,research/raw_texts/左联史.txt,,txt_local_evidence,local,二手,研究论著,no,,keyword:研究论著,zuolian_shi
SRC-1048,local_text_citation,左联词典,左联词典 第568页,research/raw_texts/左联词典.txt,,txt_local_evidence,local,二手,研究论著,no,,keyword:研究论著,zuolian_cidian
SRC-1049,local_text_citation,左联史,左联史 第485页,research/raw_texts/左联史.txt,,txt_local_evidence,local,二手,研究论著,no,,keyword:研究论著,zuolian_shi
SRC-1050,local_text_citation,左联词典,左联词典 第105页,research/raw_texts/左联词典.txt,,txt_local_evidence,local,二手,研究论著,no,,keyword:研究论著,zuolian_cidian
SRC-1051,local_text_citation,左联史,左联史 第522页,research/raw_texts/左联史.txt,,txt_local_evidence,local,二手,研究论著,no,,keyword:研究论著,zuolian_shi
SRC-1052,local_text_citation,左联史,左联史 第322页,research/raw_texts/左联史.txt,,txt_local_evidence,local,二手,研究论著,no,,keyword:研究论著,zuolian_shi
SRC-1053,local_text_citation,左联史,左联史 第428页,research/raw_texts/左联史.txt,,txt_local_evidence,local,二手,研究论著,no,,keyword:研究论著,zuolian_shi
SRC-1054,local_text_citation,左联词典,左联词典 第397页,research/raw_texts/左联词典.txt,,txt_local_evidence,local,二手,研究论著,no,,keyword:研究论著,zuolian_cidian
SRC-1055,local_text_citation,左联史,左联史 第419页,research/raw_texts/左联史.txt,,txt_local_evidence,local,二手,研究论著,no,,keyword:研究论著,zuolian_shi
SRC-1056,local_text_citation,左联史,左联史 第395页,research/raw_texts/左联史.txt,,txt_local_evidence,local,二手,研究论著,no,,keyword:研究论著,zuolian_shi
SRC-1057,local_text_citation,左联词典,左联词典 第257页,research/raw_texts/左联词典.txt,,txt_local_evidence,local,二手,研究论著,no,,keyword:研究论著,zuolian_cidian
SRC-1058,local_text_citation,左联词典,左联词典 第569页,research/raw_texts/左联词典.txt,,txt_local_evidence,local,二手,研究论著,no,,keyword:研究论著,zuolian_cidian
SRC-1059,local_text_citation,左联词典,左联词典 第196页,research/raw_texts/左联词典.txt,,txt_local_evidence,local,二手,研究论著,no,,keyword:研究论著,zuolian_cidian
SRC-1060,local_text_citation,左联史,左联史 第220页,research/raw_texts/左联史.txt,,txt_local_evidence,local,二手,研究论著,no,,keyword:研究论著,zuolian_shi
SRC-1061,local_text_citation,左联史,左联史 第221页,research/raw_texts/左联史.txt,,txt_local_evidence,local,二手,研究论著,no,,keyword:研究论著,zuolian_shi
SRC-1062,local_text_citation,左联词典,左联词典 第356页,research/raw_texts/左联词典.txt,,txt_local_evidence,local,二手,研究论著,no,,keyword:研究论著,zuolian_cidian
SRC-1063,local_text_citation,左联词典,左联词典 第314页,research/raw_texts/左联词典.txt,,txt_local_evidence,local,二手,研究论著,no,,keyword:研究论著,zuolian_cidian
SRC-1064,local_text_citation,左联史,左联史 第462页,research/raw_texts/左联史.txt,,txt_local_evidence,local,二手,研究论著,no,,keyword:研究论著,zuolian_shi
SRC-1065,local_text_citation,左联史,左联史 第465页,research/raw_texts/左联史.txt,,txt_local_evidence,local,二手,研究论著,no,,keyword:研究论著,zuolian_shi
SRC-1066,local_text_citation,左联史,左联史 第236页,research/raw_texts/左联史.txt,,txt_local_evidence,local,二手,研究论著,no,,keyword:研究论著,zuolian_shi
SRC-1067,local_text_citation,左联史,左联史 第261页,research/raw_texts/左联史.txt,,txt_local_evidence,local,二手,研究论著,no,,keyword:研究论著,zuolian_shi
SRC-1068,local_text_citation,左联词典,左联词典 第389页,research/raw_texts/左联词典.txt,,txt_local_evidence,local,二手,研究论著,no,,keyword:研究论著,zuolian_cidian
SRC-1069,local_text_citation,左联词典,左联词典 第602页,research/raw_texts/左联词典.txt,,txt_local_evidence,local,二手,研究论著,no,,keyword:研究论著,zuolian_cidian
SRC-1070,local_text_citation,左联词典,左联词典 第182页,research/raw_texts/左联词典.txt,,txt_local_evidence,local,二手,研究论著,no,,keyword:研究论著,zuolian_cidian
SRC-1071,local_text_citation,左联词典,左联词典 第388页,research/raw_texts/左联词典.txt,,txt_local_evidence,local,二手,研究论著,no,,keyword:研究论著,zuolian_cidian
SRC-1072,local_text_citation,左联史,左联史 第471页,research/raw_texts/左联史.txt,,txt_local_evidence,local,二手,研究论著,no,,keyword:研究论著,zuolian_shi
SRC-1073,local_text_citation,左联史,左联史 第626页,research/raw_texts/左联史.txt,,txt_local_evidence,local,二手,研究论著,no,,keyword:研究论著,zuolian_shi
SRC-1074,local_text_citation,左联史,左联史 第489页,research/raw_texts/左联史.txt,,txt_local_evidence,local,二手,研究论著,no,,keyword:研究论著,zuolian_shi
SRC-1075,local_text_citation,左联史,左联史 第661页,research/raw_texts/左联史.txt,,txt_local_evidence,local,二手,研究论著,no,,keyword:研究论著,zuolian_shi
SRC-1076,local_text_citation,左联史,左联史 第83页,research/raw_texts/左联史.txt,,txt_local_evidence,local,二手,研究论著,no,,keyword:研究论著,zuolian_shi
SRC-1077,local_text_citation,左联词典,左联词典 第22页,research/raw_texts/左联词典.txt,,txt_local_evidence,local,二手,研究论著,no,,keyword:研究论著,zuolian_cidian
SRC-1078,local_text_citation,左联史,左联史 第57页,research/raw_texts/左联史.txt,,txt_local_evidence,local,二手,研究论著,no,,keyword:研究论著,zuolian_shi
SRC-1079,local_text_citation,左联史,左联史 第58页,research/raw_texts/左联史.txt,,txt_local_evidence,local,二手,研究论著,no,,keyword:研究论著,zuolian_shi
SRC-1080,local_text_citation,左联词典,左联词典 第378页,research/raw_texts/左联词典.txt,,txt_local_evidence,local,二手,研究论著,no,,keyword:研究论著,zuolian_cidian
SRC-1081,local_text_citation,左联史,左联史 第461页,research/raw_texts/左联史.txt,,txt_local_evidence,local,二手,研究论著,no,,keyword:研究论著,zuolian_shi
SRC-1082,local_text_citation,左联史,左联史 第47页,research/raw_texts/左联史.txt,,txt_local_evidence,local,二手,研究论著,no,,keyword:研究论著,zuolian_shi
SRC-1083,local_text_citation,左联史,左联史 第540页,research/raw_texts/左联史.txt,,txt_local_evidence,local,二手,研究论著,no,,keyword:研究论著,zuolian_shi
SRC-1084,local_text_citation,左联词典,左联词典 第422页,research/raw_texts/左联词典.txt,,txt_local_evidence,local,二手,研究论著,no,,keyword:研究论著,zuolian_cidian
SRC-1085,local_text_citation,左联史,左联史 第287页,research/raw_texts/左联史.txt,,txt_local_evidence,local,二手,研究论著,no,,keyword:研究论著,zuolian_shi
SRC-1086,local_text_citation,左联史,左联史 第286页,research/raw_texts/左联史.txt,,txt_local_evidence,local,二手,研究论著,no,,keyword:研究论著,zuolian_shi
SRC-1087,local_text_citation,左联史,左联史 第562页,research/raw_texts/左联史.txt,,txt_local_evidence,local,二手,研究论著,no,,keyword:研究论著,zuolian_shi
SRC-1088,local_text_citation,左联史,左联史 第627页,research/raw_texts/左联史.txt,,txt_local_evidence,local,二手,研究论著,no,,keyword:研究论著,zuolian_shi
SRC-1089,local_text_citation,左联词典,左联词典 第4页,research/raw_texts/左联词典.txt,,txt_local_evidence,local,二手,研究论著,no,,keyword:研究论著,zuolian_cidian
SRC-1090,local_text_citation,左联史,左联史 第363页,research/raw_texts/左联史.txt,,txt_local_evidence,local,二手,研究论著,no,,keyword:研究论著,zuolian_shi
SRC-1091,local_text_citation,左联史,左联史 第396页,research/raw_texts/左联史.txt,,txt_local_evidence,local,二手,研究论著,no,,keyword:研究论著,zuolian_shi
SRC-1092,local_text_citation,左联史,左联史 第483页,research/raw_texts/左联史.txt,,txt_local_evidence,local,二手,研究论著,no,,keyword:研究论著,zuolian_shi
SRC-1093,local_text_citation,左联词典,左联词典 第23页,research/raw_texts/左联词典.txt,,txt_local_evidence,local,二手,研究论著,no,,keyword:研究论著,zuolian_cidian
SRC-1094,local_text_citation,左联词典,左联词典 第146页,research/raw_texts/左联词典.txt,,txt_local_evidence,local,二手,研究论著,no,,keyword:研究论著,zuolian_cidian
SRC-1095,local_text_citation,左联史,左联史 第539页,research/raw_texts/左联史.txt,,txt_local_evidence,local,二手,研究论著,no,,keyword:研究论著,zuolian_shi
SRC-1096,local_text_citation,左联史,左联史 第66页,research/raw_texts/左联史.txt,,txt_local_evidence,local,二手,研究论著,no,,keyword:研究论著,zuolian_shi
SRC-1097,local_text_citation,左联词典,左联词典 第606页,research/raw_texts/左联词典.txt,,txt_local_evidence,local,二手,研究论著,no,,keyword:研究论著,zuolian_cidian
SRC-1098,local_text_citation,左联词典,左联词典 第203页,research/raw_texts/左联词典.txt,,txt_local_evidence,local,二手,研究论著,no,,keyword:研究论著,zuolian_cidian
SRC-1099,local_text_citation,左联词典,左联词典 第406页,research/raw_texts/左联词典.txt,,txt_local_evidence,local,二手,研究论著,no,,keyword:研究论著,zuolian_cidian
SRC-1100,local_text_citation,左联词典,左联词典 第223页,research/raw_texts/左联词典.txt,,txt_local_evidence,local,二手,研究论著,no,,keyword:研究论著,zuolian_cidian
SRC-1101,local_text_citation,左联词典,左联词典 第75页,research/raw_texts/左联词典.txt,,txt_local_evidence,local,二手,研究论著,no,,keyword:研究论著,zuolian_cidian
SRC-1102,local_text_citation,左联史,左联史 第195页,research/raw_texts/左联史.txt,,txt_local_evidence,local,二手,研究论著,no,,keyword:研究论著,zuolian_shi
SRC-1103,local_text_citation,左联史,左联史 第598页,research/raw_texts/左联史.txt,,txt_local_evidence,local,二手,研究论著,no,,keyword:研究论著,zuolian_shi
SRC-1104,local_text_citation,左联史,左联史 第603页,research/raw_texts/左联史.txt,,txt_local_evidence,local,二手,研究论著,no,,keyword:研究论著,zuolian_shi
SRC-1105,local_text_citation,左联词典,左联词典 第683页,research/raw_texts/左联词典.txt,,txt_local_evidence,local,二手,研究论著,no,,keyword:研究论著,zuolian_cidian
SRC-1106,local_text_citation,左联史,左联史 第567页,research/raw_texts/左联史.txt,,txt_local_evidence,local,二手,研究论著,no,,keyword:研究论著,zuolian_shi
SRC-1107,local_text_citation,左联词典,左联词典 第244页,research/raw_texts/左联词典.txt,,txt_local_evidence,local,二手,研究论著,no,,keyword:研究论著,zuolian_cidian
SRC-1108,local_text_citation,左联词典,左联词典 第62页,research/raw_texts/左联词典.txt,,txt_local_evidence,local,二手,研究论著,no,,keyword:研究论著,zuolian_cidian
SRC-1109,local_text_citation,左联史,左联史 第247页,research/raw_texts/左联史.txt,,txt_local_evidence,local,二手,研究论著,no,,keyword:研究论著,zuolian_shi
SRC-1110,local_text_citation,左联史,左联史 第248页,research/raw_texts/左联史.txt,,txt_local_evidence,local,二手,研究论著,no,,keyword:研究论著,zuolian_shi
SRC-1111,local_text_citation,左联词典,左联词典 第221页,research/raw_texts/左联词典.txt,,txt_local_evidence,local,二手,研究论著,no,,keyword:研究论著,zuolian_cidian
SRC-1112,local_text_citation,左联史,左联史 第246页,research/raw_texts/左联史.txt,,txt_local_evidence,local,二手,研究论著,no,,keyword:研究论著,zuolian_shi
SRC-1113,local_text_citation,左联词典,左联词典 第27页,research/raw_texts/左联词典.txt,,txt_local_evidence,local,二手,研究论著,no,,keyword:研究论著,zuolian_cidian
SRC-1114,local_text_citation,左联词典,左联词典 第84页,research/raw_texts/左联词典.txt,,txt_local_evidence,local,二手,研究论著,no,,keyword:研究论著,zuolian_cidian
SRC-1115,local_text_citation,左联词典,左联词典 第57页,research/raw_texts/左联词典.txt,,txt_local_evidence,local,二手,研究论著,no,,keyword:研究论著,zuolian_cidian
SRC-1116,local_text_citation,左联词典,左联词典 第72页,research/raw_texts/左联词典.txt,,txt_local_evidence,local,二手,研究论著,no,,keyword:研究论著,zuolian_cidian
SRC-1117,local_text_citation,左联词典,左联词典 第73页,research/raw_texts/左联词典.txt,,txt_local_evidence,local,二手,研究论著,no,,keyword:研究论著,zuolian_cidian
SRC-1118,web_url,左联会址纪念馆与成立大会旧址,,,https://www.shhk.gov.cn/xwzx/002008/002008040/20221031/bd8cb3ee-198a-431a-adf7-781e9fc5185d.html,web_crosscheck,web,转引,研究论著,yes,网页来源默认按转引处理，建议人工确认原始出处。,fallback:web_url,shhk_gov
SRC-1119,web_url,左联成立九十五周年主题活动,,,https://www.shhk.gov.cn/xwzx/002003/20250303/ec139c7d-8fa3-4970-a5dd-3248468989c8.html,web_crosscheck,web,转引,研究论著,yes,网页来源默认按转引处理，建议人工确认原始出处。,fallback:web_url,shhk_gov
SRC-1120,web_url,内山书店旧址说明,,,https://www.shhk.gov.cn/xwzx/002006/20210930/96ecb0ec-79e3-49ef-a097-a89c5a5dbc40.html,web_crosscheck,web,转引,研究论著,yes,网页来源默认按转引处理，建议人工确认原始出处。,fallback:web_url,shhk_gov
SRC-1121,web_url,内山书店今址活动页,,,https://www.shhk.gov.cn/xwzx/002008/002008040/20240425/3e9546e4-0e0f-409d-a0e2-91bc115f8f66.html,web_crosscheck,web,转引,研究论著,yes,网页来源默认按转引处理，建议人工确认原始出处。,fallback:web_url,shhk_gov
SRC-1122,web_url,鲁迅与柔石看屋转录材料,,,https://al3tai.nenzhu.com/news-id-2373.html,web_crosscheck,web,转引,研究论著,yes,网页来源默认按转引处理，建议人工确认原始出处。,fallback:web_url,web_al3tai_nenzhu_com
SRC-1123,web_url,左联五烈士专题纪念,,,https://www.shhk.gov.cn/slh/038001/20260302/5f983b4c-74f7-4a6a-a2b4-930dedf99970.html,web_crosscheck,web,转引,研究论著,yes,网页来源默认按转引处理，建议人工确认原始出处。,fallback:web_url,shhk_gov
SRC-1124,web_url,左联会址纪念馆五烈士介绍,,,https://www.shhk.gov.cn/xwzx/002006/20210722/07f62353-471f-40d9-880e-ea82be5da936.html,web_crosscheck,web,转引,研究论著,yes,网页来源默认按转引处理，建议人工确认原始出处。,fallback:web_url,shhk_gov
SRC-1125,web_url,人民网党史频道：上海大学与瞿秋白,,,https://cpc.people.com.cn/BIG5/n1/2024/1006/c443712-40333498.html,web_crosscheck,web,转引,研究论著,yes,网页来源默认按转引处理，建议人工确认原始出处。,fallback:web_url,party_history
SRC-1126,web_url,澎湃新闻：成为“丁玲”之前，和上海的三次际会,,,https://m.thepaper.cn/newsDetail_forward_28996791,web_crosscheck,web,转引,研究论著,yes,网页来源默认按转引处理，建议人工确认原始出处。,fallback:web_url,thepaper
SRC-1127,web_url,https://www.shhk.gov.cn/xwzx/002009/002009002/20100105/f83bfbd8-323c-4316-bcea-d15f2082a896.html,,,https://www.shhk.gov.cn/xwzx/002009/002009002/20100105/f83bfbd8-323c-4316-bcea-d15f2082a896.html,web_crosscheck,web,转引,研究论著,yes,网页来源默认按转引处理，建议人工确认原始出处。,fallback:web_url,shhk_gov
SRC-1128,web_url,https://www.fjdsfzw.org.cn/2023-12-19/content_133925.html,,,https://www.fjdsfzw.org.cn/2023-12-19/content_133925.html,web_crosscheck,web,转引,研究论著,yes,网页来源默认按转引处理，建议人工确认原始出处。,fallback:web_url,web_www_fjdsfzw_org_cn
SRC-1129,web_url,https://www.chinawriter.com.cn/n1/2020/0701/c404019-31765706.html,,,https://www.chinawriter.com.cn/n1/2020/0701/c404019-31765706.html,web_crosscheck,web,转引,研究论著,yes,网页来源默认按转引处理，建议人工确认原始出处。,fallback:web_url,chinawriter
SRC-1130,web_url,https://dangshi.people.com.cn/n1/2018/0208/c85037-29812774.html,,,https://dangshi.people.com.cn/n1/2018/0208/c85037-29812774.html,web_crosscheck,web,转引,研究论著,yes,网页来源默认按转引处理，建议人工确认原始出处。,fallback:web_url,party_history
SRC-1131,web_url,https://www.ccphistory.org.cn/shds/dsxx/content/cd2b9f77-aa37-488f-beb2-4853b6290e42.html,,,https://www.ccphistory.org.cn/shds/dsxx/content/cd2b9f77-aa37-488f-beb2-4853b6290e42.html,web_crosscheck,web,转引,研究论著,yes,网页来源默认按转引处理，建议人工确认原始出处。,fallback:web_url,ccp_history
SRC-1132,web_url,https://www.ccphistory.org.cn/shds/ssjc/content/cd2b9f77-aa37-488f-beb2-4853b6290e42.html,,,https://www.ccphistory.org.cn/shds/ssjc/content/cd2b9f77-aa37-488f-beb2-4853b6290e42.html,web_crosscheck,web,转引,研究论著,yes,网页来源默认按转引处理，建议人工确认原始出处。,fallback:web_url,ccp_history
SRC-1133,web_url,中国作家网：鲁迅帮助狱中的楼适夷,,,https://www.chinawriter.com.cn/n1/2020/0813/c404063-31820381.html,web_crosscheck,web,转引,研究论著,yes,网页来源默认按转引处理，建议人工确认原始出处。,fallback:web_url,chinawriter
SRC-1134,web_url,https://df.bjsjw.gov.cn/n299/20210409/i41861.html,,,https://df.bjsjw.gov.cn/n299/20210409/i41861.html,web_crosscheck,web,转引,研究论著,yes,网页来源默认按转引处理，建议人工确认原始出处。,fallback:web_url,web_df_bjsjw_gov_cn
SRC-1135,web_url,https://www.icppcc.cn/newsDetail_1059710,,,https://www.icppcc.cn/newsDetail_1059710,web_crosscheck,web,转引,研究论著,yes,网页来源默认按转引处理，建议人工确认原始出处。,fallback:web_url,web_www_icppcc_cn
SRC-1136,web_url,https://www.ccphistory.org.cn/shds/zxdt100zn/content/115347fd-09db-4528-b823-2d056c333340.html,,,https://www.ccphistory.org.cn/shds/zxdt100zn/content/115347fd-09db-4528-b823-2d056c333340.html,web_crosscheck,web,转引,研究论著,yes,网页来源默认按转引处理，建议人工确认原始出处。,fallback:web_url,ccp_history
SRC-1137,web_url,https://hbzx.gov.cn/49/2014-09-15/5811.html,,,https://hbzx.gov.cn/49/2014-09-15/5811.html,web_crosscheck,web,转引,研究论著,yes,网页来源默认按转引处理，建议人工确认原始出处。,fallback:web_url,web_hbzx_gov_cn
SRC-1138,web_url,https://www.81.cn/yljnt/2013-11/04/content_5630422.htm,,,https://www.81.cn/yljnt/2013-11/04/content_5630422.htm,web_crosscheck,web,转引,研究论著,yes,网页来源默认按转引处理，建议人工确认原始出处。,fallback:web_url,web_www_81_cn
SRC-1139,web_url,龙华二十四烈士资料,,,https://cpc.people.com.cn/n1/2022/1209/c443712-32583679.html,web_crosscheck,web,转引,研究论著,yes,网页来源默认按转引处理，建议人工确认原始出处。,fallback:web_url,party_history
SRC-1140,web_url,上海大学校史馆：历史上的上海大学（1923年）,,,https://museum.shu.edu.cn/info/1034/1373.htm,web_crosscheck,web,转引,研究论著,yes,网页来源默认按转引处理，建议人工确认原始出处。,fallback:web_url,shu_archive
SRC-1141,web_url,https://sswgw.org.cn/wwdc/sqlww/9329.htm,,,https://sswgw.org.cn/wwdc/sqlww/9329.htm,web_crosscheck,web,转引,研究论著,yes,网页来源默认按转引处理，建议人工确认原始出处。,fallback:web_url,web_sswgw_org_cn
SRC-1142,web_url,https://www.51ldb.com/shsldb/xf/content/017d83aaa824c0010000df844d7e124a.htm,,,https://www.51ldb.com/shsldb/xf/content/017d83aaa824c0010000df844d7e124a.htm,web_crosscheck,web,转引,研究论著,yes,网页来源默认按转引处理，建议人工确认原始出处。,fallback:web_url,web_www_51ldb_com
SRC-1143,web_encyclopedia,维基百科：中国左翼作家联盟,中国左翼作家联盟. 维基百科.,,https://zh.wikipedia.org/wiki/中国左翼作家联盟,web_crosscheck,web,参考,百科全书,no,维基百科中文条目,web:encyclopedia,encyclopedia
SRC-1144,web_encyclopedia,百度百科：中国左翼作家联盟,中国左翼作家联盟. 百度百科.,,https://baike.baidu.com/item/中国左翼作家联盟,web_crosscheck,web,参考,百科全书,no,百度百科条目,web:encyclopedia,encyclopedia
SRC-1145,web_encyclopedia,维基百科：鲁迅,鲁迅. 维基百科.,,https://zh.wikipedia.org/wiki/鲁迅,web_crosscheck,web,参考,百科全书,no,,web:encyclopedia,encyclopedia
SRC-1146,web_encyclopedia,维基百科：瞿秋白,瞿秋白. 维基百科.,,https://zh.wikipedia.org/wiki/瞿秋白,web_crosscheck,web,参考,百科全书,no,,web:encyclopedia,encyclopedia
SRC-1147,web_encyclopedia,维基百科：柔石,柔石. 维基百科.,,https://zh.wikipedia.org/wiki/柔石,web_crosscheck,web,参考,百科全书,no,,web:encyclopedia,encyclopedia
SRC-1148,web_encyclopedia,维基百科：殷夫,殷夫. 维基百科.,,https://zh.wikipedia.org/wiki/殷夫,web_crosscheck,web,参考,百科全书,no,,web:encyclopedia,encyclopedia
SRC-1149,web_encyclopedia,维基百科：丁玲,丁玲. 维基百科.,,https://zh.wikipedia.org/wiki/丁玲,web_crosscheck,web,参考,百科全书,no,,web:encyclopedia,encyclopedia
SRC-1150,web_encyclopedia,维基百科：冯雪峰,冯雪峰. 维基百科.,,https://zh.wikipedia.org/wiki/冯雪峰,web_crosscheck,web,参考,百科全书,no,,web:encyclopedia,encyclopedia
SRC-1151,web_encyclopedia,维基百科：田汉,田汉. 维基百科.,,https://zh.wikipedia.org/wiki/田汉,web_crosscheck,web,参考,百科全书,no,,web:encyclopedia,encyclopedia
SRC-1152,web_encyclopedia,维基百科：夏衍,夏衍. 维基百科.,,https://zh.wikipedia.org/wiki/夏衍,web_crosscheck,web,参考,百科全书,no,,web:encyclopedia,encyclopedia
SRC-1153,web_encyclopedia,维基百科：龙华二十四烈士,龙华二十四烈士. 维基百科.,,https://zh.wikipedia.org/wiki/龙华二十四烈士,web_crosscheck,web,参考,百科全书,no,,web:encyclopedia,encyclopedia
SRC-1154,web_url,平民女校旧址,上海市静安区图书馆，访问日期2026-08-21,,https://www.shjinganlib.net/JaImpressionHistoryContent.aspx?ColumnNameEn=HISTORICBUILDINGS&id=171,web_crosscheck,web,二手,研究论著,no,可确认平民女校于1922年2月创办且丁玲为学生，但不能单独证明丁玲于2月抵沪。2026-08-21 AI辅助网页核验：页面可访问，摘录逐字命中；页面另载平民女校1922年底停办、部分学生后进入上海大学，可佐证EVT-00029→EVT-00150时序。2026-08-21 合并转正：网页逐条核验通过（AI辅助），项目负责人确认合并。,web:public_library,web_www_shjinganlib_net
SRC-1155,web_url,瞿秋白,上海大学，访问日期2026-08-21,,https://www.shu.edu.cn/info/1666/273402.htm,web_crosscheck,web,二手,研究论著,no,上海大学人物页，明确给出1923年7月任职信息。2026-08-21 AI辅助网页核验：页面可访问，任职信息逐字命中。2026-08-21 合并转正：网页逐条核验通过（AI辅助），项目负责人确认合并。,web:university,shu_archive
SRC-1156,web_url,1923年上海大学校史大事记,上海大学博物馆，访问日期2026-08-21,,https://museum.shu.edu.cn/info/1048/1232.htm,web_crosscheck,web,二手,研究论著,no,同一机构的校史页，可交叉核对任职与录取信息，但不能与上海大学人物页算作完全独立来源。2026-08-21 AI辅助网页核验：页面可访问，“夏”“是年”两处摘录均逐字命中。2026-08-21 合并转正：网页逐条核验通过（AI辅助），项目负责人确认合并。,web:university_museum,shu_archive
SRC-1157,web_url,丁玲,上海大学，访问日期2026-08-21,,https://www.shu.edu.cn/info/1666/272872.htm,web_crosscheck,web,二手,研究论著,no,上海大学人物页，明确给出1923年8月入学信息。2026-08-21 AI辅助网页核验：页面可访问，入学信息逐字命中；页面未提中国文学系，与原判一致。2026-08-21 合并转正：网页逐条核验通过（AI辅助），项目负责人确认合并。,web:university,shu_archive
SRC-1158,web_url,纪念中国左翼作家联盟成立96周年，图文展及后续巡展启动,上海市文化和旅游局，原载解放日报，访问日期2026-08-21,,https://whlyj.sh.gov.cn/gqfc/20260302/7517d43ef448452cb0c6e026b85ef8b9.html,web_crosscheck,web,二手,研究论著,no,可确认五烈士姓名、1931年2月7日、上海龙华以及同批24人；属于官方转载的二手报道。2026-08-21 AI辅助网页核验：页面可访问，五烈士姓名、1931年2月7日、龙华、“共24人”均逐字命中；确认为解放日报转载（2026-03-02发布）。2026-08-21 合并转正：网页逐条核验通过（AI辅助），项目负责人确认合并。,web:government_reprint,web_whlyj_sh_gov_cn
SRC-1159,web_url,红房子里故事多——素描昆山花园路及小花园,上海党史网，访问日期2026-08-21,,https://www.ccphistory.org.cn/shds/shhm/content/56860ccf-655f-4663-8380-f0de32c4ff39.html,web_crosscheck,web,二手,研究论著,no,明确记载1933年5月14日丁玲在昆山花园路7号被秘密绑架。2026-08-21 AI辅助网页核验：页面可访问，事实成立；但该文实为2024-12-02转载《新民晚报》文章（作者胡根喜），citation应补注原载；相关摘录已按逐字原文修订（见FE-EVP-0009）。2026-08-21 合并转正：网页逐条核验通过（AI辅助），项目负责人确认合并。,web:party_history,ccp_history
SRC-1160,web_url,孙宋往事,上海市政府下属网站，访问日期2026-08-21,,https://jgj.sh.gov.cn/shhq/app/iwb/ssws/2020/06/09/2c92f58b720c4d490172970284e14f5a.html?tm=1638165180755,web_crosscheck,web,二手,研究论著,no,正文及图注明确记载1933年2月17日宋庆龄在莫利爱路寓所宴请萧伯纳。2026-08-21 AI辅助网页核验：页面可访问，事实成立；citation应改写为“上海市孙中山宋庆龄文物管理委员会‘孙宋往事’平台（上海宋庆龄研究会，撰文徐涛）”；关键句出自照片图注，quote已按图注原文修正（见FE-EVP-0010）。2026-08-21 合并转正：网页逐条核验通过（AI辅助），项目负责人确认合并。,web:government_site,web_jgj_sh_gov_cn
SRC-1161,web_url,瞿秋白（1899—1935）,常州史志，访问日期2026-08-21,,https://fzg.changzhou.gov.cn/html/fzg/2016/FNBDOFDF_0104/26148.html,web_crosscheck,web,二手,研究论著,no,明确记载1935年2月24日拂晓在长汀水口镇小径村附近被俘。2026-08-21 AI辅助网页核验：页面可访问，被俘信息基本逐字命中（原文多“途经福建省长汀县濯田区”定语）；“小径村”写法确认。2026-08-21 合并转正：网页逐条核验通过（AI辅助），项目负责人确认合并。,web:local_chronicle,web_fzg_changzhou_gov_cn
SRC-1162,web_url,远东反战大会旧址,复旦大学上海红色文化资源网，访问日期2026-08-21,,https://shhongse.fudan.edu.cn/info/1024/1586.htm,web_crosscheck,web,二手,研究论著,no,明确记载会议日期、霍山路85号、主持人、参会规模和会议产出。2026-08-21 AI辅助网页核验：页面可访问，摘录逐字命中；页面注明资料来源为《上海市重要革命遗址通览》，65人出席等细节齐全。2026-08-21 合并转正：网页逐条核验通过（AI辅助），项目负责人确认合并。,web:university_research,web_shhongse_fudan_edu_cn
SRC-1163,web_url,《潮汕左翼文化名人》（3）冯铿：岭上巾帼 傲梅风骨,纪录小康工程·广东数据库（指导单位：中共广东省委宣传部，建设单位：南方新闻网；内容出自汕头广播电视台电视节目中心专题片），访问日期2026-08-21,,https://gdxk.southcn.com/st/ztp/content/post_371048.html,web_crosscheck,web,二手,专题片文字实录,no,2026-08-21新增：作为失效来源SRC-EVP-005的替代。明确记载1931年1月17日晚柔石、冯铿到东方旅社参加党内秘密会议被捕、八位同志落网；另载冯铿为左联成立大会出席者及首批50名成员之一。注意：南方网另一同题报道写作“东方饭店”，术语差异需在展示层保留并注明。2026-08-21 合并转正：网页逐条核验通过（AI辅助），项目负责人确认合并。,web:official_database,web_gdxk_southcn_com
SRC-1164,web_url,不能忘却的今天丨龙华二十四烈士牺牲92周年,澎湃新闻·澎湃号·政务“龙华英烈”（上海市龙华烈士陵园融媒体工作部供稿、编辑研究室审核），发布日期2023-02-07，访问日期2026-08-21,,https://www.thepaper.cn/newsDetail_forward_21840268,web_crosscheck,web,二手,纪念馆官方发布,no,发布主体为龙华烈士陵园官方政务号（文末注明“融媒体工作部 供稿 供图 编辑研究室审核”），属纪念馆一手机构的平台转载，按B级机构材料处理。明确记载24人于2月7日深夜被秘密杀害及23位姓名+1位佚名的官方名录表述。注意：与SRC-EVP2-002同属龙华烈士陵园来源族，只作内部交叉核对，不计为独立双源。2026-08-21 合并转正：网页逐条核验通过（AI辅助），项目负责人确认合并。,web:official_memorial,thepaper
SRC-1165,web_url,英烈名录（贺治平、李云卿、汤仕佺条目）,上海市龙华烈士陵园（龙华烈士纪念馆）官网英烈名录，访问日期2026-08-21,,https://www.slmmm.cn/hero/list.html,web_crosscheck,web,二手,纪念馆官方数据库,no,陵园官网英烈名录A-Z索引。抽样核验3个条目详情页：贺治平（/hero/detail/a503d30eee473adea6c76fa34796e29f.html，牺牲时间1931）、李云卿（/hero/detail/3204891099ec3685af5e50b346802fce.html）、汤仕佺（/hero/detail/5e07be98ef90325481b672cdd4f2b466.html），均确认在册且牺牲于1931年。名录用字为“汤仕佺”。与SRC-EVP2-001同源族。2026-08-21 合并转正：网页逐条核验通过（AI辅助），项目负责人确认合并。,web:official_memorial,web_www_slmmm_cn
SRC-1166,web_url,鲁迅日记·日记十八（1929年）,维基文库公版转录（作者鲁迅；底本为人民文学出版社《鲁迅全集》日记卷），访问日期2026-08-21,,https://zh.wikisource.org/zh-hans/%E9%AD%AF%E8%BF%85%E6%97%A5%E8%A8%98/%E6%97%A5%E8%AE%B0%E5%8D%81%E5%85%AB,web_crosscheck,web,一手,日记转录,no,鲁迅日记原文属公版一手史料；维基文库为公益转录平台，转正前建议与纸本《鲁迅日记》核对一次。本页已逐字核验二月十六日、六月十九日、七月六日至九日条。2026-08-21 第三批人工审核签核后合并转正（见 phase2_batch3_event_review_decisions.md）。,web:public_domain_transcript,luxun_diary
SRC-1167,web_url,鲁迅日记·日记十九（1930年）,维基文库公版转录（作者鲁迅），访问日期2026-08-21,,https://zh.wikisource.org/zh-hans/%E9%AD%AF%E8%BF%85%E6%97%A5%E8%A8%98/%E6%97%A5%E8%AE%B0%E5%8D%81%E4%B9%9D,web_crosscheck,web,一手,日记转录,no,已逐字核验三月二十三、二十八、三十、三十一日及九月十七日条。与SRC-EVP3-001、SRC-EVP3-003同属维基文库鲁迅日记来源族。2026-08-21 第三批人工审核签核后合并转正（见 phase2_batch3_event_review_decisions.md）。,web:public_domain_transcript,luxun_diary
SRC-1168,web_url,鲁迅日记·日记二十（1931年）,维基文库公版转录（作者鲁迅），访问日期2026-08-21,,https://zh.wikisource.org/zh-hans/%E9%AD%AF%E8%BF%85%E6%97%A5%E8%A8%98/%E6%97%A5%E8%AE%B0%E4%BA%8C%E5%8D%81,web_crosscheck,web,一手,日记转录,no,已逐字核验八月二十一、二十二日及六月二日条。与SRC-EVP3-001/002同族。2026-08-21 第三批人工审核签核后合并转正（见 phase2_batch3_event_review_decisions.md）。,web:public_domain_transcript,luxun_diary
SRC-1169,web_url,悦读北外滩｜鲁迅的生日宴会,上海市虹口区人民政府门户网站转载“上海虹口”微信公众号，2023-09-30，访问日期2026-08-21,,https://www.shhk.gov.cn/xwzx/002008/002008040/20230930/262c3707-a49c-4a0a-a2cf-95f972862dba.html,web_crosscheck,web,二手,政府文史栏目,no,区政府官方渠道，可作寿辰事件的B级转载核验页面。注意独立性口径：本文直接转引的正是1930年9月17日《鲁迅日记》原文（与SRC-EVP3-002/FE-EVP3-0003同一篇底层史料），故FE-EVP3-0009与FE-EVP3-0003两条记录仅可互校转录准确性，不能证明两个独立史料来源均支持该事件；独立双源判定按底层史料而非网站域名。2026-08-21 第三批人工审核签核后合并转正（见 phase2_batch3_event_review_decisions.md）。,web:government_site,shhk_gov
SRC-1170,web_url,红色档案背后的故事丨丁玲主编《北斗》：一本杂志，一个战场,湖南日报·新湖南客户端（记者黄晗），2020-07-25，访问日期2026-08-21,,https://www.hunantoday.cn/news/xhn/202007/14469914.html,web_crosscheck,web,二手,党媒档案报道,no,省级党媒档案栏目，明确记载《北斗》1931年9月20日创刊、湖风书局发行，与事件表当前9月1日冲突。2026-08-21 第三批人工审核签核后合并转正（见 phase2_batch3_event_review_decisions.md）。,web:party_media,web_www_hunantoday_cn
SRC-1171,web_url,陈望道三题,中国作家网转载《解放日报》（韦泱），2018-07-18，访问日期2026-08-21,,https://www.chinawriter.com.cn/n1/2018/0718/c404064-30154368.html,web_crosscheck,web,二手,权威媒体文史,no,中国作协官网转载解放日报文章，明确记载陈望道1934年9月20日创办《太白》。与SRC-EVP3-011同属中国作家网平台，独立性按同一平台保守处理。2026-08-21 第三批人工审核签核后合并转正（见 phase2_batch3_event_review_decisions.md）。,web:authoritative_media,chinawriter
SRC-1172,web_url,《避暑录话》与1930年代中期青岛的文学生态,中国作家网转载《新文学史料》（李莹），2021-04-27，访问日期2026-08-21,,https://www.chinawriter.com.cn/n1/2021/0427/c404063-32088929.html,web_crosscheck,web,二手,学术期刊网络版,no,原载《新文学史料》，首段明确记载创刊号见于1935年7月14日《青岛民报》、十二位作家共同撰稿。2026-08-21 第三批人工审核签核后合并转正（见 phase2_batch3_event_review_decisions.md）。,web:authoritative_media,chinawriter
SRC-1173,web_url,生活周刊（馆藏报刊条目）,韬奋纪念馆官网报刊数据库，访问日期2026-08-21,,https://www.zoutaofen.com/resource/show/101.html,web_crosscheck,web,二手,纪念馆数据库,no,纪念馆官方数据库明确记载创刊时间1925年10月11日、中华职业教育社机关报，证明事件表当前1929年为误记。2026-08-21 第三批人工审核签核后合并转正（见 phase2_batch3_event_review_decisions.md）。,web:memorial_database,web_www_zoutaofen_com
SRC-1174,web_url,从“论争”到“统一”——左联成立始末及其重要作用,中国作家网转载《文艺报》（慕津锋），2021-04-12，访问日期2026-08-21,,https://www.chinawriter.com.cn/n1/2021/0412/c404063-32075183.html,web_crosscheck,web,二手,权威媒体文史,no,明确记载革命文学论争爆发于1928年上海，创造社太阳社一方、鲁迅另一方，可用于校正两个“1927论战”事件。2026-08-21 第三批人工审核签核后合并转正（见 phase2_batch3_event_review_decisions.md）。,web:authoritative_media,chinawriter
SRC-1175,web_url,文学史上的今天（09月20日）,中国现代文学馆官网“中国文学史上的今天”栏目，访问日期2026-08-21,,http://www.wxg.org.cn/9yue/1283.jhtml,web_crosscheck,web,二手,纪念馆大事记,no,国家级文学馆官方大事记，同页分别记载《北斗》与《太白》均为9月20日创刊，可作两事件的第二独立来源。与中国作家网分属不同机构。2026-08-21 第三批人工审核签核后合并转正（见 phase2_batch3_event_review_decisions.md）。,web:memorial_database,web_www_wxg_org_cn
SRC-1176,web_url,悦读北外滩｜丁玲与鲁迅,上海市虹口区人民政府门户网站转载“上海虹口”微信公众号，2024-10-28，访问日期2026-08-21,,https://www.shhk.gov.cn/xwzx/002008/002008040/20241028/9ee35ba7-1ef6-4c42-9d1f-c61713b8828c.html,web_crosscheck,web,二手,政府文史栏目,no,与SRC-EVP3-004同属虹口区政府“悦读北外滩”栏目（同一平台、不同文章），按同平台保守处理，不构成任何事件的独立双源。正文首句已逐字核验：1931年5月丁玲在北四川路一所小学第一次参加左联会议并见到鲁迅。注意文中未用“秘密”一词。2026-08-21 第三批人工审核签核后合并转正（见 phase2_batch3_event_review_decisions.md）。,web:government_site,shhk_gov
SRC-1177,web_url,钩沉｜革命诗人殷夫与“左联”,澎湃新闻·澎湃号转载，作者俞宽宏（中国左翼作家联盟成立大会会址纪念馆馆员），2020-08-04，访问日期2026-08-21,,https://www.thepaper.cn/newsDetail_forward_8577717,web_crosscheck,web,二手,纪念馆馆员研究文章,no,左联纪念馆馆员撰文，逐字核验通过：1931年1月16日文委设在静安寺路洛阳书店的秘密机关召开全体党员大会，殷夫出席次日被捕。人民网党史频道同题文章（dangshi.people.com.cn，2022-01-20）载同一事实但作“左联全体共产党员大会”，两版措辞有差异，转正前建议再与纪念馆正式出版物核对一次。2026-08-21 第三批人工审核签核后合并转正（见 phase2_batch3_event_review_decisions.md）。,web:memorial_research,thepaper
