passage_id,work_id,source_id,locator,citation,file_hash,source_url
PSGN-00001,WORK-0015,SRC-0001,,,1b63ea9bda0805e24caa3ab014910c3be5be2128aa351734f76111b62de1e7ae,
PSGN-00002,WORK-0061,SRC-0002,鲁迅日记 1933年5月17日,鲁迅日记 1933年5月17日,22819f64addecb1529bc4c92e655f0589c26dd44203cc9dcba155123ab6be000,
PSGN-00003,WORK-0061,SRC-0003,鲁迅日记 1934年10月2日,鲁迅日记 1934年10月2日,22819f64addecb1529bc4c92e655f0589c26dd44203cc9dcba155123ab6be000,
PSGN-00004,WORK-0061,SRC-0004,鲁迅日记 1933年1月14日,鲁迅日记 1933年1月14日,22819f64addecb1529bc4c92e655f0589c26dd44203cc9dcba155123ab6be000,
PSGN-00005,WORK-0061,SRC-0005,鲁迅日记 1933年2月14日,鲁迅日记 1933年2月14日,22819f64addecb1529bc4c92e655f0589c26dd44203cc9dcba155123ab6be000,
PSGN-00006,WORK-0033,SRC-0006,左联词典 第96页,左联词典 第96页,a57277ad95da90fb1c44ba581396e38495c7cef4f1388fd0b1fa9c602d9e322a,
PSGN-00007,WORK-0033,SRC-0007,左联词典 第104页,左联词典 第104页,a57277ad95da90fb1c44ba581396e38495c7cef4f1388fd0b1fa9c602d9e322a,
PSGN-00008,WORK-0033,SRC-0008,左联词典 第131页,左联词典 第131页,a57277ad95da90fb1c44ba581396e38495c7cef4f1388fd0b1fa9c602d9e322a,
PSGN-00009,WORK-0033,SRC-0009,左联词典 第171页,左联词典 第171页,a57277ad95da90fb1c44ba581396e38495c7cef4f1388fd0b1fa9c602d9e322a,
PSGN-00010,WORK-0033,SRC-0010,左联词典 第193页,左联词典 第193页,a57277ad95da90fb1c44ba581396e38495c7cef4f1388fd0b1fa9c602d9e322a,
PSGN-00011,WORK-0033,SRC-0011,左联词典 第102页,左联词典 第102页,a57277ad95da90fb1c44ba581396e38495c7cef4f1388fd0b1fa9c602d9e322a,
PSGN-00012,WORK-0033,SRC-0012,左联词典 第107页,左联词典 第107页,a57277ad95da90fb1c44ba581396e38495c7cef4f1388fd0b1fa9c602d9e322a,
PSGN-00013,WORK-0033,SRC-0013,左联词典 第123页,左联词典 第123页,a57277ad95da90fb1c44ba581396e38495c7cef4f1388fd0b1fa9c602d9e322a,
PSGN-00014,WORK-0033,SRC-0014,左联词典 第128页,左联词典 第128页,a57277ad95da90fb1c44ba581396e38495c7cef4f1388fd0b1fa9c602d9e322a,
PSGN-00015,WORK-0061,SRC-0015,鲁迅日记 1929年12月26日,鲁迅日记 1929年12月26日,22819f64addecb1529bc4c92e655f0589c26dd44203cc9dcba155123ab6be000,
PSGN-00016,WORK-0061,SRC-0016,鲁迅日记 1929年3月20日,鲁迅日记 1929年3月20日,22819f64addecb1529bc4c92e655f0589c26dd44203cc9dcba155123ab6be000,
PSGN-00017,WORK-0061,SRC-0017,鲁迅日记 1929年4月23日,鲁迅日记 1929年4月23日,22819f64addecb1529bc4c92e655f0589c26dd44203cc9dcba155123ab6be000,
PSGN-00018,WORK-0061,SRC-0018,鲁迅日记 1929年4月27日,鲁迅日记 1929年4月27日,22819f64addecb1529bc4c92e655f0589c26dd44203cc9dcba155123ab6be000,
PSGN-00019,WORK-0061,SRC-0019,鲁迅日记 1929年7月20日,鲁迅日记 1929年7月20日,22819f64addecb1529bc4c92e655f0589c26dd44203cc9dcba155123ab6be000,
PSGN-00020,WORK-0061,SRC-0020,鲁迅日记 1930年3月23日,鲁迅日记 1930年3月23日,22819f64addecb1529bc4c92e655f0589c26dd44203cc9dcba155123ab6be000,
PSGN-00021,WORK-0061,SRC-0021,鲁迅日记 1930年3月24日,鲁迅日记 1930年3月24日,22819f64addecb1529bc4c92e655f0589c26dd44203cc9dcba155123ab6be000,
PSGN-00022,WORK-0061,SRC-0022,鲁迅日记 1930年3月26日,鲁迅日记 1930年3月26日,22819f64addecb1529bc4c92e655f0589c26dd44203cc9dcba155123ab6be000,
PSGN-00023,WORK-0061,SRC-0023,鲁迅日记 1930年3月28日,鲁迅日记 1930年3月28日,22819f64addecb1529bc4c92e655f0589c26dd44203cc9dcba155123ab6be000,
PSGN-00024,WORK-0061,SRC-0024,鲁迅日记 1930年4月12日,鲁迅日记 1930年4月12日,22819f64addecb1529bc4c92e655f0589c26dd44203cc9dcba155123ab6be000,
PSGN-00025,WORK-0061,SRC-0025,鲁迅日记 1930年4月15日,鲁迅日记 1930年4月15日,22819f64addecb1529bc4c92e655f0589c26dd44203cc9dcba155123ab6be000,
PSGN-00026,WORK-0061,SRC-0026,鲁迅日记 1930年4月8日,鲁迅日记 1930年4月8日,22819f64addecb1529bc4c92e655f0589c26dd44203cc9dcba155123ab6be000,
PSGN-00027,WORK-0061,SRC-0027,鲁迅日记 1930年5月28日,鲁迅日记 1930年5月28日,22819f64addecb1529bc4c92e655f0589c26dd44203cc9dcba155123ab6be000,
PSGN-00028,WORK-0061,SRC-0028,鲁迅日记 1930年6月2日,鲁迅日记 1930年6月2日,22819f64addecb1529bc4c92e655f0589c26dd44203cc9dcba155123ab6be000,
PSGN-00029,WORK-0061,SRC-0029,鲁迅日记 1929年10月13日,鲁迅日记 1929年10月13日,22819f64addecb1529bc4c92e655f0589c26dd44203cc9dcba155123ab6be000,
PSGN-00030,WORK-0061,SRC-0030,鲁迅日记 1929年10月15日,鲁迅日记 1929年10月15日,22819f64addecb1529bc4c92e655f0589c26dd44203cc9dcba155123ab6be000,
PSGN-00031,WORK-0061,SRC-0031,鲁迅日记 1929年8月10日,鲁迅日记 1929年8月10日,22819f64addecb1529bc4c92e655f0589c26dd44203cc9dcba155123ab6be000,
PSGN-00032,WORK-0061,SRC-0032,鲁迅日记 1929年8月15日,鲁迅日记 1929年8月15日,22819f64addecb1529bc4c92e655f0589c26dd44203cc9dcba155123ab6be000,
PSGN-00033,WORK-0061,SRC-0033,鲁迅日记 1929年8月7日,鲁迅日记 1929年8月7日,22819f64addecb1529bc4c92e655f0589c26dd44203cc9dcba155123ab6be000,
PSGN-00034,WORK-0061,SRC-0034,鲁迅日记 1933年12月23日,鲁迅日记 1933年12月23日,22819f64addecb1529bc4c92e655f0589c26dd44203cc9dcba155123ab6be000,
PSGN-00035,WORK-0033,SRC-0035,左联词典 第5页,左联词典 第5页,a57277ad95da90fb1c44ba581396e38495c7cef4f1388fd0b1fa9c602d9e322a,
PSGN-00036,WORK-0033,SRC-0036,左联词典 第125页,左联词典 第125页,a57277ad95da90fb1c44ba581396e38495c7cef4f1388fd0b1fa9c602d9e322a,
PSGN-00037,WORK-0033,SRC-0037,左联词典 第167页,左联词典 第167页,a57277ad95da90fb1c44ba581396e38495c7cef4f1388fd0b1fa9c602d9e322a,
PSGN-00038,WORK-0033,SRC-0038,左联词典 第106页,左联词典 第106页,a57277ad95da90fb1c44ba581396e38495c7cef4f1388fd0b1fa9c602d9e322a,
PSGN-00039,WORK-0033,SRC-0039,左联词典 第108页,左联词典 第108页,a57277ad95da90fb1c44ba581396e38495c7cef4f1388fd0b1fa9c602d9e322a,
PSGN-00040,WORK-0061,SRC-0040,鲁迅日记 1930年10月4日,鲁迅日记 1930年10月4日,22819f64addecb1529bc4c92e655f0589c26dd44203cc9dcba155123ab6be000,
PSGN-00041,WORK-0061,SRC-0041,鲁迅日记 1936年7月9日,鲁迅日记 1936年7月9日,22819f64addecb1529bc4c92e655f0589c26dd44203cc9dcba155123ab6be000,
PSGN-00042,WORK-0031,SRC-0042,左联回忆录 第700页,左联回忆录 第700页,,
PSGN-00043,WORK-0061,SRC-0043,鲁迅日记 1933年9月28日,鲁迅日记 1933年9月28日,22819f64addecb1529bc4c92e655f0589c26dd44203cc9dcba155123ab6be000,
PSGN-00044,WORK-0061,SRC-0044,鲁迅日记 1934年11月17日,鲁迅日记 1934年11月17日,22819f64addecb1529bc4c92e655f0589c26dd44203cc9dcba155123ab6be000,
PSGN-00045,WORK-0061,SRC-0045,鲁迅日记 1935年2月21日,鲁迅日记 1935年2月21日,22819f64addecb1529bc4c92e655f0589c26dd44203cc9dcba155123ab6be000,
PSGN-00046,WORK-0061,SRC-0046,鲁迅日记 1935年2月26日,鲁迅日记 1935年2月26日,22819f64addecb1529bc4c92e655f0589c26dd44203cc9dcba155123ab6be000,
PSGN-00047,WORK-0061,SRC-0047,鲁迅日记 1935年3月26日,鲁迅日记 1935年3月26日,22819f64addecb1529bc4c92e655f0589c26dd44203cc9dcba155123ab6be000,
PSGN-00048,WORK-0061,SRC-0048,鲁迅日记 1935年6月12日,鲁迅日记 1935年6月12日,22819f64addecb1529bc4c92e655f0589c26dd44203cc9dcba155123ab6be000,
PSGN-00049,WORK-0061,SRC-0049,鲁迅日记 1935年6月14日,鲁迅日记 1935年6月14日,22819f64addecb1529bc4c92e655f0589c26dd44203cc9dcba155123ab6be000,
PSGN-00050,WORK-0061,SRC-0050,鲁迅日记 1935年6月2日,鲁迅日记 1935年6月2日,22819f64addecb1529bc4c92e655f0589c26dd44203cc9dcba155123ab6be000,
PSGN-00051,WORK-0061,SRC-0051,鲁迅日记 1935年7月2日,鲁迅日记 1935年7月2日,22819f64addecb1529bc4c92e655f0589c26dd44203cc9dcba155123ab6be000,
PSGN-00052,WORK-0061,SRC-0052,鲁迅日记 1935年8月22日,鲁迅日记 1935年8月22日,22819f64addecb1529bc4c92e655f0589c26dd44203cc9dcba155123ab6be000,
PSGN-00053,WORK-0061,SRC-0053,鲁迅日记 1935年9月1日,鲁迅日记 1935年9月1日,22819f64addecb1529bc4c92e655f0589c26dd44203cc9dcba155123ab6be000,
PSGN-00054,WORK-0033,SRC-0054,左联词典 第132页,左联词典 第132页,a57277ad95da90fb1c44ba581396e38495c7cef4f1388fd0b1fa9c602d9e322a,
PSGN-00055,WORK-0033,SRC-0055,左联词典 第142页,左联词典 第142页,a57277ad95da90fb1c44ba581396e38495c7cef4f1388fd0b1fa9c602d9e322a,
PSGN-00056,WORK-0033,SRC-0056,左联词典 第204页,左联词典 第204页,a57277ad95da90fb1c44ba581396e38495c7cef4f1388fd0b1fa9c602d9e322a,
PSGN-00057,WORK-0033,SRC-0057,左联词典 第140页,左联词典 第140页,a57277ad95da90fb1c44ba581396e38495c7cef4f1388fd0b1fa9c602d9e322a,
PSGN-00058,WORK-0033,SRC-0058,左联词典 第238页,左联词典 第238页,a57277ad95da90fb1c44ba581396e38495c7cef4f1388fd0b1fa9c602d9e322a,
PSGN-00059,WORK-0033,SRC-0059,左联词典 第139页,左联词典 第139页,a57277ad95da90fb1c44ba581396e38495c7cef4f1388fd0b1fa9c602d9e322a,
PSGN-00060,WORK-0033,SRC-0060,左联词典 第168页,左联词典 第168页,a57277ad95da90fb1c44ba581396e38495c7cef4f1388fd0b1fa9c602d9e322a,
PSGN-00061,WORK-0061,SRC-0061,鲁迅日记 1933年3月1日,鲁迅日记 1933年3月1日,22819f64addecb1529bc4c92e655f0589c26dd44203cc9dcba155123ab6be000,
PSGN-00062,WORK-0061,SRC-0062,鲁迅日记 1928年12月28日,鲁迅日记 1928年12月28日,22819f64addecb1529bc4c92e655f0589c26dd44203cc9dcba155123ab6be000,
PSGN-00063,WORK-0061,SRC-0063,鲁迅日记 1929年10月10日,鲁迅日记 1929年10月10日,22819f64addecb1529bc4c92e655f0589c26dd44203cc9dcba155123ab6be000,
PSGN-00064,WORK-0061,SRC-0064,鲁迅日记 1929年11月26日,鲁迅日记 1929年11月26日,22819f64addecb1529bc4c92e655f0589c26dd44203cc9dcba155123ab6be000,
PSGN-00065,WORK-0061,SRC-0065,鲁迅日记 1929年1月24日,鲁迅日记 1929年1月24日,22819f64addecb1529bc4c92e655f0589c26dd44203cc9dcba155123ab6be000,
PSGN-00066,WORK-0061,SRC-0066,鲁迅日记 1929年1月30日,鲁迅日记 1929年1月30日,22819f64addecb1529bc4c92e655f0589c26dd44203cc9dcba155123ab6be000,
PSGN-00067,WORK-0061,SRC-0067,鲁迅日记 1929年1月31日,鲁迅日记 1929年1月31日,22819f64addecb1529bc4c92e655f0589c26dd44203cc9dcba155123ab6be000,
PSGN-00068,WORK-0061,SRC-0068,鲁迅日记 1929年2月8日,鲁迅日记 1929年2月8日,22819f64addecb1529bc4c92e655f0589c26dd44203cc9dcba155123ab6be000,
PSGN-00069,WORK-0061,SRC-0069,鲁迅日记 1929年4月28日,鲁迅日记 1929年4月28日,22819f64addecb1529bc4c92e655f0589c26dd44203cc9dcba155123ab6be000,
PSGN-00070,WORK-0061,SRC-0070,鲁迅日记 1929年8月27日,鲁迅日记 1929年8月27日,22819f64addecb1529bc4c92e655f0589c26dd44203cc9dcba155123ab6be000,
PSGN-00071,WORK-0061,SRC-0071,鲁迅日记 1929年9月25日,鲁迅日记 1929年9月25日,22819f64addecb1529bc4c92e655f0589c26dd44203cc9dcba155123ab6be000,
PSGN-00072,WORK-0061,SRC-0072,鲁迅日记 1930年1月26日,鲁迅日记 1930年1月26日,22819f64addecb1529bc4c92e655f0589c26dd44203cc9dcba155123ab6be000,
PSGN-00073,WORK-0061,SRC-0073,鲁迅日记 1930年1月5日,鲁迅日记 1930年1月5日,22819f64addecb1529bc4c92e655f0589c26dd44203cc9dcba155123ab6be000,
PSGN-00074,WORK-0061,SRC-0074,鲁迅日记 1930年6月13日,鲁迅日记 1930年6月13日,22819f64addecb1529bc4c92e655f0589c26dd44203cc9dcba155123ab6be000,
PSGN-00075,WORK-0061,SRC-0075,鲁迅日记 1931年8月31日,鲁迅日记 1931年8月31日,22819f64addecb1529bc4c92e655f0589c26dd44203cc9dcba155123ab6be000,
PSGN-00076,WORK-0061,SRC-0076,鲁迅日记 1932年2月25日,鲁迅日记 1932年2月25日,22819f64addecb1529bc4c92e655f0589c26dd44203cc9dcba155123ab6be000,
PSGN-00077,WORK-0061,SRC-0077,鲁迅日记 1932年3月3日,鲁迅日记 1932年3月3日,22819f64addecb1529bc4c92e655f0589c26dd44203cc9dcba155123ab6be000,
PSGN-00078,WORK-0061,SRC-0078,鲁迅日记 1932年3月7日,鲁迅日记 1932年3月7日,22819f64addecb1529bc4c92e655f0589c26dd44203cc9dcba155123ab6be000,
PSGN-00079,WORK-0061,SRC-0079,鲁迅日记 1932年7月12日,鲁迅日记 1932年7月12日,22819f64addecb1529bc4c92e655f0589c26dd44203cc9dcba155123ab6be000,
PSGN-00080,WORK-0061,SRC-0080,鲁迅日记 1933年2月8日,鲁迅日记 1933年2月8日,22819f64addecb1529bc4c92e655f0589c26dd44203cc9dcba155123ab6be000,
PSGN-00081,WORK-0061,SRC-0081,鲁迅日记 1933年2月9日,鲁迅日记 1933年2月9日,22819f64addecb1529bc4c92e655f0589c26dd44203cc9dcba155123ab6be000,
PSGN-00082,WORK-0061,SRC-0082,鲁迅日记 1933年4月3日,鲁迅日记 1933年4月3日,22819f64addecb1529bc4c92e655f0589c26dd44203cc9dcba155123ab6be000,
PSGN-00083,WORK-0061,SRC-0083,鲁迅日记 1934年5月19日,鲁迅日记 1934年5月19日,22819f64addecb1529bc4c92e655f0589c26dd44203cc9dcba155123ab6be000,
PSGN-00084,WORK-0061,SRC-0084,鲁迅日记 1928年11月29日,鲁迅日记 1928年11月29日,22819f64addecb1529bc4c92e655f0589c26dd44203cc9dcba155123ab6be000,
PSGN-00085,WORK-0061,SRC-0085,鲁迅日记 1928年12月12日,鲁迅日记 1928年12月12日,22819f64addecb1529bc4c92e655f0589c26dd44203cc9dcba155123ab6be000,
PSGN-00086,WORK-0061,SRC-0086,鲁迅日记 1928年12月13日,鲁迅日记 1928年12月13日,22819f64addecb1529bc4c92e655f0589c26dd44203cc9dcba155123ab6be000,
PSGN-00087,WORK-0061,SRC-0087,鲁迅日记 1929年10月21日,鲁迅日记 1929年10月21日,22819f64addecb1529bc4c92e655f0589c26dd44203cc9dcba155123ab6be000,
PSGN-00088,WORK-0061,SRC-0088,鲁迅日记 1929年10月2日,鲁迅日记 1929年10月2日,22819f64addecb1529bc4c92e655f0589c26dd44203cc9dcba155123ab6be000,
PSGN-00089,WORK-0061,SRC-0089,鲁迅日记 1929年10月3日,鲁迅日记 1929年10月3日,22819f64addecb1529bc4c92e655f0589c26dd44203cc9dcba155123ab6be000,
PSGN-00090,WORK-0061,SRC-0090,鲁迅日记 1929年11月13日,鲁迅日记 1929年11月13日,22819f64addecb1529bc4c92e655f0589c26dd44203cc9dcba155123ab6be000,
PSGN-00091,WORK-0061,SRC-0091,鲁迅日记 1929年11月15日,鲁迅日记 1929年11月15日,22819f64addecb1529bc4c92e655f0589c26dd44203cc9dcba155123ab6be000,
PSGN-00092,WORK-0061,SRC-0092,鲁迅日记 1929年2月6日,鲁迅日记 1929年2月6日,22819f64addecb1529bc4c92e655f0589c26dd44203cc9dcba155123ab6be000,
PSGN-00093,WORK-0061,SRC-0093,鲁迅日记 1929年3月29日,鲁迅日记 1929年3月29日,22819f64addecb1529bc4c92e655f0589c26dd44203cc9dcba155123ab6be000,
PSGN-00094,WORK-0061,SRC-0094,鲁迅日记 1929年3月9日,鲁迅日记 1929年3月9日,22819f64addecb1529bc4c92e655f0589c26dd44203cc9dcba155123ab6be000,
PSGN-00095,WORK-0061,SRC-0095,鲁迅日记 1929年4月10日,鲁迅日记 1929年4月10日,22819f64addecb1529bc4c92e655f0589c26dd44203cc9dcba155123ab6be000,
PSGN-00096,WORK-0061,SRC-0096,鲁迅日记 1929年7月6日,鲁迅日记 1929年7月6日,22819f64addecb1529bc4c92e655f0589c26dd44203cc9dcba155123ab6be000,
PSGN-00097,WORK-0061,SRC-0097,鲁迅日记 1929年8月17日,鲁迅日记 1929年8月17日,22819f64addecb1529bc4c92e655f0589c26dd44203cc9dcba155123ab6be000,
PSGN-00098,WORK-0061,SRC-0098,鲁迅日记 1929年8月18日,鲁迅日记 1929年8月18日,22819f64addecb1529bc4c92e655f0589c26dd44203cc9dcba155123ab6be000,
PSGN-00099,WORK-0061,SRC-0099,鲁迅日记 1929年8月20日 等4条,鲁迅日记 1929年8月20日 等4条,22819f64addecb1529bc4c92e655f0589c26dd44203cc9dcba155123ab6be000,
PSGN-00100,WORK-0061,SRC-0100,鲁迅日记 1929年9月11日,鲁迅日记 1929年9月11日,22819f64addecb1529bc4c92e655f0589c26dd44203cc9dcba155123ab6be000,
PSGN-00101,WORK-0061,SRC-0101,鲁迅日记 1929年9月9日,鲁迅日记 1929年9月9日,22819f64addecb1529bc4c92e655f0589c26dd44203cc9dcba155123ab6be000,
PSGN-00102,WORK-0061,SRC-0102,鲁迅日记 1930年4月21日,鲁迅日记 1930年4月21日,22819f64addecb1529bc4c92e655f0589c26dd44203cc9dcba155123ab6be000,
PSGN-00103,WORK-0061,SRC-0103,鲁迅日记 1930年9月30日,鲁迅日记 1930年9月30日,22819f64addecb1529bc4c92e655f0589c26dd44203cc9dcba155123ab6be000,
PSGN-00104,WORK-0061,SRC-0104,鲁迅日记 1932年3月15日,鲁迅日记 1932年3月15日,22819f64addecb1529bc4c92e655f0589c26dd44203cc9dcba155123ab6be000,
PSGN-00105,WORK-0061,SRC-0105,鲁迅日记 1932年7月16日,鲁迅日记 1932年7月16日,22819f64addecb1529bc4c92e655f0589c26dd44203cc9dcba155123ab6be000,
PSGN-00106,WORK-0061,SRC-0106,鲁迅日记 1932年7月18日,鲁迅日记 1932年7月18日,22819f64addecb1529bc4c92e655f0589c26dd44203cc9dcba155123ab6be000,
PSGN-00107,WORK-0061,SRC-0107,鲁迅日记 1933年1月25日,鲁迅日记 1933年1月25日,22819f64addecb1529bc4c92e655f0589c26dd44203cc9dcba155123ab6be000,
PSGN-00108,WORK-0061,SRC-0108,鲁迅日记 1933年1月7日,鲁迅日记 1933年1月7日,22819f64addecb1529bc4c92e655f0589c26dd44203cc9dcba155123ab6be000,
PSGN-00109,WORK-0061,SRC-0109,鲁迅日记 1933年2月15日,鲁迅日记 1933年2月15日,22819f64addecb1529bc4c92e655f0589c26dd44203cc9dcba155123ab6be000,
PSGN-00110,WORK-0061,SRC-0110,鲁迅日记 1933年5月18日,鲁迅日记 1933年5月18日,22819f64addecb1529bc4c92e655f0589c26dd44203cc9dcba155123ab6be000,
PSGN-00111,WORK-0061,SRC-0111,鲁迅日记 1933年9月29日,鲁迅日记 1933年9月29日,22819f64addecb1529bc4c92e655f0589c26dd44203cc9dcba155123ab6be000,
PSGN-00112,WORK-0061,SRC-0112,鲁迅日记 1934年7月14日,鲁迅日记 1934年7月14日,22819f64addecb1529bc4c92e655f0589c26dd44203cc9dcba155123ab6be000,
PSGN-00113,WORK-0061,SRC-0113,鲁迅日记 1934年9月10日,鲁迅日记 1934年9月10日,22819f64addecb1529bc4c92e655f0589c26dd44203cc9dcba155123ab6be000,
PSGN-00114,WORK-0061,SRC-0114,鲁迅日记 1934年9月12日,鲁迅日记 1934年9月12日,22819f64addecb1529bc4c92e655f0589c26dd44203cc9dcba155123ab6be000,
PSGN-00115,WORK-0061,SRC-0115,鲁迅日记 1935年3月21日,鲁迅日记 1935年3月21日,22819f64addecb1529bc4c92e655f0589c26dd44203cc9dcba155123ab6be000,
PSGN-00116,WORK-0061,SRC-0116,鲁迅日记 1929年8月29日,鲁迅日记 1929年8月29日,22819f64addecb1529bc4c92e655f0589c26dd44203cc9dcba155123ab6be000,
PSGN-00117,WORK-0061,SRC-0117,鲁迅日记 1930年3月30日,鲁迅日记 1930年3月30日,22819f64addecb1529bc4c92e655f0589c26dd44203cc9dcba155123ab6be000,
PSGN-00118,WORK-0061,SRC-0118,鲁迅日记 1930年4月11日,鲁迅日记 1930年4月11日,22819f64addecb1529bc4c92e655f0589c26dd44203cc9dcba155123ab6be000,
PSGN-00119,WORK-0061,SRC-0119,鲁迅日记 1930年4月18日,鲁迅日记 1930年4月18日,22819f64addecb1529bc4c92e655f0589c26dd44203cc9dcba155123ab6be000,
PSGN-00120,WORK-0061,SRC-0120,鲁迅日记 1930年4月9日,鲁迅日记 1930年4月9日,22819f64addecb1529bc4c92e655f0589c26dd44203cc9dcba155123ab6be000,
PSGN-00121,WORK-0061,SRC-0121,鲁迅日记 1930年6月10日,鲁迅日记 1930年6月10日,22819f64addecb1529bc4c92e655f0589c26dd44203cc9dcba155123ab6be000,
PSGN-00122,WORK-0061,SRC-0122,鲁迅日记 1930年6月17日,鲁迅日记 1930年6月17日,22819f64addecb1529bc4c92e655f0589c26dd44203cc9dcba155123ab6be000,
PSGN-00123,WORK-0061,SRC-0123,鲁迅日记 1930年6月7日,鲁迅日记 1930年6月7日,22819f64addecb1529bc4c92e655f0589c26dd44203cc9dcba155123ab6be000,
PSGN-00124,WORK-0033,SRC-0124,左联词典 第118页,左联词典 第118页,a57277ad95da90fb1c44ba581396e38495c7cef4f1388fd0b1fa9c602d9e322a,
PSGN-00125,WORK-0033,SRC-0125,左联词典 第175页,左联词典 第175页,a57277ad95da90fb1c44ba581396e38495c7cef4f1388fd0b1fa9c602d9e322a,
PSGN-00126,WORK-0033,SRC-0126,左联词典 第192页,左联词典 第192页,a57277ad95da90fb1c44ba581396e38495c7cef4f1388fd0b1fa9c602d9e322a,
PSGN-00127,WORK-0033,SRC-0127,左联词典 第212页,左联词典 第212页,a57277ad95da90fb1c44ba581396e38495c7cef4f1388fd0b1fa9c602d9e322a,
PSGN-00128,WORK-0033,SRC-0128,左联词典 第239页,左联词典 第239页,a57277ad95da90fb1c44ba581396e38495c7cef4f1388fd0b1fa9c602d9e322a,
PSGN-00129,WORK-0033,SRC-0129,左联词典 第200页,左联词典 第200页,a57277ad95da90fb1c44ba581396e38495c7cef4f1388fd0b1fa9c602d9e322a,
PSGN-00130,WORK-0061,SRC-0130,鲁迅日记 1936年7月18日,鲁迅日记 1936年7月18日,22819f64addecb1529bc4c92e655f0589c26dd44203cc9dcba155123ab6be000,
PSGN-00131,WORK-0033,SRC-0131,左联词典 第145页,左联词典 第145页,a57277ad95da90fb1c44ba581396e38495c7cef4f1388fd0b1fa9c602d9e322a,
PSGN-00132,WORK-0033,SRC-0132,左联词典 第157页,左联词典 第157页,a57277ad95da90fb1c44ba581396e38495c7cef4f1388fd0b1fa9c602d9e322a,
PSGN-00133,WORK-0033,SRC-0133,左联词典 第169页,左联词典 第169页,a57277ad95da90fb1c44ba581396e38495c7cef4f1388fd0b1fa9c602d9e322a,
PSGN-00134,WORK-0033,SRC-0134,左联词典 第198页,左联词典 第198页,a57277ad95da90fb1c44ba581396e38495c7cef4f1388fd0b1fa9c602d9e322a,
PSGN-00135,WORK-0033,SRC-0135,左联词典 第109页,左联词典 第109页,a57277ad95da90fb1c44ba581396e38495c7cef4f1388fd0b1fa9c602d9e322a,
PSGN-00136,WORK-0033,SRC-0136,左联词典 第162页,左联词典 第162页,a57277ad95da90fb1c44ba581396e38495c7cef4f1388fd0b1fa9c602d9e322a,
PSGN-00137,WORK-0033,SRC-0137,左联词典 第190页,左联词典 第190页,a57277ad95da90fb1c44ba581396e38495c7cef4f1388fd0b1fa9c602d9e322a,
PSGN-00138,WORK-0033,SRC-0138,左联词典 第247页,左联词典 第247页,a57277ad95da90fb1c44ba581396e38495c7cef4f1388fd0b1fa9c602d9e322a,
PSGN-00139,WORK-0033,SRC-0139,左联词典 第155页,左联词典 第155页,a57277ad95da90fb1c44ba581396e38495c7cef4f1388fd0b1fa9c602d9e322a,
PSGN-00140,WORK-0033,SRC-0140,左联词典 第227页,左联词典 第227页,a57277ad95da90fb1c44ba581396e38495c7cef4f1388fd0b1fa9c602d9e322a,
PSGN-00141,WORK-0033,SRC-0141,左联词典 第114页,左联词典 第114页,a57277ad95da90fb1c44ba581396e38495c7cef4f1388fd0b1fa9c602d9e322a,
PSGN-00142,WORK-0033,SRC-0142,左联词典 第156页,左联词典 第156页,a57277ad95da90fb1c44ba581396e38495c7cef4f1388fd0b1fa9c602d9e322a,
PSGN-00143,WORK-0033,SRC-0143,左联词典 第158页,左联词典 第158页,a57277ad95da90fb1c44ba581396e38495c7cef4f1388fd0b1fa9c602d9e322a,
PSGN-00144,WORK-0033,SRC-0144,左联词典 第219页,左联词典 第219页,a57277ad95da90fb1c44ba581396e38495c7cef4f1388fd0b1fa9c602d9e322a,
PSGN-00145,WORK-0033,SRC-0145,左联词典 第228页,左联词典 第228页,a57277ad95da90fb1c44ba581396e38495c7cef4f1388fd0b1fa9c602d9e322a,
PSGN-00146,WORK-0033,SRC-0146,左联词典 第262页,左联词典 第262页,a57277ad95da90fb1c44ba581396e38495c7cef4f1388fd0b1fa9c602d9e322a,
PSGN-00147,WORK-0033,SRC-0147,左联词典 第263页,左联词典 第263页,a57277ad95da90fb1c44ba581396e38495c7cef4f1388fd0b1fa9c602d9e322a,
PSGN-00148,WORK-0033,SRC-0148,左联词典 第278页,左联词典 第278页,a57277ad95da90fb1c44ba581396e38495c7cef4f1388fd0b1fa9c602d9e322a,
PSGN-00149,WORK-0033,SRC-0149,左联词典 第252页,左联词典 第252页,a57277ad95da90fb1c44ba581396e38495c7cef4f1388fd0b1fa9c602d9e322a,
PSGN-00150,WORK-0033,SRC-0150,左联词典 第331页,左联词典 第331页,a57277ad95da90fb1c44ba581396e38495c7cef4f1388fd0b1fa9c602d9e322a,
PSGN-00151,WORK-0033,SRC-0151,左联词典 第483页,左联词典 第483页,a57277ad95da90fb1c44ba581396e38495c7cef4f1388fd0b1fa9c602d9e322a,
PSGN-00152,WORK-0033,SRC-0152,左联词典 第143页,左联词典 第143页,a57277ad95da90fb1c44ba581396e38495c7cef4f1388fd0b1fa9c602d9e322a,
PSGN-00153,WORK-0033,SRC-0153,左联词典 第173页,左联词典 第173页,a57277ad95da90fb1c44ba581396e38495c7cef4f1388fd0b1fa9c602d9e322a,
PSGN-00154,WORK-0033,SRC-0154,左联词典 第163页,左联词典 第163页,a57277ad95da90fb1c44ba581396e38495c7cef4f1388fd0b1fa9c602d9e322a,
PSGN-00155,WORK-0033,SRC-0155,左联词典 第179页,左联词典 第179页,a57277ad95da90fb1c44ba581396e38495c7cef4f1388fd0b1fa9c602d9e322a,
PSGN-00156,WORK-0033,SRC-0156,左联词典 第180页,左联词典 第180页,a57277ad95da90fb1c44ba581396e38495c7cef4f1388fd0b1fa9c602d9e322a,
PSGN-00157,WORK-0033,SRC-0157,左联词典 第242页,左联词典 第242页,a57277ad95da90fb1c44ba581396e38495c7cef4f1388fd0b1fa9c602d9e322a,
PSGN-00158,WORK-0033,SRC-0158,左联词典 第402页,左联词典 第402页,a57277ad95da90fb1c44ba581396e38495c7cef4f1388fd0b1fa9c602d9e322a,
PSGN-00159,WORK-0033,SRC-0159,左联词典 第161页,左联词典 第161页,a57277ad95da90fb1c44ba581396e38495c7cef4f1388fd0b1fa9c602d9e322a,
PSGN-00160,WORK-0033,SRC-0160,左联词典 第207页,左联词典 第207页,a57277ad95da90fb1c44ba581396e38495c7cef4f1388fd0b1fa9c602d9e322a,
PSGN-00161,WORK-0033,SRC-0161,左联词典 第513页,左联词典 第513页,a57277ad95da90fb1c44ba581396e38495c7cef4f1388fd0b1fa9c602d9e322a,
PSGN-00162,WORK-0033,SRC-0162,左联词典 第685页,左联词典 第685页,a57277ad95da90fb1c44ba581396e38495c7cef4f1388fd0b1fa9c602d9e322a,
PSGN-00163,WORK-0033,SRC-0163,左联词典 第336页,左联词典 第336页,a57277ad95da90fb1c44ba581396e38495c7cef4f1388fd0b1fa9c602d9e322a,
PSGN-00164,WORK-0033,SRC-0164,左联词典 第358页,左联词典 第358页,a57277ad95da90fb1c44ba581396e38495c7cef4f1388fd0b1fa9c602d9e322a,
PSGN-00165,WORK-0033,SRC-0165,左联词典 第460页,左联词典 第460页,a57277ad95da90fb1c44ba581396e38495c7cef4f1388fd0b1fa9c602d9e322a,
PSGN-00166,WORK-0033,SRC-0166,左联词典 第224页,左联词典 第224页,a57277ad95da90fb1c44ba581396e38495c7cef4f1388fd0b1fa9c602d9e322a,
PSGN-00167,WORK-0033,SRC-0167,左联词典 第476页,左联词典 第476页,a57277ad95da90fb1c44ba581396e38495c7cef4f1388fd0b1fa9c602d9e322a,
PSGN-00168,WORK-0033,SRC-0168,左联词典 第489页,左联词典 第489页,a57277ad95da90fb1c44ba581396e38495c7cef4f1388fd0b1fa9c602d9e322a,
PSGN-00169,WORK-0033,SRC-0169,左联词典 第496页,左联词典 第496页,a57277ad95da90fb1c44ba581396e38495c7cef4f1388fd0b1fa9c602d9e322a,
PSGN-00170,WORK-0030,SRC-0170,左联史 第191页,左联史 第191页,13968935ec647f0b5bbcceee40d6cd9d6bfb3ffcf5ea9b562e3ce12bba4db5d2,
PSGN-00171,WORK-0033,SRC-0171,左联词典 第136页,左联词典 第136页,a57277ad95da90fb1c44ba581396e38495c7cef4f1388fd0b1fa9c602d9e322a,
PSGN-00172,WORK-0033,SRC-0172,左联词典 第166页,左联词典 第166页,a57277ad95da90fb1c44ba581396e38495c7cef4f1388fd0b1fa9c602d9e322a,
PSGN-00173,WORK-0033,SRC-0173,左联词典 第486页,左联词典 第486页,a57277ad95da90fb1c44ba581396e38495c7cef4f1388fd0b1fa9c602d9e322a,
PSGN-00174,WORK-0061,SRC-0174,鲁迅日记 1928年11月30日,鲁迅日记 1928年11月30日,22819f64addecb1529bc4c92e655f0589c26dd44203cc9dcba155123ab6be000,
PSGN-00175,WORK-0033,SRC-0175,左联词典 第181页,左联词典 第181页,a57277ad95da90fb1c44ba581396e38495c7cef4f1388fd0b1fa9c602d9e322a,
PSGN-00176,WORK-0033,SRC-0176,左联词典 第477页,左联词典 第477页,a57277ad95da90fb1c44ba581396e38495c7cef4f1388fd0b1fa9c602d9e322a,
PSGN-00177,WORK-0033,SRC-0177,左联词典 第525页,左联词典 第525页,a57277ad95da90fb1c44ba581396e38495c7cef4f1388fd0b1fa9c602d9e322a,
PSGN-00178,WORK-0033,SRC-0178,左联词典 第563页,左联词典 第563页,a57277ad95da90fb1c44ba581396e38495c7cef4f1388fd0b1fa9c602d9e322a,
PSGN-00179,WORK-0033,SRC-0179,左联词典 第184页,左联词典 第184页,a57277ad95da90fb1c44ba581396e38495c7cef4f1388fd0b1fa9c602d9e322a,
PSGN-00180,WORK-0033,SRC-0180,左联词典 第229页,左联词典 第229页,a57277ad95da90fb1c44ba581396e38495c7cef4f1388fd0b1fa9c602d9e322a,
PSGN-00181,WORK-0033,SRC-0181,左联词典 第487页,左联词典 第487页,a57277ad95da90fb1c44ba581396e38495c7cef4f1388fd0b1fa9c602d9e322a,
PSGN-00182,WORK-0061,SRC-0182,鲁迅日记 1929年6月1日,鲁迅日记 1929年6月1日,22819f64addecb1529bc4c92e655f0589c26dd44203cc9dcba155123ab6be000,
PSGN-00183,WORK-0061,SRC-0183,鲁迅日记 1929年5月20日,鲁迅日记 1929年5月20日,22819f64addecb1529bc4c92e655f0589c26dd44203cc9dcba155123ab6be000,
PSGN-00184,WORK-0061,SRC-0184,鲁迅日记 1929年5月28日,鲁迅日记 1929年5月28日,22819f64addecb1529bc4c92e655f0589c26dd44203cc9dcba155123ab6be000,
PSGN-00185,WORK-0061,SRC-0185,鲁迅日记 1929年10月20日,鲁迅日记 1929年10月20日,22819f64addecb1529bc4c92e655f0589c26dd44203cc9dcba155123ab6be000,
PSGN-00186,WORK-0061,SRC-0186,鲁迅日记 1929年10月21日 等4条,鲁迅日记 1929年10月21日 等4条,22819f64addecb1529bc4c92e655f0589c26dd44203cc9dcba155123ab6be000,
PSGN-00187,WORK-0061,SRC-0187,鲁迅日记 1929年10月5日,鲁迅日记 1929年10月5日,22819f64addecb1529bc4c92e655f0589c26dd44203cc9dcba155123ab6be000,
PSGN-00188,WORK-0061,SRC-0188,鲁迅日记 1929年11月18日,鲁迅日记 1929年11月18日,22819f64addecb1529bc4c92e655f0589c26dd44203cc9dcba155123ab6be000,
PSGN-00189,WORK-0061,SRC-0189,鲁迅日记 1929年3月18日,鲁迅日记 1929年3月18日,22819f64addecb1529bc4c92e655f0589c26dd44203cc9dcba155123ab6be000,
PSGN-00190,WORK-0061,SRC-0190,鲁迅日记 1929年3月23日,鲁迅日记 1929年3月23日,22819f64addecb1529bc4c92e655f0589c26dd44203cc9dcba155123ab6be000,
PSGN-00191,WORK-0061,SRC-0191,鲁迅日记 1929年4月16日,鲁迅日记 1929年4月16日,22819f64addecb1529bc4c92e655f0589c26dd44203cc9dcba155123ab6be000,
PSGN-00192,WORK-0061,SRC-0192,鲁迅日记 1929年6月11日,鲁迅日记 1929年6月11日,22819f64addecb1529bc4c92e655f0589c26dd44203cc9dcba155123ab6be000,
PSGN-00193,WORK-0061,SRC-0193,鲁迅日记 1929年6月19日,鲁迅日记 1929年6月19日,22819f64addecb1529bc4c92e655f0589c26dd44203cc9dcba155123ab6be000,
PSGN-00194,WORK-0061,SRC-0194,鲁迅日记 1929年6月22日 等4条,鲁迅日记 1929年6月22日 等4条,22819f64addecb1529bc4c92e655f0589c26dd44203cc9dcba155123ab6be000,
PSGN-00195,WORK-0061,SRC-0195,鲁迅日记 1929年7月13日 等5条,鲁迅日记 1929年7月13日 等5条,22819f64addecb1529bc4c92e655f0589c26dd44203cc9dcba155123ab6be000,
PSGN-00196,WORK-0061,SRC-0196,鲁迅日记 1929年7月3日,鲁迅日记 1929年7月3日,22819f64addecb1529bc4c92e655f0589c26dd44203cc9dcba155123ab6be000,
PSGN-00197,WORK-0061,SRC-0197,鲁迅日记 1929年7月9日,鲁迅日记 1929年7月9日,22819f64addecb1529bc4c92e655f0589c26dd44203cc9dcba155123ab6be000,
PSGN-00198,WORK-0061,SRC-0198,鲁迅日记 1929年8月13日,鲁迅日记 1929年8月13日,22819f64addecb1529bc4c92e655f0589c26dd44203cc9dcba155123ab6be000,
PSGN-00199,WORK-0061,SRC-0199,鲁迅日记 1929年8月21日,鲁迅日记 1929年8月21日,22819f64addecb1529bc4c92e655f0589c26dd44203cc9dcba155123ab6be000,
PSGN-00200,WORK-0061,SRC-0200,鲁迅日记 1929年9月23日,鲁迅日记 1929年9月23日,22819f64addecb1529bc4c92e655f0589c26dd44203cc9dcba155123ab6be000,
PSGN-00201,WORK-0061,SRC-0201,鲁迅日记 1929年9月28日,鲁迅日记 1929年9月28日,22819f64addecb1529bc4c92e655f0589c26dd44203cc9dcba155123ab6be000,
PSGN-00202,WORK-0061,SRC-0202,鲁迅日记 1930年1月19日,鲁迅日记 1930年1月19日,22819f64addecb1529bc4c92e655f0589c26dd44203cc9dcba155123ab6be000,
PSGN-00203,WORK-0061,SRC-0203,鲁迅日记 1930年1月20日,鲁迅日记 1930年1月20日,22819f64addecb1529bc4c92e655f0589c26dd44203cc9dcba155123ab6be000,
PSGN-00204,WORK-0061,SRC-0204,鲁迅日记 1930年2月15日,鲁迅日记 1930年2月15日,22819f64addecb1529bc4c92e655f0589c26dd44203cc9dcba155123ab6be000,
PSGN-00205,WORK-0061,SRC-0205,鲁迅日记 1930年2月3日,鲁迅日记 1930年2月3日,22819f64addecb1529bc4c92e655f0589c26dd44203cc9dcba155123ab6be000,
PSGN-00206,WORK-0061,SRC-0206,鲁迅日记 1930年3月12日,鲁迅日记 1930年3月12日,22819f64addecb1529bc4c92e655f0589c26dd44203cc9dcba155123ab6be000,
PSGN-00207,WORK-0061,SRC-0207,鲁迅日记 1930年5月5日,鲁迅日记 1930年5月5日,22819f64addecb1529bc4c92e655f0589c26dd44203cc9dcba155123ab6be000,
PSGN-00208,WORK-0061,SRC-0208,鲁迅日记 1930年8月14日,鲁迅日记 1930年8月14日,22819f64addecb1529bc4c92e655f0589c26dd44203cc9dcba155123ab6be000,
PSGN-00209,WORK-0061,SRC-0209,鲁迅日记 1932年12月22日,鲁迅日记 1932年12月22日,22819f64addecb1529bc4c92e655f0589c26dd44203cc9dcba155123ab6be000,
PSGN-00210,WORK-0061,SRC-0210,鲁迅日记 1932年12月26日,鲁迅日记 1932年12月26日,22819f64addecb1529bc4c92e655f0589c26dd44203cc9dcba155123ab6be000,
PSGN-00211,WORK-0061,SRC-0211,鲁迅日记 1932年4月26日,鲁迅日记 1932年4月26日,22819f64addecb1529bc4c92e655f0589c26dd44203cc9dcba155123ab6be000,
PSGN-00212,WORK-0061,SRC-0212,鲁迅日记 1932年4月27日,鲁迅日记 1932年4月27日,22819f64addecb1529bc4c92e655f0589c26dd44203cc9dcba155123ab6be000,
PSGN-00213,WORK-0061,SRC-0213,鲁迅日记 1932年5月12日,鲁迅日记 1932年5月12日,22819f64addecb1529bc4c92e655f0589c26dd44203cc9dcba155123ab6be000,
PSGN-00214,WORK-0061,SRC-0214,鲁迅日记 1932年6月10日,鲁迅日记 1932年6月10日,22819f64addecb1529bc4c92e655f0589c26dd44203cc9dcba155123ab6be000,
PSGN-00215,WORK-0061,SRC-0215,鲁迅日记 1932年6月30日,鲁迅日记 1932年6月30日,22819f64addecb1529bc4c92e655f0589c26dd44203cc9dcba155123ab6be000,
PSGN-00216,WORK-0061,SRC-0216,鲁迅日记 1932年6月5日,鲁迅日记 1932年6月5日,22819f64addecb1529bc4c92e655f0589c26dd44203cc9dcba155123ab6be000,
PSGN-00217,WORK-0061,SRC-0217,鲁迅日记 1932年7月3日,鲁迅日记 1932年7月3日,22819f64addecb1529bc4c92e655f0589c26dd44203cc9dcba155123ab6be000,
PSGN-00218,WORK-0061,SRC-0218,鲁迅日记 1932年7月8日,鲁迅日记 1932年7月8日,22819f64addecb1529bc4c92e655f0589c26dd44203cc9dcba155123ab6be000,
PSGN-00219,WORK-0061,SRC-0219,鲁迅日记 1933年2月18日,鲁迅日记 1933年2月18日,22819f64addecb1529bc4c92e655f0589c26dd44203cc9dcba155123ab6be000,
PSGN-00220,WORK-0061,SRC-0220,鲁迅日记 1933年2月24日 等4条,鲁迅日记 1933年2月24日 等4条,22819f64addecb1529bc4c92e655f0589c26dd44203cc9dcba155123ab6be000,
PSGN-00221,WORK-0061,SRC-0221,鲁迅日记 1933年3月10日,鲁迅日记 1933年3月10日,22819f64addecb1529bc4c92e655f0589c26dd44203cc9dcba155123ab6be000,
PSGN-00222,WORK-0061,SRC-0222,鲁迅日记 1933年5月12日,鲁迅日记 1933年5月12日,22819f64addecb1529bc4c92e655f0589c26dd44203cc9dcba155123ab6be000,
PSGN-00223,WORK-0061,SRC-0223,鲁迅日记 1933年8月24日,鲁迅日记 1933年8月24日,22819f64addecb1529bc4c92e655f0589c26dd44203cc9dcba155123ab6be000,
PSGN-00224,WORK-0061,SRC-0224,鲁迅日记 1933年8月9日,鲁迅日记 1933年8月9日,22819f64addecb1529bc4c92e655f0589c26dd44203cc9dcba155123ab6be000,
PSGN-00225,WORK-0061,SRC-0225,鲁迅日记 1934年10月5日,鲁迅日记 1934年10月5日,22819f64addecb1529bc4c92e655f0589c26dd44203cc9dcba155123ab6be000,
PSGN-00226,WORK-0061,SRC-0226,鲁迅日记 1934年11月19日 等6条,鲁迅日记 1934年11月19日 等6条,22819f64addecb1529bc4c92e655f0589c26dd44203cc9dcba155123ab6be000,
PSGN-00227,WORK-0061,SRC-0227,鲁迅日记 1934年11月6日,鲁迅日记 1934年11月6日,22819f64addecb1529bc4c92e655f0589c26dd44203cc9dcba155123ab6be000,
PSGN-00228,WORK-0061,SRC-0228,鲁迅日记 1934年11月7日,鲁迅日记 1934年11月7日,22819f64addecb1529bc4c92e655f0589c26dd44203cc9dcba155123ab6be000,
PSGN-00229,WORK-0061,SRC-0229,鲁迅日记 1934年12月8日,鲁迅日记 1934年12月8日,22819f64addecb1529bc4c92e655f0589c26dd44203cc9dcba155123ab6be000,
PSGN-00230,WORK-0061,SRC-0230,鲁迅日记 1934年6月28日,鲁迅日记 1934年6月28日,22819f64addecb1529bc4c92e655f0589c26dd44203cc9dcba155123ab6be000,
PSGN-00231,WORK-0061,SRC-0231,鲁迅日记 1934年8月7日,鲁迅日记 1934年8月7日,22819f64addecb1529bc4c92e655f0589c26dd44203cc9dcba155123ab6be000,
PSGN-00232,WORK-0061,SRC-0232,鲁迅日记 1935年11月27日,鲁迅日记 1935年11月27日,22819f64addecb1529bc4c92e655f0589c26dd44203cc9dcba155123ab6be000,
PSGN-00233,WORK-0061,SRC-0233,鲁迅日记 1935年1月11日,鲁迅日记 1935年1月11日,22819f64addecb1529bc4c92e655f0589c26dd44203cc9dcba155123ab6be000,
PSGN-00234,WORK-0061,SRC-0234,鲁迅日记 1935年1月21日,鲁迅日记 1935年1月21日,22819f64addecb1529bc4c92e655f0589c26dd44203cc9dcba155123ab6be000,
PSGN-00235,WORK-0061,SRC-0235,鲁迅日记 1935年2月22日,鲁迅日记 1935年2月22日,22819f64addecb1529bc4c92e655f0589c26dd44203cc9dcba155123ab6be000,
PSGN-00236,WORK-0061,SRC-0236,鲁迅日记 1935年6月16日,鲁迅日记 1935年6月16日,22819f64addecb1529bc4c92e655f0589c26dd44203cc9dcba155123ab6be000,
PSGN-00237,WORK-0061,SRC-0237,鲁迅日记 1935年6月1日,鲁迅日记 1935年6月1日,22819f64addecb1529bc4c92e655f0589c26dd44203cc9dcba155123ab6be000,
PSGN-00238,WORK-0061,SRC-0238,鲁迅日记 1935年6月23日,鲁迅日记 1935年6月23日,22819f64addecb1529bc4c92e655f0589c26dd44203cc9dcba155123ab6be000,
PSGN-00239,WORK-0061,SRC-0239,鲁迅日记 1935年7月17日,鲁迅日记 1935年7月17日,22819f64addecb1529bc4c92e655f0589c26dd44203cc9dcba155123ab6be000,
PSGN-00240,WORK-0061,SRC-0240,鲁迅日记 1935年7月18日,鲁迅日记 1935年7月18日,22819f64addecb1529bc4c92e655f0589c26dd44203cc9dcba155123ab6be000,
PSGN-00241,WORK-0061,SRC-0241,鲁迅日记 1935年7月22日,鲁迅日记 1935年7月22日,22819f64addecb1529bc4c92e655f0589c26dd44203cc9dcba155123ab6be000,
PSGN-00242,WORK-0061,SRC-0242,鲁迅日记 1935年8月15日,鲁迅日记 1935年8月15日,22819f64addecb1529bc4c92e655f0589c26dd44203cc9dcba155123ab6be000,
PSGN-00243,WORK-0061,SRC-0243,鲁迅日记 1935年8月24日,鲁迅日记 1935年8月24日,22819f64addecb1529bc4c92e655f0589c26dd44203cc9dcba155123ab6be000,
PSGN-00244,WORK-0061,SRC-0244,鲁迅日记 1936年4月21日,鲁迅日记 1936年4月21日,22819f64addecb1529bc4c92e655f0589c26dd44203cc9dcba155123ab6be000,
PSGN-00245,WORK-0061,SRC-0245,鲁迅日记 1936年5月22日,鲁迅日记 1936年5月22日,22819f64addecb1529bc4c92e655f0589c26dd44203cc9dcba155123ab6be000,
PSGN-00246,WORK-0061,SRC-0246,鲁迅日记 1936年5月8日,鲁迅日记 1936年5月8日,22819f64addecb1529bc4c92e655f0589c26dd44203cc9dcba155123ab6be000,
PSGN-00247,WORK-0061,SRC-0247,鲁迅日记 1936年5月9日,鲁迅日记 1936年5月9日,22819f64addecb1529bc4c92e655f0589c26dd44203cc9dcba155123ab6be000,
PSGN-00248,WORK-0061,SRC-0248,鲁迅日记 1936年7月21日,鲁迅日记 1936年7月21日,22819f64addecb1529bc4c92e655f0589c26dd44203cc9dcba155123ab6be000,
PSGN-00249,WORK-0033,SRC-0249,左联词典 第580页,左联词典 第580页,a57277ad95da90fb1c44ba581396e38495c7cef4f1388fd0b1fa9c602d9e322a,
PSGN-00250,WORK-0030,SRC-0250,左联史 第440页,左联史 第440页,13968935ec647f0b5bbcceee40d6cd9d6bfb3ffcf5ea9b562e3ce12bba4db5d2,
PSGN-00251,WORK-0033,SRC-0251,左联词典 第186页,左联词典 第186页,a57277ad95da90fb1c44ba581396e38495c7cef4f1388fd0b1fa9c602d9e322a,
PSGN-00252,WORK-0033,SRC-0252,左联词典 第287页,左联词典 第287页,a57277ad95da90fb1c44ba581396e38495c7cef4f1388fd0b1fa9c602d9e322a,
PSGN-00253,WORK-0033,SRC-0253,左联词典 第288页,左联词典 第288页,a57277ad95da90fb1c44ba581396e38495c7cef4f1388fd0b1fa9c602d9e322a,
PSGN-00254,WORK-0033,SRC-0254,左联词典 第308页,左联词典 第308页,a57277ad95da90fb1c44ba581396e38495c7cef4f1388fd0b1fa9c602d9e322a,
PSGN-00255,WORK-0033,SRC-0255,左联词典 第438页,左联词典 第438页,a57277ad95da90fb1c44ba581396e38495c7cef4f1388fd0b1fa9c602d9e322a,
PSGN-00256,WORK-0033,SRC-0256,左联词典 第280页,左联词典 第280页,a57277ad95da90fb1c44ba581396e38495c7cef4f1388fd0b1fa9c602d9e322a,
PSGN-00257,WORK-0033,SRC-0257,左联词典 第457页,左联词典 第457页,a57277ad95da90fb1c44ba581396e38495c7cef4f1388fd0b1fa9c602d9e322a,
PSGN-00258,WORK-0033,SRC-0258,左联词典 第488页,左联词典 第488页,a57277ad95da90fb1c44ba581396e38495c7cef4f1388fd0b1fa9c602d9e322a,
PSGN-00259,WORK-0033,SRC-0259,左联词典 第275页,左联词典 第275页,a57277ad95da90fb1c44ba581396e38495c7cef4f1388fd0b1fa9c602d9e322a,
PSGN-00260,WORK-0033,SRC-0260,左联词典 第431页,左联词典 第431页,a57277ad95da90fb1c44ba581396e38495c7cef4f1388fd0b1fa9c602d9e322a,
PSGN-00261,WORK-0033,SRC-0261,左联词典 第343页,左联词典 第343页,a57277ad95da90fb1c44ba581396e38495c7cef4f1388fd0b1fa9c602d9e322a,
PSGN-00262,WORK-0033,SRC-0262,左联词典 第491页,左联词典 第491页,a57277ad95da90fb1c44ba581396e38495c7cef4f1388fd0b1fa9c602d9e322a,
PSGN-00263,WORK-0033,SRC-0263,左联词典 第499页,左联词典 第499页,a57277ad95da90fb1c44ba581396e38495c7cef4f1388fd0b1fa9c602d9e322a,
PSGN-00264,WORK-0033,SRC-0264,左联词典 第330页,左联词典 第330页,a57277ad95da90fb1c44ba581396e38495c7cef4f1388fd0b1fa9c602d9e322a,
PSGN-00265,WORK-0033,SRC-0265,左联词典 第500页,左联词典 第500页,a57277ad95da90fb1c44ba581396e38495c7cef4f1388fd0b1fa9c602d9e322a,
PSGN-00266,WORK-0033,SRC-0266,左联词典 第557页,左联词典 第557页,a57277ad95da90fb1c44ba581396e38495c7cef4f1388fd0b1fa9c602d9e322a,
PSGN-00267,WORK-0033,SRC-0267,左联词典 第285页,左联词典 第285页,a57277ad95da90fb1c44ba581396e38495c7cef4f1388fd0b1fa9c602d9e322a,
PSGN-00268,WORK-0033,SRC-0268,左联词典 第515页,左联词典 第515页,a57277ad95da90fb1c44ba581396e38495c7cef4f1388fd0b1fa9c602d9e322a,
PSGN-00269,WORK-0033,SRC-0269,左联词典 第512页,左联词典 第512页,a57277ad95da90fb1c44ba581396e38495c7cef4f1388fd0b1fa9c602d9e322a,
PSGN-00270,WORK-0033,SRC-0270,左联词典 第133页,左联词典 第133页,a57277ad95da90fb1c44ba581396e38495c7cef4f1388fd0b1fa9c602d9e322a,
PSGN-00271,WORK-0033,SRC-0271,左联词典 第254页,左联词典 第254页,a57277ad95da90fb1c44ba581396e38495c7cef4f1388fd0b1fa9c602d9e322a,
PSGN-00272,WORK-0033,SRC-0272,左联词典 第294页,左联词典 第294页,a57277ad95da90fb1c44ba581396e38495c7cef4f1388fd0b1fa9c602d9e322a,
PSGN-00273,WORK-0033,SRC-0273,左联词典 第300页,左联词典 第300页,a57277ad95da90fb1c44ba581396e38495c7cef4f1388fd0b1fa9c602d9e322a,
PSGN-00274,WORK-0033,SRC-0274,左联词典 第159页,左联词典 第159页,a57277ad95da90fb1c44ba581396e38495c7cef4f1388fd0b1fa9c602d9e322a,
PSGN-00275,WORK-0033,SRC-0275,左联词典 第268页,左联词典 第268页,a57277ad95da90fb1c44ba581396e38495c7cef4f1388fd0b1fa9c602d9e322a,
PSGN-00276,WORK-0033,SRC-0276,左联词典 第243页,左联词典 第243页,a57277ad95da90fb1c44ba581396e38495c7cef4f1388fd0b1fa9c602d9e322a,
PSGN-00277,WORK-0033,SRC-0277,左联词典 第353页,左联词典 第353页,a57277ad95da90fb1c44ba581396e38495c7cef4f1388fd0b1fa9c602d9e322a,
PSGN-00278,WORK-0033,SRC-0278,左联词典 第505页,左联词典 第505页,a57277ad95da90fb1c44ba581396e38495c7cef4f1388fd0b1fa9c602d9e322a,
PSGN-00279,WORK-0033,SRC-0279,左联词典 第547页,左联词典 第547页,a57277ad95da90fb1c44ba581396e38495c7cef4f1388fd0b1fa9c602d9e322a,
PSGN-00280,WORK-0030,SRC-0280,左联史 第17页,左联史 第17页,13968935ec647f0b5bbcceee40d6cd9d6bfb3ffcf5ea9b562e3ce12bba4db5d2,
PSGN-00281,WORK-0030,SRC-0281,左联史 第305页,左联史 第305页,13968935ec647f0b5bbcceee40d6cd9d6bfb3ffcf5ea9b562e3ce12bba4db5d2,
PSGN-00282,WORK-0030,SRC-0282,左联史 第730页,左联史 第730页,13968935ec647f0b5bbcceee40d6cd9d6bfb3ffcf5ea9b562e3ce12bba4db5d2,
PSGN-00283,WORK-0030,SRC-0283,左联史 第97页,左联史 第97页,13968935ec647f0b5bbcceee40d6cd9d6bfb3ffcf5ea9b562e3ce12bba4db5d2,
PSGN-00284,WORK-0030,SRC-0284,左联史 第498页,左联史 第498页,13968935ec647f0b5bbcceee40d6cd9d6bfb3ffcf5ea9b562e3ce12bba4db5d2,
PSGN-00285,WORK-0033,SRC-0285,左联词典 第138页,左联词典 第138页,a57277ad95da90fb1c44ba581396e38495c7cef4f1388fd0b1fa9c602d9e322a,
PSGN-00286,WORK-0033,SRC-0286,左联词典 第178页,左联词典 第178页,a57277ad95da90fb1c44ba581396e38495c7cef4f1388fd0b1fa9c602d9e322a,
PSGN-00287,WORK-0033,SRC-0287,左联词典 第209页,左联词典 第209页,a57277ad95da90fb1c44ba581396e38495c7cef4f1388fd0b1fa9c602d9e322a,
PSGN-00288,WORK-0033,SRC-0288,左联词典 第302页,左联词典 第302页,a57277ad95da90fb1c44ba581396e38495c7cef4f1388fd0b1fa9c602d9e322a,
PSGN-00289,WORK-0033,SRC-0289,左联词典 第445页,左联词典 第445页,a57277ad95da90fb1c44ba581396e38495c7cef4f1388fd0b1fa9c602d9e322a,
PSGN-00290,WORK-0061,SRC-0290,鲁迅日记 1931年8月21日,鲁迅日记 1931年8月21日,22819f64addecb1529bc4c92e655f0589c26dd44203cc9dcba155123ab6be000,
PSGN-00291,WORK-0061,SRC-0291,鲁迅日记 1929年5月18日,鲁迅日记 1929年5月18日,22819f64addecb1529bc4c92e655f0589c26dd44203cc9dcba155123ab6be000,
PSGN-00292,WORK-0061,SRC-0292,鲁迅日记 1929年5月21日,鲁迅日记 1929年5月21日,22819f64addecb1529bc4c92e655f0589c26dd44203cc9dcba155123ab6be000,
PSGN-00293,WORK-0061,SRC-0293,鲁迅日记 1929年5月22日,鲁迅日记 1929年5月22日,22819f64addecb1529bc4c92e655f0589c26dd44203cc9dcba155123ab6be000,
PSGN-00294,WORK-0061,SRC-0294,鲁迅日记 1929年5月23日,鲁迅日记 1929年5月23日,22819f64addecb1529bc4c92e655f0589c26dd44203cc9dcba155123ab6be000,
PSGN-00295,WORK-0061,SRC-0295,鲁迅日记 1929年5月24日,鲁迅日记 1929年5月24日,22819f64addecb1529bc4c92e655f0589c26dd44203cc9dcba155123ab6be000,
PSGN-00296,WORK-0061,SRC-0296,鲁迅日记 1929年5月25日,鲁迅日记 1929年5月25日,22819f64addecb1529bc4c92e655f0589c26dd44203cc9dcba155123ab6be000,
PSGN-00297,WORK-0061,SRC-0297,鲁迅日记 1929年5月27日,鲁迅日记 1929年5月27日,22819f64addecb1529bc4c92e655f0589c26dd44203cc9dcba155123ab6be000,
PSGN-00298,WORK-0061,SRC-0298,鲁迅日记 1929年5月29日,鲁迅日记 1929年5月29日,22819f64addecb1529bc4c92e655f0589c26dd44203cc9dcba155123ab6be000,
PSGN-00299,WORK-0061,SRC-0299,鲁迅日记 1929年5月30日,鲁迅日记 1929年5月30日,22819f64addecb1529bc4c92e655f0589c26dd44203cc9dcba155123ab6be000,
PSGN-00300,WORK-0061,SRC-0300,鲁迅日记 1932年11月13日,鲁迅日记 1932年11月13日,22819f64addecb1529bc4c92e655f0589c26dd44203cc9dcba155123ab6be000,
PSGN-00301,WORK-0061,SRC-0301,鲁迅日记 1932年11月14日,鲁迅日记 1932年11月14日,22819f64addecb1529bc4c92e655f0589c26dd44203cc9dcba155123ab6be000,
PSGN-00302,WORK-0061,SRC-0302,鲁迅日记 1932年11月15日,鲁迅日记 1932年11月15日,22819f64addecb1529bc4c92e655f0589c26dd44203cc9dcba155123ab6be000,
PSGN-00303,WORK-0061,SRC-0303,鲁迅日记 1932年11月16日,鲁迅日记 1932年11月16日,22819f64addecb1529bc4c92e655f0589c26dd44203cc9dcba155123ab6be000,
PSGN-00304,WORK-0061,SRC-0304,鲁迅日记 1932年11月17日,鲁迅日记 1932年11月17日,22819f64addecb1529bc4c92e655f0589c26dd44203cc9dcba155123ab6be000,
PSGN-00305,WORK-0061,SRC-0305,鲁迅日记 1932年11月18日,鲁迅日记 1932年11月18日,22819f64addecb1529bc4c92e655f0589c26dd44203cc9dcba155123ab6be000,
PSGN-00306,WORK-0061,SRC-0306,鲁迅日记 1932年11月20日,鲁迅日记 1932年11月20日,22819f64addecb1529bc4c92e655f0589c26dd44203cc9dcba155123ab6be000,
PSGN-00307,WORK-0061,SRC-0307,鲁迅日记 1932年11月21日,鲁迅日记 1932年11月21日,22819f64addecb1529bc4c92e655f0589c26dd44203cc9dcba155123ab6be000,
PSGN-00308,WORK-0061,SRC-0308,鲁迅日记 1932年11月22日,鲁迅日记 1932年11月22日,22819f64addecb1529bc4c92e655f0589c26dd44203cc9dcba155123ab6be000,
PSGN-00309,WORK-0061,SRC-0309,鲁迅日记 1932年11月23日,鲁迅日记 1932年11月23日,22819f64addecb1529bc4c92e655f0589c26dd44203cc9dcba155123ab6be000,
PSGN-00310,WORK-0061,SRC-0310,鲁迅日记 1932年11月25日,鲁迅日记 1932年11月25日,22819f64addecb1529bc4c92e655f0589c26dd44203cc9dcba155123ab6be000,
PSGN-00311,WORK-0061,SRC-0311,鲁迅日记 1932年11月26日,鲁迅日记 1932年11月26日,22819f64addecb1529bc4c92e655f0589c26dd44203cc9dcba155123ab6be000,
PSGN-00312,WORK-0061,SRC-0312,鲁迅日记 1932年11月27日,鲁迅日记 1932年11月27日,22819f64addecb1529bc4c92e655f0589c26dd44203cc9dcba155123ab6be000,
PSGN-00313,WORK-0061,SRC-0313,鲁迅日记 1932年1月12日,鲁迅日记 1932年1月12日,22819f64addecb1529bc4c92e655f0589c26dd44203cc9dcba155123ab6be000,
PSGN-00314,WORK-0061,SRC-0314,鲁迅日记 1932年3月16日,鲁迅日记 1932年3月16日,22819f64addecb1529bc4c92e655f0589c26dd44203cc9dcba155123ab6be000,
PSGN-00315,WORK-0061,SRC-0315,鲁迅日记 1928年11月27日,鲁迅日记 1928年11月27日,22819f64addecb1529bc4c92e655f0589c26dd44203cc9dcba155123ab6be000,
PSGN-00316,WORK-0061,SRC-0316,鲁迅日记 1929年11月23日,鲁迅日记 1929年11月23日,22819f64addecb1529bc4c92e655f0589c26dd44203cc9dcba155123ab6be000,
PSGN-00317,WORK-0061,SRC-0317,鲁迅日记 1929年5月2日,鲁迅日记 1929年5月2日,22819f64addecb1529bc4c92e655f0589c26dd44203cc9dcba155123ab6be000,
PSGN-00318,WORK-0061,SRC-0318,鲁迅日记 1929年7月10日,鲁迅日记 1929年7月10日,22819f64addecb1529bc4c92e655f0589c26dd44203cc9dcba155123ab6be000,
PSGN-00319,WORK-0061,SRC-0319,鲁迅日记 1929年8月16日,鲁迅日记 1929年8月16日,22819f64addecb1529bc4c92e655f0589c26dd44203cc9dcba155123ab6be000,
PSGN-00320,WORK-0061,SRC-0320,鲁迅日记 1929年8月26日,鲁迅日记 1929年8月26日,22819f64addecb1529bc4c92e655f0589c26dd44203cc9dcba155123ab6be000,
PSGN-00321,WORK-0061,SRC-0321,鲁迅日记 1929年8月28日,鲁迅日记 1929年8月28日,22819f64addecb1529bc4c92e655f0589c26dd44203cc9dcba155123ab6be000,
PSGN-00322,WORK-0061,SRC-0322,鲁迅日记 1930年11月22日,鲁迅日记 1930年11月22日,22819f64addecb1529bc4c92e655f0589c26dd44203cc9dcba155123ab6be000,
PSGN-00323,WORK-0061,SRC-0323,鲁迅日记 1931年10月11日,鲁迅日记 1931年10月11日,22819f64addecb1529bc4c92e655f0589c26dd44203cc9dcba155123ab6be000,
PSGN-00324,WORK-0061,SRC-0324,鲁迅日记 1931年2月13日,鲁迅日记 1931年2月13日,22819f64addecb1529bc4c92e655f0589c26dd44203cc9dcba155123ab6be000,
PSGN-00325,WORK-0061,SRC-0325,鲁迅日记 1932年10月17日,鲁迅日记 1932年10月17日,22819f64addecb1529bc4c92e655f0589c26dd44203cc9dcba155123ab6be000,
PSGN-00326,WORK-0061,SRC-0326,鲁迅日记 1932年2月10日,鲁迅日记 1932年2月10日,22819f64addecb1529bc4c92e655f0589c26dd44203cc9dcba155123ab6be000,
PSGN-00327,WORK-0061,SRC-0327,鲁迅日记 1932年2月8日,鲁迅日记 1932年2月8日,22819f64addecb1529bc4c92e655f0589c26dd44203cc9dcba155123ab6be000,
PSGN-00328,WORK-0061,SRC-0328,鲁迅日记 1933年1月20日,鲁迅日记 1933年1月20日,22819f64addecb1529bc4c92e655f0589c26dd44203cc9dcba155123ab6be000,
PSGN-00329,WORK-0061,SRC-0329,鲁迅日记 1935年8月30日,鲁迅日记 1935年8月30日,22819f64addecb1529bc4c92e655f0589c26dd44203cc9dcba155123ab6be000,
PSGN-00330,WORK-0061,SRC-0330,鲁迅日记 1928年11月26日,鲁迅日记 1928年11月26日,22819f64addecb1529bc4c92e655f0589c26dd44203cc9dcba155123ab6be000,
PSGN-00331,WORK-0061,SRC-0331,鲁迅日记 1928年12月2日,鲁迅日记 1928年12月2日,22819f64addecb1529bc4c92e655f0589c26dd44203cc9dcba155123ab6be000,
PSGN-00332,WORK-0061,SRC-0332,鲁迅日记 1928年12月5日,鲁迅日记 1928年12月5日,22819f64addecb1529bc4c92e655f0589c26dd44203cc9dcba155123ab6be000,
PSGN-00333,WORK-0061,SRC-0333,鲁迅日记 1928年12月7日 等6条,鲁迅日记 1928年12月7日 等6条,22819f64addecb1529bc4c92e655f0589c26dd44203cc9dcba155123ab6be000,
PSGN-00334,WORK-0061,SRC-0334,鲁迅日记 1929年10月19日,鲁迅日记 1929年10月19日,22819f64addecb1529bc4c92e655f0589c26dd44203cc9dcba155123ab6be000,
PSGN-00335,WORK-0061,SRC-0335,鲁迅日记 1929年10月28日,鲁迅日记 1929年10月28日,22819f64addecb1529bc4c92e655f0589c26dd44203cc9dcba155123ab6be000,
PSGN-00336,WORK-0061,SRC-0336,鲁迅日记 1929年11月11日 等7条,鲁迅日记 1929年11月11日 等7条,22819f64addecb1529bc4c92e655f0589c26dd44203cc9dcba155123ab6be000,
PSGN-00337,WORK-0061,SRC-0337,鲁迅日记 1929年11月4日,鲁迅日记 1929年11月4日,22819f64addecb1529bc4c92e655f0589c26dd44203cc9dcba155123ab6be000,
PSGN-00338,WORK-0061,SRC-0338,鲁迅日记 1929年11月6日,鲁迅日记 1929年11月6日,22819f64addecb1529bc4c92e655f0589c26dd44203cc9dcba155123ab6be000,
PSGN-00339,WORK-0061,SRC-0339,鲁迅日记 1929年12月10日,鲁迅日记 1929年12月10日,22819f64addecb1529bc4c92e655f0589c26dd44203cc9dcba155123ab6be000,
PSGN-00340,WORK-0061,SRC-0340,鲁迅日记 1929年12月15日,鲁迅日记 1929年12月15日,22819f64addecb1529bc4c92e655f0589c26dd44203cc9dcba155123ab6be000,
PSGN-00341,WORK-0061,SRC-0341,鲁迅日记 1929年12月4日,鲁迅日记 1929年12月4日,22819f64addecb1529bc4c92e655f0589c26dd44203cc9dcba155123ab6be000,
PSGN-00342,WORK-0061,SRC-0342,鲁迅日记 1929年1月15日 等7条,鲁迅日记 1929年1月15日 等7条,22819f64addecb1529bc4c92e655f0589c26dd44203cc9dcba155123ab6be000,
PSGN-00343,WORK-0061,SRC-0343,鲁迅日记 1929年1月5日,鲁迅日记 1929年1月5日,22819f64addecb1529bc4c92e655f0589c26dd44203cc9dcba155123ab6be000,
PSGN-00344,WORK-0061,SRC-0344,鲁迅日记 1929年1月8日,鲁迅日记 1929年1月8日,22819f64addecb1529bc4c92e655f0589c26dd44203cc9dcba155123ab6be000,
PSGN-00345,WORK-0061,SRC-0345,鲁迅日记 1929年2月16日,鲁迅日记 1929年2月16日,22819f64addecb1529bc4c92e655f0589c26dd44203cc9dcba155123ab6be000,
PSGN-00346,WORK-0061,SRC-0346,鲁迅日记 1929年2月17日 等7条,鲁迅日记 1929年2月17日 等7条,22819f64addecb1529bc4c92e655f0589c26dd44203cc9dcba155123ab6be000,
PSGN-00347,WORK-0061,SRC-0347,鲁迅日记 1929年2月4日,鲁迅日记 1929年2月4日,22819f64addecb1529bc4c92e655f0589c26dd44203cc9dcba155123ab6be000,
PSGN-00348,WORK-0061,SRC-0348,鲁迅日记 1929年3月3日,鲁迅日记 1929年3月3日,22819f64addecb1529bc4c92e655f0589c26dd44203cc9dcba155123ab6be000,
PSGN-00349,WORK-0061,SRC-0349,鲁迅日记 1929年3月5日,鲁迅日记 1929年3月5日,22819f64addecb1529bc4c92e655f0589c26dd44203cc9dcba155123ab6be000,
PSGN-00350,WORK-0061,SRC-0350,鲁迅日记 1929年3月6日 等6条,鲁迅日记 1929年3月6日 等6条,22819f64addecb1529bc4c92e655f0589c26dd44203cc9dcba155123ab6be000,
PSGN-00351,WORK-0061,SRC-0351,鲁迅日记 1929年4月4日,鲁迅日记 1929年4月4日,22819f64addecb1529bc4c92e655f0589c26dd44203cc9dcba155123ab6be000,
PSGN-00352,WORK-0061,SRC-0352,鲁迅日记 1929年4月6日,鲁迅日记 1929年4月6日,22819f64addecb1529bc4c92e655f0589c26dd44203cc9dcba155123ab6be000,
PSGN-00353,WORK-0061,SRC-0353,鲁迅日记 1929年4月8日 等7条,鲁迅日记 1929年4月8日 等7条,22819f64addecb1529bc4c92e655f0589c26dd44203cc9dcba155123ab6be000,
PSGN-00354,WORK-0061,SRC-0354,鲁迅日记 1929年5月12日,鲁迅日记 1929年5月12日,22819f64addecb1529bc4c92e655f0589c26dd44203cc9dcba155123ab6be000,
PSGN-00355,WORK-0061,SRC-0355,鲁迅日记 1929年5月1日,鲁迅日记 1929年5月1日,22819f64addecb1529bc4c92e655f0589c26dd44203cc9dcba155123ab6be000,
PSGN-00356,WORK-0061,SRC-0356,鲁迅日记 1929年6月10日 等7条,鲁迅日记 1929年6月10日 等7条,22819f64addecb1529bc4c92e655f0589c26dd44203cc9dcba155123ab6be000,
PSGN-00357,WORK-0061,SRC-0357,鲁迅日记 1929年6月8日,鲁迅日记 1929年6月8日,22819f64addecb1529bc4c92e655f0589c26dd44203cc9dcba155123ab6be000,
PSGN-00358,WORK-0061,SRC-0358,鲁迅日记 1929年7月11日,鲁迅日记 1929年7月11日,22819f64addecb1529bc4c92e655f0589c26dd44203cc9dcba155123ab6be000,
PSGN-00359,WORK-0061,SRC-0359,鲁迅日记 1929年7月13日 等7条,鲁迅日记 1929年7月13日 等7条,22819f64addecb1529bc4c92e655f0589c26dd44203cc9dcba155123ab6be000,
PSGN-00360,WORK-0061,SRC-0360,鲁迅日记 1929年8月12日,鲁迅日记 1929年8月12日,22819f64addecb1529bc4c92e655f0589c26dd44203cc9dcba155123ab6be000,
PSGN-00361,WORK-0061,SRC-0361,鲁迅日记 1929年9月10日,鲁迅日记 1929年9月10日,22819f64addecb1529bc4c92e655f0589c26dd44203cc9dcba155123ab6be000,
PSGN-00362,WORK-0061,SRC-0362,鲁迅日记 1929年9月7日,鲁迅日记 1929年9月7日,22819f64addecb1529bc4c92e655f0589c26dd44203cc9dcba155123ab6be000,
PSGN-00363,WORK-0061,SRC-0363,鲁迅日记 1930年10月13日,鲁迅日记 1930年10月13日,22819f64addecb1529bc4c92e655f0589c26dd44203cc9dcba155123ab6be000,
PSGN-00364,WORK-0061,SRC-0364,鲁迅日记 1930年10月15日 等5条,鲁迅日记 1930年10月15日 等5条,22819f64addecb1529bc4c92e655f0589c26dd44203cc9dcba155123ab6be000,
PSGN-00365,WORK-0061,SRC-0365,鲁迅日记 1930年10月2日,鲁迅日记 1930年10月2日,22819f64addecb1529bc4c92e655f0589c26dd44203cc9dcba155123ab6be000,
PSGN-00366,WORK-0061,SRC-0366,鲁迅日记 1930年12月6日,鲁迅日记 1930年12月6日,22819f64addecb1529bc4c92e655f0589c26dd44203cc9dcba155123ab6be000,
PSGN-00367,WORK-0061,SRC-0367,鲁迅日记 1930年2月5日,鲁迅日记 1930年2月5日,22819f64addecb1529bc4c92e655f0589c26dd44203cc9dcba155123ab6be000,
PSGN-00368,WORK-0061,SRC-0368,鲁迅日记 1930年4月16日,鲁迅日记 1930年4月16日,22819f64addecb1529bc4c92e655f0589c26dd44203cc9dcba155123ab6be000,
PSGN-00369,WORK-0061,SRC-0369,鲁迅日记 1930年4月17日 等6条,鲁迅日记 1930年4月17日 等6条,22819f64addecb1529bc4c92e655f0589c26dd44203cc9dcba155123ab6be000,
PSGN-00370,WORK-0061,SRC-0370,鲁迅日记 1930年7月6日,鲁迅日记 1930年7月6日,22819f64addecb1529bc4c92e655f0589c26dd44203cc9dcba155123ab6be000,
PSGN-00371,WORK-0061,SRC-0371,鲁迅日记 1930年9月10日,鲁迅日记 1930年9月10日,22819f64addecb1529bc4c92e655f0589c26dd44203cc9dcba155123ab6be000,
PSGN-00372,WORK-0061,SRC-0372,鲁迅日记 1930年9月22日,鲁迅日记 1930年9月22日,22819f64addecb1529bc4c92e655f0589c26dd44203cc9dcba155123ab6be000,
PSGN-00373,WORK-0061,SRC-0373,鲁迅日记 1930年9月3日,鲁迅日记 1930年9月3日,22819f64addecb1529bc4c92e655f0589c26dd44203cc9dcba155123ab6be000,
PSGN-00374,WORK-0061,SRC-0374,鲁迅日记 1931年10月19日,鲁迅日记 1931年10月19日,22819f64addecb1529bc4c92e655f0589c26dd44203cc9dcba155123ab6be000,
PSGN-00375,WORK-0061,SRC-0375,鲁迅日记 1931年10月6日,鲁迅日记 1931年10月6日,22819f64addecb1529bc4c92e655f0589c26dd44203cc9dcba155123ab6be000,
PSGN-00376,WORK-0061,SRC-0376,鲁迅日记 1931年10月9日,鲁迅日记 1931年10月9日,22819f64addecb1529bc4c92e655f0589c26dd44203cc9dcba155123ab6be000,
PSGN-00377,WORK-0061,SRC-0377,鲁迅日记 1931年11月17日 等6条,鲁迅日记 1931年11月17日 等6条,22819f64addecb1529bc4c92e655f0589c26dd44203cc9dcba155123ab6be000,
PSGN-00378,WORK-0061,SRC-0378,鲁迅日记 1931年11月6日,鲁迅日记 1931年11月6日,22819f64addecb1529bc4c92e655f0589c26dd44203cc9dcba155123ab6be000,
PSGN-00379,WORK-0061,SRC-0379,鲁迅日记 1931年11月8日,鲁迅日记 1931年11月8日,22819f64addecb1529bc4c92e655f0589c26dd44203cc9dcba155123ab6be000,
PSGN-00380,WORK-0061,SRC-0380,鲁迅日记 1931年12月12日,鲁迅日记 1931年12月12日,22819f64addecb1529bc4c92e655f0589c26dd44203cc9dcba155123ab6be000,
PSGN-00381,WORK-0061,SRC-0381,鲁迅日记 1931年12月19日 等5条,鲁迅日记 1931年12月19日 等5条,22819f64addecb1529bc4c92e655f0589c26dd44203cc9dcba155123ab6be000,
PSGN-00382,WORK-0061,SRC-0382,鲁迅日记 1931年12月1日,鲁迅日记 1931年12月1日,22819f64addecb1529bc4c92e655f0589c26dd44203cc9dcba155123ab6be000,
PSGN-00383,WORK-0061,SRC-0383,鲁迅日记 1931年1月23日,鲁迅日记 1931年1月23日,22819f64addecb1529bc4c92e655f0589c26dd44203cc9dcba155123ab6be000,
PSGN-00384,WORK-0061,SRC-0384,鲁迅日记 1931年2月2日,鲁迅日记 1931年2月2日,22819f64addecb1529bc4c92e655f0589c26dd44203cc9dcba155123ab6be000,
PSGN-00385,WORK-0061,SRC-0385,鲁迅日记 1931年2月3日,鲁迅日记 1931年2月3日,22819f64addecb1529bc4c92e655f0589c26dd44203cc9dcba155123ab6be000,
PSGN-00386,WORK-0061,SRC-0386,鲁迅日记 1931年2月5日 等7条,鲁迅日记 1931年2月5日 等7条,22819f64addecb1529bc4c92e655f0589c26dd44203cc9dcba155123ab6be000,
PSGN-00387,WORK-0061,SRC-0387,鲁迅日记 1931年3月18日,鲁迅日记 1931年3月18日,22819f64addecb1529bc4c92e655f0589c26dd44203cc9dcba155123ab6be000,
PSGN-00388,WORK-0061,SRC-0388,鲁迅日记 1931年3月20日,鲁迅日记 1931年3月20日,22819f64addecb1529bc4c92e655f0589c26dd44203cc9dcba155123ab6be000,
PSGN-00389,WORK-0061,SRC-0389,鲁迅日记 1931年4月26日,鲁迅日记 1931年4月26日,22819f64addecb1529bc4c92e655f0589c26dd44203cc9dcba155123ab6be000,
PSGN-00390,WORK-0061,SRC-0390,鲁迅日记 1931年6月1日,鲁迅日记 1931年6月1日,22819f64addecb1529bc4c92e655f0589c26dd44203cc9dcba155123ab6be000,
PSGN-00391,WORK-0061,SRC-0391,鲁迅日记 1931年6月24日,鲁迅日记 1931年6月24日,22819f64addecb1529bc4c92e655f0589c26dd44203cc9dcba155123ab6be000,
PSGN-00392,WORK-0061,SRC-0392,鲁迅日记 1931年6月2日,鲁迅日记 1931年6月2日,22819f64addecb1529bc4c92e655f0589c26dd44203cc9dcba155123ab6be000,
PSGN-00393,WORK-0061,SRC-0393,鲁迅日记 1931年7月14日,鲁迅日记 1931年7月14日,22819f64addecb1529bc4c92e655f0589c26dd44203cc9dcba155123ab6be000,
PSGN-00394,WORK-0061,SRC-0394,鲁迅日记 1931年7月15日,鲁迅日记 1931年7月15日,22819f64addecb1529bc4c92e655f0589c26dd44203cc9dcba155123ab6be000,
PSGN-00395,WORK-0061,SRC-0395,鲁迅日记 1931年7月18日 等6条,鲁迅日记 1931年7月18日 等6条,22819f64addecb1529bc4c92e655f0589c26dd44203cc9dcba155123ab6be000,
PSGN-00396,WORK-0061,SRC-0396,鲁迅日记 1931年8月15日,鲁迅日记 1931年8月15日,22819f64addecb1529bc4c92e655f0589c26dd44203cc9dcba155123ab6be000,
PSGN-00397,WORK-0061,SRC-0397,鲁迅日记 1931年8月8日,鲁迅日记 1931年8月8日,22819f64addecb1529bc4c92e655f0589c26dd44203cc9dcba155123ab6be000,
PSGN-00398,WORK-0061,SRC-0398,鲁迅日记 1931年8月9日,鲁迅日记 1931年8月9日,22819f64addecb1529bc4c92e655f0589c26dd44203cc9dcba155123ab6be000,
PSGN-00399,WORK-0061,SRC-0399,鲁迅日记 1931年9月11日,鲁迅日记 1931年9月11日,22819f64addecb1529bc4c92e655f0589c26dd44203cc9dcba155123ab6be000,
PSGN-00400,WORK-0061,SRC-0400,鲁迅日记 1931年9月15日,鲁迅日记 1931年9月15日,22819f64addecb1529bc4c92e655f0589c26dd44203cc9dcba155123ab6be000,
PSGN-00401,WORK-0061,SRC-0401,鲁迅日记 1931年9月16日,鲁迅日记 1931年9月16日,22819f64addecb1529bc4c92e655f0589c26dd44203cc9dcba155123ab6be000,
PSGN-00402,WORK-0061,SRC-0402,鲁迅日记 1932年10月13日,鲁迅日记 1932年10月13日,22819f64addecb1529bc4c92e655f0589c26dd44203cc9dcba155123ab6be000,
PSGN-00403,WORK-0061,SRC-0403,鲁迅日记 1932年10月20日 等4条,鲁迅日记 1932年10月20日 等4条,22819f64addecb1529bc4c92e655f0589c26dd44203cc9dcba155123ab6be000,
PSGN-00404,WORK-0061,SRC-0404,鲁迅日记 1932年10月3日,鲁迅日记 1932年10月3日,22819f64addecb1529bc4c92e655f0589c26dd44203cc9dcba155123ab6be000,
PSGN-00405,WORK-0061,SRC-0405,鲁迅日记 1932年12月13日,鲁迅日记 1932年12月13日,22819f64addecb1529bc4c92e655f0589c26dd44203cc9dcba155123ab6be000,
PSGN-00406,WORK-0061,SRC-0406,鲁迅日记 1932年12月21日,鲁迅日记 1932年12月21日,22819f64addecb1529bc4c92e655f0589c26dd44203cc9dcba155123ab6be000,
PSGN-00407,WORK-0061,SRC-0407,鲁迅日记 1932年12月24日,鲁迅日记 1932年12月24日,22819f64addecb1529bc4c92e655f0589c26dd44203cc9dcba155123ab6be000,
PSGN-00408,WORK-0061,SRC-0408,鲁迅日记 1932年1月14日,鲁迅日记 1932年1月14日,22819f64addecb1529bc4c92e655f0589c26dd44203cc9dcba155123ab6be000,
PSGN-00409,WORK-0061,SRC-0409,鲁迅日记 1932年1月20日,鲁迅日记 1932年1月20日,22819f64addecb1529bc4c92e655f0589c26dd44203cc9dcba155123ab6be000,
PSGN-00410,WORK-0061,SRC-0410,鲁迅日记 1932年4月13日,鲁迅日记 1932年4月13日,22819f64addecb1529bc4c92e655f0589c26dd44203cc9dcba155123ab6be000,
PSGN-00411,WORK-0061,SRC-0411,鲁迅日记 1932年4月14日 等7条,鲁迅日记 1932年4月14日 等7条,22819f64addecb1529bc4c92e655f0589c26dd44203cc9dcba155123ab6be000,
PSGN-00412,WORK-0061,SRC-0412,鲁迅日记 1932年4月6日,鲁迅日记 1932年4月6日,22819f64addecb1529bc4c92e655f0589c26dd44203cc9dcba155123ab6be000,
PSGN-00413,WORK-0061,SRC-0413,鲁迅日记 1932年5月13日,鲁迅日记 1932年5月13日,22819f64addecb1529bc4c92e655f0589c26dd44203cc9dcba155123ab6be000,
PSGN-00414,WORK-0061,SRC-0414,鲁迅日记 1932年5月14日 等5条,鲁迅日记 1932年5月14日 等5条,22819f64addecb1529bc4c92e655f0589c26dd44203cc9dcba155123ab6be000,
PSGN-00415,WORK-0061,SRC-0415,鲁迅日记 1932年5月8日,鲁迅日记 1932年5月8日,22819f64addecb1529bc4c92e655f0589c26dd44203cc9dcba155123ab6be000,
PSGN-00416,WORK-0061,SRC-0416,鲁迅日记 1932年6月13日,鲁迅日记 1932年6月13日,22819f64addecb1529bc4c92e655f0589c26dd44203cc9dcba155123ab6be000,
PSGN-00417,WORK-0061,SRC-0417,鲁迅日记 1932年6月23日,鲁迅日记 1932年6月23日,22819f64addecb1529bc4c92e655f0589c26dd44203cc9dcba155123ab6be000,
PSGN-00418,WORK-0061,SRC-0418,鲁迅日记 1932年7月26日,鲁迅日记 1932年7月26日,22819f64addecb1529bc4c92e655f0589c26dd44203cc9dcba155123ab6be000,
PSGN-00419,WORK-0061,SRC-0419,鲁迅日记 1932年8月13日,鲁迅日记 1932年8月13日,22819f64addecb1529bc4c92e655f0589c26dd44203cc9dcba155123ab6be000,
PSGN-00420,WORK-0061,SRC-0420,鲁迅日记 1932年8月16日,鲁迅日记 1932年8月16日,22819f64addecb1529bc4c92e655f0589c26dd44203cc9dcba155123ab6be000,
PSGN-00421,WORK-0061,SRC-0421,鲁迅日记 1932年8月26日,鲁迅日记 1932年8月26日,22819f64addecb1529bc4c92e655f0589c26dd44203cc9dcba155123ab6be000,
PSGN-00422,WORK-0061,SRC-0422,鲁迅日记 1932年9月14日,鲁迅日记 1932年9月14日,22819f64addecb1529bc4c92e655f0589c26dd44203cc9dcba155123ab6be000,
PSGN-00423,WORK-0061,SRC-0423,鲁迅日记 1932年9月24日,鲁迅日记 1932年9月24日,22819f64addecb1529bc4c92e655f0589c26dd44203cc9dcba155123ab6be000,
PSGN-00424,WORK-0061,SRC-0424,鲁迅日记 1933年10月16日,鲁迅日记 1933年10月16日,22819f64addecb1529bc4c92e655f0589c26dd44203cc9dcba155123ab6be000,
PSGN-00425,WORK-0061,SRC-0425,鲁迅日记 1933年10月17日 等4条,鲁迅日记 1933年10月17日 等4条,22819f64addecb1529bc4c92e655f0589c26dd44203cc9dcba155123ab6be000,
PSGN-00426,WORK-0061,SRC-0426,鲁迅日记 1933年10月5日,鲁迅日记 1933年10月5日,22819f64addecb1529bc4c92e655f0589c26dd44203cc9dcba155123ab6be000,
PSGN-00427,WORK-0061,SRC-0427,鲁迅日记 1933年11月15日,鲁迅日记 1933年11月15日,22819f64addecb1529bc4c92e655f0589c26dd44203cc9dcba155123ab6be000,
PSGN-00428,WORK-0061,SRC-0428,鲁迅日记 1933年11月16日,鲁迅日记 1933年11月16日,22819f64addecb1529bc4c92e655f0589c26dd44203cc9dcba155123ab6be000,
PSGN-00429,WORK-0061,SRC-0429,鲁迅日记 1933年11月29日,鲁迅日记 1933年11月29日,22819f64addecb1529bc4c92e655f0589c26dd44203cc9dcba155123ab6be000,
PSGN-00430,WORK-0061,SRC-0430,鲁迅日记 1933年12月10日 等6条,鲁迅日记 1933年12月10日 等6条,22819f64addecb1529bc4c92e655f0589c26dd44203cc9dcba155123ab6be000,
PSGN-00431,WORK-0061,SRC-0431,鲁迅日记 1933年12月2日,鲁迅日记 1933年12月2日,22819f64addecb1529bc4c92e655f0589c26dd44203cc9dcba155123ab6be000,
PSGN-00432,WORK-0061,SRC-0432,鲁迅日记 1933年12月3日,鲁迅日记 1933年12月3日,22819f64addecb1529bc4c92e655f0589c26dd44203cc9dcba155123ab6be000,
PSGN-00433,WORK-0061,SRC-0433,鲁迅日记 1933年1月15日 等4条,鲁迅日记 1933年1月15日 等4条,22819f64addecb1529bc4c92e655f0589c26dd44203cc9dcba155123ab6be000,
PSGN-00434,WORK-0061,SRC-0434,鲁迅日记 1933年1月3日,鲁迅日记 1933年1月3日,22819f64addecb1529bc4c92e655f0589c26dd44203cc9dcba155123ab6be000,
PSGN-00435,WORK-0061,SRC-0435,鲁迅日记 1933年1月6日,鲁迅日记 1933年1月6日,22819f64addecb1529bc4c92e655f0589c26dd44203cc9dcba155123ab6be000,
PSGN-00436,WORK-0061,SRC-0436,鲁迅日记 1933年2月12日,鲁迅日记 1933年2月12日,22819f64addecb1529bc4c92e655f0589c26dd44203cc9dcba155123ab6be000,
PSGN-00437,WORK-0061,SRC-0437,鲁迅日记 1933年2月21日,鲁迅日记 1933年2月21日,22819f64addecb1529bc4c92e655f0589c26dd44203cc9dcba155123ab6be000,
PSGN-00438,WORK-0061,SRC-0438,鲁迅日记 1933年2月27日,鲁迅日记 1933年2月27日,22819f64addecb1529bc4c92e655f0589c26dd44203cc9dcba155123ab6be000,
PSGN-00439,WORK-0061,SRC-0439,鲁迅日记 1933年3月14日,鲁迅日记 1933年3月14日,22819f64addecb1529bc4c92e655f0589c26dd44203cc9dcba155123ab6be000,
PSGN-00440,WORK-0061,SRC-0440,鲁迅日记 1933年3月15日 等11条,鲁迅日记 1933年3月15日 等11条,22819f64addecb1529bc4c92e655f0589c26dd44203cc9dcba155123ab6be000,
PSGN-00441,WORK-0061,SRC-0441,鲁迅日记 1933年3月2日,鲁迅日记 1933年3月2日,22819f64addecb1529bc4c92e655f0589c26dd44203cc9dcba155123ab6be000,
PSGN-00442,WORK-0061,SRC-0442,鲁迅日记 1933年4月12日 等8条,鲁迅日记 1933年4月12日 等8条,22819f64addecb1529bc4c92e655f0589c26dd44203cc9dcba155123ab6be000,
PSGN-00443,WORK-0061,SRC-0443,鲁迅日记 1933年4月5日,鲁迅日记 1933年4月5日,22819f64addecb1529bc4c92e655f0589c26dd44203cc9dcba155123ab6be000,
PSGN-00444,WORK-0061,SRC-0444,鲁迅日记 1933年5月13日,鲁迅日记 1933年5月13日,22819f64addecb1529bc4c92e655f0589c26dd44203cc9dcba155123ab6be000,
PSGN-00445,WORK-0061,SRC-0445,鲁迅日记 1933年5月15日 等5条,鲁迅日记 1933年5月15日 等5条,22819f64addecb1529bc4c92e655f0589c26dd44203cc9dcba155123ab6be000,
PSGN-00446,WORK-0061,SRC-0446,鲁迅日记 1933年5月3日,鲁迅日记 1933年5月3日,22819f64addecb1529bc4c92e655f0589c26dd44203cc9dcba155123ab6be000,
PSGN-00447,WORK-0061,SRC-0447,鲁迅日记 1933年6月13日,鲁迅日记 1933年6月13日,22819f64addecb1529bc4c92e655f0589c26dd44203cc9dcba155123ab6be000,
PSGN-00448,WORK-0061,SRC-0448,鲁迅日记 1933年6月24日,鲁迅日记 1933年6月24日,22819f64addecb1529bc4c92e655f0589c26dd44203cc9dcba155123ab6be000,
PSGN-00449,WORK-0061,SRC-0449,鲁迅日记 1933年6月26日,鲁迅日记 1933年6月26日,22819f64addecb1529bc4c92e655f0589c26dd44203cc9dcba155123ab6be000,
PSGN-00450,WORK-0061,SRC-0450,鲁迅日记 1933年7月15日 等4条,鲁迅日记 1933年7月15日 等4条,22819f64addecb1529bc4c92e655f0589c26dd44203cc9dcba155123ab6be000,
PSGN-00451,WORK-0061,SRC-0451,鲁迅日记 1933年7月3日,鲁迅日记 1933年7月3日,22819f64addecb1529bc4c92e655f0589c26dd44203cc9dcba155123ab6be000,
PSGN-00452,WORK-0061,SRC-0452,鲁迅日记 1933年7月8日,鲁迅日记 1933年7月8日,22819f64addecb1529bc4c92e655f0589c26dd44203cc9dcba155123ab6be000,
PSGN-00453,WORK-0061,SRC-0453,鲁迅日记 1933年8月16日 等4条,鲁迅日记 1933年8月16日 等4条,22819f64addecb1529bc4c92e655f0589c26dd44203cc9dcba155123ab6be000,
PSGN-00454,WORK-0061,SRC-0454,鲁迅日记 1933年8月2日,鲁迅日记 1933年8月2日,22819f64addecb1529bc4c92e655f0589c26dd44203cc9dcba155123ab6be000,
PSGN-00455,WORK-0061,SRC-0455,鲁迅日记 1933年8月4日,鲁迅日记 1933年8月4日,22819f64addecb1529bc4c92e655f0589c26dd44203cc9dcba155123ab6be000,
PSGN-00456,WORK-0061,SRC-0456,鲁迅日记 1933年9月18日,鲁迅日记 1933年9月18日,22819f64addecb1529bc4c92e655f0589c26dd44203cc9dcba155123ab6be000,
PSGN-00457,WORK-0061,SRC-0457,鲁迅日记 1933年9月19日 等5条,鲁迅日记 1933年9月19日 等5条,22819f64addecb1529bc4c92e655f0589c26dd44203cc9dcba155123ab6be000,
PSGN-00458,WORK-0061,SRC-0458,鲁迅日记 1933年9月4日,鲁迅日记 1933年9月4日,22819f64addecb1529bc4c92e655f0589c26dd44203cc9dcba155123ab6be000,
PSGN-00459,WORK-0061,SRC-0459,鲁迅日记 1934年12月10日,鲁迅日记 1934年12月10日,22819f64addecb1529bc4c92e655f0589c26dd44203cc9dcba155123ab6be000,
PSGN-00460,WORK-0061,SRC-0460,鲁迅日记 1934年1月22日,鲁迅日记 1934年1月22日,22819f64addecb1529bc4c92e655f0589c26dd44203cc9dcba155123ab6be000,
PSGN-00461,WORK-0061,SRC-0461,鲁迅日记 1934年2月14日 等5条,鲁迅日记 1934年2月14日 等5条,22819f64addecb1529bc4c92e655f0589c26dd44203cc9dcba155123ab6be000,
PSGN-00462,WORK-0061,SRC-0462,鲁迅日记 1934年2月6日,鲁迅日记 1934年2月6日,22819f64addecb1529bc4c92e655f0589c26dd44203cc9dcba155123ab6be000,
PSGN-00463,WORK-0061,SRC-0463,鲁迅日记 1934年2月7日,鲁迅日记 1934年2月7日,22819f64addecb1529bc4c92e655f0589c26dd44203cc9dcba155123ab6be000,
PSGN-00464,WORK-0061,SRC-0464,鲁迅日记 1934年3月20日,鲁迅日记 1934年3月20日,22819f64addecb1529bc4c92e655f0589c26dd44203cc9dcba155123ab6be000,
PSGN-00465,WORK-0061,SRC-0465,鲁迅日记 1934年3月9日,鲁迅日记 1934年3月9日,22819f64addecb1529bc4c92e655f0589c26dd44203cc9dcba155123ab6be000,
PSGN-00466,WORK-0061,SRC-0466,鲁迅日记 1934年4月11日,鲁迅日记 1934年4月11日,22819f64addecb1529bc4c92e655f0589c26dd44203cc9dcba155123ab6be000,
PSGN-00467,WORK-0061,SRC-0467,鲁迅日记 1934年4月7日,鲁迅日记 1934年4月7日,22819f64addecb1529bc4c92e655f0589c26dd44203cc9dcba155123ab6be000,
PSGN-00468,WORK-0061,SRC-0468,鲁迅日记 1934年5月12日,鲁迅日记 1934年5月12日,22819f64addecb1529bc4c92e655f0589c26dd44203cc9dcba155123ab6be000,
PSGN-00469,WORK-0061,SRC-0469,鲁迅日记 1934年5月17日,鲁迅日记 1934年5月17日,22819f64addecb1529bc4c92e655f0589c26dd44203cc9dcba155123ab6be000,
PSGN-00470,WORK-0061,SRC-0470,鲁迅日记 1934年5月19日 等5条,鲁迅日记 1934年5月19日 等5条,22819f64addecb1529bc4c92e655f0589c26dd44203cc9dcba155123ab6be000,
PSGN-00471,WORK-0061,SRC-0471,鲁迅日记 1934年6月2日,鲁迅日记 1934年6月2日,22819f64addecb1529bc4c92e655f0589c26dd44203cc9dcba155123ab6be000,
PSGN-00472,WORK-0061,SRC-0472,鲁迅日记 1934年7月31日,鲁迅日记 1934年7月31日,22819f64addecb1529bc4c92e655f0589c26dd44203cc9dcba155123ab6be000,
PSGN-00473,WORK-0061,SRC-0473,鲁迅日记 1934年8月12日,鲁迅日记 1934年8月12日,22819f64addecb1529bc4c92e655f0589c26dd44203cc9dcba155123ab6be000,
PSGN-00474,WORK-0061,SRC-0474,鲁迅日记 1934年8月2日,鲁迅日记 1934年8月2日,22819f64addecb1529bc4c92e655f0589c26dd44203cc9dcba155123ab6be000,
PSGN-00475,WORK-0061,SRC-0475,鲁迅日记 1935年11月30日,鲁迅日记 1935年11月30日,22819f64addecb1529bc4c92e655f0589c26dd44203cc9dcba155123ab6be000,
PSGN-00476,WORK-0061,SRC-0476,鲁迅日记 1935年12月21日,鲁迅日记 1935年12月21日,22819f64addecb1529bc4c92e655f0589c26dd44203cc9dcba155123ab6be000,
PSGN-00477,WORK-0061,SRC-0477,鲁迅日记 1935年12月23日,鲁迅日记 1935年12月23日,22819f64addecb1529bc4c92e655f0589c26dd44203cc9dcba155123ab6be000,
PSGN-00478,WORK-0061,SRC-0478,鲁迅日记 1935年1月24日,鲁迅日记 1935年1月24日,22819f64addecb1529bc4c92e655f0589c26dd44203cc9dcba155123ab6be000,
PSGN-00479,WORK-0061,SRC-0479,鲁迅日记 1935年2月16日,鲁迅日记 1935年2月16日,22819f64addecb1529bc4c92e655f0589c26dd44203cc9dcba155123ab6be000,
PSGN-00480,WORK-0061,SRC-0480,鲁迅日记 1935年4月13日,鲁迅日记 1935年4月13日,22819f64addecb1529bc4c92e655f0589c26dd44203cc9dcba155123ab6be000,
PSGN-00481,WORK-0061,SRC-0481,鲁迅日记 1935年5月1日,鲁迅日记 1935年5月1日,22819f64addecb1529bc4c92e655f0589c26dd44203cc9dcba155123ab6be000,
PSGN-00482,WORK-0061,SRC-0482,鲁迅日记 1935年5月21日,鲁迅日记 1935年5月21日,22819f64addecb1529bc4c92e655f0589c26dd44203cc9dcba155123ab6be000,
PSGN-00483,WORK-0061,SRC-0483,鲁迅日记 1935年5月22日,鲁迅日记 1935年5月22日,22819f64addecb1529bc4c92e655f0589c26dd44203cc9dcba155123ab6be000,
PSGN-00484,WORK-0061,SRC-0484,鲁迅日记 1935年6月17日,鲁迅日记 1935年6月17日,22819f64addecb1529bc4c92e655f0589c26dd44203cc9dcba155123ab6be000,
PSGN-00485,WORK-0061,SRC-0485,鲁迅日记 1935年8月14日,鲁迅日记 1935年8月14日,22819f64addecb1529bc4c92e655f0589c26dd44203cc9dcba155123ab6be000,
PSGN-00486,WORK-0061,SRC-0486,鲁迅日记 1935年9月14日,鲁迅日记 1935年9月14日,22819f64addecb1529bc4c92e655f0589c26dd44203cc9dcba155123ab6be000,
PSGN-00487,WORK-0061,SRC-0487,鲁迅日记 1935年9月28日,鲁迅日记 1935年9月28日,22819f64addecb1529bc4c92e655f0589c26dd44203cc9dcba155123ab6be000,
PSGN-00488,WORK-0061,SRC-0488,鲁迅日记 1935年9月5日,鲁迅日记 1935年9月5日,22819f64addecb1529bc4c92e655f0589c26dd44203cc9dcba155123ab6be000,
PSGN-00489,WORK-0061,SRC-0489,鲁迅日记 1936年1月12日,鲁迅日记 1936年1月12日,22819f64addecb1529bc4c92e655f0589c26dd44203cc9dcba155123ab6be000,
PSGN-00490,WORK-0061,SRC-0490,鲁迅日记 1936年1月17日,鲁迅日记 1936年1月17日,22819f64addecb1529bc4c92e655f0589c26dd44203cc9dcba155123ab6be000,
PSGN-00491,WORK-0061,SRC-0491,鲁迅日记 1929年7月28日,鲁迅日记 1929年7月28日,22819f64addecb1529bc4c92e655f0589c26dd44203cc9dcba155123ab6be000,
PSGN-00492,WORK-0061,SRC-0492,鲁迅日记 1932年12月23日,鲁迅日记 1932年12月23日,22819f64addecb1529bc4c92e655f0589c26dd44203cc9dcba155123ab6be000,
PSGN-00493,WORK-0033,SRC-0493,左联词典 第216页,左联词典 第216页,a57277ad95da90fb1c44ba581396e38495c7cef4f1388fd0b1fa9c602d9e322a,
PSGN-00494,WORK-0033,SRC-0494,左联词典 第236页,左联词典 第236页,a57277ad95da90fb1c44ba581396e38495c7cef4f1388fd0b1fa9c602d9e322a,
PSGN-00495,WORK-0033,SRC-0495,左联词典 第251页,左联词典 第251页,a57277ad95da90fb1c44ba581396e38495c7cef4f1388fd0b1fa9c602d9e322a,
PSGN-00496,WORK-0061,SRC-0496,鲁迅日记 1929年7月7日,鲁迅日记 1929年7月7日,22819f64addecb1529bc4c92e655f0589c26dd44203cc9dcba155123ab6be000,
PSGN-00497,WORK-0061,SRC-0497,鲁迅日记 1928年11月24日,鲁迅日记 1928年11月24日,22819f64addecb1529bc4c92e655f0589c26dd44203cc9dcba155123ab6be000,
PSGN-00498,WORK-0061,SRC-0498,鲁迅日记 1929年3月6日,鲁迅日记 1929年3月6日,22819f64addecb1529bc4c92e655f0589c26dd44203cc9dcba155123ab6be000,
PSGN-00499,WORK-0061,SRC-0499,鲁迅日记 1933年2月16日,鲁迅日记 1933年2月16日,22819f64addecb1529bc4c92e655f0589c26dd44203cc9dcba155123ab6be000,
PSGN-00500,WORK-0061,SRC-0500,鲁迅日记 1933年2月19日,鲁迅日记 1933年2月19日,22819f64addecb1529bc4c92e655f0589c26dd44203cc9dcba155123ab6be000,
PSGN-00501,WORK-0061,SRC-0501,鲁迅日记 1933年3月28日,鲁迅日记 1933年3月28日,22819f64addecb1529bc4c92e655f0589c26dd44203cc9dcba155123ab6be000,
PSGN-00502,WORK-0061,SRC-0502,鲁迅日记 1933年3月5日,鲁迅日记 1933年3月5日,22819f64addecb1529bc4c92e655f0589c26dd44203cc9dcba155123ab6be000,
PSGN-00503,WORK-0061,SRC-0503,鲁迅日记 1933年4月30日,鲁迅日记 1933年4月30日,22819f64addecb1529bc4c92e655f0589c26dd44203cc9dcba155123ab6be000,
PSGN-00504,WORK-0061,SRC-0504,鲁迅日记 1933年5月10日,鲁迅日记 1933年5月10日,22819f64addecb1529bc4c92e655f0589c26dd44203cc9dcba155123ab6be000,
PSGN-00505,WORK-0061,SRC-0505,鲁迅日记 1933年5月19日,鲁迅日记 1933年5月19日,22819f64addecb1529bc4c92e655f0589c26dd44203cc9dcba155123ab6be000,
PSGN-00506,WORK-0061,SRC-0506,鲁迅日记 1933年6月20日 等4条,鲁迅日记 1933年6月20日 等4条,22819f64addecb1529bc4c92e655f0589c26dd44203cc9dcba155123ab6be000,
PSGN-00507,WORK-0061,SRC-0507,鲁迅日记 1933年6月6日,鲁迅日记 1933年6月6日,22819f64addecb1529bc4c92e655f0589c26dd44203cc9dcba155123ab6be000,
PSGN-00508,WORK-0061,SRC-0508,鲁迅日记 1933年6月8日,鲁迅日记 1933年6月8日,22819f64addecb1529bc4c92e655f0589c26dd44203cc9dcba155123ab6be000,
PSGN-00509,WORK-0061,SRC-0509,鲁迅日记 1933年8月16日 等5条,鲁迅日记 1933年8月16日 等5条,22819f64addecb1529bc4c92e655f0589c26dd44203cc9dcba155123ab6be000,
PSGN-00510,WORK-0061,SRC-0510,鲁迅日记 1933年8月1日,鲁迅日记 1933年8月1日,22819f64addecb1529bc4c92e655f0589c26dd44203cc9dcba155123ab6be000,
PSGN-00511,WORK-0061,SRC-0511,鲁迅日记 1934年1月18日,鲁迅日记 1934年1月18日,22819f64addecb1529bc4c92e655f0589c26dd44203cc9dcba155123ab6be000,
PSGN-00512,WORK-0061,SRC-0512,鲁迅日记 1934年1月7日,鲁迅日记 1934年1月7日,22819f64addecb1529bc4c92e655f0589c26dd44203cc9dcba155123ab6be000,
PSGN-00513,WORK-0061,SRC-0513,鲁迅日记 1934年3月18日,鲁迅日记 1934年3月18日,22819f64addecb1529bc4c92e655f0589c26dd44203cc9dcba155123ab6be000,
PSGN-00514,WORK-0061,SRC-0514,鲁迅日记 1934年4月14日,鲁迅日记 1934年4月14日,22819f64addecb1529bc4c92e655f0589c26dd44203cc9dcba155123ab6be000,
PSGN-00515,WORK-0061,SRC-0515,鲁迅日记 1934年4月15日,鲁迅日记 1934年4月15日,22819f64addecb1529bc4c92e655f0589c26dd44203cc9dcba155123ab6be000,
PSGN-00516,WORK-0061,SRC-0516,鲁迅日记 1934年4月9日,鲁迅日记 1934年4月9日,22819f64addecb1529bc4c92e655f0589c26dd44203cc9dcba155123ab6be000,
PSGN-00517,WORK-0061,SRC-0517,鲁迅日记 1934年5月4日,鲁迅日记 1934年5月4日,22819f64addecb1529bc4c92e655f0589c26dd44203cc9dcba155123ab6be000,
PSGN-00518,WORK-0061,SRC-0518,鲁迅日记 1934年5月5日,鲁迅日记 1934年5月5日,22819f64addecb1529bc4c92e655f0589c26dd44203cc9dcba155123ab6be000,
PSGN-00519,WORK-0061,SRC-0519,鲁迅日记 1934年5月9日,鲁迅日记 1934年5月9日,22819f64addecb1529bc4c92e655f0589c26dd44203cc9dcba155123ab6be000,
PSGN-00520,WORK-0061,SRC-0520,鲁迅日记 1934年8月29日,鲁迅日记 1934年8月29日,22819f64addecb1529bc4c92e655f0589c26dd44203cc9dcba155123ab6be000,
PSGN-00521,WORK-0033,SRC-0521,左联词典 第324页,左联词典 第324页,a57277ad95da90fb1c44ba581396e38495c7cef4f1388fd0b1fa9c602d9e322a,
PSGN-00522,WORK-0033,SRC-0522,左联词典 第596页,左联词典 第596页,a57277ad95da90fb1c44ba581396e38495c7cef4f1388fd0b1fa9c602d9e322a,
PSGN-00523,WORK-0033,SRC-0523,左联词典 第674页,左联词典 第674页,a57277ad95da90fb1c44ba581396e38495c7cef4f1388fd0b1fa9c602d9e322a,
PSGN-00524,WORK-0030,SRC-0524,左联史 第192页,左联史 第192页,13968935ec647f0b5bbcceee40d6cd9d6bfb3ffcf5ea9b562e3ce12bba4db5d2,
PSGN-00525,WORK-0030,SRC-0525,左联史 第201页,左联史 第201页,13968935ec647f0b5bbcceee40d6cd9d6bfb3ffcf5ea9b562e3ce12bba4db5d2,
PSGN-00526,WORK-0030,SRC-0526,左联史 第204页,左联史 第204页,13968935ec647f0b5bbcceee40d6cd9d6bfb3ffcf5ea9b562e3ce12bba4db5d2,
PSGN-00527,WORK-0030,SRC-0527,左联史 第238页,左联史 第238页,13968935ec647f0b5bbcceee40d6cd9d6bfb3ffcf5ea9b562e3ce12bba4db5d2,
PSGN-00528,WORK-0030,SRC-0528,左联史 第239页,左联史 第239页,13968935ec647f0b5bbcceee40d6cd9d6bfb3ffcf5ea9b562e3ce12bba4db5d2,
PSGN-00529,WORK-0033,SRC-0529,左联词典 第210页,左联词典 第210页,a57277ad95da90fb1c44ba581396e38495c7cef4f1388fd0b1fa9c602d9e322a,
PSGN-00530,WORK-0033,SRC-0530,左联词典 第233页,左联词典 第233页,a57277ad95da90fb1c44ba581396e38495c7cef4f1388fd0b1fa9c602d9e322a,
PSGN-00531,WORK-0033,SRC-0531,左联词典 第261页,左联词典 第261页,a57277ad95da90fb1c44ba581396e38495c7cef4f1388fd0b1fa9c602d9e322a,
PSGN-00532,WORK-0033,SRC-0532,左联词典 第270页,左联词典 第270页,a57277ad95da90fb1c44ba581396e38495c7cef4f1388fd0b1fa9c602d9e322a,
PSGN-00533,WORK-0033,SRC-0533,左联词典 第202页,左联词典 第202页,a57277ad95da90fb1c44ba581396e38495c7cef4f1388fd0b1fa9c602d9e322a,
PSGN-00534,WORK-0033,SRC-0534,左联词典 第284页,左联词典 第284页,a57277ad95da90fb1c44ba581396e38495c7cef4f1388fd0b1fa9c602d9e322a,
PSGN-00535,WORK-0033,SRC-0535,左联词典 第332页,左联词典 第332页,a57277ad95da90fb1c44ba581396e38495c7cef4f1388fd0b1fa9c602d9e322a,
PSGN-00536,WORK-0033,SRC-0536,左联词典 第481页,左联词典 第481页,a57277ad95da90fb1c44ba581396e38495c7cef4f1388fd0b1fa9c602d9e322a,
PSGN-00537,WORK-0030,SRC-0537,左联史 第616页,左联史 第616页,13968935ec647f0b5bbcceee40d6cd9d6bfb3ffcf5ea9b562e3ce12bba4db5d2,
PSGN-00538,WORK-0033,SRC-0538,左联词典 第354页,左联词典 第354页,a57277ad95da90fb1c44ba581396e38495c7cef4f1388fd0b1fa9c602d9e322a,
PSGN-00539,WORK-0033,SRC-0539,左联词典 第361页,左联词典 第361页,a57277ad95da90fb1c44ba581396e38495c7cef4f1388fd0b1fa9c602d9e322a,
PSGN-00540,WORK-0061,SRC-0540,鲁迅日记 1929年5月11日,鲁迅日记 1929年5月11日,22819f64addecb1529bc4c92e655f0589c26dd44203cc9dcba155123ab6be000,
PSGN-00541,WORK-0061,SRC-0541,鲁迅日记 1930年2月8日,鲁迅日记 1930年2月8日,22819f64addecb1529bc4c92e655f0589c26dd44203cc9dcba155123ab6be000,
PSGN-00542,WORK-0061,SRC-0542,鲁迅日记 1930年4月24日,鲁迅日记 1930年4月24日,22819f64addecb1529bc4c92e655f0589c26dd44203cc9dcba155123ab6be000,
PSGN-00543,WORK-0061,SRC-0543,鲁迅日记 1930年4月26日,鲁迅日记 1930年4月26日,22819f64addecb1529bc4c92e655f0589c26dd44203cc9dcba155123ab6be000,
PSGN-00544,WORK-0061,SRC-0544,鲁迅日记 1930年4月4日,鲁迅日记 1930年4月4日,22819f64addecb1529bc4c92e655f0589c26dd44203cc9dcba155123ab6be000,
PSGN-00545,WORK-0061,SRC-0545,鲁迅日记 1934年10月24日,鲁迅日记 1934年10月24日,22819f64addecb1529bc4c92e655f0589c26dd44203cc9dcba155123ab6be000,
PSGN-00546,WORK-0061,SRC-0546,鲁迅日记 1934年10月3日,鲁迅日记 1934年10月3日,22819f64addecb1529bc4c92e655f0589c26dd44203cc9dcba155123ab6be000,
PSGN-00547,WORK-0061,SRC-0547,鲁迅日记 1934年11月26日,鲁迅日记 1934年11月26日,22819f64addecb1529bc4c92e655f0589c26dd44203cc9dcba155123ab6be000,
PSGN-00548,WORK-0061,SRC-0548,鲁迅日记 1934年8月28日,鲁迅日记 1934年8月28日,22819f64addecb1529bc4c92e655f0589c26dd44203cc9dcba155123ab6be000,
PSGN-00549,WORK-0061,SRC-0549,鲁迅日记 1934年8月31日,鲁迅日记 1934年8月31日,22819f64addecb1529bc4c92e655f0589c26dd44203cc9dcba155123ab6be000,
PSGN-00550,WORK-0061,SRC-0550,鲁迅日记 1934年9月20日,鲁迅日记 1934年9月20日,22819f64addecb1529bc4c92e655f0589c26dd44203cc9dcba155123ab6be000,
PSGN-00551,WORK-0061,SRC-0551,鲁迅日记 1934年9月23日,鲁迅日记 1934年9月23日,22819f64addecb1529bc4c92e655f0589c26dd44203cc9dcba155123ab6be000,
PSGN-00552,WORK-0061,SRC-0552,鲁迅日记 1934年9月26日,鲁迅日记 1934年9月26日,22819f64addecb1529bc4c92e655f0589c26dd44203cc9dcba155123ab6be000,
PSGN-00553,WORK-0061,SRC-0553,鲁迅日记 1935年1月26日,鲁迅日记 1935年1月26日,22819f64addecb1529bc4c92e655f0589c26dd44203cc9dcba155123ab6be000,
PSGN-00554,WORK-0061,SRC-0554,鲁迅日记 1935年1月30日,鲁迅日记 1935年1月30日,22819f64addecb1529bc4c92e655f0589c26dd44203cc9dcba155123ab6be000,
PSGN-00555,WORK-0061,SRC-0555,鲁迅日记 1935年2月13日,鲁迅日记 1935年2月13日,22819f64addecb1529bc4c92e655f0589c26dd44203cc9dcba155123ab6be000,
PSGN-00556,WORK-0061,SRC-0556,鲁迅日记 1935年2月15日 等4条,鲁迅日记 1935年2月15日 等4条,22819f64addecb1529bc4c92e655f0589c26dd44203cc9dcba155123ab6be000,
PSGN-00557,WORK-0061,SRC-0557,鲁迅日记 1935年2月8日,鲁迅日记 1935年2月8日,22819f64addecb1529bc4c92e655f0589c26dd44203cc9dcba155123ab6be000,
PSGN-00558,WORK-0061,SRC-0558,鲁迅日记 1935年3月1日,鲁迅日记 1935年3月1日,22819f64addecb1529bc4c92e655f0589c26dd44203cc9dcba155123ab6be000,
PSGN-00559,WORK-0061,SRC-0559,鲁迅日记 1935年3月8日,鲁迅日记 1935年3月8日,22819f64addecb1529bc4c92e655f0589c26dd44203cc9dcba155123ab6be000,
PSGN-00560,WORK-0061,SRC-0560,鲁迅日记 1935年4月3日,鲁迅日记 1935年4月3日,22819f64addecb1529bc4c92e655f0589c26dd44203cc9dcba155123ab6be000,
PSGN-00561,WORK-0061,SRC-0561,鲁迅日记 1935年4月7日,鲁迅日记 1935年4月7日,22819f64addecb1529bc4c92e655f0589c26dd44203cc9dcba155123ab6be000,
PSGN-00562,WORK-0061,SRC-0562,鲁迅日记 1935年4月8日 等7条,鲁迅日记 1935年4月8日 等7条,22819f64addecb1529bc4c92e655f0589c26dd44203cc9dcba155123ab6be000,
PSGN-00563,WORK-0061,SRC-0563,鲁迅日记 1935年5月30日,鲁迅日记 1935年5月30日,22819f64addecb1529bc4c92e655f0589c26dd44203cc9dcba155123ab6be000,
PSGN-00564,WORK-0061,SRC-0564,鲁迅日记 1935年5月9日,鲁迅日记 1935年5月9日,22819f64addecb1529bc4c92e655f0589c26dd44203cc9dcba155123ab6be000,
PSGN-00565,WORK-0061,SRC-0565,鲁迅日记 1935年6月20日,鲁迅日记 1935年6月20日,22819f64addecb1529bc4c92e655f0589c26dd44203cc9dcba155123ab6be000,
PSGN-00566,WORK-0061,SRC-0566,鲁迅日记 1935年6月7日,鲁迅日记 1935年6月7日,22819f64addecb1529bc4c92e655f0589c26dd44203cc9dcba155123ab6be000,
PSGN-00567,WORK-0061,SRC-0567,鲁迅日记 1935年7月24日,鲁迅日记 1935年7月24日,22819f64addecb1529bc4c92e655f0589c26dd44203cc9dcba155123ab6be000,
PSGN-00568,WORK-0061,SRC-0568,鲁迅日记 1935年8月11日 等6条,鲁迅日记 1935年8月11日 等6条,22819f64addecb1529bc4c92e655f0589c26dd44203cc9dcba155123ab6be000,
PSGN-00569,WORK-0061,SRC-0569,鲁迅日记 1935年8月28日,鲁迅日记 1935年8月28日,22819f64addecb1529bc4c92e655f0589c26dd44203cc9dcba155123ab6be000,
PSGN-00570,WORK-0061,SRC-0570,鲁迅日记 1935年8月3日,鲁迅日记 1935年8月3日,22819f64addecb1529bc4c92e655f0589c26dd44203cc9dcba155123ab6be000,
PSGN-00571,WORK-0033,SRC-0571,左联词典 第474页,左联词典 第474页,a57277ad95da90fb1c44ba581396e38495c7cef4f1388fd0b1fa9c602d9e322a,
PSGN-00572,WORK-0033,SRC-0572,左联词典 第503页,左联词典 第503页,a57277ad95da90fb1c44ba581396e38495c7cef4f1388fd0b1fa9c602d9e322a,
PSGN-00573,WORK-0030,SRC-0573,左联史 第139页,左联史 第139页,13968935ec647f0b5bbcceee40d6cd9d6bfb3ffcf5ea9b562e3ce12bba4db5d2,
PSGN-00574,WORK-0030,SRC-0574,左联史 第186页,左联史 第186页,13968935ec647f0b5bbcceee40d6cd9d6bfb3ffcf5ea9b562e3ce12bba4db5d2,
PSGN-00575,WORK-0030,SRC-0575,左联史 第190页,左联史 第190页,13968935ec647f0b5bbcceee40d6cd9d6bfb3ffcf5ea9b562e3ce12bba4db5d2,
PSGN-00576,WORK-0030,SRC-0576,左联史 第268页,左联史 第268页,13968935ec647f0b5bbcceee40d6cd9d6bfb3ffcf5ea9b562e3ce12bba4db5d2,
PSGN-00577,WORK-0033,SRC-0577,左联词典 第111页,左联词典 第111页,a57277ad95da90fb1c44ba581396e38495c7cef4f1388fd0b1fa9c602d9e322a,
PSGN-00578,WORK-0033,SRC-0578,左联词典 第153页,左联词典 第153页,a57277ad95da90fb1c44ba581396e38495c7cef4f1388fd0b1fa9c602d9e322a,
PSGN-00579,WORK-0033,SRC-0579,左联词典 第567页,左联词典 第567页,a57277ad95da90fb1c44ba581396e38495c7cef4f1388fd0b1fa9c602d9e322a,
PSGN-00580,WORK-0033,SRC-0580,左联词典 第706页,左联词典 第706页,a57277ad95da90fb1c44ba581396e38495c7cef4f1388fd0b1fa9c602d9e322a,
PSGN-00581,WORK-0033,SRC-0581,左联词典 第319页,左联词典 第319页,a57277ad95da90fb1c44ba581396e38495c7cef4f1388fd0b1fa9c602d9e322a,
PSGN-00582,WORK-0033,SRC-0582,左联词典 第628页,左联词典 第628页,a57277ad95da90fb1c44ba581396e38495c7cef4f1388fd0b1fa9c602d9e322a,
PSGN-00583,WORK-0033,SRC-0583,左联词典 第6页,左联词典 第6页,a57277ad95da90fb1c44ba581396e38495c7cef4f1388fd0b1fa9c602d9e322a,
PSGN-00584,WORK-0033,SRC-0584,左联词典 第127页,左联词典 第127页,a57277ad95da90fb1c44ba581396e38495c7cef4f1388fd0b1fa9c602d9e322a,
PSGN-00585,WORK-0033,SRC-0585,左联词典 第301页,左联词典 第301页,a57277ad95da90fb1c44ba581396e38495c7cef4f1388fd0b1fa9c602d9e322a,
PSGN-00586,WORK-0033,SRC-0586,左联词典 第188页,左联词典 第188页,a57277ad95da90fb1c44ba581396e38495c7cef4f1388fd0b1fa9c602d9e322a,
PSGN-00587,WORK-0031,SRC-0587,左联回忆录 第699页,左联回忆录 第699页,,
PSGN-00588,WORK-0033,SRC-0588,左联词典 第694页,左联词典 第694页,a57277ad95da90fb1c44ba581396e38495c7cef4f1388fd0b1fa9c602d9e322a,
PSGN-00589,WORK-0033,SRC-0589,左联词典 第135页,左联词典 第135页,a57277ad95da90fb1c44ba581396e38495c7cef4f1388fd0b1fa9c602d9e322a,
PSGN-00590,WORK-0033,SRC-0590,左联词典 第291页,左联词典 第291页,a57277ad95da90fb1c44ba581396e38495c7cef4f1388fd0b1fa9c602d9e322a,
PSGN-00591,WORK-0033,SRC-0591,左联词典 第328页,左联词典 第328页,a57277ad95da90fb1c44ba581396e38495c7cef4f1388fd0b1fa9c602d9e322a,
PSGN-00592,WORK-0033,SRC-0592,左联词典 第341页,左联词典 第341页,a57277ad95da90fb1c44ba581396e38495c7cef4f1388fd0b1fa9c602d9e322a,
PSGN-00593,WORK-0033,SRC-0593,左联词典 第490页,左联词典 第490页,a57277ad95da90fb1c44ba581396e38495c7cef4f1388fd0b1fa9c602d9e322a,
PSGN-00594,WORK-0033,SRC-0594,左联词典 第259页,左联词典 第259页,a57277ad95da90fb1c44ba581396e38495c7cef4f1388fd0b1fa9c602d9e322a,
PSGN-00595,WORK-0033,SRC-0595,左联词典 第260页,左联词典 第260页,a57277ad95da90fb1c44ba581396e38495c7cef4f1388fd0b1fa9c602d9e322a,
PSGN-00596,WORK-0033,SRC-0596,左联词典 第119页,左联词典 第119页,a57277ad95da90fb1c44ba581396e38495c7cef4f1388fd0b1fa9c602d9e322a,
PSGN-00597,WORK-0033,SRC-0597,左联词典 第141页,左联词典 第141页,a57277ad95da90fb1c44ba581396e38495c7cef4f1388fd0b1fa9c602d9e322a,
PSGN-00598,WORK-0033,SRC-0598,左联词典 第321页,左联词典 第321页,a57277ad95da90fb1c44ba581396e38495c7cef4f1388fd0b1fa9c602d9e322a,
PSGN-00599,WORK-0033,SRC-0599,左联词典 第327页,左联词典 第327页,a57277ad95da90fb1c44ba581396e38495c7cef4f1388fd0b1fa9c602d9e322a,
PSGN-00600,WORK-0033,SRC-0600,左联词典 第189页,左联词典 第189页,a57277ad95da90fb1c44ba581396e38495c7cef4f1388fd0b1fa9c602d9e322a,
PSGN-00601,WORK-0033,SRC-0601,左联词典 第215页,左联词典 第215页,a57277ad95da90fb1c44ba581396e38495c7cef4f1388fd0b1fa9c602d9e322a,
PSGN-00602,WORK-0033,SRC-0602,左联词典 第359页,左联词典 第359页,a57277ad95da90fb1c44ba581396e38495c7cef4f1388fd0b1fa9c602d9e322a,
PSGN-00603,WORK-0033,SRC-0603,左联词典 第281页,左联词典 第281页,a57277ad95da90fb1c44ba581396e38495c7cef4f1388fd0b1fa9c602d9e322a,
PSGN-00604,WORK-0033,SRC-0604,左联词典 第283页,左联词典 第283页,a57277ad95da90fb1c44ba581396e38495c7cef4f1388fd0b1fa9c602d9e322a,
PSGN-00605,WORK-0033,SRC-0605,左联词典 第272页,左联词典 第272页,a57277ad95da90fb1c44ba581396e38495c7cef4f1388fd0b1fa9c602d9e322a,
PSGN-00606,WORK-0033,SRC-0606,左联词典 第274页,左联词典 第274页,a57277ad95da90fb1c44ba581396e38495c7cef4f1388fd0b1fa9c602d9e322a,
PSGN-00607,WORK-0033,SRC-0607,左联词典 第501页,左联词典 第501页,a57277ad95da90fb1c44ba581396e38495c7cef4f1388fd0b1fa9c602d9e322a,
PSGN-00608,WORK-0033,SRC-0608,左联词典 第520页,左联词典 第520页,a57277ad95da90fb1c44ba581396e38495c7cef4f1388fd0b1fa9c602d9e322a,
PSGN-00609,WORK-0033,SRC-0609,左联词典 第537页,左联词典 第537页,a57277ad95da90fb1c44ba581396e38495c7cef4f1388fd0b1fa9c602d9e322a,
PSGN-00610,WORK-0033,SRC-0610,左联词典 第437页,左联词典 第437页,a57277ad95da90fb1c44ba581396e38495c7cef4f1388fd0b1fa9c602d9e322a,
PSGN-00611,WORK-0033,SRC-0611,左联词典 第480页,左联词典 第480页,a57277ad95da90fb1c44ba581396e38495c7cef4f1388fd0b1fa9c602d9e322a,
PSGN-00612,WORK-0033,SRC-0612,左联词典 第531页,左联词典 第531页,a57277ad95da90fb1c44ba581396e38495c7cef4f1388fd0b1fa9c602d9e322a,
PSGN-00613,WORK-0033,SRC-0613,左联词典 第482页,左联词典 第482页,a57277ad95da90fb1c44ba581396e38495c7cef4f1388fd0b1fa9c602d9e322a,
PSGN-00614,WORK-0033,SRC-0614,左联词典 第345页,左联词典 第345页,a57277ad95da90fb1c44ba581396e38495c7cef4f1388fd0b1fa9c602d9e322a,
PSGN-00615,WORK-0033,SRC-0615,左联词典 第623页,左联词典 第623页,a57277ad95da90fb1c44ba581396e38495c7cef4f1388fd0b1fa9c602d9e322a,
PSGN-00616,WORK-0030,SRC-0616,左联史 第500页,左联史 第500页,13968935ec647f0b5bbcceee40d6cd9d6bfb3ffcf5ea9b562e3ce12bba4db5d2,
PSGN-00617,WORK-0030,SRC-0617,左联史 第505页,左联史 第505页,13968935ec647f0b5bbcceee40d6cd9d6bfb3ffcf5ea9b562e3ce12bba4db5d2,
PSGN-00618,WORK-0030,SRC-0618,左联史 第579页,左联史 第579页,13968935ec647f0b5bbcceee40d6cd9d6bfb3ffcf5ea9b562e3ce12bba4db5d2,
PSGN-00619,WORK-0030,SRC-0619,左联史 第594页,左联史 第594页,13968935ec647f0b5bbcceee40d6cd9d6bfb3ffcf5ea9b562e3ce12bba4db5d2,
PSGN-00620,WORK-0030,SRC-0620,左联史 第725页,左联史 第725页,13968935ec647f0b5bbcceee40d6cd9d6bfb3ffcf5ea9b562e3ce12bba4db5d2,
PSGN-00621,WORK-0030,SRC-0621,左联史 第619页,左联史 第619页,13968935ec647f0b5bbcceee40d6cd9d6bfb3ffcf5ea9b562e3ce12bba4db5d2,
PSGN-00622,WORK-0030,SRC-0622,左联史 第620页,左联史 第620页,13968935ec647f0b5bbcceee40d6cd9d6bfb3ffcf5ea9b562e3ce12bba4db5d2,
PSGN-00623,WORK-0033,SRC-0623,左联词典 第619页,左联词典 第619页,a57277ad95da90fb1c44ba581396e38495c7cef4f1388fd0b1fa9c602d9e322a,
PSGN-00624,WORK-0033,SRC-0624,左联词典 第492页,左联词典 第492页,a57277ad95da90fb1c44ba581396e38495c7cef4f1388fd0b1fa9c602d9e322a,
PSGN-00625,WORK-0033,SRC-0625,左联词典 第624页,左联词典 第624页,a57277ad95da90fb1c44ba581396e38495c7cef4f1388fd0b1fa9c602d9e322a,
PSGN-00626,WORK-0030,SRC-0626,左联史 第49页,左联史 第49页,13968935ec647f0b5bbcceee40d6cd9d6bfb3ffcf5ea9b562e3ce12bba4db5d2,
PSGN-00627,WORK-0030,SRC-0627,左联史 第50页,左联史 第50页,13968935ec647f0b5bbcceee40d6cd9d6bfb3ffcf5ea9b562e3ce12bba4db5d2,
PSGN-00628,WORK-0030,SRC-0628,左联史 第61页,左联史 第61页,13968935ec647f0b5bbcceee40d6cd9d6bfb3ffcf5ea9b562e3ce12bba4db5d2,
PSGN-00629,WORK-0030,SRC-0629,左联史 第527页,左联史 第527页,13968935ec647f0b5bbcceee40d6cd9d6bfb3ffcf5ea9b562e3ce12bba4db5d2,
PSGN-00630,WORK-0030,SRC-0630,左联史 第548页,左联史 第548页,13968935ec647f0b5bbcceee40d6cd9d6bfb3ffcf5ea9b562e3ce12bba4db5d2,
PSGN-00631,WORK-0033,SRC-0631,左联词典 第554页,左联词典 第554页,a57277ad95da90fb1c44ba581396e38495c7cef4f1388fd0b1fa9c602d9e322a,
PSGN-00632,WORK-0033,SRC-0632,左联词典 第100页,左联词典 第100页,a57277ad95da90fb1c44ba581396e38495c7cef4f1388fd0b1fa9c602d9e322a,
PSGN-00633,WORK-0033,SRC-0633,左联词典 第626页,左联词典 第626页,a57277ad95da90fb1c44ba581396e38495c7cef4f1388fd0b1fa9c602d9e322a,
PSGN-00634,WORK-0033,SRC-0634,左联词典 第484页,左联词典 第484页,a57277ad95da90fb1c44ba581396e38495c7cef4f1388fd0b1fa9c602d9e322a,
PSGN-00635,WORK-0033,SRC-0635,左联词典 第444页,左联词典 第444页,a57277ad95da90fb1c44ba581396e38495c7cef4f1388fd0b1fa9c602d9e322a,
PSGN-00636,WORK-0030,SRC-0636,左联史 第324页,左联史 第324页,13968935ec647f0b5bbcceee40d6cd9d6bfb3ffcf5ea9b562e3ce12bba4db5d2,
PSGN-00637,WORK-0030,SRC-0637,左联史 第606页,左联史 第606页,13968935ec647f0b5bbcceee40d6cd9d6bfb3ffcf5ea9b562e3ce12bba4db5d2,
PSGN-00638,WORK-0033,SRC-0638,左联词典 第574页,左联词典 第574页,a57277ad95da90fb1c44ba581396e38495c7cef4f1388fd0b1fa9c602d9e322a,
PSGN-00639,WORK-0033,SRC-0639,左联词典 第271页,左联词典 第271页,a57277ad95da90fb1c44ba581396e38495c7cef4f1388fd0b1fa9c602d9e322a,
PSGN-00640,WORK-0030,SRC-0640,左联史 第240页,左联史 第240页,13968935ec647f0b5bbcceee40d6cd9d6bfb3ffcf5ea9b562e3ce12bba4db5d2,
PSGN-00641,WORK-0030,SRC-0641,左联史 第445页,左联史 第445页,13968935ec647f0b5bbcceee40d6cd9d6bfb3ffcf5ea9b562e3ce12bba4db5d2,
PSGN-00642,WORK-0033,SRC-0642,左联词典 第621页,左联词典 第621页,a57277ad95da90fb1c44ba581396e38495c7cef4f1388fd0b1fa9c602d9e322a,
PSGN-00643,WORK-0033,SRC-0643,左联词典 第682页,左联词典 第682页,a57277ad95da90fb1c44ba581396e38495c7cef4f1388fd0b1fa9c602d9e322a,
PSGN-00644,WORK-0033,SRC-0644,左联词典 第454页,左联词典 第454页,a57277ad95da90fb1c44ba581396e38495c7cef4f1388fd0b1fa9c602d9e322a,
PSGN-00645,WORK-0033,SRC-0645,左联词典 第253页,左联词典 第253页,a57277ad95da90fb1c44ba581396e38495c7cef4f1388fd0b1fa9c602d9e322a,
PSGN-00646,WORK-0033,SRC-0646,左联词典 第593页,左联词典 第593页,a57277ad95da90fb1c44ba581396e38495c7cef4f1388fd0b1fa9c602d9e322a,
PSGN-00647,WORK-0033,SRC-0647,左联词典 第504页,左联词典 第504页,a57277ad95da90fb1c44ba581396e38495c7cef4f1388fd0b1fa9c602d9e322a,
PSGN-00648,WORK-0033,SRC-0648,左联词典 第559页,左联词典 第559页,a57277ad95da90fb1c44ba581396e38495c7cef4f1388fd0b1fa9c602d9e322a,
PSGN-00649,WORK-0033,SRC-0649,左联词典 第507页,左联词典 第507页,a57277ad95da90fb1c44ba581396e38495c7cef4f1388fd0b1fa9c602d9e322a,
PSGN-00650,WORK-0033,SRC-0650,左联词典 第498页,左联词典 第498页,a57277ad95da90fb1c44ba581396e38495c7cef4f1388fd0b1fa9c602d9e322a,
PSGN-00651,WORK-0030,SRC-0651,左联史 第40页,左联史 第40页,13968935ec647f0b5bbcceee40d6cd9d6bfb3ffcf5ea9b562e3ce12bba4db5d2,
PSGN-00652,WORK-0030,SRC-0652,左联史 第434页,左联史 第434页,13968935ec647f0b5bbcceee40d6cd9d6bfb3ffcf5ea9b562e3ce12bba4db5d2,
PSGN-00653,WORK-0033,SRC-0653,左联词典 第473页,左联词典 第473页,a57277ad95da90fb1c44ba581396e38495c7cef4f1388fd0b1fa9c602d9e322a,
PSGN-00654,WORK-0030,SRC-0654,左联史 第698页,左联史 第698页,13968935ec647f0b5bbcceee40d6cd9d6bfb3ffcf5ea9b562e3ce12bba4db5d2,
PSGN-00655,WORK-0030,SRC-0655,左联史 第713页,左联史 第713页,13968935ec647f0b5bbcceee40d6cd9d6bfb3ffcf5ea9b562e3ce12bba4db5d2,
PSGN-00656,WORK-0033,SRC-0656,左联词典 第546页,左联词典 第546页,a57277ad95da90fb1c44ba581396e38495c7cef4f1388fd0b1fa9c602d9e322a,
PSGN-00657,WORK-0033,SRC-0657,左联词典 第657页,左联词典 第657页,a57277ad95da90fb1c44ba581396e38495c7cef4f1388fd0b1fa9c602d9e322a,
PSGN-00658,WORK-0030,SRC-0658,左联史 第437页,左联史 第437页,13968935ec647f0b5bbcceee40d6cd9d6bfb3ffcf5ea9b562e3ce12bba4db5d2,
PSGN-00659,WORK-0030,SRC-0659,左联史 第318页,左联史 第318页,13968935ec647f0b5bbcceee40d6cd9d6bfb3ffcf5ea9b562e3ce12bba4db5d2,
PSGN-00660,WORK-0030,SRC-0660,左联史 第710页,左联史 第710页,13968935ec647f0b5bbcceee40d6cd9d6bfb3ffcf5ea9b562e3ce12bba4db5d2,
PSGN-00661,WORK-0033,SRC-0661,左联词典 第613页,左联词典 第613页,a57277ad95da90fb1c44ba581396e38495c7cef4f1388fd0b1fa9c602d9e322a,
PSGN-00662,WORK-0033,SRC-0662,左联词典 第676页,左联词典 第676页,a57277ad95da90fb1c44ba581396e38495c7cef4f1388fd0b1fa9c602d9e322a,
PSGN-00663,WORK-0030,SRC-0663,左联史 第136页,左联史 第136页,13968935ec647f0b5bbcceee40d6cd9d6bfb3ffcf5ea9b562e3ce12bba4db5d2,
PSGN-00664,WORK-0030,SRC-0664,左联史 第142页,左联史 第142页,13968935ec647f0b5bbcceee40d6cd9d6bfb3ffcf5ea9b562e3ce12bba4db5d2,
PSGN-00665,WORK-0030,SRC-0665,左联史 第271页,左联史 第271页,13968935ec647f0b5bbcceee40d6cd9d6bfb3ffcf5ea9b562e3ce12bba4db5d2,
PSGN-00666,WORK-0030,SRC-0666,左联史 第561页,左联史 第561页,13968935ec647f0b5bbcceee40d6cd9d6bfb3ffcf5ea9b562e3ce12bba4db5d2,
PSGN-00667,WORK-0030,SRC-0667,左联史 第327页,左联史 第327页,13968935ec647f0b5bbcceee40d6cd9d6bfb3ffcf5ea9b562e3ce12bba4db5d2,
PSGN-00668,WORK-0030,SRC-0668,左联史 第193页,左联史 第193页,13968935ec647f0b5bbcceee40d6cd9d6bfb3ffcf5ea9b562e3ce12bba4db5d2,
PSGN-00669,WORK-0033,SRC-0669,左联词典 第680页,左联词典 第680页,a57277ad95da90fb1c44ba581396e38495c7cef4f1388fd0b1fa9c602d9e322a,
PSGN-00670,WORK-0030,SRC-0670,左联史 第161页,左联史 第161页,13968935ec647f0b5bbcceee40d6cd9d6bfb3ffcf5ea9b562e3ce12bba4db5d2,
PSGN-00671,WORK-0030,SRC-0671,左联史 第680页,左联史 第680页,13968935ec647f0b5bbcceee40d6cd9d6bfb3ffcf5ea9b562e3ce12bba4db5d2,
PSGN-00672,WORK-0030,SRC-0672,左联史 第692页,左联史 第692页,13968935ec647f0b5bbcceee40d6cd9d6bfb3ffcf5ea9b562e3ce12bba4db5d2,
PSGN-00673,WORK-0033,SRC-0673,左联词典 第475页,左联词典 第475页,a57277ad95da90fb1c44ba581396e38495c7cef4f1388fd0b1fa9c602d9e322a,
PSGN-00674,WORK-0033,SRC-0674,左联词典 第702页,左联词典 第702页,a57277ad95da90fb1c44ba581396e38495c7cef4f1388fd0b1fa9c602d9e322a,
PSGN-00675,WORK-0033,SRC-0675,左联词典 第703页,左联词典 第703页,a57277ad95da90fb1c44ba581396e38495c7cef4f1388fd0b1fa9c602d9e322a,
PSGN-00676,WORK-0033,SRC-0676,左联词典 第110页,左联词典 第110页,a57277ad95da90fb1c44ba581396e38495c7cef4f1388fd0b1fa9c602d9e322a,
PSGN-00677,WORK-0033,SRC-0677,左联词典 第317页,左联词典 第317页,a57277ad95da90fb1c44ba581396e38495c7cef4f1388fd0b1fa9c602d9e322a,
PSGN-00678,WORK-0033,SRC-0678,左联词典 第164页,左联词典 第164页,a57277ad95da90fb1c44ba581396e38495c7cef4f1388fd0b1fa9c602d9e322a,
PSGN-00679,WORK-0033,SRC-0679,左联词典 第318页,左联词典 第318页,a57277ad95da90fb1c44ba581396e38495c7cef4f1388fd0b1fa9c602d9e322a,
PSGN-00680,WORK-0033,SRC-0680,左联词典 第241页,左联词典 第241页,a57277ad95da90fb1c44ba581396e38495c7cef4f1388fd0b1fa9c602d9e322a,
PSGN-00681,WORK-0033,SRC-0681,左联词典 第277页,左联词典 第277页,a57277ad95da90fb1c44ba581396e38495c7cef4f1388fd0b1fa9c602d9e322a,
PSGN-00682,WORK-0033,SRC-0682,左联词典 第299页,左联词典 第299页,a57277ad95da90fb1c44ba581396e38495c7cef4f1388fd0b1fa9c602d9e322a,
PSGN-00683,WORK-0033,SRC-0683,左联词典 第256页,左联词典 第256页,a57277ad95da90fb1c44ba581396e38495c7cef4f1388fd0b1fa9c602d9e322a,
PSGN-00684,WORK-0033,SRC-0684,左联词典 第326页,左联词典 第326页,a57277ad95da90fb1c44ba581396e38495c7cef4f1388fd0b1fa9c602d9e322a,
PSGN-00685,WORK-0033,SRC-0685,左联词典 第479页,左联词典 第479页,a57277ad95da90fb1c44ba581396e38495c7cef4f1388fd0b1fa9c602d9e322a,
PSGN-00686,WORK-0033,SRC-0686,左联词典 第365页,左联词典 第365页,a57277ad95da90fb1c44ba581396e38495c7cef4f1388fd0b1fa9c602d9e322a,
PSGN-00687,WORK-0033,SRC-0687,左联词典 第429页,左联词典 第429页,a57277ad95da90fb1c44ba581396e38495c7cef4f1388fd0b1fa9c602d9e322a,
PSGN-00688,WORK-0033,SRC-0688,左联词典 第172页,左联词典 第172页,a57277ad95da90fb1c44ba581396e38495c7cef4f1388fd0b1fa9c602d9e322a,
PSGN-00689,WORK-0033,SRC-0689,左联词典 第329页,左联词典 第329页,a57277ad95da90fb1c44ba581396e38495c7cef4f1388fd0b1fa9c602d9e322a,
PSGN-00690,WORK-0033,SRC-0690,左联词典 第443页,左联词典 第443页,a57277ad95da90fb1c44ba581396e38495c7cef4f1388fd0b1fa9c602d9e322a,
PSGN-00691,WORK-0033,SRC-0691,左联词典 第656页,左联词典 第656页,a57277ad95da90fb1c44ba581396e38495c7cef4f1388fd0b1fa9c602d9e322a,
PSGN-00692,WORK-0033,SRC-0692,左联词典 第536页,左联词典 第536页,a57277ad95da90fb1c44ba581396e38495c7cef4f1388fd0b1fa9c602d9e322a,
PSGN-00693,WORK-0033,SRC-0693,左联词典 第517页,左联词典 第517页,a57277ad95da90fb1c44ba581396e38495c7cef4f1388fd0b1fa9c602d9e322a,
PSGN-00694,WORK-0033,SRC-0694,左联词典 第560页,左联词典 第560页,a57277ad95da90fb1c44ba581396e38495c7cef4f1388fd0b1fa9c602d9e322a,
PSGN-00695,WORK-0030,SRC-0695,左联史 第25页,左联史 第25页,13968935ec647f0b5bbcceee40d6cd9d6bfb3ffcf5ea9b562e3ce12bba4db5d2,
PSGN-00696,WORK-0033,SRC-0696,左联词典 第497页,左联词典 第497页,a57277ad95da90fb1c44ba581396e38495c7cef4f1388fd0b1fa9c602d9e322a,
PSGN-00697,WORK-0033,SRC-0697,左联词典 第177页,左联词典 第177页,a57277ad95da90fb1c44ba581396e38495c7cef4f1388fd0b1fa9c602d9e322a,
PSGN-00698,WORK-0030,SRC-0698,左联史 第368页,左联史 第368页,13968935ec647f0b5bbcceee40d6cd9d6bfb3ffcf5ea9b562e3ce12bba4db5d2,
PSGN-00699,WORK-0030,SRC-0699,左联史 第388页,左联史 第388页,13968935ec647f0b5bbcceee40d6cd9d6bfb3ffcf5ea9b562e3ce12bba4db5d2,
PSGN-00700,WORK-0030,SRC-0700,左联史 第424页,左联史 第424页,13968935ec647f0b5bbcceee40d6cd9d6bfb3ffcf5ea9b562e3ce12bba4db5d2,
PSGN-00701,WORK-0030,SRC-0701,左联史 第362页,左联史 第362页,13968935ec647f0b5bbcceee40d6cd9d6bfb3ffcf5ea9b562e3ce12bba4db5d2,
PSGN-00702,WORK-0033,SRC-0702,左联词典 第611页,左联词典 第611页,a57277ad95da90fb1c44ba581396e38495c7cef4f1388fd0b1fa9c602d9e322a,
PSGN-00703,WORK-0030,SRC-0703,左联史 第475页,左联史 第475页,13968935ec647f0b5bbcceee40d6cd9d6bfb3ffcf5ea9b562e3ce12bba4db5d2,
PSGN-00704,WORK-0030,SRC-0704,左联史 第9页,左联史 第9页,13968935ec647f0b5bbcceee40d6cd9d6bfb3ffcf5ea9b562e3ce12bba4db5d2,
PSGN-00705,WORK-0030,SRC-0705,左联史 第351页,左联史 第351页,13968935ec647f0b5bbcceee40d6cd9d6bfb3ffcf5ea9b562e3ce12bba4db5d2,
PSGN-00706,WORK-0033,SRC-0706,左联词典 第635页,左联词典 第635页,a57277ad95da90fb1c44ba581396e38495c7cef4f1388fd0b1fa9c602d9e322a,
PSGN-00707,WORK-0030,SRC-0707,左联史 第158页,左联史 第158页,13968935ec647f0b5bbcceee40d6cd9d6bfb3ffcf5ea9b562e3ce12bba4db5d2,
PSGN-00708,WORK-0030,SRC-0708,左联史 第358页,左联史 第358页,13968935ec647f0b5bbcceee40d6cd9d6bfb3ffcf5ea9b562e3ce12bba4db5d2,
PSGN-00709,WORK-0030,SRC-0709,左联史 第458页,左联史 第458页,13968935ec647f0b5bbcceee40d6cd9d6bfb3ffcf5ea9b562e3ce12bba4db5d2,
PSGN-00710,WORK-0030,SRC-0710,左联史 第729页,左联史 第729页,13968935ec647f0b5bbcceee40d6cd9d6bfb3ffcf5ea9b562e3ce12bba4db5d2,
PSGN-00711,WORK-0030,SRC-0711,左联史 第20页,左联史 第20页,13968935ec647f0b5bbcceee40d6cd9d6bfb3ffcf5ea9b562e3ce12bba4db5d2,
PSGN-00712,WORK-0030,SRC-0712,左联史 第98页,左联史 第98页,13968935ec647f0b5bbcceee40d6cd9d6bfb3ffcf5ea9b562e3ce12bba4db5d2,
PSGN-00713,WORK-0030,SRC-0713,左联史 第369页,左联史 第369页,13968935ec647f0b5bbcceee40d6cd9d6bfb3ffcf5ea9b562e3ce12bba4db5d2,
PSGN-00714,WORK-0030,SRC-0714,左联史 第404页,左联史 第404页,13968935ec647f0b5bbcceee40d6cd9d6bfb3ffcf5ea9b562e3ce12bba4db5d2,
PSGN-00715,WORK-0030,SRC-0715,左联史 第682页,左联史 第682页,13968935ec647f0b5bbcceee40d6cd9d6bfb3ffcf5ea9b562e3ce12bba4db5d2,
PSGN-00716,WORK-0033,SRC-0716,左联词典 第662页,左联词典 第662页,a57277ad95da90fb1c44ba581396e38495c7cef4f1388fd0b1fa9c602d9e322a,
PSGN-00717,WORK-0030,SRC-0717,左联史 第89页,左联史 第89页,13968935ec647f0b5bbcceee40d6cd9d6bfb3ffcf5ea9b562e3ce12bba4db5d2,
PSGN-00718,WORK-0030,SRC-0718,左联史 第464页,左联史 第464页,13968935ec647f0b5bbcceee40d6cd9d6bfb3ffcf5ea9b562e3ce12bba4db5d2,
PSGN-00719,WORK-0030,SRC-0719,左联史 第214页,左联史 第214页,13968935ec647f0b5bbcceee40d6cd9d6bfb3ffcf5ea9b562e3ce12bba4db5d2,
PSGN-00720,WORK-0030,SRC-0720,左联史 第215页,左联史 第215页,13968935ec647f0b5bbcceee40d6cd9d6bfb3ffcf5ea9b562e3ce12bba4db5d2,
PSGN-00721,WORK-0033,SRC-0721,左联词典 第556页,左联词典 第556页,a57277ad95da90fb1c44ba581396e38495c7cef4f1388fd0b1fa9c602d9e322a,
PSGN-00722,WORK-0030,SRC-0722,左联史 第179页,左联史 第179页,13968935ec647f0b5bbcceee40d6cd9d6bfb3ffcf5ea9b562e3ce12bba4db5d2,
PSGN-00723,WORK-0030,SRC-0723,左联史 第703页,左联史 第703页,13968935ec647f0b5bbcceee40d6cd9d6bfb3ffcf5ea9b562e3ce12bba4db5d2,
PSGN-00724,WORK-0030,SRC-0724,左联史 第711页,左联史 第711页,13968935ec647f0b5bbcceee40d6cd9d6bfb3ffcf5ea9b562e3ce12bba4db5d2,
PSGN-00725,WORK-0030,SRC-0725,左联史 第18页,左联史 第18页,13968935ec647f0b5bbcceee40d6cd9d6bfb3ffcf5ea9b562e3ce12bba4db5d2,
PSGN-00726,WORK-0030,SRC-0726,左联史 第231页,左联史 第231页,13968935ec647f0b5bbcceee40d6cd9d6bfb3ffcf5ea9b562e3ce12bba4db5d2,
PSGN-00727,WORK-0030,SRC-0727,左联史 第466页,左联史 第466页,13968935ec647f0b5bbcceee40d6cd9d6bfb3ffcf5ea9b562e3ce12bba4db5d2,
PSGN-00728,WORK-0033,SRC-0728,左联词典 第269页,左联词典 第269页,a57277ad95da90fb1c44ba581396e38495c7cef4f1388fd0b1fa9c602d9e322a,
PSGN-00729,WORK-0033,SRC-0729,左联词典 第334页,左联词典 第334页,a57277ad95da90fb1c44ba581396e38495c7cef4f1388fd0b1fa9c602d9e322a,
PSGN-00730,WORK-0033,SRC-0730,左联词典 第170页,左联词典 第170页,a57277ad95da90fb1c44ba581396e38495c7cef4f1388fd0b1fa9c602d9e322a,
PSGN-00731,WORK-0033,SRC-0731,左联词典 第295页,左联词典 第295页,a57277ad95da90fb1c44ba581396e38495c7cef4f1388fd0b1fa9c602d9e322a,
PSGN-00732,WORK-0033,SRC-0732,左联词典 第297页,左联词典 第297页,a57277ad95da90fb1c44ba581396e38495c7cef4f1388fd0b1fa9c602d9e322a,
PSGN-00733,WORK-0033,SRC-0733,左联词典 第30页,左联词典 第30页,a57277ad95da90fb1c44ba581396e38495c7cef4f1388fd0b1fa9c602d9e322a,
PSGN-00734,WORK-0033,SRC-0734,左联词典 第282页,左联词典 第282页,a57277ad95da90fb1c44ba581396e38495c7cef4f1388fd0b1fa9c602d9e322a,
PSGN-00735,WORK-0033,SRC-0735,左联词典 第637页,左联词典 第637页,a57277ad95da90fb1c44ba581396e38495c7cef4f1388fd0b1fa9c602d9e322a,
PSGN-00736,WORK-0033,SRC-0736,左联词典 第643页,左联词典 第643页,a57277ad95da90fb1c44ba581396e38495c7cef4f1388fd0b1fa9c602d9e322a,
PSGN-00737,WORK-0033,SRC-0737,左联词典 第639页,左联词典 第639页,a57277ad95da90fb1c44ba581396e38495c7cef4f1388fd0b1fa9c602d9e322a,
PSGN-00738,WORK-0030,SRC-0738,左联史 第624页,左联史 第624页,13968935ec647f0b5bbcceee40d6cd9d6bfb3ffcf5ea9b562e3ce12bba4db5d2,
PSGN-00739,WORK-0030,SRC-0739,左联史 第22页,左联史 第22页,13968935ec647f0b5bbcceee40d6cd9d6bfb3ffcf5ea9b562e3ce12bba4db5d2,
PSGN-00740,WORK-0030,SRC-0740,左联史 第106页,左联史 第106页,13968935ec647f0b5bbcceee40d6cd9d6bfb3ffcf5ea9b562e3ce12bba4db5d2,
PSGN-00741,WORK-0030,SRC-0741,左联史 第707页,左联史 第707页,13968935ec647f0b5bbcceee40d6cd9d6bfb3ffcf5ea9b562e3ce12bba4db5d2,
PSGN-00742,WORK-0033,SRC-0742,左联词典 第360页,左联词典 第360页,a57277ad95da90fb1c44ba581396e38495c7cef4f1388fd0b1fa9c602d9e322a,
PSGN-00743,WORK-0030,SRC-0743,左联史 第509页,左联史 第509页,13968935ec647f0b5bbcceee40d6cd9d6bfb3ffcf5ea9b562e3ce12bba4db5d2,
PSGN-00744,WORK-0033,SRC-0744,左联词典 第689页,左联词典 第689页,a57277ad95da90fb1c44ba581396e38495c7cef4f1388fd0b1fa9c602d9e322a,
PSGN-00745,WORK-0033,SRC-0745,左联词典 第532页,左联词典 第532页,a57277ad95da90fb1c44ba581396e38495c7cef4f1388fd0b1fa9c602d9e322a,
PSGN-00746,WORK-0030,SRC-0746,左联史 第605页,左联史 第605页,13968935ec647f0b5bbcceee40d6cd9d6bfb3ffcf5ea9b562e3ce12bba4db5d2,
PSGN-00747,WORK-0030,SRC-0747,左联史 第8页,左联史 第8页,13968935ec647f0b5bbcceee40d6cd9d6bfb3ffcf5ea9b562e3ce12bba4db5d2,
PSGN-00748,WORK-0033,SRC-0748,左联词典 第521页,左联词典 第521页,a57277ad95da90fb1c44ba581396e38495c7cef4f1388fd0b1fa9c602d9e322a,
PSGN-00749,WORK-0030,SRC-0749,左联史 第38页,左联史 第38页,13968935ec647f0b5bbcceee40d6cd9d6bfb3ffcf5ea9b562e3ce12bba4db5d2,
PSGN-00750,WORK-0030,SRC-0750,左联史 第90页,左联史 第90页,13968935ec647f0b5bbcceee40d6cd9d6bfb3ffcf5ea9b562e3ce12bba4db5d2,
PSGN-00751,WORK-0030,SRC-0751,左联史 第688页,左联史 第688页,13968935ec647f0b5bbcceee40d6cd9d6bfb3ffcf5ea9b562e3ce12bba4db5d2,
PSGN-00752,WORK-0030,SRC-0752,左联史 第724页,左联史 第724页,13968935ec647f0b5bbcceee40d6cd9d6bfb3ffcf5ea9b562e3ce12bba4db5d2,
PSGN-00753,WORK-0030,SRC-0753,左联史 第503页,左联史 第503页,13968935ec647f0b5bbcceee40d6cd9d6bfb3ffcf5ea9b562e3ce12bba4db5d2,
PSGN-00754,WORK-0030,SRC-0754,左联史 第102页,左联史 第102页,13968935ec647f0b5bbcceee40d6cd9d6bfb3ffcf5ea9b562e3ce12bba4db5d2,
PSGN-00755,WORK-0033,SRC-0755,左联词典 第658页,左联词典 第658页,a57277ad95da90fb1c44ba581396e38495c7cef4f1388fd0b1fa9c602d9e322a,
PSGN-00756,WORK-0033,SRC-0756,左联词典 第126页,左联词典 第126页,a57277ad95da90fb1c44ba581396e38495c7cef4f1388fd0b1fa9c602d9e322a,
PSGN-00757,WORK-0033,SRC-0757,左联词典 第523页,左联词典 第523页,a57277ad95da90fb1c44ba581396e38495c7cef4f1388fd0b1fa9c602d9e322a,
PSGN-00758,WORK-0033,SRC-0758,左联词典 第561页,左联词典 第561页,a57277ad95da90fb1c44ba581396e38495c7cef4f1388fd0b1fa9c602d9e322a,
PSGN-00759,WORK-0033,SRC-0759,左联词典 第577页,左联词典 第577页,a57277ad95da90fb1c44ba581396e38495c7cef4f1388fd0b1fa9c602d9e322a,
PSGN-00760,WORK-0033,SRC-0760,左联词典 第267页,左联词典 第267页,a57277ad95da90fb1c44ba581396e38495c7cef4f1388fd0b1fa9c602d9e322a,
PSGN-00761,WORK-0033,SRC-0761,左联词典 第17页,左联词典 第17页,a57277ad95da90fb1c44ba581396e38495c7cef4f1388fd0b1fa9c602d9e322a,
PSGN-00762,WORK-0030,SRC-0762,左联史 第19页,左联史 第19页,13968935ec647f0b5bbcceee40d6cd9d6bfb3ffcf5ea9b562e3ce12bba4db5d2,
PSGN-00763,WORK-0033,SRC-0763,左联词典 第93页,左联词典 第93页,a57277ad95da90fb1c44ba581396e38495c7cef4f1388fd0b1fa9c602d9e322a,
PSGN-00764,WORK-0033,SRC-0764,左联词典 第470页,左联词典 第470页,a57277ad95da90fb1c44ba581396e38495c7cef4f1388fd0b1fa9c602d9e322a,
PSGN-00765,WORK-0033,SRC-0765,左联词典 第696页,左联词典 第696页,a57277ad95da90fb1c44ba581396e38495c7cef4f1388fd0b1fa9c602d9e322a,
PSGN-00766,WORK-0030,SRC-0766,左联史 第453页,左联史 第453页,13968935ec647f0b5bbcceee40d6cd9d6bfb3ffcf5ea9b562e3ce12bba4db5d2,
PSGN-00767,WORK-0030,SRC-0767,左联史 第23页,左联史 第23页,13968935ec647f0b5bbcceee40d6cd9d6bfb3ffcf5ea9b562e3ce12bba4db5d2,
PSGN-00768,WORK-0030,SRC-0768,左联史 第550页,左联史 第550页,13968935ec647f0b5bbcceee40d6cd9d6bfb3ffcf5ea9b562e3ce12bba4db5d2,
PSGN-00769,WORK-0030,SRC-0769,左联史 第467页,左联史 第467页,13968935ec647f0b5bbcceee40d6cd9d6bfb3ffcf5ea9b562e3ce12bba4db5d2,
PSGN-00770,WORK-0030,SRC-0770,左联史 第456页,左联史 第456页,13968935ec647f0b5bbcceee40d6cd9d6bfb3ffcf5ea9b562e3ce12bba4db5d2,
PSGN-00771,WORK-0030,SRC-0771,左联史 第30页,左联史 第30页,13968935ec647f0b5bbcceee40d6cd9d6bfb3ffcf5ea9b562e3ce12bba4db5d2,
PSGN-00772,WORK-0030,SRC-0772,左联史 第27页,左联史 第27页,13968935ec647f0b5bbcceee40d6cd9d6bfb3ffcf5ea9b562e3ce12bba4db5d2,
PSGN-00773,WORK-0030,SRC-0773,左联史 第37页,左联史 第37页,13968935ec647f0b5bbcceee40d6cd9d6bfb3ffcf5ea9b562e3ce12bba4db5d2,
PSGN-00774,WORK-0030,SRC-0774,左联史 第474页,左联史 第474页,13968935ec647f0b5bbcceee40d6cd9d6bfb3ffcf5ea9b562e3ce12bba4db5d2,
PSGN-00775,WORK-0033,SRC-0775,左联词典 第286页,左联词典 第286页,a57277ad95da90fb1c44ba581396e38495c7cef4f1388fd0b1fa9c602d9e322a,
PSGN-00776,WORK-0033,SRC-0776,左联词典 第633页,左联词典 第633页,a57277ad95da90fb1c44ba581396e38495c7cef4f1388fd0b1fa9c602d9e322a,
PSGN-00777,WORK-0033,SRC-0777,左联词典 第506页,左联词典 第506页,a57277ad95da90fb1c44ba581396e38495c7cef4f1388fd0b1fa9c602d9e322a,
PSGN-00778,WORK-0033,SRC-0778,左联词典 第678页,左联词典 第678页,a57277ad95da90fb1c44ba581396e38495c7cef4f1388fd0b1fa9c602d9e322a,
PSGN-00779,WORK-0030,SRC-0779,左联史 第504页,左联史 第504页,13968935ec647f0b5bbcceee40d6cd9d6bfb3ffcf5ea9b562e3ce12bba4db5d2,
PSGN-00780,WORK-0030,SRC-0780,左联史 第269页,左联史 第269页,13968935ec647f0b5bbcceee40d6cd9d6bfb3ffcf5ea9b562e3ce12bba4db5d2,
PSGN-00781,WORK-0033,SRC-0781,左联词典 第306页,左联词典 第306页,a57277ad95da90fb1c44ba581396e38495c7cef4f1388fd0b1fa9c602d9e322a,
PSGN-00782,WORK-0030,SRC-0782,左联史 第71页,左联史 第71页,13968935ec647f0b5bbcceee40d6cd9d6bfb3ffcf5ea9b562e3ce12bba4db5d2,
PSGN-00783,WORK-0030,SRC-0783,左联史 第524页,左联史 第524页,13968935ec647f0b5bbcceee40d6cd9d6bfb3ffcf5ea9b562e3ce12bba4db5d2,
PSGN-00784,WORK-0030,SRC-0784,左联史 第552页,左联史 第552页,13968935ec647f0b5bbcceee40d6cd9d6bfb3ffcf5ea9b562e3ce12bba4db5d2,
PSGN-00785,WORK-0033,SRC-0785,左联词典 第461页,左联词典 第461页,a57277ad95da90fb1c44ba581396e38495c7cef4f1388fd0b1fa9c602d9e322a,
PSGN-00786,WORK-0030,SRC-0786,左联史 第244页,左联史 第244页,13968935ec647f0b5bbcceee40d6cd9d6bfb3ffcf5ea9b562e3ce12bba4db5d2,
PSGN-00787,WORK-0030,SRC-0787,左联史 第285页,左联史 第285页,13968935ec647f0b5bbcceee40d6cd9d6bfb3ffcf5ea9b562e3ce12bba4db5d2,
PSGN-00788,WORK-0030,SRC-0788,左联史 第140页,左联史 第140页,13968935ec647f0b5bbcceee40d6cd9d6bfb3ffcf5ea9b562e3ce12bba4db5d2,
PSGN-00789,WORK-0033,SRC-0789,左联词典 第605页,左联词典 第605页,a57277ad95da90fb1c44ba581396e38495c7cef4f1388fd0b1fa9c602d9e322a,
PSGN-00790,WORK-0030,SRC-0790,左联史 第618页,左联史 第618页,13968935ec647f0b5bbcceee40d6cd9d6bfb3ffcf5ea9b562e3ce12bba4db5d2,
PSGN-00791,WORK-0033,SRC-0791,左联词典 第644页,左联词典 第644页,a57277ad95da90fb1c44ba581396e38495c7cef4f1388fd0b1fa9c602d9e322a,
PSGN-00792,WORK-0033,SRC-0792,左联词典 第427页,左联词典 第427页,a57277ad95da90fb1c44ba581396e38495c7cef4f1388fd0b1fa9c602d9e322a,
PSGN-00793,WORK-0030,SRC-0793,左联史 第479页,左联史 第479页,13968935ec647f0b5bbcceee40d6cd9d6bfb3ffcf5ea9b562e3ce12bba4db5d2,
PSGN-00794,WORK-0033,SRC-0794,左联词典 第63页,左联词典 第63页,a57277ad95da90fb1c44ba581396e38495c7cef4f1388fd0b1fa9c602d9e322a,
PSGN-00795,WORK-0033,SRC-0795,左联词典 第208页,左联词典 第208页,a57277ad95da90fb1c44ba581396e38495c7cef4f1388fd0b1fa9c602d9e322a,
PSGN-00796,WORK-0030,SRC-0796,左联史 第230页,左联史 第230页,13968935ec647f0b5bbcceee40d6cd9d6bfb3ffcf5ea9b562e3ce12bba4db5d2,
PSGN-00797,WORK-0030,SRC-0797,左联史 第507页,左联史 第507页,13968935ec647f0b5bbcceee40d6cd9d6bfb3ffcf5ea9b562e3ce12bba4db5d2,
PSGN-00798,WORK-0030,SRC-0798,左联史 第535页,左联史 第535页,13968935ec647f0b5bbcceee40d6cd9d6bfb3ffcf5ea9b562e3ce12bba4db5d2,
PSGN-00799,WORK-0030,SRC-0799,左联史 第717页,左联史 第717页,13968935ec647f0b5bbcceee40d6cd9d6bfb3ffcf5ea9b562e3ce12bba4db5d2,
PSGN-00800,WORK-0030,SRC-0800,左联史 第676页,左联史 第676页,13968935ec647f0b5bbcceee40d6cd9d6bfb3ffcf5ea9b562e3ce12bba4db5d2,
PSGN-00801,WORK-0030,SRC-0801,左联史 第712页,左联史 第712页,13968935ec647f0b5bbcceee40d6cd9d6bfb3ffcf5ea9b562e3ce12bba4db5d2,
PSGN-00802,WORK-0033,SRC-0802,左联词典 第151页,左联词典 第151页,a57277ad95da90fb1c44ba581396e38495c7cef4f1388fd0b1fa9c602d9e322a,
PSGN-00803,WORK-0033,SRC-0803,左联词典 第669页,左联词典 第669页,a57277ad95da90fb1c44ba581396e38495c7cef4f1388fd0b1fa9c602d9e322a,
PSGN-00804,WORK-0033,SRC-0804,左联词典 第494页,左联词典 第494页,a57277ad95da90fb1c44ba581396e38495c7cef4f1388fd0b1fa9c602d9e322a,
PSGN-00805,WORK-0033,SRC-0805,左联词典 第379页,左联词典 第379页,a57277ad95da90fb1c44ba581396e38495c7cef4f1388fd0b1fa9c602d9e322a,
PSGN-00806,WORK-0033,SRC-0806,左联词典 第199页,左联词典 第199页,a57277ad95da90fb1c44ba581396e38495c7cef4f1388fd0b1fa9c602d9e322a,
PSGN-00807,WORK-0033,SRC-0807,左联词典 第464页,左联词典 第464页,a57277ad95da90fb1c44ba581396e38495c7cef4f1388fd0b1fa9c602d9e322a,
PSGN-00808,WORK-0030,SRC-0808,左联史 第168页,左联史 第168页,13968935ec647f0b5bbcceee40d6cd9d6bfb3ffcf5ea9b562e3ce12bba4db5d2,
PSGN-00809,WORK-0030,SRC-0809,左联史 第410页,左联史 第410页,13968935ec647f0b5bbcceee40d6cd9d6bfb3ffcf5ea9b562e3ce12bba4db5d2,
PSGN-00810,WORK-0030,SRC-0810,左联史 第423页,左联史 第423页,13968935ec647f0b5bbcceee40d6cd9d6bfb3ffcf5ea9b562e3ce12bba4db5d2,
PSGN-00811,WORK-0030,SRC-0811,左联史 第508页,左联史 第508页,13968935ec647f0b5bbcceee40d6cd9d6bfb3ffcf5ea9b562e3ce12bba4db5d2,
PSGN-00812,WORK-0030,SRC-0812,左联史 第528页,左联史 第528页,13968935ec647f0b5bbcceee40d6cd9d6bfb3ffcf5ea9b562e3ce12bba4db5d2,
PSGN-00813,WORK-0030,SRC-0813,左联史 第36页,左联史 第36页,13968935ec647f0b5bbcceee40d6cd9d6bfb3ffcf5ea9b562e3ce12bba4db5d2,
PSGN-00814,WORK-0030,SRC-0814,左联史 第88页,左联史 第88页,13968935ec647f0b5bbcceee40d6cd9d6bfb3ffcf5ea9b562e3ce12bba4db5d2,
PSGN-00815,WORK-0030,SRC-0815,左联史 第189页,左联史 第189页,13968935ec647f0b5bbcceee40d6cd9d6bfb3ffcf5ea9b562e3ce12bba4db5d2,
PSGN-00816,WORK-0030,SRC-0816,左联史 第251页,左联史 第251页,13968935ec647f0b5bbcceee40d6cd9d6bfb3ffcf5ea9b562e3ce12bba4db5d2,
PSGN-00817,WORK-0030,SRC-0817,左联史 第494页,左联史 第494页,13968935ec647f0b5bbcceee40d6cd9d6bfb3ffcf5ea9b562e3ce12bba4db5d2,
PSGN-00818,WORK-0030,SRC-0818,左联史 第91页,左联史 第91页,13968935ec647f0b5bbcceee40d6cd9d6bfb3ffcf5ea9b562e3ce12bba4db5d2,
PSGN-00819,WORK-0033,SRC-0819,左联词典 第103页,左联词典 第103页,a57277ad95da90fb1c44ba581396e38495c7cef4f1388fd0b1fa9c602d9e322a,
PSGN-00820,WORK-0033,SRC-0820,左联词典 第313页,左联词典 第313页,a57277ad95da90fb1c44ba581396e38495c7cef4f1388fd0b1fa9c602d9e322a,
PSGN-00821,WORK-0033,SRC-0821,左联词典 第641页,左联词典 第641页,a57277ad95da90fb1c44ba581396e38495c7cef4f1388fd0b1fa9c602d9e322a,
PSGN-00822,WORK-0033,SRC-0822,左联词典 第226页,左联词典 第226页,a57277ad95da90fb1c44ba581396e38495c7cef4f1388fd0b1fa9c602d9e322a,
PSGN-00823,WORK-0033,SRC-0823,左联词典 第493页,左联词典 第493页,a57277ad95da90fb1c44ba581396e38495c7cef4f1388fd0b1fa9c602d9e322a,
PSGN-00824,WORK-0030,SRC-0824,左联史 第397页,左联史 第397页,13968935ec647f0b5bbcceee40d6cd9d6bfb3ffcf5ea9b562e3ce12bba4db5d2,
PSGN-00825,WORK-0033,SRC-0825,左联词典 第322页,左联词典 第322页,a57277ad95da90fb1c44ba581396e38495c7cef4f1388fd0b1fa9c602d9e322a,
PSGN-00826,WORK-0030,SRC-0826,左联史 第411页,左联史 第411页,13968935ec647f0b5bbcceee40d6cd9d6bfb3ffcf5ea9b562e3ce12bba4db5d2,
PSGN-00827,WORK-0030,SRC-0827,左联史 第45页,左联史 第45页,13968935ec647f0b5bbcceee40d6cd9d6bfb3ffcf5ea9b562e3ce12bba4db5d2,
PSGN-00828,WORK-0030,SRC-0828,左联史 第233页,左联史 第233页,13968935ec647f0b5bbcceee40d6cd9d6bfb3ffcf5ea9b562e3ce12bba4db5d2,
PSGN-00829,WORK-0030,SRC-0829,左联史 第435页,左联史 第435页,13968935ec647f0b5bbcceee40d6cd9d6bfb3ffcf5ea9b562e3ce12bba4db5d2,
PSGN-00830,WORK-0030,SRC-0830,左联史 第502页,左联史 第502页,13968935ec647f0b5bbcceee40d6cd9d6bfb3ffcf5ea9b562e3ce12bba4db5d2,
PSGN-00831,WORK-0030,SRC-0831,左联史 第446页,左联史 第446页,13968935ec647f0b5bbcceee40d6cd9d6bfb3ffcf5ea9b562e3ce12bba4db5d2,
PSGN-00832,WORK-0030,SRC-0832,左联史 第174页,左联史 第174页,13968935ec647f0b5bbcceee40d6cd9d6bfb3ffcf5ea9b562e3ce12bba4db5d2,
PSGN-00833,WORK-0030,SRC-0833,左联史 第472页,左联史 第472页,13968935ec647f0b5bbcceee40d6cd9d6bfb3ffcf5ea9b562e3ce12bba4db5d2,
PSGN-00834,WORK-0030,SRC-0834,左联史 第668页,左联史 第668页,13968935ec647f0b5bbcceee40d6cd9d6bfb3ffcf5ea9b562e3ce12bba4db5d2,
PSGN-00835,WORK-0033,SRC-0835,左联词典 第66页,左联词典 第66页,a57277ad95da90fb1c44ba581396e38495c7cef4f1388fd0b1fa9c602d9e322a,
PSGN-00836,WORK-0033,SRC-0836,左联词典 第649页,左联词典 第649页,a57277ad95da90fb1c44ba581396e38495c7cef4f1388fd0b1fa9c602d9e322a,
PSGN-00837,WORK-0030,SRC-0837,左联史 第296页,左联史 第296页,13968935ec647f0b5bbcceee40d6cd9d6bfb3ffcf5ea9b562e3ce12bba4db5d2,
PSGN-00838,WORK-0030,SRC-0838,左联史 第642页,左联史 第642页,13968935ec647f0b5bbcceee40d6cd9d6bfb3ffcf5ea9b562e3ce12bba4db5d2,
PSGN-00839,WORK-0030,SRC-0839,左联史 第665页,左联史 第665页,13968935ec647f0b5bbcceee40d6cd9d6bfb3ffcf5ea9b562e3ce12bba4db5d2,
PSGN-00840,WORK-0030,SRC-0840,左联史 第534页,左联史 第534页,13968935ec647f0b5bbcceee40d6cd9d6bfb3ffcf5ea9b562e3ce12bba4db5d2,
PSGN-00841,WORK-0030,SRC-0841,左联史 第602页,左联史 第602页,13968935ec647f0b5bbcceee40d6cd9d6bfb3ffcf5ea9b562e3ce12bba4db5d2,
PSGN-00842,WORK-0033,SRC-0842,左联词典 第116页,左联词典 第116页,a57277ad95da90fb1c44ba581396e38495c7cef4f1388fd0b1fa9c602d9e322a,
PSGN-00843,WORK-0033,SRC-0843,左联词典 第344页,左联词典 第344页,a57277ad95da90fb1c44ba581396e38495c7cef4f1388fd0b1fa9c602d9e322a,
PSGN-00844,WORK-0033,SRC-0844,左联词典 第665页,左联词典 第665页,a57277ad95da90fb1c44ba581396e38495c7cef4f1388fd0b1fa9c602d9e322a,
PSGN-00845,WORK-0033,SRC-0845,左联词典 第666页,左联词典 第666页,a57277ad95da90fb1c44ba581396e38495c7cef4f1388fd0b1fa9c602d9e322a,
PSGN-00846,WORK-0033,SRC-0846,左联词典 第335页,左联词典 第335页,a57277ad95da90fb1c44ba581396e38495c7cef4f1388fd0b1fa9c602d9e322a,
PSGN-00847,WORK-0033,SRC-0847,左联词典 第411页,左联词典 第411页,a57277ad95da90fb1c44ba581396e38495c7cef4f1388fd0b1fa9c602d9e322a,
PSGN-00848,WORK-0033,SRC-0848,左联词典 第604页,左联词典 第604页,a57277ad95da90fb1c44ba581396e38495c7cef4f1388fd0b1fa9c602d9e322a,
PSGN-00849,WORK-0033,SRC-0849,左联词典 第565页,左联词典 第565页,a57277ad95da90fb1c44ba581396e38495c7cef4f1388fd0b1fa9c602d9e322a,
PSGN-00850,WORK-0030,SRC-0850,左联史 第15页,左联史 第15页,13968935ec647f0b5bbcceee40d6cd9d6bfb3ffcf5ea9b562e3ce12bba4db5d2,
PSGN-00851,WORK-0030,SRC-0851,左联史 第330页,左联史 第330页,13968935ec647f0b5bbcceee40d6cd9d6bfb3ffcf5ea9b562e3ce12bba4db5d2,
PSGN-00852,WORK-0030,SRC-0852,左联史 第608页,左联史 第608页,13968935ec647f0b5bbcceee40d6cd9d6bfb3ffcf5ea9b562e3ce12bba4db5d2,
PSGN-00853,WORK-0030,SRC-0853,左联史 第719页,左联史 第719页,13968935ec647f0b5bbcceee40d6cd9d6bfb3ffcf5ea9b562e3ce12bba4db5d2,
PSGN-00854,WORK-0033,SRC-0854,左联词典 第570页,左联词典 第570页,a57277ad95da90fb1c44ba581396e38495c7cef4f1388fd0b1fa9c602d9e322a,
PSGN-00855,WORK-0030,SRC-0855,左联史 第284页,左联史 第284页,13968935ec647f0b5bbcceee40d6cd9d6bfb3ffcf5ea9b562e3ce12bba4db5d2,
PSGN-00856,WORK-0030,SRC-0856,左联史 第684页,左联史 第684页,13968935ec647f0b5bbcceee40d6cd9d6bfb3ffcf5ea9b562e3ce12bba4db5d2,
PSGN-00857,WORK-0030,SRC-0857,左联史 第482页,左联史 第482页,13968935ec647f0b5bbcceee40d6cd9d6bfb3ffcf5ea9b562e3ce12bba4db5d2,
PSGN-00858,WORK-0033,SRC-0858,左联词典 第240页,左联词典 第240页,a57277ad95da90fb1c44ba581396e38495c7cef4f1388fd0b1fa9c602d9e322a,
PSGN-00859,WORK-0033,SRC-0859,左联词典 第357页,左联词典 第357页,a57277ad95da90fb1c44ba581396e38495c7cef4f1388fd0b1fa9c602d9e322a,
PSGN-00860,WORK-0033,SRC-0860,左联词典 第176页,左联词典 第176页,a57277ad95da90fb1c44ba581396e38495c7cef4f1388fd0b1fa9c602d9e322a,
PSGN-00861,WORK-0033,SRC-0861,左联词典 第309页,左联词典 第309页,a57277ad95da90fb1c44ba581396e38495c7cef4f1388fd0b1fa9c602d9e322a,
PSGN-00862,WORK-0033,SRC-0862,左联词典 第564页,左联词典 第564页,a57277ad95da90fb1c44ba581396e38495c7cef4f1388fd0b1fa9c602d9e322a,
PSGN-00863,WORK-0033,SRC-0863,左联词典 第320页,左联词典 第320页,a57277ad95da90fb1c44ba581396e38495c7cef4f1388fd0b1fa9c602d9e322a,
PSGN-00864,WORK-0033,SRC-0864,左联词典 第550页,左联词典 第550页,a57277ad95da90fb1c44ba581396e38495c7cef4f1388fd0b1fa9c602d9e322a,
PSGN-00865,WORK-0033,SRC-0865,左联词典 第453页,左联词典 第453页,a57277ad95da90fb1c44ba581396e38495c7cef4f1388fd0b1fa9c602d9e322a,
PSGN-00866,WORK-0033,SRC-0866,左联词典 第686页,左联词典 第686页,a57277ad95da90fb1c44ba581396e38495c7cef4f1388fd0b1fa9c602d9e322a,
PSGN-00867,WORK-0030,SRC-0867,左联史 第16页,左联史 第16页,13968935ec647f0b5bbcceee40d6cd9d6bfb3ffcf5ea9b562e3ce12bba4db5d2,
PSGN-00868,WORK-0030,SRC-0868,左联史 第213页,左联史 第213页,13968935ec647f0b5bbcceee40d6cd9d6bfb3ffcf5ea9b562e3ce12bba4db5d2,
PSGN-00869,WORK-0030,SRC-0869,左联史 第155页,左联史 第155页,13968935ec647f0b5bbcceee40d6cd9d6bfb3ffcf5ea9b562e3ce12bba4db5d2,
PSGN-00870,WORK-0030,SRC-0870,左联史 第518页,左联史 第518页,13968935ec647f0b5bbcceee40d6cd9d6bfb3ffcf5ea9b562e3ce12bba4db5d2,
PSGN-00871,WORK-0030,SRC-0871,左联史 第635页,左联史 第635页,13968935ec647f0b5bbcceee40d6cd9d6bfb3ffcf5ea9b562e3ce12bba4db5d2,
PSGN-00872,WORK-0030,SRC-0872,左联史 第632页,左联史 第632页,13968935ec647f0b5bbcceee40d6cd9d6bfb3ffcf5ea9b562e3ce12bba4db5d2,
PSGN-00873,WORK-0030,SRC-0873,左联史 第693页,左联史 第693页,13968935ec647f0b5bbcceee40d6cd9d6bfb3ffcf5ea9b562e3ce12bba4db5d2,
PSGN-00874,WORK-0033,SRC-0874,左联词典 第211页,左联词典 第211页,a57277ad95da90fb1c44ba581396e38495c7cef4f1388fd0b1fa9c602d9e322a,
PSGN-00875,WORK-0033,SRC-0875,左联词典 第562页,左联词典 第562页,a57277ad95da90fb1c44ba581396e38495c7cef4f1388fd0b1fa9c602d9e322a,
PSGN-00876,WORK-0030,SRC-0876,左联史 第659页,左联史 第659页,13968935ec647f0b5bbcceee40d6cd9d6bfb3ffcf5ea9b562e3ce12bba4db5d2,
PSGN-00877,WORK-0033,SRC-0877,左联词典 第293页,左联词典 第293页,a57277ad95da90fb1c44ba581396e38495c7cef4f1388fd0b1fa9c602d9e322a,
PSGN-00878,WORK-0030,SRC-0878,左联史 第373页,左联史 第373页,13968935ec647f0b5bbcceee40d6cd9d6bfb3ffcf5ea9b562e3ce12bba4db5d2,
PSGN-00879,WORK-0030,SRC-0879,左联史 第374页,左联史 第374页,13968935ec647f0b5bbcceee40d6cd9d6bfb3ffcf5ea9b562e3ce12bba4db5d2,
PSGN-00880,WORK-0030,SRC-0880,左联史 第443页,左联史 第443页,13968935ec647f0b5bbcceee40d6cd9d6bfb3ffcf5ea9b562e3ce12bba4db5d2,
PSGN-00881,WORK-0030,SRC-0881,左联史 第521页,左联史 第521页,13968935ec647f0b5bbcceee40d6cd9d6bfb3ffcf5ea9b562e3ce12bba4db5d2,
PSGN-00882,WORK-0033,SRC-0882,左联词典 第392页,左联词典 第392页,a57277ad95da90fb1c44ba581396e38495c7cef4f1388fd0b1fa9c602d9e322a,
PSGN-00883,WORK-0033,SRC-0883,左联词典 第502页,左联词典 第502页,a57277ad95da90fb1c44ba581396e38495c7cef4f1388fd0b1fa9c602d9e322a,
PSGN-00884,WORK-0033,SRC-0884,左联词典 第382页,左联词典 第382页,a57277ad95da90fb1c44ba581396e38495c7cef4f1388fd0b1fa9c602d9e322a,
PSGN-00885,WORK-0033,SRC-0885,左联词典 第592页,左联词典 第592页,a57277ad95da90fb1c44ba581396e38495c7cef4f1388fd0b1fa9c602d9e322a,
PSGN-00886,WORK-0030,SRC-0886,左联史 第491页,左联史 第491页,13968935ec647f0b5bbcceee40d6cd9d6bfb3ffcf5ea9b562e3ce12bba4db5d2,
PSGN-00887,WORK-0030,SRC-0887,左联史 第26页,左联史 第26页,13968935ec647f0b5bbcceee40d6cd9d6bfb3ffcf5ea9b562e3ce12bba4db5d2,
PSGN-00888,WORK-0030,SRC-0888,左联史 第143页,左联史 第143页,13968935ec647f0b5bbcceee40d6cd9d6bfb3ffcf5ea9b562e3ce12bba4db5d2,
PSGN-00889,WORK-0030,SRC-0889,左联史 第29页,左联史 第29页,13968935ec647f0b5bbcceee40d6cd9d6bfb3ffcf5ea9b562e3ce12bba4db5d2,
PSGN-00890,WORK-0030,SRC-0890,左联史 第468页,左联史 第468页,13968935ec647f0b5bbcceee40d6cd9d6bfb3ffcf5ea9b562e3ce12bba4db5d2,
PSGN-00891,WORK-0033,SRC-0891,左联词典 第298页,左联词典 第298页,a57277ad95da90fb1c44ba581396e38495c7cef4f1388fd0b1fa9c602d9e322a,
PSGN-00892,WORK-0033,SRC-0892,左联词典 第276页,左联词典 第276页,a57277ad95da90fb1c44ba581396e38495c7cef4f1388fd0b1fa9c602d9e322a,
PSGN-00893,WORK-0033,SRC-0893,左联词典 第485页,左联词典 第485页,a57277ad95da90fb1c44ba581396e38495c7cef4f1388fd0b1fa9c602d9e322a,
PSGN-00894,WORK-0033,SRC-0894,左联词典 第12页,左联词典 第12页,a57277ad95da90fb1c44ba581396e38495c7cef4f1388fd0b1fa9c602d9e322a,
PSGN-00895,WORK-0030,SRC-0895,左联史 第188页,左联史 第188页,13968935ec647f0b5bbcceee40d6cd9d6bfb3ffcf5ea9b562e3ce12bba4db5d2,
PSGN-00896,WORK-0033,SRC-0896,左联词典 第147页,左联词典 第147页,a57277ad95da90fb1c44ba581396e38495c7cef4f1388fd0b1fa9c602d9e322a,
PSGN-00897,WORK-0033,SRC-0897,左联词典 第205页,左联词典 第205页,a57277ad95da90fb1c44ba581396e38495c7cef4f1388fd0b1fa9c602d9e322a,
PSGN-00898,WORK-0033,SRC-0898,左联词典 第232页,左联词典 第232页,a57277ad95da90fb1c44ba581396e38495c7cef4f1388fd0b1fa9c602d9e322a,
PSGN-00899,WORK-0033,SRC-0899,左联词典 第478页,左联词典 第478页,a57277ad95da90fb1c44ba581396e38495c7cef4f1388fd0b1fa9c602d9e322a,
PSGN-00900,WORK-0033,SRC-0900,左联词典 第526页,左联词典 第526页,a57277ad95da90fb1c44ba581396e38495c7cef4f1388fd0b1fa9c602d9e322a,
PSGN-00901,WORK-0033,SRC-0901,左联词典 第201页,左联词典 第201页,a57277ad95da90fb1c44ba581396e38495c7cef4f1388fd0b1fa9c602d9e322a,
PSGN-00902,WORK-0033,SRC-0902,左联词典 第472页,左联词典 第472页,a57277ad95da90fb1c44ba581396e38495c7cef4f1388fd0b1fa9c602d9e322a,
PSGN-00903,WORK-0033,SRC-0903,左联词典 第634页,左联词典 第634页,a57277ad95da90fb1c44ba581396e38495c7cef4f1388fd0b1fa9c602d9e322a,
PSGN-00904,WORK-0033,SRC-0904,左联词典 第495页,左联词典 第495页,a57277ad95da90fb1c44ba581396e38495c7cef4f1388fd0b1fa9c602d9e322a,
PSGN-00905,WORK-0033,SRC-0905,左联词典 第697页,左联词典 第697页,a57277ad95da90fb1c44ba581396e38495c7cef4f1388fd0b1fa9c602d9e322a,
PSGN-00906,WORK-0030,SRC-0906,左联史 第431页,左联史 第431页,13968935ec647f0b5bbcceee40d6cd9d6bfb3ffcf5ea9b562e3ce12bba4db5d2,
PSGN-00907,WORK-0030,SRC-0907,左联史 第496页,左联史 第496页,13968935ec647f0b5bbcceee40d6cd9d6bfb3ffcf5ea9b562e3ce12bba4db5d2,
PSGN-00908,WORK-0033,SRC-0908,左联词典 第296页,左联词典 第296页,a57277ad95da90fb1c44ba581396e38495c7cef4f1388fd0b1fa9c602d9e322a,
PSGN-00909,WORK-0033,SRC-0909,左联词典 第14页,左联词典 第14页,a57277ad95da90fb1c44ba581396e38495c7cef4f1388fd0b1fa9c602d9e322a,
PSGN-00910,WORK-0030,SRC-0910,左联史 第109页,左联史 第109页,13968935ec647f0b5bbcceee40d6cd9d6bfb3ffcf5ea9b562e3ce12bba4db5d2,
PSGN-00911,WORK-0030,SRC-0911,左联史 第686页,左联史 第686页,13968935ec647f0b5bbcceee40d6cd9d6bfb3ffcf5ea9b562e3ce12bba4db5d2,
PSGN-00912,WORK-0030,SRC-0912,左联史 第125页,左联史 第125页,13968935ec647f0b5bbcceee40d6cd9d6bfb3ffcf5ea9b562e3ce12bba4db5d2,
PSGN-00913,WORK-0033,SRC-0913,左联词典 第32页,左联词典 第32页,a57277ad95da90fb1c44ba581396e38495c7cef4f1388fd0b1fa9c602d9e322a,
PSGN-00914,WORK-0033,SRC-0914,左联词典 第553页,左联词典 第553页,a57277ad95da90fb1c44ba581396e38495c7cef4f1388fd0b1fa9c602d9e322a,
PSGN-00915,WORK-0033,SRC-0915,左联词典 第436页,左联词典 第436页,a57277ad95da90fb1c44ba581396e38495c7cef4f1388fd0b1fa9c602d9e322a,
PSGN-00916,WORK-0030,SRC-0916,左联史 第553页,左联史 第553页,13968935ec647f0b5bbcceee40d6cd9d6bfb3ffcf5ea9b562e3ce12bba4db5d2,
PSGN-00917,WORK-0033,SRC-0917,左联词典 第549页,左联词典 第549页,a57277ad95da90fb1c44ba581396e38495c7cef4f1388fd0b1fa9c602d9e322a,
PSGN-00918,WORK-0033,SRC-0918,左联词典 第601页,左联词典 第601页,a57277ad95da90fb1c44ba581396e38495c7cef4f1388fd0b1fa9c602d9e322a,
PSGN-00919,WORK-0030,SRC-0919,左联史 第130页,左联史 第130页,13968935ec647f0b5bbcceee40d6cd9d6bfb3ffcf5ea9b562e3ce12bba4db5d2,
PSGN-00920,WORK-0030,SRC-0920,左联史 第121页,左联史 第121页,13968935ec647f0b5bbcceee40d6cd9d6bfb3ffcf5ea9b562e3ce12bba4db5d2,
PSGN-00921,WORK-0033,SRC-0921,左联词典 第174页,左联词典 第174页,a57277ad95da90fb1c44ba581396e38495c7cef4f1388fd0b1fa9c602d9e322a,
PSGN-00922,WORK-0033,SRC-0922,左联词典 第609页,左联词典 第609页,a57277ad95da90fb1c44ba581396e38495c7cef4f1388fd0b1fa9c602d9e322a,
PSGN-00923,WORK-0033,SRC-0923,左联词典 第667页,左联词典 第667页,a57277ad95da90fb1c44ba581396e38495c7cef4f1388fd0b1fa9c602d9e322a,
PSGN-00924,WORK-0030,SRC-0924,左联史 第526页,左联史 第526页,13968935ec647f0b5bbcceee40d6cd9d6bfb3ffcf5ea9b562e3ce12bba4db5d2,
PSGN-00925,WORK-0030,SRC-0925,左联史 第41页,左联史 第41页,13968935ec647f0b5bbcceee40d6cd9d6bfb3ffcf5ea9b562e3ce12bba4db5d2,
PSGN-00926,WORK-0030,SRC-0926,左联史 第532页,左联史 第532页,13968935ec647f0b5bbcceee40d6cd9d6bfb3ffcf5ea9b562e3ce12bba4db5d2,
PSGN-00927,WORK-0033,SRC-0927,左联词典 第10页,左联词典 第10页,a57277ad95da90fb1c44ba581396e38495c7cef4f1388fd0b1fa9c602d9e322a,
PSGN-00928,WORK-0033,SRC-0928,左联词典 第548页,左联词典 第548页,a57277ad95da90fb1c44ba581396e38495c7cef4f1388fd0b1fa9c602d9e322a,
PSGN-00929,WORK-0033,SRC-0929,左联词典 第214页,左联词典 第214页,a57277ad95da90fb1c44ba581396e38495c7cef4f1388fd0b1fa9c602d9e322a,
PSGN-00930,WORK-0033,SRC-0930,左联词典 第312页,左联词典 第312页,a57277ad95da90fb1c44ba581396e38495c7cef4f1388fd0b1fa9c602d9e322a,
PSGN-00931,WORK-0033,SRC-0931,左联词典 第225页,左联词典 第225页,a57277ad95da90fb1c44ba581396e38495c7cef4f1388fd0b1fa9c602d9e322a,
PSGN-00932,WORK-0033,SRC-0932,左联词典 第54页,左联词典 第54页,a57277ad95da90fb1c44ba581396e38495c7cef4f1388fd0b1fa9c602d9e322a,
PSGN-00933,WORK-0033,SRC-0933,左联词典 第266页,左联词典 第266页,a57277ad95da90fb1c44ba581396e38495c7cef4f1388fd0b1fa9c602d9e322a,
PSGN-00934,WORK-0030,SRC-0934,左联史 第520页,左联史 第520页,13968935ec647f0b5bbcceee40d6cd9d6bfb3ffcf5ea9b562e3ce12bba4db5d2,
PSGN-00935,WORK-0030,SRC-0935,左联史 第310页,左联史 第310页,13968935ec647f0b5bbcceee40d6cd9d6bfb3ffcf5ea9b562e3ce12bba4db5d2,
PSGN-00936,WORK-0030,SRC-0936,左联史 第309页,左联史 第309页,13968935ec647f0b5bbcceee40d6cd9d6bfb3ffcf5ea9b562e3ce12bba4db5d2,
PSGN-00937,WORK-0033,SRC-0937,左联词典 第409页,左联词典 第409页,a57277ad95da90fb1c44ba581396e38495c7cef4f1388fd0b1fa9c602d9e322a,
PSGN-00938,WORK-0030,SRC-0938,左联史 第267页,左联史 第267页,13968935ec647f0b5bbcceee40d6cd9d6bfb3ffcf5ea9b562e3ce12bba4db5d2,
PSGN-00939,WORK-0030,SRC-0939,左联史 第295页,左联史 第295页,13968935ec647f0b5bbcceee40d6cd9d6bfb3ffcf5ea9b562e3ce12bba4db5d2,
PSGN-00940,WORK-0033,SRC-0940,左联词典 第337页,左联词典 第337页,a57277ad95da90fb1c44ba581396e38495c7cef4f1388fd0b1fa9c602d9e322a,
PSGN-00941,WORK-0033,SRC-0941,左联词典 第370页,左联词典 第370页,a57277ad95da90fb1c44ba581396e38495c7cef4f1388fd0b1fa9c602d9e322a,
PSGN-00942,WORK-0030,SRC-0942,左联史 第623页,左联史 第623页,13968935ec647f0b5bbcceee40d6cd9d6bfb3ffcf5ea9b562e3ce12bba4db5d2,
PSGN-00943,WORK-0030,SRC-0943,左联史 第430页,左联史 第430页,13968935ec647f0b5bbcceee40d6cd9d6bfb3ffcf5ea9b562e3ce12bba4db5d2,
PSGN-00944,WORK-0033,SRC-0944,左联词典 第614页,左联词典 第614页,a57277ad95da90fb1c44ba581396e38495c7cef4f1388fd0b1fa9c602d9e322a,
PSGN-00945,WORK-0033,SRC-0945,左联词典 第235页,左联词典 第235页,a57277ad95da90fb1c44ba581396e38495c7cef4f1388fd0b1fa9c602d9e322a,
PSGN-00946,WORK-0033,SRC-0946,左联词典 第587页,左联词典 第587页,a57277ad95da90fb1c44ba581396e38495c7cef4f1388fd0b1fa9c602d9e322a,
PSGN-00947,WORK-0033,SRC-0947,左联词典 第333页,左联词典 第333页,a57277ad95da90fb1c44ba581396e38495c7cef4f1388fd0b1fa9c602d9e322a,
PSGN-00948,WORK-0033,SRC-0948,左联词典 第698页,左联词典 第698页,a57277ad95da90fb1c44ba581396e38495c7cef4f1388fd0b1fa9c602d9e322a,
PSGN-00949,WORK-0033,SRC-0949,左联词典 第591页,左联词典 第591页,a57277ad95da90fb1c44ba581396e38495c7cef4f1388fd0b1fa9c602d9e322a,
PSGN-00950,WORK-0033,SRC-0950,左联词典 第586页,左联词典 第586页,a57277ad95da90fb1c44ba581396e38495c7cef4f1388fd0b1fa9c602d9e322a,
PSGN-00951,WORK-0030,SRC-0951,左联史 第732页,左联史 第732页,13968935ec647f0b5bbcceee40d6cd9d6bfb3ffcf5ea9b562e3ce12bba4db5d2,
PSGN-00952,WORK-0030,SRC-0952,左联史 第542页,左联史 第542页,13968935ec647f0b5bbcceee40d6cd9d6bfb3ffcf5ea9b562e3ce12bba4db5d2,
PSGN-00953,WORK-0033,SRC-0953,左联词典 第442页,左联词典 第442页,a57277ad95da90fb1c44ba581396e38495c7cef4f1388fd0b1fa9c602d9e322a,
PSGN-00954,WORK-0030,SRC-0954,左联史 第331页,左联史 第331页,13968935ec647f0b5bbcceee40d6cd9d6bfb3ffcf5ea9b562e3ce12bba4db5d2,
PSGN-00955,WORK-0030,SRC-0955,左联史 第555页,左联史 第555页,13968935ec647f0b5bbcceee40d6cd9d6bfb3ffcf5ea9b562e3ce12bba4db5d2,
PSGN-00956,WORK-0030,SRC-0956,左联史 第516页,左联史 第516页,13968935ec647f0b5bbcceee40d6cd9d6bfb3ffcf5ea9b562e3ce12bba4db5d2,
PSGN-00957,WORK-0030,SRC-0957,左联史 第599页,左联史 第599页,13968935ec647f0b5bbcceee40d6cd9d6bfb3ffcf5ea9b562e3ce12bba4db5d2,
PSGN-00958,WORK-0033,SRC-0958,左联词典 第376页,左联词典 第376页,a57277ad95da90fb1c44ba581396e38495c7cef4f1388fd0b1fa9c602d9e322a,
PSGN-00959,WORK-0033,SRC-0959,左联词典 第582页,左联词典 第582页,a57277ad95da90fb1c44ba581396e38495c7cef4f1388fd0b1fa9c602d9e322a,
PSGN-00960,WORK-0033,SRC-0960,左联词典 第234页,左联词典 第234页,a57277ad95da90fb1c44ba581396e38495c7cef4f1388fd0b1fa9c602d9e322a,
PSGN-00961,WORK-0033,SRC-0961,左联词典 第248页,左联词典 第248页,a57277ad95da90fb1c44ba581396e38495c7cef4f1388fd0b1fa9c602d9e322a,
PSGN-00962,WORK-0033,SRC-0962,左联词典 第416页,左联词典 第416页,a57277ad95da90fb1c44ba581396e38495c7cef4f1388fd0b1fa9c602d9e322a,
PSGN-00963,WORK-0030,SRC-0963,左联史 第554页,左联史 第554页,13968935ec647f0b5bbcceee40d6cd9d6bfb3ffcf5ea9b562e3ce12bba4db5d2,
PSGN-00964,WORK-0030,SRC-0964,左联史 第52页,左联史 第52页,13968935ec647f0b5bbcceee40d6cd9d6bfb3ffcf5ea9b562e3ce12bba4db5d2,
PSGN-00965,WORK-0033,SRC-0965,左联词典 第185页,左联词典 第185页,a57277ad95da90fb1c44ba581396e38495c7cef4f1388fd0b1fa9c602d9e322a,
PSGN-00966,WORK-0030,SRC-0966,左联史 第336页,左联史 第336页,13968935ec647f0b5bbcceee40d6cd9d6bfb3ffcf5ea9b562e3ce12bba4db5d2,
PSGN-00967,WORK-0033,SRC-0967,左联词典 第160页,左联词典 第160页,a57277ad95da90fb1c44ba581396e38495c7cef4f1388fd0b1fa9c602d9e322a,
PSGN-00968,WORK-0030,SRC-0968,左联史 第439页,左联史 第439页,13968935ec647f0b5bbcceee40d6cd9d6bfb3ffcf5ea9b562e3ce12bba4db5d2,
PSGN-00969,WORK-0033,SRC-0969,左联词典 第68页,左联词典 第68页,a57277ad95da90fb1c44ba581396e38495c7cef4f1388fd0b1fa9c602d9e322a,
PSGN-00970,WORK-0033,SRC-0970,左联词典 第630页,左联词典 第630页,a57277ad95da90fb1c44ba581396e38495c7cef4f1388fd0b1fa9c602d9e322a,
PSGN-00971,WORK-0030,SRC-0971,左联史 第321页,左联史 第321页,13968935ec647f0b5bbcceee40d6cd9d6bfb3ffcf5ea9b562e3ce12bba4db5d2,
PSGN-00972,WORK-0030,SRC-0972,左联史 第306页,左联史 第306页,13968935ec647f0b5bbcceee40d6cd9d6bfb3ffcf5ea9b562e3ce12bba4db5d2,
PSGN-00973,WORK-0033,SRC-0973,左联词典 第69页,左联词典 第69页,a57277ad95da90fb1c44ba581396e38495c7cef4f1388fd0b1fa9c602d9e322a,
PSGN-00974,WORK-0033,SRC-0974,左联词典 第672页,左联词典 第672页,a57277ad95da90fb1c44ba581396e38495c7cef4f1388fd0b1fa9c602d9e322a,
PSGN-00975,WORK-0030,SRC-0975,左联史 第478页,左联史 第478页,13968935ec647f0b5bbcceee40d6cd9d6bfb3ffcf5ea9b562e3ce12bba4db5d2,
PSGN-00976,WORK-0030,SRC-0976,左联史 第495页,左联史 第495页,13968935ec647f0b5bbcceee40d6cd9d6bfb3ffcf5ea9b562e3ce12bba4db5d2,
PSGN-00977,WORK-0030,SRC-0977,左联史 第497页,左联史 第497页,13968935ec647f0b5bbcceee40d6cd9d6bfb3ffcf5ea9b562e3ce12bba4db5d2,
PSGN-00978,WORK-0030,SRC-0978,左联史 第610页,左联史 第610页,13968935ec647f0b5bbcceee40d6cd9d6bfb3ffcf5ea9b562e3ce12bba4db5d2,
PSGN-00979,WORK-0030,SRC-0979,左联史 第582页,左联史 第582页,13968935ec647f0b5bbcceee40d6cd9d6bfb3ffcf5ea9b562e3ce12bba4db5d2,
PSGN-00980,WORK-0030,SRC-0980,左联史 第718页,左联史 第718页,13968935ec647f0b5bbcceee40d6cd9d6bfb3ffcf5ea9b562e3ce12bba4db5d2,
PSGN-00981,WORK-0030,SRC-0981,左联史 第601页,左联史 第601页,13968935ec647f0b5bbcceee40d6cd9d6bfb3ffcf5ea9b562e3ce12bba4db5d2,
PSGN-00982,WORK-0033,SRC-0982,左联词典 第264页,左联词典 第264页,a57277ad95da90fb1c44ba581396e38495c7cef4f1388fd0b1fa9c602d9e322a,
PSGN-00983,WORK-0030,SRC-0983,左联史 第511页,左联史 第511页,13968935ec647f0b5bbcceee40d6cd9d6bfb3ffcf5ea9b562e3ce12bba4db5d2,
PSGN-00984,WORK-0030,SRC-0984,左联史 第544页,左联史 第544页,13968935ec647f0b5bbcceee40d6cd9d6bfb3ffcf5ea9b562e3ce12bba4db5d2,
PSGN-00985,WORK-0033,SRC-0985,左联词典 第585页,左联词典 第585页,a57277ad95da90fb1c44ba581396e38495c7cef4f1388fd0b1fa9c602d9e322a,
PSGN-00986,WORK-0030,SRC-0986,左联史 第317页,左联史 第317页,13968935ec647f0b5bbcceee40d6cd9d6bfb3ffcf5ea9b562e3ce12bba4db5d2,
PSGN-00987,WORK-0030,SRC-0987,左联史 第609页,左联史 第609页,13968935ec647f0b5bbcceee40d6cd9d6bfb3ffcf5ea9b562e3ce12bba4db5d2,
PSGN-00988,WORK-0030,SRC-0988,左联史 第492页,左联史 第492页,13968935ec647f0b5bbcceee40d6cd9d6bfb3ffcf5ea9b562e3ce12bba4db5d2,
PSGN-00989,WORK-0030,SRC-0989,左联史 第73页,左联史 第73页,13968935ec647f0b5bbcceee40d6cd9d6bfb3ffcf5ea9b562e3ce12bba4db5d2,
PSGN-00990,WORK-0030,SRC-0990,左联史 第316页,左联史 第316页,13968935ec647f0b5bbcceee40d6cd9d6bfb3ffcf5ea9b562e3ce12bba4db5d2,
PSGN-00991,WORK-0030,SRC-0991,左联史 第448页,左联史 第448页,13968935ec647f0b5bbcceee40d6cd9d6bfb3ffcf5ea9b562e3ce12bba4db5d2,
PSGN-00992,WORK-0030,SRC-0992,左联史 第570页,左联史 第570页,13968935ec647f0b5bbcceee40d6cd9d6bfb3ffcf5ea9b562e3ce12bba4db5d2,
PSGN-00993,WORK-0033,SRC-0993,左联词典 第305页,左联词典 第305页,a57277ad95da90fb1c44ba581396e38495c7cef4f1388fd0b1fa9c602d9e322a,
PSGN-00994,WORK-0033,SRC-0994,左联词典 第659页,左联词典 第659页,a57277ad95da90fb1c44ba581396e38495c7cef4f1388fd0b1fa9c602d9e322a,
PSGN-00995,WORK-0033,SRC-0995,左联词典 第273页,左联词典 第273页,a57277ad95da90fb1c44ba581396e38495c7cef4f1388fd0b1fa9c602d9e322a,
PSGN-00996,WORK-0033,SRC-0996,左联词典 第307页,左联词典 第307页,a57277ad95da90fb1c44ba581396e38495c7cef4f1388fd0b1fa9c602d9e322a,
PSGN-00997,WORK-0033,SRC-0997,左联词典 第315页,左联词典 第315页,a57277ad95da90fb1c44ba581396e38495c7cef4f1388fd0b1fa9c602d9e322a,
PSGN-00998,WORK-0030,SRC-0998,左联史 第578页,左联史 第578页,13968935ec647f0b5bbcceee40d6cd9d6bfb3ffcf5ea9b562e3ce12bba4db5d2,
PSGN-00999,WORK-0033,SRC-0999,左联词典 第663页,左联词典 第663页,a57277ad95da90fb1c44ba581396e38495c7cef4f1388fd0b1fa9c602d9e322a,
PSGN-01000,WORK-0030,SRC-1000,左联史 第165页,左联史 第165页,13968935ec647f0b5bbcceee40d6cd9d6bfb3ffcf5ea9b562e3ce12bba4db5d2,
PSGN-01001,WORK-0030,SRC-1001,左联史 第198页,左联史 第198页,13968935ec647f0b5bbcceee40d6cd9d6bfb3ffcf5ea9b562e3ce12bba4db5d2,
PSGN-01002,WORK-0030,SRC-1002,左联史 第272页,左联史 第272页,13968935ec647f0b5bbcceee40d6cd9d6bfb3ffcf5ea9b562e3ce12bba4db5d2,
PSGN-01003,WORK-0030,SRC-1003,左联史 第294页,左联史 第294页,13968935ec647f0b5bbcceee40d6cd9d6bfb3ffcf5ea9b562e3ce12bba4db5d2,
PSGN-01004,WORK-0033,SRC-1004,左联词典 第83页,左联词典 第83页,a57277ad95da90fb1c44ba581396e38495c7cef4f1388fd0b1fa9c602d9e322a,
PSGN-01005,WORK-0033,SRC-1005,左联词典 第446页,左联词典 第446页,a57277ad95da90fb1c44ba581396e38495c7cef4f1388fd0b1fa9c602d9e322a,
PSGN-01006,WORK-0030,SRC-1006,左联史 第28页,左联史 第28页,13968935ec647f0b5bbcceee40d6cd9d6bfb3ffcf5ea9b562e3ce12bba4db5d2,
PSGN-01007,WORK-0033,SRC-1007,左联词典 第355页,左联词典 第355页,a57277ad95da90fb1c44ba581396e38495c7cef4f1388fd0b1fa9c602d9e322a,
PSGN-01008,WORK-0030,SRC-1008,左联史 第342页,左联史 第342页,13968935ec647f0b5bbcceee40d6cd9d6bfb3ffcf5ea9b562e3ce12bba4db5d2,
PSGN-01009,WORK-0030,SRC-1009,左联史 第473页,左联史 第473页,13968935ec647f0b5bbcceee40d6cd9d6bfb3ffcf5ea9b562e3ce12bba4db5d2,
PSGN-01010,WORK-0030,SRC-1010,左联史 第315页,左联史 第315页,13968935ec647f0b5bbcceee40d6cd9d6bfb3ffcf5ea9b562e3ce12bba4db5d2,
PSGN-01011,WORK-0030,SRC-1011,左联史 第643页,左联史 第643页,13968935ec647f0b5bbcceee40d6cd9d6bfb3ffcf5ea9b562e3ce12bba4db5d2,
PSGN-01012,WORK-0030,SRC-1012,左联史 第699页,左联史 第699页,13968935ec647f0b5bbcceee40d6cd9d6bfb3ffcf5ea9b562e3ce12bba4db5d2,
PSGN-01013,WORK-0030,SRC-1013,左联史 第588页,左联史 第588页,13968935ec647f0b5bbcceee40d6cd9d6bfb3ffcf5ea9b562e3ce12bba4db5d2,
PSGN-01014,WORK-0030,SRC-1014,左联史 第687页,左联史 第687页,13968935ec647f0b5bbcceee40d6cd9d6bfb3ffcf5ea9b562e3ce12bba4db5d2,
PSGN-01015,WORK-0030,SRC-1015,左联史 第716页,左联史 第716页,13968935ec647f0b5bbcceee40d6cd9d6bfb3ffcf5ea9b562e3ce12bba4db5d2,
PSGN-01016,WORK-0030,SRC-1016,左联史 第506页,左联史 第506页,13968935ec647f0b5bbcceee40d6cd9d6bfb3ffcf5ea9b562e3ce12bba4db5d2,
PSGN-01017,WORK-0030,SRC-1017,左联史 第541页,左联史 第541页,13968935ec647f0b5bbcceee40d6cd9d6bfb3ffcf5ea9b562e3ce12bba4db5d2,
PSGN-01018,WORK-0030,SRC-1018,左联史 第701页,左联史 第701页,13968935ec647f0b5bbcceee40d6cd9d6bfb3ffcf5ea9b562e3ce12bba4db5d2,
PSGN-01019,WORK-0030,SRC-1019,左联史 第536页,左联史 第536页,13968935ec647f0b5bbcceee40d6cd9d6bfb3ffcf5ea9b562e3ce12bba4db5d2,
PSGN-01020,WORK-0030,SRC-1020,左联史 第253页,左联史 第253页,13968935ec647f0b5bbcceee40d6cd9d6bfb3ffcf5ea9b562e3ce12bba4db5d2,
PSGN-01021,WORK-0030,SRC-1021,左联史 第469页,左联史 第469页,13968935ec647f0b5bbcceee40d6cd9d6bfb3ffcf5ea9b562e3ce12bba4db5d2,
PSGN-01022,WORK-0030,SRC-1022,左联史 第259页,左联史 第259页,13968935ec647f0b5bbcceee40d6cd9d6bfb3ffcf5ea9b562e3ce12bba4db5d2,
PSGN-01023,WORK-0033,SRC-1023,左联词典 第346页,左联词典 第346页,a57277ad95da90fb1c44ba581396e38495c7cef4f1388fd0b1fa9c602d9e322a,
PSGN-01024,WORK-0033,SRC-1024,左联词典 第463页,左联词典 第463页,a57277ad95da90fb1c44ba581396e38495c7cef4f1388fd0b1fa9c602d9e322a,
PSGN-01025,WORK-0030,SRC-1025,左联史 第533页,左联史 第533页,13968935ec647f0b5bbcceee40d6cd9d6bfb3ffcf5ea9b562e3ce12bba4db5d2,
PSGN-01026,WORK-0030,SRC-1026,左联史 第82页,左联史 第82页,13968935ec647f0b5bbcceee40d6cd9d6bfb3ffcf5ea9b562e3ce12bba4db5d2,
PSGN-01027,WORK-0030,SRC-1027,左联史 第641页,左联史 第641页,13968935ec647f0b5bbcceee40d6cd9d6bfb3ffcf5ea9b562e3ce12bba4db5d2,
PSGN-01028,WORK-0033,SRC-1028,左联词典 第415页,左联词典 第415页,a57277ad95da90fb1c44ba581396e38495c7cef4f1388fd0b1fa9c602d9e322a,
PSGN-01029,WORK-0033,SRC-1029,左联词典 第424页,左联词典 第424页,a57277ad95da90fb1c44ba581396e38495c7cef4f1388fd0b1fa9c602d9e322a,
PSGN-01030,WORK-0033,SRC-1030,左联词典 第435页,左联词典 第435页,a57277ad95da90fb1c44ba581396e38495c7cef4f1388fd0b1fa9c602d9e322a,
PSGN-01031,WORK-0033,SRC-1031,左联词典 第425页,左联词典 第425页,a57277ad95da90fb1c44ba581396e38495c7cef4f1388fd0b1fa9c602d9e322a,
PSGN-01032,WORK-0030,SRC-1032,左联史 第153页,左联史 第153页,13968935ec647f0b5bbcceee40d6cd9d6bfb3ffcf5ea9b562e3ce12bba4db5d2,
PSGN-01033,WORK-0030,SRC-1033,左联史 第549页,左联史 第549页,13968935ec647f0b5bbcceee40d6cd9d6bfb3ffcf5ea9b562e3ce12bba4db5d2,
PSGN-01034,WORK-0033,SRC-1034,左联词典 第112页,左联词典 第112页,a57277ad95da90fb1c44ba581396e38495c7cef4f1388fd0b1fa9c602d9e322a,
PSGN-01035,WORK-0030,SRC-1035,左联史 第551页,左联史 第551页,13968935ec647f0b5bbcceee40d6cd9d6bfb3ffcf5ea9b562e3ce12bba4db5d2,
PSGN-01036,WORK-0030,SRC-1036,左联史 第547页,左联史 第547页,13968935ec647f0b5bbcceee40d6cd9d6bfb3ffcf5ea9b562e3ce12bba4db5d2,
PSGN-01037,WORK-0030,SRC-1037,左联史 第697页,左联史 第697页,13968935ec647f0b5bbcceee40d6cd9d6bfb3ffcf5ea9b562e3ce12bba4db5d2,
PSGN-01038,WORK-0030,SRC-1038,左联史 第329页,左联史 第329页,13968935ec647f0b5bbcceee40d6cd9d6bfb3ffcf5ea9b562e3ce12bba4db5d2,
PSGN-01039,WORK-0030,SRC-1039,左联史 第630页,左联史 第630页,13968935ec647f0b5bbcceee40d6cd9d6bfb3ffcf5ea9b562e3ce12bba4db5d2,
PSGN-01040,WORK-0030,SRC-1040,左联史 第675页,左联史 第675页,13968935ec647f0b5bbcceee40d6cd9d6bfb3ffcf5ea9b562e3ce12bba4db5d2,
PSGN-01041,WORK-0030,SRC-1041,左联史 第714页,左联史 第714页,13968935ec647f0b5bbcceee40d6cd9d6bfb3ffcf5ea9b562e3ce12bba4db5d2,
PSGN-01042,WORK-0030,SRC-1042,左联史 第454页,左联史 第454页,13968935ec647f0b5bbcceee40d6cd9d6bfb3ffcf5ea9b562e3ce12bba4db5d2,
PSGN-01043,WORK-0033,SRC-1043,左联词典 第421页,左联词典 第421页,a57277ad95da90fb1c44ba581396e38495c7cef4f1388fd0b1fa9c602d9e322a,
PSGN-01044,WORK-0033,SRC-1044,左联词典 第303页,左联词典 第303页,a57277ad95da90fb1c44ba581396e38495c7cef4f1388fd0b1fa9c602d9e322a,
PSGN-01045,WORK-0030,SRC-1045,左联史 第672页,左联史 第672页,13968935ec647f0b5bbcceee40d6cd9d6bfb3ffcf5ea9b562e3ce12bba4db5d2,
PSGN-01046,WORK-0030,SRC-1046,左联史 第625页,左联史 第625页,13968935ec647f0b5bbcceee40d6cd9d6bfb3ffcf5ea9b562e3ce12bba4db5d2,
PSGN-01047,WORK-0030,SRC-1047,左联史 第673页,左联史 第673页,13968935ec647f0b5bbcceee40d6cd9d6bfb3ffcf5ea9b562e3ce12bba4db5d2,
PSGN-01048,WORK-0033,SRC-1048,左联词典 第568页,左联词典 第568页,a57277ad95da90fb1c44ba581396e38495c7cef4f1388fd0b1fa9c602d9e322a,
PSGN-01049,WORK-0030,SRC-1049,左联史 第485页,左联史 第485页,13968935ec647f0b5bbcceee40d6cd9d6bfb3ffcf5ea9b562e3ce12bba4db5d2,
PSGN-01050,WORK-0033,SRC-1050,左联词典 第105页,左联词典 第105页,a57277ad95da90fb1c44ba581396e38495c7cef4f1388fd0b1fa9c602d9e322a,
PSGN-01051,WORK-0030,SRC-1051,左联史 第522页,左联史 第522页,13968935ec647f0b5bbcceee40d6cd9d6bfb3ffcf5ea9b562e3ce12bba4db5d2,
PSGN-01052,WORK-0030,SRC-1052,左联史 第322页,左联史 第322页,13968935ec647f0b5bbcceee40d6cd9d6bfb3ffcf5ea9b562e3ce12bba4db5d2,
PSGN-01053,WORK-0030,SRC-1053,左联史 第428页,左联史 第428页,13968935ec647f0b5bbcceee40d6cd9d6bfb3ffcf5ea9b562e3ce12bba4db5d2,
PSGN-01054,WORK-0033,SRC-1054,左联词典 第397页,左联词典 第397页,a57277ad95da90fb1c44ba581396e38495c7cef4f1388fd0b1fa9c602d9e322a,
PSGN-01055,WORK-0030,SRC-1055,左联史 第419页,左联史 第419页,13968935ec647f0b5bbcceee40d6cd9d6bfb3ffcf5ea9b562e3ce12bba4db5d2,
PSGN-01056,WORK-0030,SRC-1056,左联史 第395页,左联史 第395页,13968935ec647f0b5bbcceee40d6cd9d6bfb3ffcf5ea9b562e3ce12bba4db5d2,
PSGN-01057,WORK-0033,SRC-1057,左联词典 第257页,左联词典 第257页,a57277ad95da90fb1c44ba581396e38495c7cef4f1388fd0b1fa9c602d9e322a,
PSGN-01058,WORK-0033,SRC-1058,左联词典 第569页,左联词典 第569页,a57277ad95da90fb1c44ba581396e38495c7cef4f1388fd0b1fa9c602d9e322a,
PSGN-01059,WORK-0033,SRC-1059,左联词典 第196页,左联词典 第196页,a57277ad95da90fb1c44ba581396e38495c7cef4f1388fd0b1fa9c602d9e322a,
PSGN-01060,WORK-0030,SRC-1060,左联史 第220页,左联史 第220页,13968935ec647f0b5bbcceee40d6cd9d6bfb3ffcf5ea9b562e3ce12bba4db5d2,
PSGN-01061,WORK-0030,SRC-1061,左联史 第221页,左联史 第221页,13968935ec647f0b5bbcceee40d6cd9d6bfb3ffcf5ea9b562e3ce12bba4db5d2,
PSGN-01062,WORK-0033,SRC-1062,左联词典 第356页,左联词典 第356页,a57277ad95da90fb1c44ba581396e38495c7cef4f1388fd0b1fa9c602d9e322a,
PSGN-01063,WORK-0033,SRC-1063,左联词典 第314页,左联词典 第314页,a57277ad95da90fb1c44ba581396e38495c7cef4f1388fd0b1fa9c602d9e322a,
PSGN-01064,WORK-0030,SRC-1064,左联史 第462页,左联史 第462页,13968935ec647f0b5bbcceee40d6cd9d6bfb3ffcf5ea9b562e3ce12bba4db5d2,
PSGN-01065,WORK-0030,SRC-1065,左联史 第465页,左联史 第465页,13968935ec647f0b5bbcceee40d6cd9d6bfb3ffcf5ea9b562e3ce12bba4db5d2,
PSGN-01066,WORK-0030,SRC-1066,左联史 第236页,左联史 第236页,13968935ec647f0b5bbcceee40d6cd9d6bfb3ffcf5ea9b562e3ce12bba4db5d2,
PSGN-01067,WORK-0030,SRC-1067,左联史 第261页,左联史 第261页,13968935ec647f0b5bbcceee40d6cd9d6bfb3ffcf5ea9b562e3ce12bba4db5d2,
PSGN-01068,WORK-0033,SRC-1068,左联词典 第389页,左联词典 第389页,a57277ad95da90fb1c44ba581396e38495c7cef4f1388fd0b1fa9c602d9e322a,
PSGN-01069,WORK-0033,SRC-1069,左联词典 第602页,左联词典 第602页,a57277ad95da90fb1c44ba581396e38495c7cef4f1388fd0b1fa9c602d9e322a,
PSGN-01070,WORK-0033,SRC-1070,左联词典 第182页,左联词典 第182页,a57277ad95da90fb1c44ba581396e38495c7cef4f1388fd0b1fa9c602d9e322a,
PSGN-01071,WORK-0033,SRC-1071,左联词典 第388页,左联词典 第388页,a57277ad95da90fb1c44ba581396e38495c7cef4f1388fd0b1fa9c602d9e322a,
PSGN-01072,WORK-0030,SRC-1072,左联史 第471页,左联史 第471页,13968935ec647f0b5bbcceee40d6cd9d6bfb3ffcf5ea9b562e3ce12bba4db5d2,
PSGN-01073,WORK-0030,SRC-1073,左联史 第626页,左联史 第626页,13968935ec647f0b5bbcceee40d6cd9d6bfb3ffcf5ea9b562e3ce12bba4db5d2,
PSGN-01074,WORK-0030,SRC-1074,左联史 第489页,左联史 第489页,13968935ec647f0b5bbcceee40d6cd9d6bfb3ffcf5ea9b562e3ce12bba4db5d2,
PSGN-01075,WORK-0030,SRC-1075,左联史 第661页,左联史 第661页,13968935ec647f0b5bbcceee40d6cd9d6bfb3ffcf5ea9b562e3ce12bba4db5d2,
PSGN-01076,WORK-0030,SRC-1076,左联史 第83页,左联史 第83页,13968935ec647f0b5bbcceee40d6cd9d6bfb3ffcf5ea9b562e3ce12bba4db5d2,
PSGN-01077,WORK-0033,SRC-1077,左联词典 第22页,左联词典 第22页,a57277ad95da90fb1c44ba581396e38495c7cef4f1388fd0b1fa9c602d9e322a,
PSGN-01078,WORK-0030,SRC-1078,左联史 第57页,左联史 第57页,13968935ec647f0b5bbcceee40d6cd9d6bfb3ffcf5ea9b562e3ce12bba4db5d2,
PSGN-01079,WORK-0030,SRC-1079,左联史 第58页,左联史 第58页,13968935ec647f0b5bbcceee40d6cd9d6bfb3ffcf5ea9b562e3ce12bba4db5d2,
PSGN-01080,WORK-0033,SRC-1080,左联词典 第378页,左联词典 第378页,a57277ad95da90fb1c44ba581396e38495c7cef4f1388fd0b1fa9c602d9e322a,
PSGN-01081,WORK-0030,SRC-1081,左联史 第461页,左联史 第461页,13968935ec647f0b5bbcceee40d6cd9d6bfb3ffcf5ea9b562e3ce12bba4db5d2,
PSGN-01082,WORK-0030,SRC-1082,左联史 第47页,左联史 第47页,13968935ec647f0b5bbcceee40d6cd9d6bfb3ffcf5ea9b562e3ce12bba4db5d2,
PSGN-01083,WORK-0030,SRC-1083,左联史 第540页,左联史 第540页,13968935ec647f0b5bbcceee40d6cd9d6bfb3ffcf5ea9b562e3ce12bba4db5d2,
PSGN-01084,WORK-0033,SRC-1084,左联词典 第422页,左联词典 第422页,a57277ad95da90fb1c44ba581396e38495c7cef4f1388fd0b1fa9c602d9e322a,
PSGN-01085,WORK-0030,SRC-1085,左联史 第287页,左联史 第287页,13968935ec647f0b5bbcceee40d6cd9d6bfb3ffcf5ea9b562e3ce12bba4db5d2,
PSGN-01086,WORK-0030,SRC-1086,左联史 第286页,左联史 第286页,13968935ec647f0b5bbcceee40d6cd9d6bfb3ffcf5ea9b562e3ce12bba4db5d2,
PSGN-01087,WORK-0030,SRC-1087,左联史 第562页,左联史 第562页,13968935ec647f0b5bbcceee40d6cd9d6bfb3ffcf5ea9b562e3ce12bba4db5d2,
PSGN-01088,WORK-0030,SRC-1088,左联史 第627页,左联史 第627页,13968935ec647f0b5bbcceee40d6cd9d6bfb3ffcf5ea9b562e3ce12bba4db5d2,
PSGN-01089,WORK-0033,SRC-1089,左联词典 第4页,左联词典 第4页,a57277ad95da90fb1c44ba581396e38495c7cef4f1388fd0b1fa9c602d9e322a,
PSGN-01090,WORK-0030,SRC-1090,左联史 第363页,左联史 第363页,13968935ec647f0b5bbcceee40d6cd9d6bfb3ffcf5ea9b562e3ce12bba4db5d2,
PSGN-01091,WORK-0030,SRC-1091,左联史 第396页,左联史 第396页,13968935ec647f0b5bbcceee40d6cd9d6bfb3ffcf5ea9b562e3ce12bba4db5d2,
PSGN-01092,WORK-0030,SRC-1092,左联史 第483页,左联史 第483页,13968935ec647f0b5bbcceee40d6cd9d6bfb3ffcf5ea9b562e3ce12bba4db5d2,
PSGN-01093,WORK-0033,SRC-1093,左联词典 第23页,左联词典 第23页,a57277ad95da90fb1c44ba581396e38495c7cef4f1388fd0b1fa9c602d9e322a,
PSGN-01094,WORK-0033,SRC-1094,左联词典 第146页,左联词典 第146页,a57277ad95da90fb1c44ba581396e38495c7cef4f1388fd0b1fa9c602d9e322a,
PSGN-01095,WORK-0030,SRC-1095,左联史 第539页,左联史 第539页,13968935ec647f0b5bbcceee40d6cd9d6bfb3ffcf5ea9b562e3ce12bba4db5d2,
PSGN-01096,WORK-0030,SRC-1096,左联史 第66页,左联史 第66页,13968935ec647f0b5bbcceee40d6cd9d6bfb3ffcf5ea9b562e3ce12bba4db5d2,
PSGN-01097,WORK-0033,SRC-1097,左联词典 第606页,左联词典 第606页,a57277ad95da90fb1c44ba581396e38495c7cef4f1388fd0b1fa9c602d9e322a,
PSGN-01098,WORK-0033,SRC-1098,左联词典 第203页,左联词典 第203页,a57277ad95da90fb1c44ba581396e38495c7cef4f1388fd0b1fa9c602d9e322a,
PSGN-01099,WORK-0033,SRC-1099,左联词典 第406页,左联词典 第406页,a57277ad95da90fb1c44ba581396e38495c7cef4f1388fd0b1fa9c602d9e322a,
PSGN-01100,WORK-0033,SRC-1100,左联词典 第223页,左联词典 第223页,a57277ad95da90fb1c44ba581396e38495c7cef4f1388fd0b1fa9c602d9e322a,
PSGN-01101,WORK-0033,SRC-1101,左联词典 第75页,左联词典 第75页,a57277ad95da90fb1c44ba581396e38495c7cef4f1388fd0b1fa9c602d9e322a,
PSGN-01102,WORK-0030,SRC-1102,左联史 第195页,左联史 第195页,13968935ec647f0b5bbcceee40d6cd9d6bfb3ffcf5ea9b562e3ce12bba4db5d2,
PSGN-01103,WORK-0030,SRC-1103,左联史 第598页,左联史 第598页,13968935ec647f0b5bbcceee40d6cd9d6bfb3ffcf5ea9b562e3ce12bba4db5d2,
PSGN-01104,WORK-0030,SRC-1104,左联史 第603页,左联史 第603页,13968935ec647f0b5bbcceee40d6cd9d6bfb3ffcf5ea9b562e3ce12bba4db5d2,
PSGN-01105,WORK-0033,SRC-1105,左联词典 第683页,左联词典 第683页,a57277ad95da90fb1c44ba581396e38495c7cef4f1388fd0b1fa9c602d9e322a,
PSGN-01106,WORK-0030,SRC-1106,左联史 第567页,左联史 第567页,13968935ec647f0b5bbcceee40d6cd9d6bfb3ffcf5ea9b562e3ce12bba4db5d2,
PSGN-01107,WORK-0033,SRC-1107,左联词典 第244页,左联词典 第244页,a57277ad95da90fb1c44ba581396e38495c7cef4f1388fd0b1fa9c602d9e322a,
PSGN-01108,WORK-0033,SRC-1108,左联词典 第62页,左联词典 第62页,a57277ad95da90fb1c44ba581396e38495c7cef4f1388fd0b1fa9c602d9e322a,
PSGN-01109,WORK-0030,SRC-1109,左联史 第247页,左联史 第247页,13968935ec647f0b5bbcceee40d6cd9d6bfb3ffcf5ea9b562e3ce12bba4db5d2,
PSGN-01110,WORK-0030,SRC-1110,左联史 第248页,左联史 第248页,13968935ec647f0b5bbcceee40d6cd9d6bfb3ffcf5ea9b562e3ce12bba4db5d2,
PSGN-01111,WORK-0033,SRC-1111,左联词典 第221页,左联词典 第221页,a57277ad95da90fb1c44ba581396e38495c7cef4f1388fd0b1fa9c602d9e322a,
PSGN-01112,WORK-0030,SRC-1112,左联史 第246页,左联史 第246页,13968935ec647f0b5bbcceee40d6cd9d6bfb3ffcf5ea9b562e3ce12bba4db5d2,
PSGN-01113,WORK-0033,SRC-1113,左联词典 第27页,左联词典 第27页,a57277ad95da90fb1c44ba581396e38495c7cef4f1388fd0b1fa9c602d9e322a,
PSGN-01114,WORK-0033,SRC-1114,左联词典 第84页,左联词典 第84页,a57277ad95da90fb1c44ba581396e38495c7cef4f1388fd0b1fa9c602d9e322a,
PSGN-01115,WORK-0033,SRC-1115,左联词典 第57页,左联词典 第57页,a57277ad95da90fb1c44ba581396e38495c7cef4f1388fd0b1fa9c602d9e322a,
PSGN-01116,WORK-0033,SRC-1116,左联词典 第72页,左联词典 第72页,a57277ad95da90fb1c44ba581396e38495c7cef4f1388fd0b1fa9c602d9e322a,
PSGN-01117,WORK-0033,SRC-1117,左联词典 第73页,左联词典 第73页,a57277ad95da90fb1c44ba581396e38495c7cef4f1388fd0b1fa9c602d9e322a,
PSGN-01118,WORK-0028,SRC-1118,,,,https://www.shhk.gov.cn/xwzx/002008/002008040/20221031/bd8cb3ee-198a-431a-adf7-781e9fc5185d.html
PSGN-01119,WORK-0032,SRC-1119,,,,https://www.shhk.gov.cn/xwzx/002003/20250303/ec139c7d-8fa3-4970-a5dd-3248468989c8.html
PSGN-01120,WORK-0025,SRC-1120,,,,https://www.shhk.gov.cn/xwzx/002006/20210930/96ecb0ec-79e3-49ef-a097-a89c5a5dbc40.html
PSGN-01121,WORK-0024,SRC-1121,,,,https://www.shhk.gov.cn/xwzx/002008/002008040/20240425/3e9546e4-0e0f-409d-a0e2-91bc115f8f66.html
PSGN-01122,WORK-0060,SRC-1122,,,,https://al3tai.nenzhu.com/news-id-2373.html
PSGN-01123,WORK-0027,SRC-1123,,,,https://www.shhk.gov.cn/slh/038001/20260302/5f983b4c-74f7-4a6a-a2b4-930dedf99970.html
PSGN-01124,WORK-0029,SRC-1124,,,,https://www.shhk.gov.cn/xwzx/002006/20210722/07f62353-471f-40d9-880e-ea82be5da936.html
PSGN-01125,WORK-0022,SRC-1125,,,,https://cpc.people.com.cn/BIG5/n1/2024/1006/c443712-40333498.html
PSGN-01126,WORK-0038,SRC-1126,,,,https://m.thepaper.cn/newsDetail_forward_28996791
PSGN-01127,WORK-0014,SRC-1127,,,,https://www.shhk.gov.cn/xwzx/002009/002009002/20100105/f83bfbd8-323c-4316-bcea-d15f2082a896.html
PSGN-01128,WORK-0012,SRC-1128,,,,https://www.fjdsfzw.org.cn/2023-12-19/content_133925.html
PSGN-01129,WORK-0011,SRC-1129,,,,https://www.chinawriter.com.cn/n1/2020/0701/c404019-31765706.html
PSGN-01130,WORK-0002,SRC-1130,,,,https://dangshi.people.com.cn/n1/2018/0208/c85037-29812774.html
PSGN-01131,WORK-0008,SRC-1131,,,,https://www.ccphistory.org.cn/shds/dsxx/content/cd2b9f77-aa37-488f-beb2-4853b6290e42.html
PSGN-01132,WORK-0009,SRC-1132,,,,https://www.ccphistory.org.cn/shds/ssjc/content/cd2b9f77-aa37-488f-beb2-4853b6290e42.html
PSGN-01133,WORK-0021,SRC-1133,,,,https://www.chinawriter.com.cn/n1/2020/0813/c404063-31820381.html
PSGN-01134,WORK-0003,SRC-1134,,,,https://df.bjsjw.gov.cn/n299/20210409/i41861.html
PSGN-01135,WORK-0013,SRC-1135,,,,https://www.icppcc.cn/newsDetail_1059710
PSGN-01136,WORK-0010,SRC-1136,,,,https://www.ccphistory.org.cn/shds/zxdt100zn/content/115347fd-09db-4528-b823-2d056c333340.html
PSGN-01137,WORK-0004,SRC-1137,,,,https://hbzx.gov.cn/49/2014-09-15/5811.html
PSGN-01138,WORK-0007,SRC-1138,,,,https://www.81.cn/yljnt/2013-11/04/content_5630422.htm
PSGN-01139,WORK-0065,SRC-1139,,,,https://cpc.people.com.cn/n1/2022/1209/c443712-32583679.html
PSGN-01140,WORK-0019,SRC-1140,,,,https://museum.shu.edu.cn/info/1034/1373.htm
PSGN-01141,WORK-0005,SRC-1141,,,,https://sswgw.org.cn/wwdc/sqlww/9329.htm
PSGN-01142,WORK-0006,SRC-1142,,,,https://www.51ldb.com/shsldb/xf/content/017d83aaa824c0010000df844d7e124a.htm
PSGN-01143,WORK-0047,SRC-1143,中国左翼作家联盟. 维基百科.,中国左翼作家联盟. 维基百科.,,https://zh.wikipedia.org/wiki/中国左翼作家联盟
PSGN-01144,WORK-0040,SRC-1144,中国左翼作家联盟. 百度百科.,中国左翼作家联盟. 百度百科.,,https://baike.baidu.com/item/中国左翼作家联盟
PSGN-01145,WORK-0054,SRC-1145,鲁迅. 维基百科.,鲁迅. 维基百科.,,https://zh.wikipedia.org/wiki/鲁迅
PSGN-01146,WORK-0053,SRC-1146,瞿秋白. 维基百科.,瞿秋白. 维基百科.,,https://zh.wikipedia.org/wiki/瞿秋白
PSGN-01147,WORK-0050,SRC-1147,柔石. 维基百科.,柔石. 维基百科.,,https://zh.wikipedia.org/wiki/柔石
PSGN-01148,WORK-0051,SRC-1148,殷夫. 维基百科.,殷夫. 维基百科.,,https://zh.wikipedia.org/wiki/殷夫
PSGN-01149,WORK-0046,SRC-1149,丁玲. 维基百科.,丁玲. 维基百科.,,https://zh.wikipedia.org/wiki/丁玲
PSGN-01150,WORK-0048,SRC-1150,冯雪峰. 维基百科.,冯雪峰. 维基百科.,,https://zh.wikipedia.org/wiki/冯雪峰
PSGN-01151,WORK-0052,SRC-1151,田汉. 维基百科.,田汉. 维基百科.,,https://zh.wikipedia.org/wiki/田汉
PSGN-01152,WORK-0049,SRC-1152,夏衍. 维基百科.,夏衍. 维基百科.,,https://zh.wikipedia.org/wiki/夏衍
PSGN-01153,WORK-0055,SRC-1153,龙华二十四烈士. 维基百科.,龙华二十四烈士. 维基百科.,,https://zh.wikipedia.org/wiki/龙华二十四烈士
PSGN-01154,WORK-0034,SRC-1154,上海市静安区图书馆，访问日期2026-08-21,上海市静安区图书馆，访问日期2026-08-21,,https://www.shjinganlib.net/JaImpressionHistoryContent.aspx?ColumnNameEn=HISTORICBUILDINGS&id=171
PSGN-01155,WORK-0041,SRC-1155,上海大学，访问日期2026-08-21,上海大学，访问日期2026-08-21,,https://www.shu.edu.cn/info/1666/273402.htm
PSGN-01156,WORK-0001,SRC-1156,上海大学博物馆，访问日期2026-08-21,上海大学博物馆，访问日期2026-08-21,,https://museum.shu.edu.cn/info/1048/1232.htm
PSGN-01157,WORK-0018,SRC-1157,上海大学，访问日期2026-08-21,上海大学，访问日期2026-08-21,,https://www.shu.edu.cn/info/1666/272872.htm
PSGN-01158,WORK-0045,SRC-1158,上海市文化和旅游局，原载解放日报，访问日期2026-08-21,上海市文化和旅游局，原载解放日报，访问日期2026-08-21,,https://whlyj.sh.gov.cn/gqfc/20260302/7517d43ef448452cb0c6e026b85ef8b9.html
PSGN-01159,WORK-0043,SRC-1159,上海党史网，访问日期2026-08-21,上海党史网，访问日期2026-08-21,,https://www.ccphistory.org.cn/shds/shhm/content/56860ccf-655f-4663-8380-f0de32c4ff39.html
PSGN-01160,WORK-0026,SRC-1160,上海市政府下属网站，访问日期2026-08-21,上海市政府下属网站，访问日期2026-08-21,,https://jgj.sh.gov.cn/shhq/app/iwb/ssws/2020/06/09/2c92f58b720c4d490172970284e14f5a.html?tm=1638165180755
PSGN-01161,WORK-0042,SRC-1161,常州史志，访问日期2026-08-21,常州史志，访问日期2026-08-21,,https://fzg.changzhou.gov.cn/html/fzg/2016/FNBDOFDF_0104/26148.html
PSGN-01162,WORK-0057,SRC-1162,复旦大学上海红色文化资源网，访问日期2026-08-21,复旦大学上海红色文化资源网，访问日期2026-08-21,,https://shhongse.fudan.edu.cn/info/1024/1586.htm
PSGN-01163,WORK-0016,SRC-1163,纪录小康工程·广东数据库（指导单位：中共广东省委宣传部，建设单位：南方新闻网；内容出自汕头广播电视台电视节目中心专题片），访问日期2026-08-21,纪录小康工程·广东数据库（指导单位：中共广东省委宣传部，建设单位：南方新闻网；内容出自汕头广播电视台电视节目中心专题片），访问日期2026-08-21,,https://gdxk.southcn.com/st/ztp/content/post_371048.html
PSGN-01164,WORK-0020,SRC-1164,澎湃新闻·澎湃号·政务“龙华英烈”（上海市龙华烈士陵园融媒体工作部供稿、编辑研究室审核），发布日期2023-02-07，访问日期2026-08-21,澎湃新闻·澎湃号·政务“龙华英烈”（上海市龙华烈士陵园融媒体工作部供稿、编辑研究室审核），发布日期2023-02-07，访问日期2026-08-21,,https://www.thepaper.cn/newsDetail_forward_21840268
PSGN-01165,WORK-0056,SRC-1165,上海市龙华烈士陵园（龙华烈士纪念馆）官网英烈名录，访问日期2026-08-21,上海市龙华烈士陵园（龙华烈士纪念馆）官网英烈名录，访问日期2026-08-21,,https://www.slmmm.cn/hero/list.html
PSGN-01166,WORK-0064,SRC-1166,维基文库公版转录（作者鲁迅；底本为人民文学出版社《鲁迅全集》日记卷），访问日期2026-08-21,维基文库公版转录（作者鲁迅；底本为人民文学出版社《鲁迅全集》日记卷），访问日期2026-08-21,,https://zh.wikisource.org/zh-hans/%E9%AD%AF%E8%BF%85%E6%97%A5%E8%A8%98/%E6%97%A5%E8%AE%B0%E5%8D%81%E5%85%AB
PSGN-01167,WORK-0063,SRC-1167,维基文库公版转录（作者鲁迅），访问日期2026-08-21,维基文库公版转录（作者鲁迅），访问日期2026-08-21,,https://zh.wikisource.org/zh-hans/%E9%AD%AF%E8%BF%85%E6%97%A5%E8%A8%98/%E6%97%A5%E8%AE%B0%E5%8D%81%E4%B9%9D
PSGN-01168,WORK-0062,SRC-1168,维基文库公版转录（作者鲁迅），访问日期2026-08-21,维基文库公版转录（作者鲁迅），访问日期2026-08-21,,https://zh.wikisource.org/zh-hans/%E9%AD%AF%E8%BF%85%E6%97%A5%E8%A8%98/%E6%97%A5%E8%AE%B0%E4%BA%8C%E5%8D%81
PSGN-01169,WORK-0036,SRC-1169,上海市虹口区人民政府门户网站转载“上海虹口”微信公众号，2023-09-30，访问日期2026-08-21,上海市虹口区人民政府门户网站转载“上海虹口”微信公众号，2023-09-30，访问日期2026-08-21,,https://www.shhk.gov.cn/xwzx/002008/002008040/20230930/262c3707-a49c-4a0a-a2cf-95f972862dba.html
PSGN-01170,WORK-0044,SRC-1170,湖南日报·新湖南客户端（记者黄晗），2020-07-25，访问日期2026-08-21,湖南日报·新湖南客户端（记者黄晗），2020-07-25，访问日期2026-08-21,,https://www.hunantoday.cn/news/xhn/202007/14469914.html
PSGN-01171,WORK-0059,SRC-1171,中国作家网转载《解放日报》（韦泱），2018-07-18，访问日期2026-08-21,中国作家网转载《解放日报》（韦泱），2018-07-18，访问日期2026-08-21,,https://www.chinawriter.com.cn/n1/2018/0718/c404064-30154368.html
PSGN-01172,WORK-0017,SRC-1172,中国作家网转载《新文学史料》（李莹），2021-04-27，访问日期2026-08-21,中国作家网转载《新文学史料》（李莹），2021-04-27，访问日期2026-08-21,,https://www.chinawriter.com.cn/n1/2021/0427/c404063-32088929.html
PSGN-01173,WORK-0039,SRC-1173,韬奋纪念馆官网报刊数据库，访问日期2026-08-21,韬奋纪念馆官网报刊数据库，访问日期2026-08-21,,https://www.zoutaofen.com/resource/show/101.html
PSGN-01174,WORK-0023,SRC-1174,中国作家网转载《文艺报》（慕津锋），2021-04-12，访问日期2026-08-21,中国作家网转载《文艺报》（慕津锋），2021-04-12，访问日期2026-08-21,,https://www.chinawriter.com.cn/n1/2021/0412/c404063-32075183.html
PSGN-01175,WORK-0037,SRC-1175,中国现代文学馆官网“中国文学史上的今天”栏目，访问日期2026-08-21,中国现代文学馆官网“中国文学史上的今天”栏目，访问日期2026-08-21,,http://www.wxg.org.cn/9yue/1283.jhtml
PSGN-01176,WORK-0035,SRC-1176,上海市虹口区人民政府门户网站转载“上海虹口”微信公众号，2024-10-28，访问日期2026-08-21,上海市虹口区人民政府门户网站转载“上海虹口”微信公众号，2024-10-28，访问日期2026-08-21,,https://www.shhk.gov.cn/xwzx/002008/002008040/20241028/9ee35ba7-1ef6-4c42-9d1f-c61713b8828c.html
PSGN-01177,WORK-0058,SRC-1177,澎湃新闻·澎湃号转载，作者俞宽宏（中国左翼作家联盟成立大会会址纪念馆馆员），2020-08-04，访问日期2026-08-21,澎湃新闻·澎湃号转载，作者俞宽宏（中国左翼作家联盟成立大会会址纪念馆馆员），2020-08-04，访问日期2026-08-21,,https://www.thepaper.cn/newsDetail_forward_8577717
