relation_id,person_a_id,person_a_name,person_b_id,person_b_name,current_final_relation_type,relation_risk_level,confidence,needs_manual_review,current_publish_status,book,source_family,page,locator,quote,quote_char_len,quote_sha256,normalized_start,normalized_end,source_file,attestation_basis,relation_verb,list_pattern,secondary_description,projected_publish_status,projected_public,review_status
REL-00001,ZLH-001,鲁迅,ZLH-002,茅盾,交往,high,medium,no,pending_review,左联史,zuolian_shi,74,左联史 第74页,中国左联两位领导人鲁迅、茅盾积极支持《杂文.,22,9ae1991e67f7bd6081d5b1a73657edcdb0865eddc1ddb84838f7c54268e5c1a9,104755,104777,D:\1大创\左联知识库项目\data\processed\runtime_sources\左联史.txt,A=鲁迅;B=茅盾,支持,no,no,pending_review,no,pending_cross_validation
REL-00002,ZLH-001,鲁迅,ZLH-002,茅盾,通信,low,medium,no,inferred,左联史,zuolian_shi,74,左联史 第74页,中国左联两位领导人鲁迅、茅盾积极支持《杂文.,22,9ae1991e67f7bd6081d5b1a73657edcdb0865eddc1ddb84838f7c54268e5c1a9,104755,104777,D:\1大创\左联知识库项目\data\processed\runtime_sources\左联史.txt,A=鲁迅;B=茅盾,支持,no,no,supported,yes,pending_cross_validation
REL-00003,ZLH-001,鲁迅,ZLH-003,瞿秋白,同属组织,critical,low,no,pending_review,左联词典,zuolian_cidian,703,左联词典 第703页,"回忆瞿秋白早年的革命活动,高度评价他三十年代“同鲁迅先生一起领导于.",34,c2e79e4b03d9fc4a85c7b1bbaf9706ce36ecea3d9f46a9f6ef1c717bfc793a24,552528,552562,D:\1大创\左联知识库项目\data\processed\runtime_sources\左联词典.txt,A=鲁迅;B=瞿秋白,一起,no,no,pending_review,no,pending_cross_validation
REL-00004,ZLH-001,鲁迅,ZLH-004,夏衍,交游,low,medium,no,inferred,左联词典,zuolian_cidian,256,左联词典 第256页,"这一时期,他结识鲁迅,同沈端先(夏衍)、田汉等共同战斗。",28,9445137a6cea331a28827873051d9b9f3d15bc5fb0ae2eec34567d8ee8d9657e,170459,170487,D:\1大创\左联知识库项目\data\processed\runtime_sources\左联词典.txt,A=鲁迅;B=夏衍,共同,no,no,supported,yes,pending_cross_validation
REL-00005,ZLH-001,鲁迅,ZLH-005,冯雪峰,交往,high,medium,no,pending_review,左联词典,zuolian_cidian,500,左联词典 第500页,撰稿人有鲁迅、冯雪峰、钱杏郫等。,16,ea9a8e5a983c7b123ff66370b8f32a9412be540270c0604197919f693a4a152b,381717,381733,D:\1大创\左联知识库项目\data\processed\runtime_sources\左联词典.txt,A=鲁迅;B=冯雪峰,撰稿,no,no,pending_review,no,pending_cross_validation
REL-00006,ZLH-001,鲁迅,ZLH-005,冯雪峰,通信,low,medium,no,inferred,左联词典,zuolian_cidian,500,左联词典 第500页,撰稿人有鲁迅、冯雪峰、钱杏郫等。,16,ea9a8e5a983c7b123ff66370b8f32a9412be540270c0604197919f693a4a152b,381717,381733,D:\1大创\左联知识库项目\data\processed\runtime_sources\左联词典.txt,A=鲁迅;B=冯雪峰,撰稿,no,no,supported,yes,pending_cross_validation
REL-00007,ZLH-001,鲁迅,ZLH-006,潘汉年,交游,low,medium,no,inferred,左联词典,zuolian_cidian,5,左联词典 第5页,40eeeeeecc(C24)对于左翼作家联盟的意见(鲁迅)一0C24)普罗文学运动与自我批判(潘汉年)一.,54,136bc16ca54ae6629d24bef5d757eef271e8f1e369b3d64bf5d5008fee116e2a,2403,2457,D:\1大创\左联知识库项目\data\processed\runtime_sources\左联词典.txt,A=鲁迅;B=潘汉年,批判,no,no,supported,yes,pending_cross_validation
REL-00008,ZLH-001,鲁迅,ZLH-007,周扬,交游,low,medium,no,inferred,左联史,zuolian_shi,477,左联史 第477页,"7月下旬,周起应(周扬)陪同鲁迅先生去看望他。",23,a7a5227b9d956af784cc1c660d074b05185ebb2a51e61554369ed637dd0f9dea,736419,736442,D:\1大创\左联知识库项目\data\processed\runtime_sources\左联史.txt,A=鲁迅;B=周扬,看望,no,no,supported,yes,pending_cross_validation
REL-00009,ZLH-001,鲁迅,ZLH-008,田汉,通信,low,medium,no,inferred,左联词典,zuolian_cidian,256,左联词典 第256页,"这一时期,他结识鲁迅,同沈端先(夏衍)、田汉等共同战斗。",28,9445137a6cea331a28827873051d9b9f3d15bc5fb0ae2eec34567d8ee8d9657e,170459,170487,D:\1大创\左联知识库项目\data\processed\runtime_sources\左联词典.txt,A=鲁迅;B=田汉,共同,no,no,supported,yes,pending_cross_validation
REL-00010,ZLH-001,鲁迅,ZLH-009,郑伯奇,通信,high,medium,no,pending_review,左联史,zuolian_shi,16,左联史 第16页,"1927年11月9日,郑伯奇、蒋光慈、段可情拜访鲁迅先生,传达了郭沫若的意愿。",39,b9b43408e0e160bcfb218b02f53000822cc35d6559e73c755e54b4a88cbbc978,13382,13421,D:\1大创\左联知识库项目\data\processed\runtime_sources\左联史.txt,A=鲁迅;B=郑伯奇,拜访,no,no,pending_review,no,pending_cross_validation
REL-00011,ZLH-001,鲁迅,ZLH-009,郑伯奇,通信,low,medium,no,inferred,左联史,zuolian_shi,16,左联史 第16页,"1927年11月9日,郑伯奇、蒋光慈、段可情拜访鲁迅先生,传达了郭沫若的意愿。",39,b9b43408e0e160bcfb218b02f53000822cc35d6559e73c755e54b4a88cbbc978,13382,13421,D:\1大创\左联知识库项目\data\processed\runtime_sources\左联史.txt,A=鲁迅;B=郑伯奇,拜访,no,no,supported,yes,pending_cross_validation
REL-00012,ZLH-001,鲁迅,ZLH-010,洪深,创作合作,low,medium,no,inferred,左联史,zuolian_shi,458,左联史 第458页,"同年,文艺界21位不同流派的作家联名发表《文艺界同人为团结御侮与言论自由宣言》,其中有鲁迅、苟盾、郭沫若、郑伯奇、张天翼、洪深等。",65,edbcc78e742520f729ad87fe15f5c9bb6455000af45949fb0535bc395b58ac27,702954,703019,D:\1大创\左联知识库项目\data\processed\runtime_sources\左联史.txt,A=鲁迅;B=洪深,联名,no,no,supported,yes,pending_cross_validation
REL-00013,ZLH-001,鲁迅,ZLH-011,钱杏邨,交游,low,medium,no,inferred,左联词典,zuolian_cidian,559,左联词典 第559页,"回忆1934年编辑出版《中国新文学大系》的缘起,详述阿英、郑振铎、茅眉、郑伯奇、鲁迅等前辈作家支持帮助编选、作序的经过,也揭露了国民党书报检查官的恶行。",76,e18b95ccf373c967adfa4417211dc1453df38683f5b1a47079bb28a4a9b4db08,430637,430713,D:\1大创\左联知识库项目\data\processed\runtime_sources\左联词典.txt,A=鲁迅;B=阿英,编辑,no,no,supported,yes,pending_cross_validation
REL-00014,ZLH-001,鲁迅,ZLH-012,蒋光慈,同属组织,critical,low,no,pending_review,左联史,zuolian_shi,16,左联史 第16页,"1927年11月9日,郑伯奇、蒋光慈、段可情拜访鲁迅先生,传达了郭沫若的意愿。",39,b9b43408e0e160bcfb218b02f53000822cc35d6559e73c755e54b4a88cbbc978,13382,13421,D:\1大创\左联知识库项目\data\processed\runtime_sources\左联史.txt,A=鲁迅;B=蒋光慈,拜访,no,no,pending_review,no,pending_cross_validation
REL-00015,ZLH-001,鲁迅,ZLH-013,阳翰笙,交游,low,medium,no,inferred,左联史,zuolian_shi,19,左联史 第19页,"他们都认为这样做是错误的,先后指示或传话给阳翰笙等有关人员:停止攻击鲁迅,和他团结起来,共同对敌。",49,a0be8d78bd694f1ab29eb09218328d740046fef473793967157955b7b8458c1e,17809,17858,D:\1大创\左联知识库项目\data\processed\runtime_sources\左联史.txt,A=鲁迅;B=阳翰笙,共同,no,no,supported,yes,pending_cross_validation
REL-00016,ZLH-001,鲁迅,ZLH-014,冯乃超,交游,low,medium,no,inferred,左联史,zuolian_shi,474,左联史 第474页,"他和冯乃超一同拜访鲁迅,将左联《理论纲领》及发起人名单等文件送请鲁迅审阅,征求意见。",42,8650cc13bb33a7983dc4890775c2b61b9490a6b2f2d19b840e7fb40fb3e22eeb,730105,730147,D:\1大创\左联知识库项目\data\processed\runtime_sources\左联史.txt,A=鲁迅;B=冯乃超,拜访,no,no,supported,yes,pending_cross_validation
REL-00017,ZLH-001,鲁迅,ZLH-015,郁达夫,交游,low,medium,no,inferred,左联词典,zuolian_cidian,260,左联词典 第260页,鲁迅在复函中向他推荐郁达夫和张天翼的作品。,21,a8d23c601e4976b4ec213fc5552427014a6c9c0f8c20847cbe5590a5c7c01e30,174023,174044,D:\1大创\左联知识库项目\data\processed\runtime_sources\左联词典.txt,A=鲁迅;B=郁达夫,推荐,no,no,supported,yes,pending_cross_validation
REL-00018,ZLH-001,鲁迅,ZLH-015,郁达夫,交往,high,medium,no,pending_review,左联词典,zuolian_cidian,260,左联词典 第260页,鲁迅在复函中向他推荐郁达夫和张天翼的作品。,21,a8d23c601e4976b4ec213fc5552427014a6c9c0f8c20847cbe5590a5c7c01e30,174023,174044,D:\1大创\左联知识库项目\data\processed\runtime_sources\左联词典.txt,A=鲁迅;B=郁达夫,推荐,no,no,pending_review,no,pending_cross_validation
REL-00019,ZLH-001,鲁迅,ZLH-015,郁达夫,通信,low,medium,no,inferred,左联词典,zuolian_cidian,260,左联词典 第260页,鲁迅在复函中向他推荐郁达夫和张天翼的作品。,21,a8d23c601e4976b4ec213fc5552427014a6c9c0f8c20847cbe5590a5c7c01e30,174023,174044,D:\1大创\左联知识库项目\data\processed\runtime_sources\左联词典.txt,A=鲁迅;B=郁达夫,推荐,no,no,supported,yes,pending_cross_validation
REL-00020,ZLH-001,鲁迅,ZLH-016,柔石,交往,high,medium,no,pending_review,左联词典,zuolian_cidian,211,左联词典 第211页,"会后,柔石、冯铿带领她和马纪纲去闸北景云里拜访鲁迅先生。",28,dc86b2bcb3a1901472e6d0c6fd592edae7f191c32fc92887e4c371841daf65dd,131095,131123,D:\1大创\左联知识库项目\data\processed\runtime_sources\左联词典.txt,A=鲁迅;B=柔石,拜访,no,no,pending_review,no,pending_cross_validation
REL-00021,ZLH-001,鲁迅,ZLH-017,胡也频,交游,low,medium,no,inferred,左联词典,zuolian_cidian,344,左联词典 第344页,"为抗议国民党反动派屠杀李伟森、胡也频、柔石、殷夫、冯铿、宗晋等左翼作家和左翼艺术家的暴行,在鲁迅、冯雪峰领导下,参加左联机关刊(前哨3刑编辑.",71,060d3acc87fd83c1ea3ab4315929ea44aed217a40e0a626365ba60b1d1ae22a4,248567,248638,D:\1大创\左联知识库项目\data\processed\runtime_sources\左联词典.txt,A=鲁迅;B=胡也频,参加,no,no,supported,yes,pending_cross_validation
REL-00022,ZLH-001,鲁迅,ZLH-018,冯铿,交游,low,medium,no,inferred,左联词典,zuolian_cidian,211,左联词典 第211页,"会后,柔石、冯铿带领她和马纪纲去闸北景云里拜访鲁迅先生。",28,dc86b2bcb3a1901472e6d0c6fd592edae7f191c32fc92887e4c371841daf65dd,131095,131123,D:\1大创\左联知识库项目\data\processed\runtime_sources\左联词典.txt,A=鲁迅;B=冯铿,拜访,no,no,supported,yes,pending_cross_validation
REL-00023,ZLH-001,鲁迅,ZLH-019,殷夫,交游,low,medium,no,inferred,左联词典,zuolian_cidian,298,左联词典 第298页,"1936年4月,士编《文学丛报》,刊物得到鲁迅支持,向鲁迅约来《答托洛斯基的信》》《我要骝人》、《白莽遗诗序》等文。",58,0a6e37666ca2866334730930e517f06a0daa677148ee1a43927be2b83e8dfc30,208143,208201,D:\1大创\左联知识库项目\data\processed\runtime_sources\左联词典.txt,A=鲁迅;B=白莽,约,no,no,supported,yes,pending_cross_validation
REL-00024,ZLH-001,鲁迅,ZLH-020,李求实,交游,low,medium,no,inferred,左联词典,zuolian_cidian,344,左联词典 第344页,"为抗议国民党反动派屠杀李伟森、胡也频、柔石、殷夫、冯铿、宗晋等左翼作家和左翼艺术家的暴行,在鲁迅、冯雪峰领导下,参加左联机关刊(前哨3刑编辑.",71,060d3acc87fd83c1ea3ab4315929ea44aed217a40e0a626365ba60b1d1ae22a4,248567,248638,D:\1大创\左联知识库项目\data\processed\runtime_sources\左联词典.txt,A=鲁迅;B=李伟森,参加,no,no,supported,yes,pending_cross_validation
REL-00025,ZLH-001,鲁迅,ZLH-021,丁玲,通信,low,medium,no,inferred,左联词典,zuolian_cidian,132,左联词典 第132页,"贺词由鲁迅、茅盾、丁玲、曹靖华、洛扬(汞雪峰)、奕如(夏衍),适夷联名签署.",38,b75ddb557750af72b6b6d81e3b7328651334dc85d3fd8fa2dbd5f123788140bd,60999,61037,D:\1大创\左联知识库项目\data\processed\runtime_sources\左联词典.txt,A=鲁迅;B=丁玲,联名,no,no,supported,yes,pending_cross_validation
REL-00026,ZLH-001,鲁迅,ZLH-022,张天翼,亲属关系,high,medium,no,pending_review,左联词典,zuolian_cidian,260,左联词典 第260页,鲁迅在复函中向他推荐郁达夫和张天翼的作品。,21,a8d23c601e4976b4ec213fc5552427014a6c9c0f8c20847cbe5590a5c7c01e30,174023,174044,D:\1大创\左联知识库项目\data\processed\runtime_sources\左联词典.txt,A=鲁迅;B=张天翼,推荐,no,no,pending_review,no,pending_cross_validation
REL-00027,ZLH-001,鲁迅,ZLH-023,叶紫,交游,low,medium,no,inferred,左联史,zuolian_shi,543,左联史 第543页,"经鲁迅介绍,叶紫成为他们的向导和朋友。",19,7c2d391bde1c8bf81d6d00732cd8517520dfd2ad2c42a2398b53d077d039145c,852436,852455,D:\1大创\左联知识库项目\data\processed\runtime_sources\左联史.txt,A=鲁迅;B=叶紫,介绍,no,no,supported,yes,pending_cross_validation
REL-00028,ZLH-001,鲁迅,ZLH-024,艾芜,待核验,critical,low,no,pending_review,左联词典,zuolian_cidian,227,左联词典 第227页,"1931年11月29日和艾芜联名给鲁迅写信,请教关于小说题材等问题,受到鲁迅的亲切教诲.",44,45a149e9ad4a12284122b56da25ab356c655574c905487468213c963e06e9c6c,144802,144846,D:\1大创\左联知识库项目\data\processed\runtime_sources\左联词典.txt,A=鲁迅;B=艾芜,写信,no,no,pending_review,no,pending_cross_validation
REL-00029,ZLH-001,鲁迅,ZLH-025,沙汀,交游,low,medium,no,inferred,左联词典,zuolian_cidian,155,左联词典 第155页,"同年11月29日,与沙汀联名致函鲁迅请教写作问题,得先生复信,深受鼓舞,同---时期,因向左联机关刊《北斗》投稿,被吸收参加“《北斗》读书会“。",72,ed0783d767ae925a98fda682b252da3a68c8a65a16a26ab6efa1f4a2d8f25bda,81799,81871,D:\1大创\左联知识库项目\data\processed\runtime_sources\左联词典.txt,A=鲁迅;B=沙汀,致函,no,no,supported,yes,pending_cross_validation
REL-00030,ZLH-001,鲁迅,ZLH-026,胡风,交游,low,medium,no,inferred,左联词典,zuolian_cidian,286,左联词典 第286页,"不久,由胡风介绍与鲁迅先生相识。",16,5642e83926cc81c9b54e81f97725609fcd9bbd3440bc07cf1ea52979ecb1c387,197262,197278,D:\1大创\左联知识库项目\data\processed\runtime_sources\左联词典.txt,A=鲁迅;B=胡风,介绍,no,no,supported,yes,pending_cross_validation
REL-00031,ZLH-001,鲁迅,ZLH-027,萧军,交游,low,medium,no,inferred,左联词典,zuolian_cidian,283,左联词典 第283页,"同年底,在鲁迅支持下,与聂绀弩、萧军等共同编辑《海燕》文学月刊。",32,7c8baa2fccd5a258d7b1d629f339a9121c3bc65d426bcc1f27d1b03cb337bed3,194425,194457,D:\1大创\左联知识库项目\data\processed\runtime_sources\左联词典.txt,A=鲁迅;B=萧军,共同,no,no,supported,yes,pending_cross_validation
REL-00032,ZLH-001,鲁迅,ZLH-028,萧红,交游,low,medium,no,inferred,左联史,zuolian_shi,324,左联史 第324页,"女作家萧红描述过她见到的动人一幕:“鲁迅先生的身体不大好,容易伤风,伤风之后,照样要陪客人,回信,校稿子。",53,ea30d18c50e696dbf66e0b000fafe1cc73e4af86db93a4c87211e13a20cfb65f,489151,489204,D:\1大创\左联知识库项目\data\processed\runtime_sources\左联史.txt,A=鲁迅;B=萧红,回信,no,no,supported,yes,pending_cross_validation
REL-00033,ZLH-001,鲁迅,ZLH-029,聂绀弩,交游,low,medium,no,inferred,左联史,zuolian_shi,484,左联史 第484页,"为编好这一副刊,聂绀弩首先向鲁迅先生求教,依靠先生的支持。",29,0c3bc4215acb4844e8f8f3cea9c7d8f7ac356ecba3eeaeec6a78b060b05672f1,747321,747350,D:\1大创\左联知识库项目\data\processed\runtime_sources\左联史.txt,A=鲁迅;B=聂绀弩,支持,no,no,supported,yes,pending_cross_validation
REL-00034,ZLH-001,鲁迅,ZLH-031,葛琴,待核验,critical,low,no,pending_review,左联史,zuolian_shi,174,左联史 第174页,"26日,鲁迅先生又致函葛琴,约她去取序文。",21,611a4ad3ddc04a37c3225d724142b4dbadc928a302b117b0b9085babc72a3315,256462,256483,D:\1大创\左联知识库项目\data\processed\runtime_sources\左联史.txt,A=鲁迅;B=葛琴,致函,no,no,pending_review,no,pending_cross_validation
REL-00035,ZLH-001,鲁迅,ZLH-032,徐懋庸,交游,low,medium,no,inferred,左联词典,zuolian_cidian,538,左联词典 第538页,"“认为徐懋庸写给鲁迅的是一封充满敬意的规劝信“,指责鲁迅公布徐懋庸的来信是“不利于团结对敌的“先安内而后攘外“的做法.",59,acfcefe82e6a56a74c47609e50bee614df645699a9077470ae57289bc6ac6126,412838,412897,D:\1大创\左联知识库项目\data\processed\runtime_sources\左联词典.txt,A=鲁迅;B=徐懋庸,来信,no,no,supported,yes,pending_cross_validation
REL-00036,ZLH-001,鲁迅,ZLH-034,彭康,文学论战,low,medium,no,inferred,左联史,zuolian_shi,17,左联史 第17页,"4月15日《文化批判》第4号发表了一组回答鲁迅《“醉眼“中的濮胤》的文章:李初梨《请看中国的DonQuixote底乱舞》、冯乃超《人道主义者怎样地防卫着自己?》、彭康《“除掉“鲁迅的“除掉“》以及读者来信等,谈论了一些马克思主义的基本原理,却对鲁迅进行了谩骂与人身攻击式的批评。",139,d7ed058aa7c3322916f3ea8d7a07f970f715284901ad91fada13533e277c1dea,14633,14772,D:\1大创\左联知识库项目\data\processed\runtime_sources\左联史.txt,A=鲁迅;B=彭康,来信,no,no,supported,yes,pending_cross_validation
REL-00037,ZLH-001,鲁迅,ZLH-035,李辉英,待核验,critical,low,no,pending_review,左联史,zuolian_shi,538,左联史 第538页,"10月30日,北平商学院学生召开追悼鲁迅大会,李辉英和李何林应邀出席大会并发言。",40,04c5534bcd88373a16cb87168c0d8d09629e1a1add9eef59bf958299d3dff357,843345,843385,D:\1大创\左联知识库项目\data\processed\runtime_sources\左联史.txt,A=鲁迅;B=李辉英,邀,no,no,pending_review,no,pending_cross_validation
REL-00038,ZLH-001,鲁迅,ZLH-036,穆木天,交游,low,medium,no,inferred,左联史,zuolian_shi,715,左联史 第715页,"“针对穆木天此文,鲁迅于9月11日写了《关于翻译(下)》,9月14日《申报.",38,1abf85caa79117d96d503de5d0c52091074de172684ac216f2f245aea45d61b4,1113508,1113546,D:\1大创\左联知识库项目\data\processed\runtime_sources\左联史.txt,A=鲁迅;B=穆木天,,no,no,supported,yes,pending_cross_validation
REL-00039,ZLH-001,鲁迅,ZLH-037,楼适夷,交游,low,medium,no,inferred,左联词典,zuolian_cidian,181,左联词典 第181页,"同年秋,朱镜我让楼适夷陪同陈赔再度秘密会见鲁迅。",24,a94f695e9ddd0852fea42e1a2bf706826e416d8b6fca42377ba06fa1cc1d193c,104258,104282,D:\1大创\左联知识库项目\data\processed\runtime_sources\左联词典.txt,A=鲁迅;B=楼适夷,会见,no,no,supported,yes,pending_cross_validation
REL-00040,ZLH-001,鲁迅,ZLH-039,欧阳山,交游,low,medium,no,inferred,左联词典,zuolian_cidian,615,左联词典 第615页,"谈九一八之前欧阳山和张天翼、韩起的友谊,回忆《现实文学》的创刊和停刊,张天翼参加鲁迅葬礼,书与“鲁迅先生丧仪“、“鲁迅先生殡仪“的横幡等。",69,1a9415d4d7fdb98048f4361e456e85ea7a1b0f0d1336777b08c18cdf024b7ea7,477932,478001,D:\1大创\左联知识库项目\data\processed\runtime_sources\左联词典.txt,A=鲁迅;B=欧阳山,参加,no,no,supported,yes,pending_cross_validation
REL-00042,ZLH-001,鲁迅,ZLH-042,魏金枝,交游,low,medium,no,inferred,左联史,zuolian_shi,431,左联史 第431页,"1934一1935年,另一位美国记者伊罗生也要编译一部现代中国小说选,名为《草鞋脚》,请鲁迅、茅盾推荐作品,他们推荐了一批左翼作家的佳作,如征农《禾场上》、欧阳山《水棚里的清道夫》、草明《倾跌》、张天翼《一件寻常事》、葛琴《总退却》、艾芜《咆哮的许家屯》、东平《通讯员》、沙汀《老人》、丁九(应修人)《金宝塔银宝塔》、适夷《死》、何谷天《雪地》、魏金枝《制服》、茅盾《大泽乡》、丁玲《莎菲女士的日记》和《水》等。",206,7e0e0e073542393c83d8bfab925e55864ef687ea04814aa8627a51a9fe12baa1,656372,656578,D:\1大创\左联知识库项目\data\processed\runtime_sources\左联史.txt,A=鲁迅;B=魏金枝,推荐,no,no,supported,yes,pending_cross_validation
REL-00043,ZLH-001,鲁迅,ZLH-043,端木蕻良,同属组织,high,low,yes,pending_review,左联词典,zuolian_cidian,500,左联词典 第500页,"第3号登载了《茅盾被捕1?)的消息,鲁迅曾致函该刊编者竭木蕻良辟沥。",34,f53f319421c9f313a36b02b654e2eded5587572cad365b6cc23e56367b03bfd4,381597,381631,D:\1大创\左联知识库项目\data\processed\runtime_sources\左联词典.txt,A=鲁迅;B=蕻良,致函,no,no,pending_review,no,pending_cross_validation
REL-00044,ZLH-001,鲁迅,ZLH-045,周立波,交游,low,medium,no,inferred,左联词典,zuolian_cidian,497,左联词典 第497页,撰稿人有鲁迅、郭沫苔、立波、何家槐、梅阮、辛人、杨骚等左联盟员。,32,0d6b36644215a824db6f1651c57a5406d5f7bf9c8cbb86cfcd6232c8b7eb54f4,378568,378600,D:\1大创\左联知识库项目\data\processed\runtime_sources\左联词典.txt,A=鲁迅;B=立波,撰稿,no,no,supported,yes,pending_cross_validation
REL-00045,ZLH-001,鲁迅,ZLH-046,邵荃麟,待核验,high,low,yes,pending_review,左联词典,zuolian_cidian,685,左联词典 第685页,"记葛琴生平,同鲁迅先生的交往和鲁迅为小说《总退却》写的序言,还记下张天耀、叶以群、邵荃麟等左翼作家去宜兴丁山镇葛家柯堂聚会的经过。",65,c2f61b797e8191c7dcbf65a040fe19e377e905c1e126bbb1e25bfe1904b39af2,537345,537410,D:\1大创\左联知识库项目\data\processed\runtime_sources\左联词典.txt,A=鲁迅;B=邵荃麟,聚会,no,no,pending_review,no,pending_cross_validation
REL-00046,ZLH-001,鲁迅,ZLH-048,王任叔,交游,low,medium,no,supported,左联史,zuolian_shi,432,左联史 第432页,"他也是左联除鲁迅之外最重要的杂文作家,他和鲁迅、徐懋庸、廖沫沙、王任叔等左翼杂文家一起,把中国现代杂文推向了新的高峰,开创了我国杂文创作的新局面。",73,9040bdda711edeeb1019557bcfc2c58ed0f6cdedc59e4e85e2b72fa1d88a1b0b,658381,658454,D:\1大创\左联知识库项目\data\processed\runtime_sources\左联史.txt,A=鲁迅;B=王任叔,一起,no,no,supported,yes,pending_cross_validation
REL-00048,ZLH-001,鲁迅,ZLH-054,许幸之,合作,critical,medium,no,pending_review,左联史,zuolian_shi,98,左联史 第98页,名单如下:冯乃超华_汉_龚冰庐沈叶沉孟超俞_怀_邱韵铎沈端先潘汉年“王洁予冯润璋_顾凤城彭康许峻冯铿王任桐周全平_洪灵菲_戴平万“钱杏邵冯宪章鲁迅杜衡埕子柔石侍桁画室吴贯中黄_素郑伯奇鲁_史朱镜我_田汉王一榴_蒋光慈刘锡五_叶灵凤_郁达夫陶晶孙_戴望舒李初梨_林伯修殴_夫_徐迅雷_程少怀_陈正道_许幸之_郭沫若_沈起予被介绍加人的:仲_豪“徐耘阡_魏金枝届文泳涛丁锐人马宁_孙孟涛王润甫_卢苍雁张璞无产阶级文艺俱乐部的发起人李_平胡忠信阿细余惠“萧歌强其他各反动组织之名单不明。,240,451607e392e76506863cb80a4c973cbf07385569c9884fdd80d90b1d3fb68d03,141748,141988,D:\1大创\左联知识库项目\data\processed\runtime_sources\左联史.txt,A=鲁迅;B=许幸之,介绍,no,no,pending_review,no,pending_cross_validation
REL-00050,ZLH-001,鲁迅,ZLH-058,郭沫若,交游,low,medium,no,inferred,左联词典,zuolian_cidian,114,左联词典 第114页,鲁迅、郭沫若积极支持东京左联的工作.,18,d484d1264ecb8bffeae8ccb5185d051e3f4787a771f90e28bf908a52e0ac969c,47540,47558,D:\1大创\左联知识库项目\data\processed\runtime_sources\左联词典.txt,A=鲁迅;B=郭沫若,支持,no,no,supported,yes,pending_cross_validation
REL-00051,ZLH-001,鲁迅,ZLH-059,白薇,合作,critical,medium,no,pending_review,左联史,zuolian_shi,459,左联史 第459页,"6月,鲁迅、郁达夫合编的《奔流》创刊,白薇、杨骚都积极投稿,鲁迅收到他俩的文章,总是把它们排在一起,“不是杨骚在前,白薇在后,就是白薇在前,杨骚在后。",75,5415de86b67ebd5f081c5c06ee95784860f14b99ef29e17c75cb019aaa5ef601,704768,704843,D:\1大创\左联知识库项目\data\processed\runtime_sources\左联史.txt,A=鲁迅;B=白薇,合编,no,no,pending_review,no,pending_cross_validation
REL-00053,ZLH-001,鲁迅,ZLH-061,朱镜我,文学论战,low,medium,no,inferred,左联词典,zuolian_cidian,181,左联词典 第181页,"同年秋,朱镜我让楼适夷陪同陈赔再度秘密会见鲁迅。",24,a94f695e9ddd0852fea42e1a2bf706826e416d8b6fca42377ba06fa1cc1d193c,104258,104282,D:\1大创\左联知识库项目\data\processed\runtime_sources\左联词典.txt,A=鲁迅;B=朱镜我,会见,no,no,supported,yes,pending_cross_validation
REL-00056,ZLH-001,鲁迅,ZLH-067,任钧,师生关系,high,medium,no,pending_review,左联史,zuolian_shi,139,左联史 第139页,"高尔基也是中国人民热爱的革命作家,从1907年起,《东方杂志》、《小说海》、《小说月报》上就不时有中译的高尔基作品出现;左联成立前后,他的名著《母亲》由沈端先译成中文由大江书铺及开明书店先后出版,另一著名长篇小说《阿尔泰套诺夫家的事业》由柔石译成中文,1934年改题《颓废》由商务印书馆出版,译者署名赵璜;鲁迅编辑出版过《高尔基文录》(1930年8月光华书局初版时题名《戈理基文录》,再版时改现名);左联作家华蒂(叶以群)、森堡(任钧)、洪灵菲、蓬子也译过高尔基的小说:华蒂、森堡合译过短篇集《隐秘的爱》,洪灵菲和蓬子则分别译过他的自传体小说《我的童年》。",278,4158c4718c1be6165ce598e32ecbf3aa701ceeaf8f3bbb8e94915b9e60043cb2,202796,203074,D:\1大创\左联知识库项目\data\processed\runtime_sources\左联史.txt,A=鲁迅;B=任钧,编辑,no,no,pending_review,no,pending_cross_validation
REL-00058,ZLH-001,鲁迅,ZLH-071,李霁野,交游,low,medium,no,inferred,左联史,zuolian_shi,619,左联史 第619页,许寿裳的讲演稿《鲁迅的生活》、李霁野的散文《听雁》是冯雪峰约来的。,33,a68b3b5836eb8c63a68b7e01d15c08c9274d3e748ccf085e17084729d7150f90,973383,973416,D:\1大创\左联知识库项目\data\processed\runtime_sources\左联史.txt,A=鲁迅;B=李霁野,约,no,no,supported,yes,pending_cross_validation
REL-00059,ZLH-001,鲁迅,ZLH-071,李霁野,交往,low,medium,no,supported,左联史,zuolian_shi,619,左联史 第619页,许寿裳的讲演稿《鲁迅的生活》、李霁野的散文《听雁》是冯雪峰约来的。,33,a68b3b5836eb8c63a68b7e01d15c08c9274d3e748ccf085e17084729d7150f90,973383,973416,D:\1大创\左联知识库项目\data\processed\runtime_sources\左联史.txt,A=鲁迅;B=李霁野,约,no,no,supported,yes,pending_cross_validation
REL-00060,ZLH-001,鲁迅,ZLH-071,李霁野,通信,low,medium,no,inferred,左联史,zuolian_shi,619,左联史 第619页,许寿裳的讲演稿《鲁迅的生活》、李霁野的散文《听雁》是冯雪峰约来的。,33,a68b3b5836eb8c63a68b7e01d15c08c9274d3e748ccf085e17084729d7150f90,973383,973416,D:\1大创\左联知识库项目\data\processed\runtime_sources\左联史.txt,A=鲁迅;B=李霁野,约,no,no,supported,yes,pending_cross_validation
REL-00061,ZLH-001,鲁迅,ZLH-073,王余杞,交游,low,medium,no,inferred,左联史,zuolian_shi,492,左联史 第492页,"1936年,左翼文艺界发生“国防文学“与“民族革命战争的大众文学“两个口号论争,王余杞支持后一口号,并在以鲁迅为首的《中国文艺工作者宣言》上签名,拥护文艺界抗日统一战线政策。",87,d762dac014bc1719dc2cfd3798cb702eb893bf609c4c80530d3c2abbb7762911,761440,761527,D:\1大创\左联知识库项目\data\processed\runtime_sources\左联史.txt,A=鲁迅;B=王余杞,签名,no,no,supported,yes,pending_cross_validation
REL-00063,ZLH-001,鲁迅,ZLH-077,柳倩,同属组织,critical,low,no,pending_review,左联词典,zuolian_cidian,486,左联词典 第486页,"主要撰稿人多为左联盟员,如鲁迅、郭沫若、聂绀弩、沈起才、奚如、东平、张天虚、马子华、周而复、白薇、周文、田间、任钧、柳倩、雷渝波、洪道,白嚓、以群、胡风、徐懋庸、梅雨、王任叔、方之中、杨骚、许干之、俩拾(陈凌霆)、庄启东、雪苇、澎岛、李辉英等。",122,f84e58f2913d81bcc13c61a659115f7131037837949e9f9d812fad8e0a5ae863,369028,369150,D:\1大创\左联知识库项目\data\processed\runtime_sources\左联词典.txt,A=鲁迅;B=柳倩,撰稿,yes,no,pending_review,no,pending_cross_validation
REL-00064,ZLH-001,鲁迅,ZLH-080,陈企霞,合作,critical,medium,no,pending_review,左联史,zuolian_shi,524,左联史 第524页,"1933年,参加叶紫、陈企霞等的“无名文艺社“,这年6月,《无名文艺》月刊出版,他立即致函鲁迅先生并寄去该刊创刊号1册,请先生批评指教并赐稿,因白色恐怖严重,先生婉谢约稿,并以中国民谚“留得青山在,不怕没柴烧“相赠,鼓励他们注意策略、进行韧性战斗。",124,e446c62d4c76f03581d42524ed0bb7f6ab73d518513a4b3255262d397c27c80a,819503,819627,D:\1大创\左联知识库项目\data\processed\runtime_sources\左联史.txt,A=鲁迅;B=陈企霞,致函,no,no,pending_review,no,pending_cross_validation
REL-00065,ZLH-001,鲁迅,ZLH-081,陈白尘,签名联署,low,medium,no,inferred,左联词典,zuolian_cidian,275,左联词典 第275页,"同年10月30日和沙汀、艾芜、周文、蒋牧良、以群、欧阳山、张天翼、草明,王任权、聂绀弩、陈白尘、凡容等参加第二次“小说家座谈会“,研究鲁迅,讨论鲁迅的小说《祝福》《在酒楼上3。",88,a31e46e19a0a6da9ab56718e6bf27da6e356f84cf073524ce600a0caf5f22603,187736,187824,D:\1大创\左联知识库项目\data\processed\runtime_sources\左联词典.txt,A=鲁迅;B=陈白尘,参加,yes,no,supported,yes,pending_cross_validation
REL-00066,ZLH-001,鲁迅,ZLH-082,宋之的,文学论战,low,medium,no,inferred,左联史,zuolian_shi,582,左联史 第582页,"我们愿意和站在同一战线的一切争取民族自由的斗士热烈地揭手!(名次先后,依新文字拼音为准)巴夫巴金白_曙曹靖华草明曹禺齐_同“陈占元大戈东平_董纯才_方光熊_方之中俯拾靳以莲玛以群杨晟姚野_夫_叶薛士尹庚克夫黎烈文_丽尼_李溶华梁雯若路_丁芦“烹度_陆鲁_迅_陆少懿_龙_乙“马子华马宗融茌_盾孟式钩_孟十还螂绀弩欧阳山澎岛任文川萧军萧乾萧红辛人加成孙用_宋之的徐螺世弥唐弛田菲田_间_天_虚_万迪鹳“王余杞王元亩_吴景崔_吴组湘晚如胡风华沙荒煤黄源_许天虹_渡_波跃先艾_蒋牧良赵家壁张天翼张香山周彦_周而复_周_文钟石苇宣言草稿分别由巴金、黎烈文各起草一份初稿,完稿后由黎烈文送到鲁迅家请先生审阅,在鲁迅指导下,黎烈文将两份草稿合而为一,略加整理后誉清。",328,0fbabd450d37790cafdd79813a828347adffa27c16c41c209813a1073b5ccd20,915673,916001,D:\1大创\左联知识库项目\data\processed\runtime_sources\左联史.txt,A=鲁迅;B=宋之的,,no,no,supported,yes,pending_cross_validation
REL-00067,ZLH-001,鲁迅,ZLH-083,林焕平,同属组织,high,low,yes,pending_review,左联史,zuolian_shi,609,左联史 第609页,租日4黎锦明《两次访钟楼记》《追记鲁迅兆生》;标英条7【4李守章〔(李俊民)《不并的纪念》;|4李龚《悼鲁迅先生》;才|4林淡秋《难言的隐痛》;髌国|4林林《失了一个俞强的战士;TazEz【4林焕平《巴比塞-高尔基.,108,046ed083edad50d26a8eaaa70d9b8e81c918d6fa8ca34afc26f935c8fef23b2a,956471,956579,D:\1大创\左联知识库项目\data\processed\runtime_sources\左联史.txt,A=鲁迅;B=林焕平,访,no,no,pending_review,no,pending_cross_validation
REL-00068,ZLH-001,鲁迅,ZLH-084,陆万美,同属组织,high,low,yes,pending_review,左联史,zuolian_shi,455,左联史 第455页,"“81932年11月鲁迅返平探望母病,北平各左翼文化团体代表聚会欢迎先生,潘漠华、周永言、台静农、陆万美等出席晚宴,席间向鲁迅汇报北平左联等有关情况。",75,143b09f07312b0c4a49f9f78fea76e694543b23c870a5ac6c39a8a37c68d74f8,697508,697583,D:\1大创\左联知识库项目\data\processed\runtime_sources\左联史.txt,A=鲁迅;B=陆万美,探望,no,no,pending_review,no,pending_cross_validation
REL-00070,ZLH-001,鲁迅,ZLH-091,叶以群,师生关系,high,medium,no,pending_review,左联词典,zuolian_cidian,476,左联词典 第476页,"鲁迅主编,叶以群等参加编辑。",14,e60b35c309fef6e85027483c8644d46f28c6eb1ff2a98e8b5869a038be5bedfe,360253,360267,D:\1大创\左联知识库项目\data\processed\runtime_sources\左联词典.txt,A=鲁迅;B=叶以群,参加,no,no,pending_review,no,pending_cross_validation
REL-00073,ZLH-001,鲁迅,ZLH-096,王统照,合作,critical,medium,no,pending_review,左联史,zuolian_shi,600,左联史 第600页,"7月13日,鲁迅收到由《文学》杂志主编王统照转来的这封远方来信。",32,b3edf064e5e9139bd8f9e6f027512c433326319eda5261e75ae88bac84b04a09,943585,943617,D:\1大创\左联知识库项目\data\processed\runtime_sources\左联史.txt,A=鲁迅;B=王统照,来信,no,no,pending_review,no,pending_cross_validation
REL-00074,ZLH-001,鲁迅,ZLH-097,王西彦,同属组织,high,low,yes,pending_review,左联史,zuolian_shi,555,左联史 第555页,"1936年6月18日,苏联作家高尔基逝世,10月19日,鲁迅在上海病逝,北平左联发动进步文化界举行两次追悼大会,王西彦都参加了。",64,79246d73a14f3bc6e78167f6c7be1d10281270606372a85748ce5c846e8fbab0,872517,872581,D:\1大创\左联知识库项目\data\processed\runtime_sources\左联史.txt,A=鲁迅;B=王西彦,参加,no,no,pending_review,no,pending_cross_validation
REL-00075,ZLH-001,鲁迅,ZLH-098,沈从文,创作合作,low,medium,no,inferred,左联史,zuolian_shi,286,左联史 第286页,"但是那些处心积虑反对左翼的人们对鲁迅的忠告视而不见、充耳不闻,而沈从文的话却正中下怀,煸起他们对所谓“海派“的阵阵仇恨。",60,decdae4b762f3762fdd56843223464489e2fbeb6100197f2399f36cb2efdf4cb,428863,428923,D:\1大创\左联知识库项目\data\processed\runtime_sources\左联史.txt,A=鲁迅;B=沈从文,,no,no,supported,yes,pending_cross_validation
REL-00077,ZLH-001,鲁迅,ZLH-100,姚蓬子,合作,critical,medium,no,pending_review,左联词典,zuolian_cidian,294,左联词典 第294页,"3月31日拜访智迅,赠鲁迅《浮世画》一册,鲁迅则应姚蓬子之请,为他题诗一首《赠蓬子》同年6月,主编左联机关刊《文学月报》,共编3期,第4期起改由周起应(周扬)主编。",82,bff0b11802d5994148cfb96a91bf8ad76987ef6e414c5a50b858532270e2ea64,204142,204224,D:\1大创\左联知识库项目\data\processed\runtime_sources\左联词典.txt,A=鲁迅;B=姚蓬子,拜访,no,no,pending_review,no,pending_cross_validation
REL-00078,ZLH-001,鲁迅,ZLH-104,叶灵凤,纪念/悼念,critical,medium,no,pending_review,左联史,zuolian_shi,136,左联史 第136页,"这里必须提一笔的是,叶灵凤虽然遮到左联组织的处分,但后来的许多事实表明,他并没有在人生歧路上继续滑下去,在未来的岁月里,也做过一些对左鬓文D冯雪峰《同忆鲁迅》,人民文学出版李1952年初版本。",96,10042bd8d34c97190e38ae7b74bb2ed1a927cf465fbddbcba6d11807f18c4c4f,198930,199026,D:\1大创\左联知识库项目\data\processed\runtime_sources\左联史.txt,A=鲁迅;B=叶灵凤,组织,no,no,pending_review,no,pending_cross_validation
REL-00079,ZLH-001,鲁迅,ZLH-105,沈起予,同属组织,critical,low,no,pending_review,左联史,zuolian_shi,522,左联史 第522页,"其时他还有宣达鲁迅对于沈起予的不满(为了周文的《山坡上》的问题),并因此退还为《译文》特约的沈起予的译稿的事(见沈起予登在《每周文学》上的《麻烦账》),这才真是所谓“以鸣鞭为业绩“啊(“(5)讽刺鲁迅等人共同商讨“民族革命战争的大众文学“口号为“巨头会议“,指斥“胡风就是鲁府的“双隶总管““(6)说《中国文艺工作者宣言》的签名者是“自成一“帮「,以“文化工作者“的团体而出现了。",190,fbefe2cf7a24a76d4b3bae82b3632800f7c268ee9554f111e70d6e557c1adf19,815983,816173,D:\1大创\左联知识库项目\data\processed\runtime_sources\左联史.txt,A=鲁迅;B=沈起予,签名,no,no,pending_review,no,pending_cross_validation
REL-00081,ZLH-001,鲁迅,ZLH-112,戴望舒,创作合作,low,medium,no,inferred,左联史,zuolian_shi,98,左联史 第98页,名单如下:冯乃超华_汉_龚冰庐沈叶沉孟超俞_怀_邱韵铎沈端先潘汉年“王洁予冯润璋_顾凤城彭康许峻冯铿王任桐周全平_洪灵菲_戴平万“钱杏邵冯宪章鲁迅杜衡埕子柔石侍桁画室吴贯中黄_素郑伯奇鲁_史朱镜我_田汉王一榴_蒋光慈刘锡五_叶灵凤_郁达夫陶晶孙_戴望舒李初梨_林伯修殴_夫_徐迅雷_程少怀_陈正道_许幸之_郭沫若_沈起予被介绍加人的:仲_豪“徐耘阡_魏金枝届文泳涛丁锐人马宁_孙孟涛王润甫_卢苍雁张璞无产阶级文艺俱乐部的发起人李_平胡忠信阿细余惠“萧歌强其他各反动组织之名单不明。,240,451607e392e76506863cb80a4c973cbf07385569c9884fdd80d90b1d3fb68d03,141748,141988,D:\1大创\左联知识库项目\data\processed\runtime_sources\左联史.txt,A=鲁迅;B=戴望舒,介绍,no,no,supported,yes,pending_cross_validation
REL-00082,ZLH-001,鲁迅,ZLH-113,施蛰存,文学论战,low,medium,no,inferred,左联史,zuolian_shi,305,左联史 第305页,"在当时当地,说这等话的人,究竟有什么是非好悉、有什么知识分子的艮知?11935年6月,施蛰存又在《文饭小品》第5期抛出《“杂文的文艺价值“》一文,说什么“鲁迅先生的杂感文写得的确好,但是他的杂感文集倘使能再删选一下,似乎可以使异代的读者对于他有更好的印条“。",129,302b62a85928c6c89a03a1b7c35e6e2ac08fc38f7a39c6679d255fb5c5aaa25e,459907,460036,D:\1大创\左联知识库项目\data\processed\runtime_sources\左联史.txt,A=鲁迅;B=施蛰存,,no,no,supported,yes,pending_cross_validation
REL-00083,ZLH-001,鲁迅,ZLH-114,刘呐鸥,纪念/悼念,high,medium,no,pending_review,左联史,zuolian_shi,682,左联史 第682页,"翻译过程中虚心向前辈学者请教,译成后也常请友人斧正,例如翻诙苏联卢那卡尔斯基《艺术之社会的基础》一书时他就向对卢氏恺想、著作了解较多的刘呐鸥和鲁迅先生请教,又路同辈文友戴望舒、江馥泉商讨,复又得陈望道先生的帮助,力求译文的准确。",114,6d36ebeb7363f0dfca09c559c95c228a1700d9bcd4cb7c768d2b605edc7eda54,1064575,1064689,D:\1大创\左联知识库项目\data\processed\runtime_sources\左联史.txt,A=鲁迅;B=刘呐鸥,,no,yes,pending_review,no,pending_cross_validation
REL-00084,ZLH-001,鲁迅,ZLH-115,穆时英,创作合作,low,medium,no,inferred,左联词典,zuolian_cidian,361,左联词典 第361页,"时英国文豪萧伯纳应宋庆龄之邀到达上海,在沪逗留半天,中外报刊登载了许多关于萧的文章,秋白和鲁迅合作编辑了《萧伯纳在上海》一书,于同年3月出版。",71,a3b9458ca7a1654890259db5941e07422241ab276b0e5ff1473d0089bcb7dc14,263558,263629,D:\1大创\左联知识库项目\data\processed\runtime_sources\左联词典.txt,A=鲁迅;B=时英,合作,no,yes,supported,yes,pending_cross_validation
REL-00085,ZLH-001,鲁迅,ZLH-117,陈波儿,签名联署,low,medium,no,inferred,左联史,zuolian_shi,97,左联史 第97页,"加人这个反对白色恐余、争取人身言论出版结社自由群众组织的,大多是左翼作家及进步文化人,包括许多后来中国左鬓作家联盟的成员如鲁迅、潘汉年、郁达夫、田汉、郑伯奇、彭康、画室(冯雪峰)、王任叔、沈端先(夏衍)、王学文、叶灵凤、石锁顽(凌鹤)、黄河、陈正道、周全平、蔡子,还有一些人们熟悉的宗教界、学术界、戏剧界活既人物如董健吾、邓初民、潘念之、陈波儿、唐普初等,全是知识界一代精英。",188,742ac027631e61f5847c3684030a95f5e96e52773df5ae4cab2a8a2f1d304276,139640,139828,D:\1大创\左联知识库项目\data\processed\runtime_sources\左联史.txt,A=鲁迅;B=陈波儿,组织,yes,no,supported,yes,pending_cross_validation
REL-00086,ZLH-001,鲁迅,ZLH-119,何家槐,论战,critical,medium,no,pending_review,左联史,zuolian_shi,534,左联史 第534页,"4月24日,鲁迅复信何家槐,表示不加人该协会。",23,4513bec79d7626ea4438a22e529dc5b9aabf80fa025d8d9cb43192df317b0c46,836255,836278,D:\1大创\左联知识库项目\data\processed\runtime_sources\左联史.txt,A=鲁迅;B=何家槐,复信,no,no,pending_review,no,pending_cross_validation
REL-00087,ZLH-001,鲁迅,ZLH-120,夏征农,同属组织,critical,low,no,pending_review,左联史,zuolian_shi,315,左联史 第315页,"在左联遭受严重压迫的时候,他主编的《新生》杂志发表过公汗(鲁迅)、苟眉、小山(萧三)、屈轶(王任叔)、征农、力生(徐懋庸)、李辉英、佛朗(祝秀侠)、陈乃昌等左联作家的许多作品,有力地支持了左翼文艺运动,左联的同志们永远感谢他的善良与真诚。",119,343666923f5c93f260be5c1842873722b705bfcef24697c57cd275a1e411f121,474402,474521,D:\1大创\左联知识库项目\data\processed\runtime_sources\左联史.txt,A=鲁迅;B=征农,主编,no,no,pending_review,no,pending_cross_validation
REL-00088,ZLH-001,鲁迅,ZLH-121,内山完造,通信,low,medium,no,inferred,左联史,zuolian_shi,598,左联史 第598页,"1936年2月,日本《改造》杂志社社长山本实彦来到上海,11日中午,内山完造约请鲁迅和山本两人在闸北新月亭日式餐厅吃烧烤鹤鹑。",63,461b988878d67d67215afc920825c2a2c6d6a03c5509b435714019b4da741ca8,942143,942206,D:\1大创\左联知识库项目\data\processed\runtime_sources\左联史.txt,A=鲁迅;B=内山完造,约,no,no,supported,yes,pending_cross_validation
REL-00089,ZLH-001,鲁迅,ZLH-122,许广平,交游,low,medium,no,inferred,左联史,zuolian_shi,15,左联史 第15页,"10月8日,鲁迅和许广平定居闸北景云里,此后去看望和拜访先生的新老朋友更多。",38,6a1a79ffbeec8dc81a53fef5f55e8c4a0ef30aecd3440875b59494fd8c157470,12213,12251,D:\1大创\左联知识库项目\data\processed\runtime_sources\左联史.txt,A=鲁迅;B=许广平,拜访,no,no,supported,yes,pending_cross_validation
REL-00090,ZLH-001,鲁迅,ZLH-123,邹韬奋,创作合作,low,medium,no,inferred,左联史,zuolian_shi,284,左联史 第284页,"1935年底,上海成立了“中国新文字研究会“,陶行知、邹韬奋等为理事,起草了《我们对于推行新文字的意见》,蔡元培,鲁迅、柳亚子、陈望道等文化界人士668人在意见书上签名,赞同使用、推广拉丁新文字。",98,53bd7fda93a589386fc9a57b7dc16892dcd677b9b32b64d9fb4a816e31f7f376,426066,426164,D:\1大创\左联知识库项目\data\processed\runtime_sources\左联史.txt,A=鲁迅;B=邹韬奋,签名,no,no,supported,yes,pending_cross_validation
REL-00091,ZLH-001,鲁迅,ZLH-124,李小峰,时空共现,low,medium,no,inferred,左联史,zuolian_shi,193,左联史 第193页,"费慎祥原是北新书店伙计,常奉李小峰之命给鲁迅先生送版税、样书之类,日子一长,路先生也淅渐熟悉起来,他尊岫鲁迅先生,对李小峰克扣鲁迅版税十分不满,并早已透露出要脱离北新,自办书店的愿望,对此,鲁迅表示理解与支持。",105,206eaa1f2a9dfe82f7cd7c96a63ccfdbe981b537568379004a3eedc2b7c75a7a,288928,289033,D:\1大创\左联知识库项目\data\processed\runtime_sources\左联史.txt,A=鲁迅;B=李小峰,支持,no,no,inferred,no,pending_cross_validation
REL-00092,ZLH-001,鲁迅,ZLH-124,李小峰,通信,low,medium,no,inferred,左联史,zuolian_shi,193,左联史 第193页,"费慎祥原是北新书店伙计,常奉李小峰之命给鲁迅先生送版税、样书之类,日子一长,路先生也淅渐熟悉起来,他尊岫鲁迅先生,对李小峰克扣鲁迅版税十分不满,并早已透露出要脱离北新,自办书店的愿望,对此,鲁迅表示理解与支持。",105,206eaa1f2a9dfe82f7cd7c96a63ccfdbe981b537568379004a3eedc2b7c75a7a,288928,289033,D:\1大创\左联知识库项目\data\processed\runtime_sources\左联史.txt,A=鲁迅;B=李小峰,支持,no,no,supported,yes,pending_cross_validation
REL-00095,ZLH-001,鲁迅,ZLH-127,曹靖华,交游,low,medium,no,inferred,左联史,zuolian_shi,83,左联史 第83页,"萧三经曹靖华介绍,给鲁迅先生写信汇报此事,很希望左联能派一两位代表来。",35,c6da9b7921f3e43b441a87590f0cd6e1dc06b4ba8b6c2e1345514408254d0334,118450,118485,D:\1大创\左联知识库项目\data\processed\runtime_sources\左联史.txt,A=鲁迅;B=曹靖华,写信,no,no,supported,yes,pending_cross_validation
REL-00096,ZLH-001,鲁迅,ZLH-128,林语堂,时空共现,low,medium,no,inferred,左联史,zuolian_shi,238,左联史 第238页,"6月18日和20日,鲁迅分别给曹聚仁、林语堂写信。",25,1530c1e094ebd7cc6a647d600073de2d454149147458d72183de438d2c0ee4fe,354764,354789,D:\1大创\左联知识库项目\data\processed\runtime_sources\左联史.txt,A=鲁迅;B=林语堂,写信,no,no,inferred,no,pending_cross_validation
REL-00097,ZLH-001,鲁迅,ZLH-128,林语堂,通信,low,medium,no,supported,左联史,zuolian_shi,238,左联史 第238页,"6月18日和20日,鲁迅分别给曹聚仁、林语堂写信。",25,1530c1e094ebd7cc6a647d600073de2d454149147458d72183de438d2c0ee4fe,354764,354789,D:\1大创\左联知识库项目\data\processed\runtime_sources\左联史.txt,A=鲁迅;B=林语堂,写信,no,no,supported,yes,pending_cross_validation
REL-00098,ZLH-001,鲁迅,ZLH-129,胡愈之,师生关系,high,medium,no,pending_review,鲁迅日记,luxun_diary,,鲁迅日记 页码未识别,下午往商务印书［馆］访三弟，即同至中央研究院开民权保障同盟［会］，胡愈之、林玉堂皆不至，五人而已。,49,872cb077dfc101a778a6244dfd9966c6aaed85aee2c62f7cce9da70620f61115,133597,133646,D:\1大创\左联知识库项目\research\raw_texts\日记全编：全2册 (鲁迅 著) (Z-Library).txt,A=diary_author_implicit;B=胡愈之,访,no,no,pending_review,no,pending_cross_validation
REL-00099,ZLH-001,鲁迅,ZLH-130,杨杏佛,交游,low,medium,no,inferred,左联史,zuolian_shi,238,左联史 第238页,"“20日这天,正好是杨杏佛遗体人殓,鲁迅不避危险,由老友许寿裳陪同,毅然前往胶州路万国殡仪馆参加仪式,且出门不带钥匙,以示牺性决心。",66,4d8e3ac1e036cdd8b4659172d33c4c038902f60d1e0f66de29b2e1696bb1d055,354581,354647,D:\1大创\左联知识库项目\data\processed\runtime_sources\左联史.txt,A=鲁迅;B=杨杏佛,参加,no,no,supported,yes,pending_cross_validation
REL-00103,ZLH-001,鲁迅,ZLH-134,鹿地亘,交游,low,medium,no,inferred,左联史,zuolian_shi,520,左联史 第520页,"1936年春,日本《改造》杂志社社长山本实彦来上海,与鲁迅商谈中、日文学交流事宜,欢定由鲁迅推荐10箭当代中国左翼作家的作品在《改造》上发表,其中包括柏山的小说《崖边》,6月间,病中的鲁迅将翻译柏山小说的任务托付给胡风,后由胡风和日本友人鹿地亘共同将此篇译成日文,在7月号《改造》上刊出,实现了鲁迅的愿望。",153,18e1024fbb125e0cb71ceecdc3ca2c2cb1abbd42ed8e90cb9709b539185d3750,812511,812664,D:\1大创\左联知识库项目\data\processed\runtime_sources\左联史.txt,A=鲁迅;B=鹿地亘,共同,no,no,supported,yes,pending_cross_validation
REL-00104,ZLH-001,鲁迅,ZLH-135,池田幸子,交游,low,medium,no,inferred,左联史,zuolian_shi,616,左联史 第616页,"鲁迅的日本友人内山完造、夺田杏花、鹿地亘和池田幸子夫妇,还有须藤五百三医师在11月15日、16日就发表回忆鲁迅的一组文章:内山完造《忆鲁迅先生》《鲁迅先生》,奥田杏花《我们最后的谈话》,鹿地亘《鲁迅和我》,池田并子《最后一天的鲁迅》,须藤五百三《医学者所见的鲁迅先生》;不久,增田涉发表《忆鲁迅》,小田狱夫和秋田雨雀分别发表自己的回忆录题目均为《忆鲁迅》,此外还有室伏高信《鲁迅的印象》、山本实彦《鲁迅的死》、佐藤春夫《鲁迅传》和《月光与少年一一鲁迅的艺术》、新居格《高尔基的存在》等文,描绘了作者们各自对鲁迅的理解与认识。",262,b3f4156b8c64e115fe4e9a1f3f55bdb078330d2a0c1b5835ab731efab4447274,967410,967672,D:\1大创\左联知识库项目\data\processed\runtime_sources\左联史.txt,A=鲁迅;B=池田幸子,,no,yes,supported,yes,pending_cross_validation
REL-00105,ZLH-001,鲁迅,ZLH-136,宋庆龄,文学论战,low,medium,no,inferred,左联史,zuolian_shi,596,左联史 第596页,"鲁迅先生因对“国防文学“派有看法,起初不大愿意在宣言上签名,后经宋庆龄出面设宴劝说,才在宣言上签名。",50,624b046267158ddb1fcf14326c5c2bcb97eef59bc1f229914643480c068bbfa3,938466,938516,D:\1大创\左联知识库项目\data\processed\runtime_sources\左联史.txt,A=鲁迅;B=宋庆龄,签名,no,no,supported,yes,pending_cross_validation
REL-00106,ZLH-001,鲁迅,ZLH-137,蔡元培,创作合作,low,medium,no,inferred,左联史,zuolian_shi,186,左联史 第186页,"1932年7月12日,松庆龄发起组织“牛兰夫妇营救委员会“,左联有鲁迅、丁玲参加,柳亚子、蔡元培、林语堂、埃德加.",57,333b47345620485c4bdf6e90f168fc2c44bb02336c00fb034d8675274564ddb2,277976,278033,D:\1大创\左联知识库项目\data\processed\runtime_sources\左联史.txt,A=鲁迅;B=蔡元培,发起,no,no,supported,yes,pending_cross_validation
REL-00108,ZLH-001,鲁迅,ZLH-139,陈望道,时空共现,low,medium,no,inferred,左联词典,zuolian_cidian,480,左联词典 第480页,"1931年九一八事变一发生,编辑部立即组织人员走访鲁迅、郑伯奇、郯达夫、陈望道等知名作家,并开辟专栏,发表他们的谈话记录,揭穿日本帝国主义的侵略阴谋.",75,43bcdbc907828a53fed3956079714c902835f67224982a5ddedfb2a31623835a,363704,363779,D:\1大创\左联知识库项目\data\processed\runtime_sources\左联词典.txt,A=鲁迅;B=陈望道,组织,no,no,inferred,no,pending_cross_validation
REL-00109,ZLH-001,鲁迅,ZLH-139,陈望道,通信,low,medium,no,inferred,左联词典,zuolian_cidian,480,左联词典 第480页,"1931年九一八事变一发生,编辑部立即组织人员走访鲁迅、郑伯奇、郯达夫、陈望道等知名作家,并开辟专栏,发表他们的谈话记录,揭穿日本帝国主义的侵略阴谋.",75,43bcdbc907828a53fed3956079714c902835f67224982a5ddedfb2a31623835a,363704,363779,D:\1大创\左联知识库项目\data\processed\runtime_sources\左联词典.txt,A=鲁迅;B=陈望道,组织,no,no,supported,yes,pending_cross_validation
REL-00110,ZLH-001,鲁迅,ZLH-141,高尔基,交游,low,medium,no,inferred,左联词典,zuolian_cidian,114,左联词典 第114页,此外还组织了曹禹剧作《雷雨》的初演和悼念高尔基、鲁迅逝世等活动。,32,78eddde3ad56bd3cf2fe856586363d6f22c35f9b174e1c38fb53a6a3329a0eaf,47508,47540,D:\1大创\左联知识库项目\data\processed\runtime_sources\左联词典.txt,A=鲁迅;B=高尔基,组织,no,no,supported,yes,pending_cross_validation
REL-00111,ZLH-001,鲁迅,ZLH-142,法捷耶夫,交游,low,medium,no,inferred,左联史,zuolian_shi,38,左联史 第38页,"托尔斯泰、高尔基(当时译为戈理基)、法捷耶夫(最初译为法兑耶夫)、弗理契、库兹涅佐夫等俄苏作家及其作品,此后几期又介绍了卢那卡尔斯基、革拉特珂夫、雅各武莱夫、里亚什珂(鲁迅译为N.",90,e6b12306018d23c885197060b71432909b53aaeb9fbc7947f7388f9546eabf1b,47818,47908,D:\1大创\左联知识库项目\data\processed\runtime_sources\左联史.txt,A=鲁迅;B=法捷耶夫,介绍,no,no,supported,yes,pending_cross_validation
REL-00113,ZLH-001,鲁迅,ZLH-144,巴比塞,交游,medium,medium,no,inferred,左联史,zuolian_shi,438,左联史 第438页,"当时吻说国际反战组织要派法国作家巴比塞率代表团来上海出席大会,左联领导层讨论后议决,若是巴比塞等名作家来,则请鲁迅出面欢迎,鲁迅也表同意(但后来巴比塞没有来)。",80,bfecab398e653191f56d66f98d45a64ee9ec3fea6923e9550aadea6fcbc9d117,668848,668928,D:\1大创\左联知识库项目\data\processed\runtime_sources\左联史.txt,A=鲁迅;B=巴比塞,组织,no,no,supported,yes,pending_cross_validation
REL-00114,ZLH-001,鲁迅,ZLH-145,萧伯纳,交游,low,medium,no,inferred,左联史,zuolian_shi,193,左联史 第193页,"鲁迅很希望这本书尽快出版,一方面可以让读者更了解萧伯纳,留下一份难得的文坛史料,另一方面也可得些稿费、编辑费,稍解秋白的燃眉之急。",65,cefb2ebeea57d81f56551136cb11b364447993344830e0eff4da87b8e9ecb12c,288845,288910,D:\1大创\左联知识库项目\data\processed\runtime_sources\左联史.txt,A=鲁迅;B=萧伯纳,编辑,no,no,supported,yes,pending_cross_validation
REL-00115,ZLH-001,鲁迅,ZLH-147,辛克莱,亲属关系,high,medium,no,pending_review,左联史,zuolian_shi,509,左联史 第509页,"1932年回国,来到上海,正式加人中国左翼作家联盟,为左联文艺大众化委员会成员,他和何谷天(周文)一同从事将外国文学名著改写成“大众本“的工作,当时,何谷天改写鲁迅、曹靖华译的苏联小说《毁灭》、《铁流》,尹庚改写易坎人(郭沫若〉译的美国辛克莱小说《石炭王》、《屠场》,何谷天的两种“大众本“出版了,之庚改写的两种却被禁止出版,只得将它们拿到工人读书会去,作为他们的阅读参考。",187,d89652dc6e621581092d9d6d93d4bebc1f766900314c94badfe6c0e8cc3fd717,792376,792563,D:\1大创\左联知识库项目\data\processed\runtime_sources\左联史.txt,A=鲁迅;B=辛克莱,一同,no,no,pending_review,no,pending_cross_validation
REL-00117,ZLH-001,鲁迅,ZLH-150,萧三,交游,low,medium,no,inferred,左联词典,zuolian_cidian,321,左联词典 第321页,"萧三在苏联期间,与鲁迅经常通信,结下了深厚友谊.",24,644497d3aeb9bb6cb163ced5c3daf75febf9e3da5092a929b87778195b8f8d9b,228597,228621,D:\1大创\左联知识库项目\data\processed\runtime_sources\左联词典.txt,A=鲁迅;B=萧三,通信,no,no,supported,yes,pending_cross_validation
REL-00118,ZLH-002,茅盾,ZLH-003,瞿秋白,签名联署,low,medium,no,inferred,左联词典,zuolian_cidian,554,左联词典 第554页,"左联“的积极的领导“,《文学导报的“编辑工作是编委会同志集体进行的“,鲁迅、茅盾紧自参加编辑会议,瞿秋白也为刊物看稿.",59,1e9f8657580afa08d3b128e3de6fe8faa3e5a3209daab6be6b7185606d296bbb,426104,426163,D:\1大创\左联知识库项目\data\processed\runtime_sources\左联词典.txt,A=茅盾;B=瞿秋白,参加,no,no,supported,yes,pending_cross_validation
REL-00119,ZLH-002,茅盾,ZLH-004,夏衍,纪念/悼念,high,medium,no,pending_review,左联史,zuolian_shi,373,左联史 第373页,"有一晚,由黄子布陪伴,茅盾也莅临影棚看望演员。",23,3b7ce09de3c5fa183b4c21afa9322cbfe75f4d35156ba939863d196ef4ab43ac,562995,563018,D:\1大创\左联知识库项目\data\processed\runtime_sources\左联史.txt,A=茅盾;B=黄子布,看望,no,no,pending_review,no,pending_cross_validation
REL-00120,ZLH-002,茅盾,ZLH-005,冯雪峰,同属组织,critical,low,no,pending_review,左联词典,zuolian_cidian,132,左联词典 第132页,"贺词由鲁迅、茅盾、丁玲、曹靖华、洛扬(汞雪峰)、奕如(夏衍),适夷联名签署.",38,b75ddb557750af72b6b6d81e3b7328651334dc85d3fd8fa2dbd5f123788140bd,60999,61037,D:\1大创\左联知识库项目\data\processed\runtime_sources\左联词典.txt,A=茅盾;B=洛扬,联名,no,no,pending_review,no,pending_cross_validation
REL-00121,ZLH-002,茅盾,ZLH-006,潘汉年,同属组织,critical,low,no,pending_review,左联史,zuolian_shi,429,左联史 第429页,"一、领导人这里仅指上海中国左翼作家联盟的领导人,包括党派来筹备组织左联的潘汉年和实际领导我国30年代左翼文学运动的鲁迅、茅盾、瞿秋白。",67,36100eb23024164d204343d8ba85255f43168da3fa6c96d5fb809c60ad835401,653662,653729,D:\1大创\左联知识库项目\data\processed\runtime_sources\左联史.txt,A=茅盾;B=潘汉年,组织,no,no,pending_review,no,pending_cross_validation
REL-00122,ZLH-002,茅盾,ZLH-007,周扬,纪念/悼念,high,medium,no,pending_review,左联史,zuolian_shi,577,左联史 第577页,"4月初,沙汀来找茅盾,说周扬有事要找他面试,于是他和周扬在沙汀家见面。",35,160fd8da5d54844769ea670cf47b19f1d3dea014513825d20aab4e206f736a68,907611,907646,D:\1大创\左联知识库项目\data\processed\runtime_sources\左联史.txt,A=茅盾;B=周扬,见面,no,no,pending_review,no,pending_cross_validation
REL-00123,ZLH-002,茅盾,ZLH-008,田汉,签名联署,low,medium,no,inferred,左联史,zuolian_shi,468,左联史 第468页,"8月18日,报上发表《鲁迅、茅盾、田汉欢迎反战大会国际代表宥言》,宣言谴责“日木和一切帝国主义便略中国,瓜分中国,准备帝国主义战争的种种阴谋“,欢迎各国代表来上海参加远东反帝反战大会。",92,3bd8144e56196dbbd56da6ac37a2a6cdee90e276b4ab8d668970d1160f4f0dda,719987,720079,D:\1大创\左联知识库项目\data\processed\runtime_sources\左联史.txt,A=茅盾;B=田汉,参加,no,no,supported,yes,pending_cross_validation
REL-00124,ZLH-002,茅盾,ZLH-009,郑伯奇,同属组织,critical,low,no,pending_review,左联史,zuolian_shi,161,左联史 第161页,"在这汀讨论中,洛扬(冯雪峰)、起应(周扬)、何大白(郑伯奇)、寒生(阳翰笙)、止敬(茅盾)都发表了各自的见解,值得重视。",60,5986eedefaa8f48634b7423950c8db98421b049384541c5c5ed4d09258000960,234274,234334,D:\1大创\左联知识库项目\data\processed\runtime_sources\左联史.txt,A=茅盾;B=郑伯奇,讨论,no,no,pending_review,no,pending_cross_validation
REL-00125,ZLH-002,茅盾,ZLH-010,洪深,创作合作,low,medium,no,inferred,左联史,zuolian_shi,596,左联史 第596页,签名者:巴_金_王统煌包天笑_沈起予_林语堂_洪深周瘦鹃茅盾陈望道_郭沫若夏丐尊_张天翼伟东华_叶绍钩“郑振铁郑伯奇赵家壁_黎烈文_鲁_迅谢冰心“丰子恺在宜言上签名的这21位作家包括两个口号论战双方及其他各流派的代表作家。,111,7545a05e2aead4e760582f22a1f168d40a4d5a45e9d4371354f7ce72a30a9ce2,938355,938466,D:\1大创\左联知识库项目\data\processed\runtime_sources\左联史.txt,A=茅盾;B=洪深,签名,no,no,supported,yes,pending_cross_validation
REL-00126,ZLH-002,茅盾,ZLH-011,钱杏邨,地下通讯,low,medium,no,inferred,左联史,zuolian_shi,617,左联史 第617页,"时《今代文艺》主编侯枫来向阿英索稿,阿英谈及郭沫若这幅“戏联“,侯枫便要拿去发表,阿英“就将祖同的附语,稍加了一点改动,并写上「戏论鲁迅茅盾联“的题目,“8侯枫便拿去制版,发表在《今代文艺》1卷3期(1936年9月20日)上。",113,aadbe26f3e4f2aa9a2a806562408498929c9b4fed6102d61c2fc41cd6f058506,969034,969147,D:\1大创\左联知识库项目\data\processed\runtime_sources\左联史.txt,A=茅盾;B=阿英,主编,no,no,supported,yes,pending_cross_validation
REL-00127,ZLH-002,茅盾,ZLH-012,蒋光慈,同属组织,critical,low,no,pending_review,左联史,zuolian_shi,465,左联史 第465页,"1934年,他在《国际文学》发表《十五年来的中国革命文学》一文,热情评价鲁迅、郭沫若、茅盾、蒋光慈、丁玲、适夷等左联作家以及《子夜》、《田家冲》等作品,介绍了左联的巩固壮大及在文学战线上取得的一系列重要成就。",104,30eb1c8a2d3cce39ea8297c469d03fbdf53f80208a3013eab78c55b3f34f943a,714594,714698,D:\1大创\左联知识库项目\data\processed\runtime_sources\左联史.txt,A=茅盾;B=蒋光慈,介绍,no,no,pending_review,no,pending_cross_validation
REL-00128,ZLH-002,茅盾,ZLH-013,阳翰笙,纪念/悼念,high,medium,no,pending_review,左联史,zuolian_shi,161,左联史 第161页,"在这汀讨论中,洛扬(冯雪峰)、起应(周扬)、何大白(郑伯奇)、寒生(阳翰笙)、止敬(茅盾)都发表了各自的见解,值得重视。",60,5986eedefaa8f48634b7423950c8db98421b049384541c5c5ed4d09258000960,234274,234334,D:\1大创\左联知识库项目\data\processed\runtime_sources\左联史.txt,A=茅盾;B=阳翰笙,讨论,no,no,pending_review,no,pending_cross_validation
REL-00129,ZLH-002,茅盾,ZLH-014,冯乃超,纪念/悼念,critical,medium,no,pending_review,左联史,zuolian_shi,29,左联史 第29页,"乃超是代表左联来看望他的,并真诚地邀请茅盾加盟。",24,ed8d9dff59dee1b4e941d23f7ff7a544a9e2e25dab4a010da5aa060dbcb29d49,33672,33696,D:\1大创\左联知识库项目\data\processed\runtime_sources\左联史.txt,A=茅盾;B=乃超,看望,no,no,pending_review,no,pending_cross_validation
REL-00130,ZLH-002,茅盾,ZLH-015,郁达夫,创作合作,low,medium,no,inferred,左联词典,zuolian_cidian,328,左联词典 第328页,"2月10日,日本著名左翼作家小林多喜二被特高警察活活拷打致死,左联发表《小林同志事件抗议书,鲁迅发去唁电,郁达夫、茅盾、洪深、鲁迅、田汉、丁玲等九位作家联名发表(为横死之小林遗族募捐启》慰伶小林君家族,表示中国著作界对小林君之敬意。",116,9c66d1d3f7a58751f4fab0c2814787ea0466d4e22c8f920eafe7122ae1111e36,234125,234241,D:\1大创\左联知识库项目\data\processed\runtime_sources\左联词典.txt,A=茅盾;B=郁达夫,联名,no,no,supported,yes,pending_cross_validation
REL-00131,ZLH-002,茅盾,ZLH-016,柔石,交游,low,medium,no,inferred,左联词典,zuolian_cidian,679,左联词典 第679页,"其中《在“左联“的“前哨“》、《意气相投情真谊挚》、《人生知己斯世同怀》、《可怜淑女》《风雨同行》、《“轻伤不下火线“》等篇章,歌颂鲁迅同柔石、瞿秋白、丁玲、应修人、茅盾等左联领导者和左翼文化战士之间的涤厚友谊,也写出了左联的斗争和多方面的活动。",123,a0ba5ff6f48fe79df7c818bf161e9f885221f8eda161f97947aea2b35fc73e42,532444,532567,D:\1大创\左联知识库项目\data\processed\runtime_sources\左联词典.txt,A=茅盾;B=柔石,同行,no,no,supported,yes,pending_cross_validation
REL-00132,ZLH-002,茅盾,ZLH-017,胡也频,交游,low,medium,no,inferred,左联史,zuolian_shi,29,左联史 第29页,"六、茅盾、胡也频和丁玲加人左联茅盾于1928年7月东渡日本,在东京和京都两地避居。",41,9c2d126442ad5f6ce458abac968362b314a6ebaefe3d96dbea0abc77696a4a1c,33121,33162,D:\1大创\左联知识库项目\data\processed\runtime_sources\左联史.txt,A=茅盾;B=胡也频,,no,no,supported,yes,pending_cross_validation
REL-00134,ZLH-002,茅盾,ZLH-019,殷夫,交游,low,medium,no,inferred,左联史,zuolian_shi,43,左联史 第43页,他们在文章中指名道姓攻击谩骂过的作家有鲁迅、茅盾、潘汉年、钱杏郧、殷夫、蒋光慈、田汉、冯乃超、马宁等人。,52,ccecd9967c5fa9db52408cfc9e8be60c20f03b50fa91d8937dac73b320bb61dc,55749,55801,D:\1大创\左联知识库项目\data\processed\runtime_sources\左联史.txt,A=茅盾;B=殷夫,,no,no,supported,yes,pending_cross_validation
REL-00136,ZLH-002,茅盾,ZLH-021,丁玲,纪念/悼念,high,medium,no,pending_review,左联词典,zuolian_cidian,132,左联词典 第132页,"贺词由鲁迅、茅盾、丁玲、曹靖华、洛扬(汞雪峰)、奕如(夏衍),适夷联名签署.",38,b75ddb557750af72b6b6d81e3b7328651334dc85d3fd8fa2dbd5f123788140bd,60999,61037,D:\1大创\左联知识库项目\data\processed\runtime_sources\左联词典.txt,A=茅盾;B=丁玲,联名,no,no,pending_review,no,pending_cross_validation
REL-00137,ZLH-002,茅盾,ZLH-022,张天翼,交游,low,medium,no,inferred,左联史,zuolian_shi,498,左联史 第498页,鲁迅、茅盾曾将张天翼的部分小说介绍给美国作家埃德加.,26,af621085e73b502c71e4e6a52b6ae147c01908fe5dddaa5a0ea5a1a854b75c21,773151,773177,D:\1大创\左联知识库项目\data\processed\runtime_sources\左联史.txt,A=茅盾;B=张天翼,介绍,no,no,supported,yes,pending_cross_validation
REL-00138,ZLH-002,茅盾,ZLH-023,叶紫,同属组织,critical,low,no,pending_review,左联史,zuolian_shi,602,左联史 第602页,“最优秀的左翼作家有(鲁迅)茅盾、叶紫、艾芜、沙汀、周1文、柔石、郭沫若“。,38,2ba5eb3c303e8ad588061609332c5976893506f93d675cd6f0a7a03f2fd92c40,946602,946640,D:\1大创\左联知识库项目\data\processed\runtime_sources\左联史.txt,A=茅盾;B=叶紫,,no,no,pending_review,no,pending_cross_validation
REL-00139,ZLH-002,茅盾,ZLH-024,艾芜,纪念/悼念,high,medium,no,pending_review,左联史,zuolian_shi,624,左联史 第624页,"为了让更多的左翼作家能有机会互相交流文坛信息、探讨创作问题,茅盾和冯雪峰等商议,欧定组织部分青年作家每两周举行一次聚餐会,时间在第二个星期日,故名“月曜会“,由茅盾作东,与会的有张天翰、泉汀、艾芜、王任叔、端木蕻良、陈白尘、蒋牧良等。",117,394541e705cfde75330c754a73c85b95b5fdeffd54653750b4ba24011c467133,980536,980653,D:\1大创\左联知识库项目\data\processed\runtime_sources\左联史.txt,A=茅盾;B=艾芜,组织,no,no,pending_review,no,pending_cross_validation
REL-00140,ZLH-002,茅盾,ZLH-025,沙汀,纪念/悼念,high,medium,no,pending_review,左联史,zuolian_shi,577,左联史 第577页,"4月初,沙汀来找茅盾,说周扬有事要找他面试,于是他和周扬在沙汀家见面。",35,160fd8da5d54844769ea670cf47b19f1d3dea014513825d20aab4e206f736a68,907611,907646,D:\1大创\左联知识库项目\data\processed\runtime_sources\左联史.txt,A=茅盾;B=沙汀,见面,no,no,pending_review,no,pending_cross_validation
REL-00141,ZLH-002,茅盾,ZLH-026,胡风,交游,low,medium,no,inferred,左联词典,zuolian_cidian,437,左联词典 第437页,"胡风的数励帮助下创作的,处女作《崖边》一发表,就得到茅盾的好评,认为“实在写得不坏“(《文学》3卷3号《书刊评述9),后来鲁迅还把它介绍到日本。",72,fb7a7e9acb5518f6ce5cd21e423f29a0511dcdb4efb4f77ad5b4b608c075b3b4,327508,327580,D:\1大创\左联知识库项目\data\processed\runtime_sources\左联词典.txt,A=茅盾;B=胡风,介绍,no,no,supported,yes,pending_cross_validation
REL-00142,ZLH-002,茅盾,ZLH-027,萧军,签名联署,low,medium,no,inferred,左联词典,zuolian_cidian,135,左联词典 第135页,"与舒群、萧军、萧红等交往,并与茅盾通信,还收到他寄赠的新作《子夜》,1934年10月中共青岛地下党组织遭到破坏,他离青峦去北京。",64,7dca6ac00c2c580113e5e7903a86eed24d88b46b4d78978761e114befcbd5e6f,63941,64005,D:\1大创\左联知识库项目\data\processed\runtime_sources\左联词典.txt,A=茅盾;B=萧军,通信,no,no,supported,yes,pending_cross_validation
REL-00143,ZLH-002,茅盾,ZLH-028,萧红,签名联署,low,medium,no,inferred,左联词典,zuolian_cidian,135,左联词典 第135页,"与舒群、萧军、萧红等交往,并与茅盾通信,还收到他寄赠的新作《子夜》,1934年10月中共青岛地下党组织遭到破坏,他离青峦去北京。",64,7dca6ac00c2c580113e5e7903a86eed24d88b46b4d78978761e114befcbd5e6f,63941,64005,D:\1大创\左联知识库项目\data\processed\runtime_sources\左联词典.txt,A=茅盾;B=萧红,通信,no,no,supported,yes,pending_cross_validation
REL-00144,ZLH-002,茅盾,ZLH-029,聂绀弩,同属组织,critical,low,no,pending_review,左联史,zuolian_shi,596,左联史 第596页,"““当周扬先生等人大鸣胜鼓的当儿,却有鲁迅先生茅盾先生,从及后来的吕克玉先生出来给周扬先生以重大的批判,把他们的理论完全推翻了,同时也批判了和纠正了朐风聂绀弩等人的态度。",85,b157a6d22d9a3da5c29bee12a074539dc7ea975cd415a721b3d97ff79ff739f2,939002,939087,D:\1大创\左联知识库项目\data\processed\runtime_sources\左联史.txt,A=茅盾;B=聂绀弩,批判,no,no,pending_review,no,pending_cross_validation
REL-00146,ZLH-002,茅盾,ZLH-031,葛琴,交游,low,medium,no,inferred,左联史,zuolian_shi,504,左联史 第504页,"1934年,当美国作家伊罗生决定编辑出版英译中国现代小说集《草鞋脚》时,请鲁迅、茅盾推荐作品,选目中有葛琴的成名作《总退却》。",63,87e8a5b2ab84f613a22fa1e9bf43608e89f468fbc1fca87eee75919dd93bc08d,784635,784698,D:\1大创\左联知识库项目\data\processed\runtime_sources\左联史.txt,A=茅盾;B=葛琴,推荐,no,no,supported,yes,pending_cross_validation
REL-00147,ZLH-002,茅盾,ZLH-032,徐懋庸,交游,low,medium,no,inferred,左联词典,zuolian_cidian,537,左联词典 第537页,"“这“怎么好说又为各方面所接受“了呢?1“又根据鲁迅《答徐懋庸并关于抗日统一战线问题》和茅盾《谈最近的文坛现象》两文所谈事实,说明“民族十命战争的大「众文学“口叶是鲁迅、茅盾、冯雪峰、朐风等共同提出,而不是胡风一个人提出的,更不是冯雪峰“为了破坏左翼作家的团结“而提出的。",136,d1aa71b7c330c304e07e5ff33d4b1898e1e227973b417f54e8a1570e901ccffb,411834,411970,D:\1大创\左联知识库项目\data\processed\runtime_sources\左联词典.txt,A=茅盾;B=徐懋庸,共同,no,no,supported,yes,pending_cross_validation
REL-00149,ZLH-002,茅盾,ZLH-035,李辉英,待核验,critical,low,no,pending_review,左联史,zuolian_shi,170,左联史 第170页,"“茅盾的批评细致而又严格,是赠送给这位新作家的一帖苦口良药,体现了前辈作家对后进的真诚爱护,后来的事实表明,《万宝山》的作者是努力进取的,他认真总结经验,不断提高思想认识与艺术一李辉英《港版《松花江上〉后记》。",105,13c0d45744183a1d42d78693c9b363205b066e48e759bb3219fc7a12e8bb0d19,250936,251041,D:\1大创\左联知识库项目\data\processed\runtime_sources\左联史.txt,A=茅盾;B=李辉英,赠,no,no,pending_review,no,pending_cross_validation
REL-00150,ZLH-002,茅盾,ZLH-036,穆木天,交游,low,medium,no,inferred,左联词典,zuolian_cidian,480,左联词典 第480页,"封面、装帧仿照上海《文学月报》,撰稿人也多为上海与北平左联盟员,如茅盾、金丁、穆木天、何菲、日晓光(马加)、陈北鸥、徐盘、张永年等。",66,478c51e796f5c9a4909fce0d137c9125e0599669f2b3fb9844decd468fb9ab8f,364157,364223,D:\1大创\左联知识库项目\data\processed\runtime_sources\左联词典.txt,A=茅盾;B=穆木天,撰稿,no,no,supported,yes,pending_cross_validation
REL-00151,ZLH-002,茅盾,ZLH-037,楼适夷,纪念/悼念,high,medium,no,pending_review,左联词典,zuolian_cidian,132,左联词典 第132页,"贺词由鲁迅、茅盾、丁玲、曹靖华、洛扬(汞雪峰)、奕如(夏衍),适夷联名签署.",38,b75ddb557750af72b6b6d81e3b7328651334dc85d3fd8fa2dbd5f123788140bd,60999,61037,D:\1大创\左联知识库项目\data\processed\runtime_sources\左联词典.txt,A=茅盾;B=适夷,联名,no,no,pending_review,no,pending_cross_validation
REL-00152,ZLH-002,茅盾,ZLH-038,陈荒煤,文学论战,low,medium,no,inferred,左联史,zuolian_shi,584,左联史 第584页,"(3)《文学界》“国防文学特辑“1936年8月10日《文学界》第1卷第3号出版了一个大型的“国防文学“特辑,发表论文17篇,其中15篇是原左联成员写的,它们是:荒煤《国防文学是不是创作口号》、征农《我对于国防文学的一点浅见》、艾芜《关于国防文学》、魏金枝《国防文学的任务等等》、罗烽《我对于国防文学的意见》、林娜《国防与国防文学》、舒群《我的意见》、戴平万《对于国防文学的我见》、叶紫《国防文学的随感二则》、沙汀《一点意见》、杨骚《看了两个特辑以后》、梅雨《评两个口号》、茅盾《关于引起纠纷的两个口号》、凡海(欧阳凡海)《国防文学与现实主义》。",272,aac01a0ed7c46805776493376ee255f041a356797321e79e07c9962c112d0d96,918796,919068,D:\1大创\左联知识库项目\data\processed\runtime_sources\左联史.txt,A=茅盾;B=荒煤,,no,yes,supported,yes,pending_cross_validation
REL-00153,ZLH-002,茅盾,ZLH-039,欧阳山,交游,low,medium,no,inferred,左联词典,zuolian_cidian,261,左联词典 第261页,"1934至1935年,美国伊罗生主编英译现代中国短篇小说集《草鞋脚》,鲁迅和茅盾推荐了欧阳山的这篇小说,并在《拟选小说及其作者评介》中介绍了作者。",73,01acb85da58c9c4b3d9352eaf8e6f7efe9fd2507bb1b564b8ba5250e9c69fa89,175348,175421,D:\1大创\左联知识库项目\data\processed\runtime_sources\左联词典.txt,A=茅盾;B=欧阳山,介绍,no,no,supported,yes,pending_cross_validation
REL-00155,ZLH-002,茅盾,ZLH-042,魏金枝,交游,low,medium,no,inferred,左联史,zuolian_shi,431,左联史 第431页,"1934一1935年,另一位美国记者伊罗生也要编译一部现代中国小说选,名为《草鞋脚》,请鲁迅、茅盾推荐作品,他们推荐了一批左翼作家的佳作,如征农《禾场上》、欧阳山《水棚里的清道夫》、草明《倾跌》、张天翼《一件寻常事》、葛琴《总退却》、艾芜《咆哮的许家屯》、东平《通讯员》、沙汀《老人》、丁九(应修人)《金宝塔银宝塔》、适夷《死》、何谷天《雪地》、魏金枝《制服》、茅盾《大泽乡》、丁玲《莎菲女士的日记》和《水》等。",206,7e0e0e073542393c83d8bfab925e55864ef687ea04814aa8627a51a9fe12baa1,656372,656578,D:\1大创\左联知识库项目\data\processed\runtime_sources\左联史.txt,A=茅盾;B=魏金枝,推荐,no,no,supported,yes,pending_cross_validation
REL-00156,ZLH-002,茅盾,ZLH-043,端木蕻良,师生关系,high,medium,no,pending_review,左联词典,zuolian_cidian,500,左联词典 第500页,"第3号登载了《茅盾被捕1?)的消息,鲁迅曾致函该刊编者竭木蕻良辟沥。",34,f53f319421c9f313a36b02b654e2eded5587572cad365b6cc23e56367b03bfd4,381597,381631,D:\1大创\左联知识库项目\data\processed\runtime_sources\左联词典.txt,A=茅盾;B=蕻良,致函,no,no,pending_review,no,pending_cross_validation
REL-00157,ZLH-002,茅盾,ZLH-045,周立波,交游,low,medium,no,inferred,左联史,zuolian_shi,270,左联史 第270页,"“勃生还问道:““世界文库「为什么不替读者的便利上想一想作为丛书出版呢?像《堂吉识德》那样的大著作,弄成碎片(分期发表)塞进读者的脑里去不但是无益,而东有害的“对于这些指责与批判,立波和茅盾出来辩护了。",101,41f470169cf9953d9ade37769b5fcbe1a04907bb6ba53d05251322510915f8d1,404902,405003,D:\1大创\左联知识库项目\data\processed\runtime_sources\左联史.txt,A=茅盾;B=立波,批判,no,no,supported,yes,pending_cross_validation
REL-00160,ZLH-002,茅盾,ZLH-048,王任叔,合作,critical,medium,no,pending_review,左联史,zuolian_shi,624,左联史 第624页,"为了让更多的左翼作家能有机会互相交流文坛信息、探讨创作问题,茅盾和冯雪峰等商议,欧定组织部分青年作家每两周举行一次聚餐会,时间在第二个星期日,故名“月曜会“,由茅盾作东,与会的有张天翰、泉汀、艾芜、王任叔、端木蕻良、陈白尘、蒋牧良等。",117,394541e705cfde75330c754a73c85b95b5fdeffd54653750b4ba24011c467133,980536,980653,D:\1大创\左联知识库项目\data\processed\runtime_sources\左联史.txt,A=茅盾;B=王任叔,组织,no,no,pending_review,no,pending_cross_validation
REL-00162,ZLH-002,茅盾,ZLH-053,黄源,签名联署,low,medium,no,inferred,左联史,zuolian_shi,716,左联史 第716页,"鲁迅编的前三期鲁迅欧定亲自编辑前三期,以作示范;茅盾介绍《文学》杂志社的黄源来作编辑,路鲁迅先生学习。",51,91db89854fb62cc505d6ee0dfefd0ba0b07298e7716baa1f8f4d32fcaf696703,1114799,1114850,D:\1大创\左联知识库项目\data\processed\runtime_sources\左联史.txt,A=茅盾;B=黄源,介绍,no,no,supported,yes,pending_cross_validation
REL-00163,ZLH-002,茅盾,ZLH-054,许幸之,待核验,critical,low,yes,pending_review,左联史,zuolian_shi,296,左联史 第296页,"《小品文和漫画》全书收57位作家的38篇文章(鲁迅两篇,其余每人1篇),其中左联作家的作品是:鲁迅《漫谈漫画》、《漫画而又漫画》,茅盾《小品文和气运》,许幸之《漫画与多弥哀,冶鹤《漫画与卡通影片》,郁达夫《小品文杂感》,佛朗(祝秀侠)《对“小品文“的意见》,王任叔《小品文的前途》,李辉英《“写点小品文罢“》,何谷天(周文)《小品文对于我》,徐懋庸《大处人手》,洪深《混》,沈起予《“小品“的小品》,聂绀弩《我对于小品文的意见》,胡风《略谈“小品文“与“漕画“》,王淑明《我们需要怎样的小品文》,孙席珍《关于小品文和漫画》,叶綦《我们需要小品文和漫画》,郑伯奇《小品文问答》,大家对小品文和漫画一一尤其是对小品文发表了许多精辟的见解:茅盾说:“我不相信“小品文“应该以自我中心,个人笔调,性灵,闲适为主。",352,103559ce8cec8769d14167f9c5e5de211f3af6a1aa21ef7b81bf4e3ade8e54ef,443874,444226,D:\1大创\左联知识库项目\data\processed\runtime_sources\左联史.txt,A=茅盾;B=许幸之,,no,no,pending_review,no,pending_cross_validation
REL-00164,ZLH-002,茅盾,ZLH-058,郭沫若,文学论战,low,medium,no,inferred,左联史,zuolian_shi,465,左联史 第465页,"1934年,他在《国际文学》发表《十五年来的中国革命文学》一文,热情评价鲁迅、郭沫若、茅盾、蒋光慈、丁玲、适夷等左联作家以及《子夜》、《田家冲》等作品,介绍了左联的巩固壮大及在文学战线上取得的一系列重要成就。",104,30eb1c8a2d3cce39ea8297c469d03fbdf53f80208a3013eab78c55b3f34f943a,714594,714698,D:\1大创\左联知识库项目\data\processed\runtime_sources\左联史.txt,A=茅盾;B=郭沫若,介绍,no,no,supported,yes,pending_cross_validation
REL-00165,ZLH-002,茅盾,ZLH-059,白薇,合作,critical,medium,no,pending_review,左联史,zuolian_shi,465,左联史 第465页,"萧三在苏联期间经常给鲁迅写信报告国际革命作家联盟情况,寄赠《国际文学)、《太平洋灯塔》、《萧三的诗》等书刊,鲁迅也将茅盾、周起应(周扬)、沈端先(夏衍)、张天翼、郑伯奇、周文、沙汀、白薇等左翼作家的作品寄给萧三。",106,8c99ec852386f446851d6dd8143a3dfdc157df6633ef6f3ddf2312cc42c83e8a,714747,714853,D:\1大创\左联知识库项目\data\processed\runtime_sources\左联史.txt,A=茅盾;B=白薇,写信,no,no,pending_review,no,pending_cross_validation
REL-00168,ZLH-002,茅盾,ZLH-063,任白戈,签名联署,low,medium,no,inferred,左联史,zuolian_shi,670,左联史 第670页,"左联作家对其他马克思主义文艺问题的见解左联作家们对马克思主义文艺理论十分重视、努力学习,儿位老作家且颇有心得,把马克思列宁主义的立场、观点方法融汇在自己的论著中,如鲁迅《(艺术论〉译本序》《关于小说题材的通信》,秋白《〈鲁迅杂感选集〉序言》,茅盾《中国苏维埃革命与普罗文学之建设》等;青年作家们则善于联系中国左翼文学运动的实际,发表文章,闸述自己的见解,提供给更多的朋友参考,如王任叔《现实主义者的路》,任白戈《世界观与创作方法》,辛人《艺术的本质和特质》,周立波《文学中的典型人物》《文艺的特性》《文学的永久性》《艺术的幻想》,王淑明《文艺作品与真实》《关于题材类似的问@〇原作朱伊土。",294,242ae9a04ee61807ea3a7cfadfe48e989870352510f7a18d165ac7179bd95dcd,1045233,1045527,D:\1大创\左联知识库项目\data\processed\runtime_sources\左联史.txt,A=茅盾;B=任白戈,通信,no,no,supported,yes,pending_cross_validation
REL-00172,ZLH-002,茅盾,ZLH-071,李霁野,待核验,critical,low,no,pending_review,左联史,zuolian_shi,620,左联史 第620页,"布莱德尔作,克夫译)、端木蕻良的短篇《轭下》、鲁迅《病中通信》9封、艾青的诗《春与生命》,散文有曹白《歼音》和李霁野《一夕谈》,还有茅盾对周文两部长篇小说《烟苗季》《在白森镇》的评论和冬青对艾思奇哲学著作的评论《关于“思想方法“》,杂文栏名为“无花的蓝薇“刊出茅盾《读报有感》、朐风《由“人性“到“互利“》和《万乐声中一点哀》、萧军《刑》、须旅《苍蝇的故事》、惕生《“文人相重“》等。",192,ee04e3a27e6fd1a97b593bb8c9cc29d85d2d94bc61ccf9d28eee37bb72a92a5a,974424,974616,D:\1大创\左联知识库项目\data\processed\runtime_sources\左联史.txt,A=茅盾;B=李霁野,通信,no,no,pending_review,no,pending_cross_validation
REL-00175,ZLH-002,茅盾,ZLH-076,马宁,纪念/悼念,high,medium,no,pending_review,左联史,zuolian_shi,43,左联史 第43页,他们在文章中指名道姓攻击谩骂过的作家有鲁迅、茅盾、潘汉年、钱杏郧、殷夫、蒋光慈、田汉、冯乃超、马宁等人。,52,ccecd9967c5fa9db52408cfc9e8be60c20f03b50fa91d8937dac73b320bb61dc,55749,55801,D:\1大创\左联知识库项目\data\processed\runtime_sources\左联史.txt,A=茅盾;B=马宁,,no,no,pending_review,no,pending_cross_validation
REL-00177,ZLH-002,茅盾,ZLH-080,陈企霞,同属组织,critical,low,no,pending_review,左联词典,zuolian_cidian,457,左联词典 第457页,"收鲁迅1933年8月1日和茅盾8月4日致家骏(魏猛克)、企霞(陈企霞)两封谈连环图面的信,信前有编者的话,说明“儿位学艺术的青年“团热心推厂连环图画,得到“最关心“逊环图画“的鲁迅和茅盾两位先生“给予的“正确的指导“。",109,0ea0dcc3e4156ad81e9e6abc0029b237429136a959bd1e9a855ce922aeba08bb,344155,344264,D:\1大创\左联知识库项目\data\processed\runtime_sources\左联词典.txt,A=茅盾;B=陈企霞,,no,no,pending_review,no,pending_cross_validation
REL-00178,ZLH-002,茅盾,ZLH-081,陈白尘,待核验,critical,low,yes,pending_review,左联史,zuolian_shi,624,左联史 第624页,"为了让更多的左翼作家能有机会互相交流文坛信息、探讨创作问题,茅盾和冯雪峰等商议,欧定组织部分青年作家每两周举行一次聚餐会,时间在第二个星期日,故名“月曜会“,由茅盾作东,与会的有张天翰、泉汀、艾芜、王任叔、端木蕻良、陈白尘、蒋牧良等。",117,394541e705cfde75330c754a73c85b95b5fdeffd54653750b4ba24011c467133,980536,980653,D:\1大创\左联知识库项目\data\processed\runtime_sources\左联史.txt,A=茅盾;B=陈白尘,组织,no,no,pending_review,no,pending_cross_validation
REL-00185,ZLH-002,茅盾,ZLH-096,王统照,亲属关系,high,medium,no,pending_review,左联史,zuolian_shi,69,左联史 第69页,"青岛左联主要活动有:组织读书会,鼓励、引导盟员学习马列主义;坊《青岛民报》创办《艺标、《汽笛》、《钟声》、《文刊》等剔刊,鼓励文学创作;学习时事政治,开展过声援福建人民政府、纪念广州起义等活动;组织盟员学习讨论茅盾的〈子夜〉、王统照的《山雨》等文学名著9《青岛民报》馆、《青岛晨报》馆是左联成员们活动的重要场所。",156,69eff33a80263d9558bb0b0f045c385c29f761f4059358580a0f4ef15efb87f2,96916,97072,D:\1大创\左联知识库项目\data\processed\runtime_sources\左联史.txt,A=茅盾;B=王统照,组织,no,no,pending_review,no,pending_cross_validation
REL-00186,ZLH-002,茅盾,ZLH-097,王西彦,同属组织,critical,low,no,pending_review,左联词典,zuolian_cidian,520,左联词典 第520页,“部份盟员“左联“时期活动篓介“介绍了丁玲、于伶、马宁、王西彦、王志之、王蕹嘉、方殷、艾芜、叶紫、田汉、田间、白曙、冯乃超、冯雪峰、冯锂、任白戈、任钧、阳翰笙、孙席珍、李伟森、吴奚如、应修人、沙汀、沈起子、张天翼、张松如、阿英、陈沂、林焕平、茅盾、郁达夫等31位盟员作家在左联时期的活动。,144,1c54b7552e43a916ff2acc15b4d28af1b87a832afae6bd45b668809cf99f7340,397549,397693,D:\1大创\左联知识库项目\data\processed\runtime_sources\左联词典.txt,A=茅盾;B=王西彦,介绍,yes,no,pending_review,no,pending_cross_validation
REL-00187,ZLH-002,茅盾,ZLH-098,沈从文,亲属关系,high,medium,no,pending_review,左联词典,zuolian_cidian,557,左联词典 第557页,"全书分两部分:第一部分是《鲁迅生平》和《药》、《一件小事》、《孔乙已》、《祝福》、《风筝)《论“他妈的“!1)、《离婚》等鲁迅作品7篇;第二部分是其他中国作家的小说17篇:《为奴隶的母亲》(柔石)、《自杀》(茅盾)、《拗汊》(茅盾)、《水》(丁玲)、《消息》(丁玲)、《狗》(巴金)、《柏子》(沈从文)、《阿娥》(孙席珍)、《在“大连号“轮船上》(田军)、《第三支枪》(田军)、《狗肉将军》(林语堂)、《皈依》(萧乾)、《紫藤与茵葡》(郁达夫)、《移行》(张天翼)、《十字架》(郭沫若)、《一部遗失了的日记片断》(失名)、《法律外的航线(沙汀)书后有附录两种,《现代中国文学运动》(尼姆,威尔士)和参考书目。",304,61010ef89ba6b2d0ea6003b4e257b22656db069d7ab697e4b0e74d4c3f643459,428626,428930,D:\1大创\左联知识库项目\data\processed\runtime_sources\左联词典.txt,A=茅盾;B=沈从文,,no,no,pending_review,no,pending_cross_validation
REL-00189,ZLH-002,茅盾,ZLH-100,姚蓬子,合作,critical,medium,no,pending_review,左联史,zuolian_shi,143,左联史 第143页,"在这里发表的重要作品有鲁迅的名文《我们不再受骗了》,陈笑峰(瞿秋白)的系列杂文《笑峰酯弹》,丁玲的中篇《水》,葛植的《总退却》,李辉英的《最后一课》,张天翼的《大林和小林》,姚蓬子的《一幅剪影》、《一侍女》,沈起予的《虚脚楼》,何典(茅盾〉的《喜剧》,耶林的《村中》,文君(杨之华)的《豆腐阿姐》,慧中(彭慧)的《米》等小说;适夷的剧本《S.",171,ec534df916fa7c1d763d4b3a6a18d016e9c712e200c2c4fa5c7607dc1f75d3ba,209255,209426,D:\1大创\左联知识库项目\data\processed\runtime_sources\左联史.txt,A=茅盾;B=姚蓬子,,no,no,pending_review,no,pending_cross_validation
REL-00191,ZLH-002,茅盾,ZLH-105,沈起予,交游,low,medium,no,inferred,左联史,zuolian_shi,596,左联史 第596页,签名者:巴_金_王统煌包天笑_沈起予_林语堂_洪深周瘦鹃茅盾陈望道_郭沫若夏丐尊_张天翼伟东华_叶绍钩“郑振铁郑伯奇赵家壁_黎烈文_鲁_迅谢冰心“丰子恺在宜言上签名的这21位作家包括两个口号论战双方及其他各流派的代表作家。,111,7545a05e2aead4e760582f22a1f168d40a4d5a45e9d4371354f7ce72a30a9ce2,938355,938466,D:\1大创\左联知识库项目\data\processed\runtime_sources\左联史.txt,A=茅盾;B=沈起予,签名,no,no,supported,yes,pending_cross_validation
REL-00195,ZLH-002,茅盾,ZLH-116,孙席珍,交游,low,medium,no,inferred,左联词典,zuolian_cidian,557,左联词典 第557页,"全书分两部分:第一部分是《鲁迅生平》和《药》、《一件小事》、《孔乙已》、《祝福》、《风筝)《论“他妈的“!1)、《离婚》等鲁迅作品7篇;第二部分是其他中国作家的小说17篇:《为奴隶的母亲》(柔石)、《自杀》(茅盾)、《拗汊》(茅盾)、《水》(丁玲)、《消息》(丁玲)、《狗》(巴金)、《柏子》(沈从文)、《阿娥》(孙席珍)、《在“大连号“轮船上》(田军)、《第三支枪》(田军)、《狗肉将军》(林语堂)、《皈依》(萧乾)、《紫藤与茵葡》(郁达夫)、《移行》(张天翼)、《十字架》(郭沫若)、《一部遗失了的日记片断》(失名)、《法律外的航线(沙汀)书后有附录两种,《现代中国文学运动》(尼姆,威尔士)和参考书目。",304,61010ef89ba6b2d0ea6003b4e257b22656db069d7ab697e4b0e74d4c3f643459,428626,428930,D:\1大创\左联知识库项目\data\processed\runtime_sources\左联词典.txt,A=茅盾;B=孙席珍,,no,no,supported,yes,pending_cross_validation
REL-00198,ZLH-002,茅盾,ZLH-120,夏征农,纪念/悼念,critical,medium,no,pending_review,左联史,zuolian_shi,431,左联史 第431页,"1934一1935年,另一位美国记者伊罗生也要编译一部现代中国小说选,名为《草鞋脚》,请鲁迅、茅盾推荐作品,他们推荐了一批左翼作家的佳作,如征农《禾场上》、欧阳山《水棚里的清道夫》、草明《倾跌》、张天翼《一件寻常事》、葛琴《总退却》、艾芜《咆哮的许家屯》、东平《通讯员》、沙汀《老人》、丁九(应修人)《金宝塔银宝塔》、适夷《死》、何谷天《雪地》、魏金枝《制服》、茅盾《大泽乡》、丁玲《莎菲女士的日记》和《水》等。",206,7e0e0e073542393c83d8bfab925e55864ef687ea04814aa8627a51a9fe12baa1,656372,656578,D:\1大创\左联知识库项目\data\processed\runtime_sources\左联史.txt,A=茅盾;B=征农,推荐,no,no,pending_review,no,pending_cross_validation
REL-00200,ZLH-002,茅盾,ZLH-122,许广平,交游,low,medium,no,inferred,左联史,zuolian_shi,439,左联史 第439页,"史沫特荼、茅盾、冯雪峰和许广平商量后,决定不征求鲁迅本人意见,由史沫特莱去请上海最好的肺科专家、美国的邓恩医生来为鲁迅作一次彻底的检查,为防止遭到拒绝,推派冯雪峰去做说服工作,最后,鲁迅终于同意接受邓恩医生的检查治疗。",109,b19c5d064707b6057f8ae2dcad1e4fc3639c45df15d0ff588f0e7653ec897c63,669753,669862,D:\1大创\左联知识库项目\data\processed\runtime_sources\左联史.txt,A=茅盾;B=许广平,,no,no,supported,yes,pending_cross_validation
REL-00201,ZLH-002,茅盾,ZLH-123,邹韬奋,创作合作,low,medium,no,inferred,左联史,zuolian_shi,340,左联史 第340页,"似乎是想到了这一点,1936年4月下旬,上海生活书店主持人邹韬奋找作家茅盾谈话,希望茅盾担任主编,编一本大型文集《中国的一日》。",64,751e2ca8051553c7b4bb783b5ea039c99078899f3b15cf0d34bc73069bf184bc,512449,512513,D:\1大创\左联知识库项目\data\processed\runtime_sources\左联史.txt,A=茅盾;B=邹韬奋,主编,no,no,supported,yes,pending_cross_validation
REL-00202,ZLH-002,茅盾,ZLH-127,曹靖华,交游,low,medium,no,inferred,左联词典,zuolian_cidian,132,左联词典 第132页,"贺词由鲁迅、茅盾、丁玲、曹靖华、洛扬(汞雪峰)、奕如(夏衍),适夷联名签署.",38,b75ddb557750af72b6b6d81e3b7328651334dc85d3fd8fa2dbd5f123788140bd,60999,61037,D:\1大创\左联知识库项目\data\processed\runtime_sources\左联词典.txt,A=茅盾;B=曹靖华,联名,no,no,supported,yes,pending_cross_validation
REL-00203,ZLH-002,茅盾,ZLH-128,林语堂,创作合作,low,medium,no,inferred,左联史,zuolian_shi,596,左联史 第596页,签名者:巴_金_王统煌包天笑_沈起予_林语堂_洪深周瘦鹃茅盾陈望道_郭沫若夏丐尊_张天翼伟东华_叶绍钩“郑振铁郑伯奇赵家壁_黎烈文_鲁_迅谢冰心“丰子恺在宜言上签名的这21位作家包括两个口号论战双方及其他各流派的代表作家。,111,7545a05e2aead4e760582f22a1f168d40a4d5a45e9d4371354f7ce72a30a9ce2,938355,938466,D:\1大创\左联知识库项目\data\processed\runtime_sources\左联史.txt,A=茅盾;B=林语堂,签名,no,no,supported,yes,pending_cross_validation
REL-00204,ZLH-002,茅盾,ZLH-129,胡愈之,创作合作,low,medium,no,inferred,左联史,zuolian_shi,606,左联史 第606页,"史沫特莱、沈钧儒、茅盾、萧参共9人,后增加曹靖华、许寿裳、胡愈之、胡风、周作人和周建人共15人。",48,df6e0260135c55864486a14f591b5e88f146827687e83b79ad46e763305fe4da,952800,952848,D:\1大创\左联知识库项目\data\processed\runtime_sources\左联史.txt,A=茅盾;B=胡愈之,,no,no,supported,yes,pending_cross_validation
REL-00211,ZLH-002,茅盾,ZLH-137,蔡元培,创作合作,low,medium,no,inferred,左联史,zuolian_shi,340,左联史 第340页,并由茅盾出面请蔡元培先生写一篇序言。,18,4fd6f81a88a952c9cbf69742ff259dc2a273d3f0fcc58828d9b6ad5e176402a2,512888,512906,D:\1大创\左联知识库项目\data\processed\runtime_sources\左联史.txt,A=茅盾;B=蔡元培,,no,no,supported,yes,pending_cross_validation
REL-00213,ZLH-002,茅盾,ZLH-139,陈望道,创作合作,low,medium,no,inferred,左联史,zuolian_shi,596,左联史 第596页,签名者:巴_金_王统煌包天笑_沈起予_林语堂_洪深周瘦鹃茅盾陈望道_郭沫若夏丐尊_张天翼伟东华_叶绍钩“郑振铁郑伯奇赵家壁_黎烈文_鲁_迅谢冰心“丰子恺在宜言上签名的这21位作家包括两个口号论战双方及其他各流派的代表作家。,111,7545a05e2aead4e760582f22a1f168d40a4d5a45e9d4371354f7ce72a30a9ce2,938355,938466,D:\1大创\左联知识库项目\data\processed\runtime_sources\左联史.txt,A=茅盾;B=陈望道,签名,no,no,supported,yes,pending_cross_validation
REL-00214,ZLH-002,茅盾,ZLH-141,高尔基,交游,low,medium,no,inferred,左联词典,zuolian_cidian,236,左联词典 第236页,"1936年冬到上海,更名贺志远,却劣迹b135不改,茅盾写杂文《文学导报与生意经》,雪苇写杂文《污秽进行曲)对他进行揭露批判,在报刊上发表翻译高尔基作品多篇。",79,55eaf997e3c8fa81682ecc89c27c2b3c345d5604d56acba1675dd2ad9f2aecc4,153063,153142,D:\1大创\左联知识库项目\data\processed\runtime_sources\左联词典.txt,A=茅盾;B=高尔基,批判,no,no,supported,yes,pending_cross_validation
REL-00218,ZLH-002,茅盾,ZLH-145,萧伯纳,待核验,high,low,yes,pending_review,左联史,zuolian_shi,192,左联史 第192页,"自由谈》先后刊出郁达夫的文章《萧伯纳与高尔斯华绿》和茅盾的文章《萧伯纳来游中国》(署名玄),引起进步文艺界的关注。",57,d7e4bf9d1b884ebb2beee5cfe08aba985d5a1c88fe569de5c14004c0342efaab,287480,287537,D:\1大创\左联知识库项目\data\processed\runtime_sources\左联史.txt,A=茅盾;B=萧伯纳,,no,no,pending_review,no,pending_cross_validation
REL-00219,ZLH-002,茅盾,ZLH-147,辛克莱,待核验,high,low,yes,pending_review,左联词典,zuolian_cidian,628,左联词典 第628页,"叙述故事梗概,谈论书中提出的问题,指出茅盾的《子夜》,、《虹》、《蚀》和辛克莱的《石炭王3《煤泊》《屠场》表现手法的不同,对茅盾是“中国的辛克莱“这一称呼表示异议.",82,72820c35c68178a25a466b78d87dc8ce6a87d7c1847d96b0ef16eaedc485c222,489425,489507,D:\1大创\左联知识库项目\data\processed\runtime_sources\左联词典.txt,A=茅盾;B=辛克莱,,no,no,pending_review,no,pending_cross_validation
REL-00221,ZLH-002,茅盾,ZLH-150,萧三,纪念/悼念,high,medium,no,pending_review,左联词典,zuolian_cidian,624,左联词典 第624页,回忆茅盾参加左联、对左联的领导和萧三在苏联介绍茅盾文学活动等情况。,33,132e786ee8eb1cb31189dddaa4ff9554fcd4446dcb3ae42308061c3933d60075,486031,486064,D:\1大创\左联知识库项目\data\processed\runtime_sources\左联词典.txt,A=茅盾;B=萧三,介绍,no,no,pending_review,no,pending_cross_validation
REL-00222,ZLH-003,瞿秋白,ZLH-004,夏衍,通信,critical,medium,no,pending_review,左联史,zuolian_shi,135,左联史 第135页,"“9在瞿秋白的领导下,左联的同志们又迅速组织起来,1933年正式成立党的电影小组,组长沈端先(夏衍),成员钱杏郭(阿英)、石啧鹤、王尘无、司徒慧敏。",74,9af4c0ef1873e27b8a6a067a33567713f2fdc2022c1e0c8f4a4456d7f1631ee1,196938,197012,D:\1大创\左联知识库项目\data\processed\runtime_sources\左联史.txt,A=瞿秋白;B=夏衍,组织,no,no,pending_review,no,pending_cross_validation
REL-00223,ZLH-003,瞿秋白,ZLH-005,冯雪峰,合作,critical,medium,no,pending_review,左联史,zuolian_shi,146,左联史 第146页,"这天冯雪峰正要去瞿秋白家,见面以后,雪峰就谈起芸生的诗以及同周起应谈话的情况。",39,1028b1e6f48ed08e5f427197656fce9ab72a967eac5a7849f9ce518da5b90043,215205,215244,D:\1大创\左联知识库项目\data\processed\runtime_sources\左联史.txt,A=瞿秋白;B=冯雪峰,见面,no,no,pending_review,no,pending_cross_validation
REL-00224,ZLH-003,瞿秋白,ZLH-006,潘汉年,通信,critical,medium,no,pending_review,左联史,zuolian_shi,429,左联史 第429页,"一、领导人这里仅指上海中国左翼作家联盟的领导人,包括党派来筹备组织左联的潘汉年和实际领导我国30年代左翼文学运动的鲁迅、茅盾、瞿秋白。",67,36100eb23024164d204343d8ba85255f43168da3fa6c96d5fb809c60ad835401,653662,653729,D:\1大创\左联知识库项目\data\processed\runtime_sources\左联史.txt,A=瞿秋白;B=潘汉年,组织,no,no,pending_review,no,pending_cross_validation
REL-00225,ZLH-003,瞿秋白,ZLH-007,周扬,签名联署,low,medium,no,inferred,左联史,zuolian_shi,146,左联史 第146页,"这天冯雪峰正要去瞿秋白家,见面以后,雪峰就谈起芸生的诗以及同周起应谈话的情况。",39,1028b1e6f48ed08e5f427197656fce9ab72a967eac5a7849f9ce518da5b90043,215205,215244,D:\1大创\左联知识库项目\data\processed\runtime_sources\左联史.txt,A=瞿秋白;B=周起应,见面,no,no,supported,yes,pending_cross_validation
REL-00226,ZLH-003,瞿秋白,ZLH-008,田汉,同属组织,critical,low,no,pending_review,左联词典,zuolian_cidian,193,左联词典 第193页,"1932年春和田汉、丁玲、叶以群、李岫石一起参加入党仪式,会上,聆昕了瞿秋白的长篇讲话,深受教育鼓舞。",51,1f2babbd34ba5c9f7b698744c5121df0a03cfc3b9529336395242882cb842255,114780,114831,D:\1大创\左联知识库项目\data\processed\runtime_sources\左联词典.txt,A=瞿秋白;B=田汉,一起,no,no,pending_review,no,pending_cross_validation
REL-00227,ZLH-003,瞿秋白,ZLH-009,郑伯奇,论战,critical,medium,no,pending_review,左联词典,zuolian_cidian,700,左联词典 第700页,"本文作者根据夏衍、丁玲、阳翰笙、郑伯奇、茅盾等的回忆和其他资料,认为瞿秋白在三十年代一度参与过中央文化工作委员会(“文委“〉对下属“社联“、、“教联“剧联“及新闻等各方面的领导(而不仅仅是左联),具体时间约从1931年5、6月到1932年,后一歪时间,因受敌人追捕,他完全转入地下;只能闭户菊译,通过冯雪笙同外界联系,对左联也,只能从思想上进行领导了。",176,0e7a81c0a4a87db7ac142cb354f25774a9816716ce047368aaffc5a9f18cae2c,550265,550441,D:\1大创\左联知识库项目\data\processed\runtime_sources\左联词典.txt,A=瞿秋白;B=郑伯奇,约,no,no,pending_review,no,pending_cross_validation
REL-00228,ZLH-003,瞿秋白,ZLH-010,洪深,交游,low,medium,no,inferred,左联词典,zuolian_cidian,547,左联词典 第547页,"叶紫的小说,田汉、洪深、曹禺、夏衍的戏剧,鲁迅的杂文和《故事新编》,茅盾的名著《子夜》、(林家铺子》、《春蚕》,瞿秋白的杂文的思想性及艺术成就等.",73,1550ab32ab09c71e17dfc18c2db74acde64178d46cc4fcdd91a15bbd828b564b,420277,420350,D:\1大创\左联知识库项目\data\processed\runtime_sources\左联词典.txt,A=瞿秋白;B=洪深,,no,no,supported,yes,pending_cross_validation
REL-00229,ZLH-003,瞿秋白,ZLH-011,钱杏邨,合作,critical,medium,no,pending_review,左联史,zuolian_shi,135,左联史 第135页,"“9在瞿秋白的领导下,左联的同志们又迅速组织起来,1933年正式成立党的电影小组,组长沈端先(夏衍),成员钱杏郭(阿英)、石啧鹤、王尘无、司徒慧敏。",74,9af4c0ef1873e27b8a6a067a33567713f2fdc2022c1e0c8f4a4456d7f1631ee1,196938,197012,D:\1大创\左联知识库项目\data\processed\runtime_sources\左联史.txt,A=瞿秋白;B=阿英,组织,no,no,pending_review,no,pending_cross_validation
REL-00230,ZLH-003,瞿秋白,ZLH-012,蒋光慈,待核验,critical,low,no,pending_review,左联史,zuolian_shi,174,左联史 第174页,"“01932年7月《地泉》由上海湖风书局出版时,书前印有易嘉(瞿秋白)、郑伯奇、荽盾、钱杏部等的序文4篇,茅盾在他的《(地泉〉读后感》中坦率地指出,华汉这部小说也同蒋光慈的小说一样,犯了““脸谱主义“和“方程式“的描写“的错误,写人物写事件“不合于实际生活,““没有深切地感人的力量!“如今读了他的新作《义勇军》,茅盾的感觉是,“这位作家并不曾“克服“他以前的错误,意识和技巧两方面,还是他以前那一套。",201,349e7f9bab45f4016c0b0736e18825e94b57716e845272478224616444836292,257628,257829,D:\1大创\左联知识库项目\data\processed\runtime_sources\左联史.txt,A=瞿秋白;B=蒋光慈,,no,no,pending_review,no,pending_cross_validation
REL-00231,ZLH-003,瞿秋白,ZLH-013,阳翰笙,通信,critical,medium,no,pending_review,左联词典,zuolian_cidian,700,左联词典 第700页,"本文作者根据夏衍、丁玲、阳翰笙、郑伯奇、茅盾等的回忆和其他资料,认为瞿秋白在三十年代一度参与过中央文化工作委员会(“文委“〉对下属“社联“、、“教联“剧联“及新闻等各方面的领导(而不仅仅是左联),具体时间约从1931年5、6月到1932年,后一歪时间,因受敌人追捕,他完全转入地下;只能闭户菊译,通过冯雪笙同外界联系,对左联也,只能从思想上进行领导了。",176,0e7a81c0a4a87db7ac142cb354f25774a9816716ce047368aaffc5a9f18cae2c,550265,550441,D:\1大创\左联知识库项目\data\processed\runtime_sources\左联词典.txt,A=瞿秋白;B=阳翰笙,约,no,no,pending_review,no,pending_cross_validation
REL-00232,ZLH-003,瞿秋白,ZLH-014,冯乃超,通信,critical,medium,no,pending_review,左联词典,zuolian_cidian,593,左联词典 第593页,"陈漱渝根据1967年8月冯乃超的谈话记录整理而成,载《鲁迅研究动态》1983年8期,叙述后期创造社的活动、左联的成立、瞿秋白对左联的领导等,指出“在扩大无联的阵营方面,秋白同志起了重要作用。",95,9b87c69ce197f8a739011d6a754e5e96f49d7bf0c44041002dc3c91749ab5352,459619,459714,D:\1大创\左联知识库项目\data\processed\runtime_sources\左联词典.txt,A=瞿秋白;B=冯乃超,,no,yes,pending_review,no,pending_cross_validation
REL-00233,ZLH-003,瞿秋白,ZLH-015,郁达夫,签名联署,low,medium,no,inferred,左联史,zuolian_shi,145,左联史 第145页,"“《编后记》曾预告宋阳(瞿秋白)将在《文学月报》上发表论文《张恨水与张资平》和《老舍的小说》,何丹仁(冯雪峰)将在这里发表评荽盾《三人行》和郁达夫《她是一个弱女子》的论文,可惜后来都没有下文。",96,0d40e87d442c9ae3ea3bfb705f01b6f76edd23866d3b686d81ff441202b42117,214271,214367,D:\1大创\左联知识库项目\data\processed\runtime_sources\左联史.txt,A=瞿秋白;B=郁达夫,,no,yes,supported,yes,pending_cross_validation
REL-00234,ZLH-003,瞿秋白,ZLH-016,柔石,交游,low,medium,no,inferred,左联词典,zuolian_cidian,679,左联词典 第679页,"其中《在“左联“的“前哨“》、《意气相投情真谊挚》、《人生知己斯世同怀》、《可怜淑女》《风雨同行》、《“轻伤不下火线“》等篇章,歌颂鲁迅同柔石、瞿秋白、丁玲、应修人、茅盾等左联领导者和左翼文化战士之间的涤厚友谊,也写出了左联的斗争和多方面的活动。",123,a0ba5ff6f48fe79df7c818bf161e9f885221f8eda161f97947aea2b35fc73e42,532444,532567,D:\1大创\左联知识库项目\data\processed\runtime_sources\左联词典.txt,A=瞿秋白;B=柔石,同行,no,no,supported,yes,pending_cross_validation
REL-00235,ZLH-003,瞿秋白,ZLH-017,胡也频,同属组织,critical,low,no,pending_review,左联史,zuolian_shi,727,左联史 第727页,"“李伟森、柔石、胡也频、殷夫、冯铿牺牲后,人民群众没有一刻忘记过他们;还有被敌人杀害、在抗日战场为国捐躯和在贫病中倒下的左联作家如瞿秋白、应修人、潘漠华、洪灵菲、东平、叶紫、蒙风等。",91,2cd210e28f80aef39c53db9c6bdc62b14f665a9fd4123e8194168f32a39abfee,1129685,1129776,D:\1大创\左联知识库项目\data\processed\runtime_sources\左联史.txt,A=瞿秋白;B=胡也频,,yes,no,pending_review,no,pending_cross_validation
REL-00239,ZLH-003,瞿秋白,ZLH-021,丁玲,交游,low,medium,no,inferred,左联词典,zuolian_cidian,193,左联词典 第193页,"1932年春和田汉、丁玲、叶以群、李岫石一起参加入党仪式,会上,聆昕了瞿秋白的长篇讲话,深受教育鼓舞。",51,1f2babbd34ba5c9f7b698744c5121df0a03cfc3b9529336395242882cb842255,114780,114831,D:\1大创\左联知识库项目\data\processed\runtime_sources\左联词典.txt,A=瞿秋白;B=丁玲,一起,no,no,supported,yes,pending_cross_validation
REL-00240,ZLH-003,瞿秋白,ZLH-022,张天翼,交游,low,medium,no,inferred,左联史,zuolian_shi,143,左联史 第143页,"在这里发表的重要作品有鲁迅的名文《我们不再受骗了》,陈笑峰(瞿秋白)的系列杂文《笑峰酯弹》,丁玲的中篇《水》,葛植的《总退却》,李辉英的《最后一课》,张天翼的《大林和小林》,姚蓬子的《一幅剪影》、《一侍女》,沈起予的《虚脚楼》,何典(茅盾〉的《喜剧》,耶林的《村中》,文君(杨之华)的《豆腐阿姐》,慧中(彭慧)的《米》等小说;适夷的剧本《S.",171,ec534df916fa7c1d763d4b3a6a18d016e9c712e200c2c4fa5c7607dc1f75d3ba,209255,209426,D:\1大创\左联知识库项目\data\processed\runtime_sources\左联史.txt,A=瞿秋白;B=张天翼,,no,no,supported,yes,pending_cross_validation
REL-00241,ZLH-003,瞿秋白,ZLH-023,叶紫,待核验,critical,low,no,pending_review,左联词典,zuolian_cidian,547,左联词典 第547页,"叶紫的小说,田汉、洪深、曹禺、夏衍的戏剧,鲁迅的杂文和《故事新编》,茅盾的名著《子夜》、(林家铺子》、《春蚕》,瞿秋白的杂文的思想性及艺术成就等.",73,1550ab32ab09c71e17dfc18c2db74acde64178d46cc4fcdd91a15bbd828b564b,420277,420350,D:\1大创\左联知识库项目\data\processed\runtime_sources\左联词典.txt,A=瞿秋白;B=叶紫,,no,no,pending_review,no,pending_cross_validation
REL-00242,ZLH-003,瞿秋白,ZLH-024,艾芜,合作,critical,medium,no,pending_review,左联词典,zuolian_cidian,484,左联词典 第484页,"周起应接编后,积极介绍马克思主义文艺理论和各国革命文学,发表了艾芜、沙汀等--批青年作家的作品,对推动左翼文学运动的发展、打破反革和文化围剑起了重要作用,但该刊4号发表的长诀《汉奸的供状》(芸生)是一篇有严重政治错误的作品,受到中共中央文化下作委员会书让冯雪峰的批评,瞿秋白、鲁迅都支持冯的意见,鲁迅些应雪峰之请,写了致该刊编者的公开信(辱骂和恐吓决不是战斗》,进行纠正,该刊发表了此信。",194,a144e10b84af49263588f29f49fef098fb1842dffa0b499270b706a59429da78,367351,367545,D:\1大创\左联知识库项目\data\processed\runtime_sources\左联词典.txt,A=瞿秋白;B=艾芜,介绍,no,no,pending_review,no,pending_cross_validation
REL-00243,ZLH-003,瞿秋白,ZLH-025,沙汀,合作,critical,medium,no,pending_review,左联词典,zuolian_cidian,476,左联词典 第476页,"发表杂文和大众文艺作品,刊载过鲁迅的《好东两歌》、《公民科歌》、《南京民潭》和《言词争执歌》等脍炙人口的大众化作品和(友邹惊沧论》等杂文,还发表过L,S,(鲁迅)答“Y及工先生“(沙汀和艾药)《关于小说题材的通信》、JK(瞿秋白)致鲁迅的《论翻译》和瞿秋白杂文《〈铁流;在巴黎》和《满洲的“毁灭“》。",150,5f2a32b94c88a668e82ec94ae33b474a62385520c2c618df46ef6a6043c94681,360360,360510,D:\1大创\左联知识库项目\data\processed\runtime_sources\左联词典.txt,A=瞿秋白;B=沙汀,通信,no,no,pending_review,no,pending_cross_validation
REL-00244,ZLH-003,瞿秋白,ZLH-026,胡风,交游,low,medium,no,inferred,左联词典,zuolian_cidian,546,左联词典 第546页,"剖析左鬟文学从1927一1928年的幼稚阶段、1929一1932年的逄步成熟,到1933年以后的文学丰收的具体表现、变化的原因,强调冯雪峰、瞿秋白、周扬、胡风等介绍马克思主义文艺理论的历史功绩,指出“先驱者们的开拓首创之功,将永远载入史册。",120,5697baac842ea8e6e2aafdeba9aaf7215300ec865707cb28da79ee7fdc8fe9a0,419917,420037,D:\1大创\左联知识库项目\data\processed\runtime_sources\左联词典.txt,A=瞿秋白;B=胡风,介绍,no,no,supported,yes,pending_cross_validation
REL-00250,ZLH-003,瞿秋白,ZLH-032,徐懋庸,同属组织,critical,low,no,pending_review,左联史,zuolian_shi,327,左联史 第327页,"1934年7月5日,徐懋庸主编的小品文半月刊《新语林》创刊,鲁迅将瞿秋白的详稿《非政治化的高尔基一一读〈革命文豪高尔基》交徐懋庸。",65,c5062e0de0f3842eeebb549f39dd5869f0d57d7c907c301d3c101a95e500621e,493320,493385,D:\1大创\左联知识库项目\data\processed\runtime_sources\左联史.txt,A=瞿秋白;B=徐懋庸,主编,no,no,pending_review,no,pending_cross_validation
REL-00252,ZLH-003,瞿秋白,ZLH-035,李辉英,合作,critical,medium,no,pending_review,左联史,zuolian_shi,143,左联史 第143页,"在这里发表的重要作品有鲁迅的名文《我们不再受骗了》,陈笑峰(瞿秋白)的系列杂文《笑峰酯弹》,丁玲的中篇《水》,葛植的《总退却》,李辉英的《最后一课》,张天翼的《大林和小林》,姚蓬子的《一幅剪影》、《一侍女》,沈起予的《虚脚楼》,何典(茅盾〉的《喜剧》,耶林的《村中》,文君(杨之华)的《豆腐阿姐》,慧中(彭慧)的《米》等小说;适夷的剧本《S.",171,ec534df916fa7c1d763d4b3a6a18d016e9c712e200c2c4fa5c7607dc1f75d3ba,209255,209426,D:\1大创\左联知识库项目\data\processed\runtime_sources\左联史.txt,A=瞿秋白;B=李辉英,,no,no,pending_review,no,pending_cross_validation
REL-00254,ZLH-003,瞿秋白,ZLH-037,楼适夷,合作,critical,medium,no,pending_review,左联史,zuolian_shi,143,左联史 第143页,"在这里发表的重要作品有鲁迅的名文《我们不再受骗了》,陈笑峰(瞿秋白)的系列杂文《笑峰酯弹》,丁玲的中篇《水》,葛植的《总退却》,李辉英的《最后一课》,张天翼的《大林和小林》,姚蓬子的《一幅剪影》、《一侍女》,沈起予的《虚脚楼》,何典(茅盾〉的《喜剧》,耶林的《村中》,文君(杨之华)的《豆腐阿姐》,慧中(彭慧)的《米》等小说;适夷的剧本《S.",171,ec534df916fa7c1d763d4b3a6a18d016e9c712e200c2c4fa5c7607dc1f75d3ba,209255,209426,D:\1大创\左联知识库项目\data\processed\runtime_sources\左联史.txt,A=瞿秋白;B=适夷,,no,no,pending_review,no,pending_cross_validation
REL-00260,ZLH-003,瞿秋白,ZLH-048,王任叔,交游,low,medium,no,inferred,左联史,zuolian_shi,710,左联史 第710页,德国文学作品只译过两部长篇小说及少数诗歌、文论:长篇小说有瞿秋白译《爱森的袭击》和屈轶〔王任叔)译《和平》。,54,f9e99bc7b9b3b82d14130d0ba36607dc2f19e6efceaa00348bc3b7cffc6d828f,1106104,1106158,D:\1大创\左联知识库项目\data\processed\runtime_sources\左联史.txt,A=瞿秋白;B=王任叔,,no,no,supported,yes,pending_cross_validation
REL-00261,ZLH-003,瞿秋白,ZLH-053,黄源,待核验,high,low,yes,pending_review,左联词典,zuolian_cidian,328,左联词典 第328页,"8月12日,托黄源以200元从现代书局赎回瞿秋白两部译稿《高尔基论文集》和马克思主义论文集《现实》。",50,ea05ccd762df9bc77e317d1bfea7483a7b965c773e69f5979aaf7b6f40aebcb1,234535,234585,D:\1大创\左联知识库项目\data\processed\runtime_sources\左联词典.txt,A=瞿秋白;B=黄源,,no,yes,pending_review,no,pending_cross_validation
REL-00263,ZLH-003,瞿秋白,ZLH-058,郭沫若,交游,low,medium,no,inferred,左联史,zuolian_shi,611,左联史 第611页,"张香山的《鲁迅论》鲁迅去世后两个多月,东京左联青年作家张香山在日本《大埠文学》1937年第1期发表他用日文写的《鲁迅论》,对日本新闻界一些人如室伏高信之流别有用心地朐说鲁迅是“亲日作家“,“又有尼采的虚无主义倾向“等等进行了批判驳斥;肯定了鲁迅的杂文攻击棠些个人的社会意义;对他“硬译“马克思主义文艺经典表示敬佩;对郭沫若“鲁迅是现代中国民族的一个杰作“的崇高评价表示赞同;对鲁迅反封建礼教反“孔孟之道“的思想立场表示理解等等,从中可见瞿秋白《〈鲁迅杂感选集〉序言》对作者的影响。",240,fb3e82c093b12e143031139e76fce0b38a98943885cfd0cd50fc7929101cdb58,959432,959672,D:\1大创\左联知识库项目\data\processed\runtime_sources\左联史.txt,A=瞿秋白;B=郭沫若,批判,no,no,supported,yes,pending_cross_validation
REL-00265,ZLH-003,瞿秋白,ZLH-061,朱镜我,交游,low,medium,no,inferred,左联史,zuolian_shi,40,左联史 第40页,这些反动理论遭到瞿秋白、朱镜我、王学文等左联成员的有力批判。,30,0f618aaab097f1c107efac9fa98b3ad991f9b81aee12c7cc828268c41f2e63f7,51000,51030,D:\1大创\左联知识库项目\data\processed\runtime_sources\左联史.txt,A=瞿秋白;B=朱镜我,批判,no,no,supported,yes,pending_cross_validation
REL-00273,ZLH-003,瞿秋白,ZLH-091,叶以群,交游,low,medium,no,inferred,左联词典,zuolian_cidian,193,左联词典 第193页,"1932年春和田汉、丁玲、叶以群、李岫石一起参加入党仪式,会上,聆昕了瞿秋白的长篇讲话,深受教育鼓舞。",51,1f2babbd34ba5c9f7b698744c5121df0a03cfc3b9529336395242882cb842255,114780,114831,D:\1大创\左联知识库项目\data\processed\runtime_sources\左联词典.txt,A=瞿秋白;B=叶以群,一起,no,no,supported,yes,pending_cross_validation
REL-00279,ZLH-003,瞿秋白,ZLH-100,姚蓬子,合作,critical,medium,no,pending_review,左联史,zuolian_shi,448,左联史 第448页,"““1932年10一12月,他接姚蓬子之后主编左联机关刊《文学月报》(从第3号起),在11月15日出版的第4号上发表了芸生的诗《汉奸的供状》,它以恐吓、辱骂代替理论斗争,这种错误倾向受到左联领导人鲁迅、瞿秋白以及冯雪峰等的批评,鲁迅还专门写了题为《辱骂和恐吓决不是战斗》的公开信送交该刊编辑部,此信刊登在12月出版的第5、6号合刊上,周扬表示虚心接受鲁迅的批评。",181,3102e72b2de89c36514068da1b56fdaf302736c16cebc2df0b47f57053088a54,686721,686902,D:\1大创\左联知识库项目\data\processed\runtime_sources\左联史.txt,A=瞿秋白;B=姚蓬子,编辑,no,no,pending_review,no,pending_cross_validation
REL-00280,ZLH-003,瞿秋白,ZLH-104,叶灵凤,同属组织,critical,low,no,pending_review,左联史,zuolian_shi,561,左联史 第561页,"叶灵凤在他参加编辑的杂志《六艺》第1卷第2期出了一个“苏联版画特辑“,卷首是他翻译的苏联契果达叶夫的论文《苏联版画艺术》(这篇文章瞿秋白也译过,即A.",75,126ac198b8d27123d2bc74e28f76d59ba65d2a9ec795d86edc8f633509e7fc1a,883895,883970,D:\1大创\左联知识库项目\data\processed\runtime_sources\左联史.txt,A=瞿秋白;B=叶灵凤,参加,no,yes,pending_review,no,pending_cross_validation
REL-00281,ZLH-003,瞿秋白,ZLH-105,沈起予,合作,high,medium,no,pending_review,左联史,zuolian_shi,143,左联史 第143页,"在这里发表的重要作品有鲁迅的名文《我们不再受骗了》,陈笑峰(瞿秋白)的系列杂文《笑峰酯弹》,丁玲的中篇《水》,葛植的《总退却》,李辉英的《最后一课》,张天翼的《大林和小林》,姚蓬子的《一幅剪影》、《一侍女》,沈起予的《虚脚楼》,何典(茅盾〉的《喜剧》,耶林的《村中》,文君(杨之华)的《豆腐阿姐》,慧中(彭慧)的《米》等小说;适夷的剧本《S.",171,ec534df916fa7c1d763d4b3a6a18d016e9c712e200c2c4fa5c7607dc1f75d3ba,209255,209426,D:\1大创\左联知识库项目\data\processed\runtime_sources\左联史.txt,A=瞿秋白;B=沈起予,,no,no,pending_review,no,pending_cross_validation
REL-00289,ZLH-003,瞿秋白,ZLH-122,许广平,待核验,high,low,yes,pending_review,左联词典,zuolian_cidian,332,左联词典 第332页,"党的著名领导人瞿秋白,在领导左联的共同事业中,同鲁迅结下深厚的友谊,他们夫妇在危急中曾4次去鲁迅家避难,每次都得到鲁_迅、许广平至诚至情的关怀帮助.",74,720c168d13826eadc25cc2b385e7912af8d14cd3ecb4d578763b9190761488f2,238089,238163,D:\1大创\左联知识库项目\data\processed\runtime_sources\左联词典.txt,A=瞿秋白;B=许广平,共同,no,no,pending_review,no,pending_cross_validation
REL-00290,ZLH-003,瞿秋白,ZLH-123,邹韬奋,同属组织,critical,low,no,pending_review,左联史,zuolian_shi,327,左联史 第327页,"瞿秋白这篇文章首先闸明邹韬奋书中一个观点(它来自美国教授康恩,榴奋只是复述了康恩的观点而已):高尔基的“非政治性质“。",59,2f08b12025dc7635cbd48d6e65eee0ac2f0f61b43a68c74e62bc33c9c1a03822,493419,493478,D:\1大创\左联知识库项目\data\processed\runtime_sources\左联史.txt,A=瞿秋白;B=邹韬奋,,no,no,pending_review,no,pending_cross_validation
REL-00292,ZLH-003,瞿秋白,ZLH-127,曹靖华,交游,low,medium,no,inferred,左联史,zuolian_shi,697,左联史 第697页,"柔石、文尹(瞿秋白)都是革命者,前者已经牺牲,后者在猎犬追逐中正生活于地下;而曹靖华正在彼邦,鲁迅不仅收藏了他们的译稿,且将这些译作收人自己的作品集,广为流布,足见革命情谊之深。",89,955aa754f95375a8ea803400dcb58104c23142491c7d83c49e1ac1f852a821e4,1090091,1090180,D:\1大创\左联知识库项目\data\processed\runtime_sources\左联史.txt,A=瞿秋白;B=曹靖华,,no,no,supported,yes,pending_cross_validation
REL-00293,ZLH-003,瞿秋白,ZLH-128,林语堂,交游,low,medium,no,inferred,左联史,zuolian_shi,327,左联史 第327页,"“这时林语堂提倡的“幽默“和“性灵“小品正大行其道,一些作家远离时代、脱离社会,正坠人“十政治化“的泥淫,在这样的大背景下,瞿秋白这篇文章的公开发表,对于正人心、正文风都极有意义。",90,f64a9e34a902f70295632785be2061770d3870ccfab3975a9b90c1c031269649,493885,493975,D:\1大创\左联知识库项目\data\processed\runtime_sources\左联史.txt,A=瞿秋白;B=林语堂,,no,no,supported,yes,pending_cross_validation
REL-00300,ZLH-003,瞿秋白,ZLH-137,蔡元培,交游,low,medium,no,inferred,左联史,zuolian_shi,321,左联史 第321页,"“5月下旬许寿裳从北平来上海,鲁迅路他谈了瞿秋白被侵下狱的事,并请他商请蔡元培出面营救,所以在6月初,国民党当局最高层开会讨论处置饕秋白问题,戴季陶提出坚决要杀,认为“瞿秋白赤化丁千万青年,这样的人不杀,杀谁?“蔡元培则认为瞿秋白才华出众,在中国不可多得,以不杀为宥。",134,c4cc37afcd1871af16d70aa08f990db8156dff714b4533f3151c5d4942114c00,483740,483874,D:\1大创\左联知识库项目\data\processed\runtime_sources\左联史.txt,A=瞿秋白;B=蔡元培,讨论,no,no,supported,yes,pending_cross_validation
REL-00302,ZLH-003,瞿秋白,ZLH-141,高尔基,交游,low,medium,no,inferred,左联史,zuolian_shi,327,左联史 第327页,"1934年7月5日,徐懋庸主编的小品文半月刊《新语林》创刊,鲁迅将瞿秋白的详稿《非政治化的高尔基一一读〈革命文豪高尔基》交徐懋庸。",65,c5062e0de0f3842eeebb549f39dd5869f0d57d7c907c301d3c101a95e500621e,493320,493385,D:\1大创\左联知识库项目\data\processed\runtime_sources\左联史.txt,A=瞿秋白;B=高尔基,主编,no,no,supported,yes,pending_cross_validation
REL-00306,ZLH-003,瞿秋白,ZLH-145,萧伯纳,合作,high,medium,no,pending_review,左联史,zuolian_shi,193,左联史 第193页,"“萧伯纳在上海不到一天,但他每到一处,都有一大批中外记者蜂拥而至,包围着他,提出各种问题要他回答,鲁迅预感到此后几天,中外报纸一定热闹非凡,因而16日傍晚鲁迅会见萧伯纳之后回到家里,就同正在这里避难的瞿秋白谈起下午的所见所闻,并提议立即搜集报刊上有关萧的文章,编一本书,记载这一历史事件。",144,209ef482beeca4bab156b817d8f9b71d5a979e3dd82a7878ea21ef23f2662f64,288156,288300,D:\1大创\左联知识库项目\data\processed\runtime_sources\左联史.txt,A=瞿秋白;B=萧伯纳,会见,no,no,pending_review,no,pending_cross_validation
REL-00308,ZLH-003,瞿秋白,ZLH-150,萧三,文学论战,medium,medium,no,inferred,左联词典,zuolian_cidian,482,左联词典 第482页,撰稿人有萧三、史铁儿(瞿秋白)、石萌(茅眉)、洛扬(汞雪峰)、晃敖(鲁迅)等左联领导人。,44,35bc5e42e1434dffc449e19978c527ce4dae11ad339086d15695927879081686,365915,365959,D:\1大创\左联知识库项目\data\processed\runtime_sources\左联词典.txt,A=瞿秋白;B=萧三,撰稿,no,no,supported,yes,pending_cross_validation
REL-00309,ZLH-004,夏衍,ZLH-005,冯雪峰,同属组织,critical,low,no,pending_review,左联词典,zuolian_cidian,132,左联词典 第132页,"贺词由鲁迅、茅盾、丁玲、曹靖华、洛扬(汞雪峰)、奕如(夏衍),适夷联名签署.",38,b75ddb557750af72b6b6d81e3b7328651334dc85d3fd8fa2dbd5f123788140bd,60999,61037,D:\1大创\左联知识库项目\data\processed\runtime_sources\左联词典.txt,A=夏衍;B=洛扬,联名,no,no,pending_review,no,pending_cross_validation
REL-00310,ZLH-004,夏衍,ZLH-006,潘汉年,地下通讯,low,medium,no,inferred,左联史,zuolian_shi,37,左联史 第37页,"学员由有关党囡组织从各所大学、中学校选拔而来,分为社会科学及文艺两个班,任教的全是左联、社联的知名人物,如鲁迅、苟眉、沈端先(夏衍)、潘汉年、潘桐年等。",76,08c47bf53b2c8e71d1d3be3ccd1e792be962b1a3f66ca863006a3669fda4bbcf,46417,46493,D:\1大创\左联知识库项目\data\processed\runtime_sources\左联史.txt,A=夏衍;B=潘汉年,组织,no,no,supported,yes,pending_cross_validation
REL-00311,ZLH-004,夏衍,ZLH-008,田汉,同属组织,critical,low,no,pending_review,左联词典,zuolian_cidian,256,左联词典 第256页,"这一时期,他结识鲁迅,同沈端先(夏衍)、田汉等共同战斗。",28,9445137a6cea331a28827873051d9b9f3d15bc5fb0ae2eec34567d8ee8d9657e,170459,170487,D:\1大创\左联知识库项目\data\processed\runtime_sources\左联词典.txt,A=夏衍;B=田汉,共同,no,no,pending_review,no,pending_cross_validation
REL-00312,ZLH-004,夏衍,ZLH-009,郑伯奇,同属组织,critical,low,no,pending_review,左联史,zuolian_shi,135,左联史 第135页,沈端先、钱杏部、郑伯奇如约进入明星影片公司担任编剧顾问。,28,c9a28603b4a30085578814ae43ed1f8adcb4e4febb030b8090d9f593127c1b4d,197012,197040,D:\1大创\左联知识库项目\data\processed\runtime_sources\左联史.txt,A=沈端先;B=郑伯奇,约,no,no,pending_review,no,pending_cross_validation
REL-00313,ZLH-004,夏衍,ZLH-010,洪深,创作合作,low,medium,no,inferred,左联史,zuolian_shi,379,左联史 第379页,"经黄子布(夏街)介绍,洪深结识了华汉,并请他为明星公司写电影刹本。",33,7ee5edc42b884ac98f846299f60016b1ffbf66c7e38c4ad3cea005b0e4195636,572462,572495,D:\1大创\左联知识库项目\data\processed\runtime_sources\左联史.txt,A=黄子布;B=洪深,介绍,no,no,supported,yes,pending_cross_validation
REL-00314,ZLH-004,夏衍,ZLH-011,钱杏邨,创作合作,low,medium,no,inferred,左联史,zuolian_shi,725,左联史 第725页,"丨螯′`__′霉垩′__弓，'第三部全民的抗战松之的、阿英、陈白尘、陈凝秋、舒非春命莲春集体讨论,宋之的初稿,夏衍整理。",60,5a17ce5d98e2af209336cf1c2411b95519289dbc623b4df5de35525ddea4d9f9,1128541,1128601,D:\1大创\左联知识库项目\data\processed\runtime_sources\左联史.txt,A=夏衍;B=阿英,讨论,no,no,supported,yes,pending_cross_validation
REL-00315,ZLH-004,夏衍,ZLH-012,蒋光慈,同属组织,critical,low,no,pending_review,左联史,zuolian_shi,98,左联史 第98页,名单如下:冯乃超华_汉_龚冰庐沈叶沉孟超俞_怀_邱韵铎沈端先潘汉年“王洁予冯润璋_顾凤城彭康许峻冯铿王任桐周全平_洪灵菲_戴平万“钱杏邵冯宪章鲁迅杜衡埕子柔石侍桁画室吴贯中黄_素郑伯奇鲁_史朱镜我_田汉王一榴_蒋光慈刘锡五_叶灵凤_郁达夫陶晶孙_戴望舒李初梨_林伯修殴_夫_徐迅雷_程少怀_陈正道_许幸之_郭沫若_沈起予被介绍加人的:仲_豪“徐耘阡_魏金枝届文泳涛丁锐人马宁_孙孟涛王润甫_卢苍雁张璞无产阶级文艺俱乐部的发起人李_平胡忠信阿细余惠“萧歌强其他各反动组织之名单不明。,240,451607e392e76506863cb80a4c973cbf07385569c9884fdd80d90b1d3fb68d03,141748,141988,D:\1大创\左联知识库项目\data\processed\runtime_sources\左联史.txt,A=沈端先;B=蒋光慈,介绍,no,no,pending_review,no,pending_cross_validation
REL-00316,ZLH-004,夏衍,ZLH-014,冯乃超,同属组织,critical,low,no,pending_review,左联史,zuolian_shi,464,左联史 第464页,"1929年秋筹备左联时,他是12位筹备委员之一,1930年3月2日出席左联成立大会,和鲁迅、沈端先、冯乃超、钱杏部、田汉、洪灵菲一同被推为执行委员。",74,ada295691fbc82137635abcf8190e69615d447b0ccb96eebb60ccac8e4621687,711740,711814,D:\1大创\左联知识库项目\data\processed\runtime_sources\左联史.txt,A=沈端先;B=冯乃超,一同,no,no,pending_review,no,pending_cross_validation
REL-00317,ZLH-004,夏衍,ZLH-015,郁达夫,创作合作,low,medium,no,inferred,左联词典,zuolian_cidian,318,左联词典 第318页,"他还直接参与筹备工作,沈端先(夏衍)曾请他-一同去动员郁达夫参加左联。",35,94f79fca2ffbf1f580ec44dc94566fe5d892cfd286d3cb3c82d4c5543921d3d5,225930,225965,D:\1大创\左联知识库项目\data\processed\runtime_sources\左联词典.txt,A=夏衍;B=郁达夫,一同,no,no,supported,yes,pending_cross_validation
REL-00318,ZLH-004,夏衍,ZLH-016,柔石,交游,low,medium,no,inferred,左联史,zuolian_shi,104,左联史 第104页,"“柔石也对沈端先、华汉他们说:“这次全会有问题,我们儿个人一起谈一谈,好不好?“8而在“十七日之前,冯铿已经在南强书店和戴平万谈过,说何孟雄等许多人都认为四中全会是不合法的。",87,12b4965ac15a9e9948d87f0dfff0094758083498f45dc11c9fb8864f816cc1b2,150389,150476,D:\1大创\左联知识库项目\data\processed\runtime_sources\左联史.txt,A=沈端先;B=柔石,一起,no,no,supported,yes,pending_cross_validation
REL-00319,ZLH-004,夏衍,ZLH-017,胡也频,交游,low,medium,no,inferred,左联史,zuolian_shi,104,左联史 第104页,"大家在捕房拘留所就改用了化名、编好口供,柔石用外人不大知道的原名赵少雄,殷夫改名徐英,胡也频怀念丁玲,改姓蒋,名文翰,冯锋原名岭梅,她就Q〇夏衍《檗寻旧梦录》185页。",84,856ab9505282674dc0b47fa89d50fc6b7ef9dfedd2150e353e6909d4081518cd,151654,151738,D:\1大创\左联知识库项目\data\processed\runtime_sources\左联史.txt,A=夏衍;B=胡也频,,no,no,supported,yes,pending_cross_validation
REL-00320,ZLH-004,夏衍,ZLH-018,冯铿,交游,low,medium,no,inferred,左联史,zuolian_shi,104,左联史 第104页,"“柔石也对沈端先、华汉他们说:“这次全会有问题,我们儿个人一起谈一谈,好不好?“8而在“十七日之前,冯铿已经在南强书店和戴平万谈过,说何孟雄等许多人都认为四中全会是不合法的。",87,12b4965ac15a9e9948d87f0dfff0094758083498f45dc11c9fb8864f816cc1b2,150389,150476,D:\1大创\左联知识库项目\data\processed\runtime_sources\左联史.txt,A=沈端先;B=冯铿,一起,no,no,supported,yes,pending_cross_validation
REL-00321,ZLH-004,夏衍,ZLH-019,殷夫,交游,low,medium,no,inferred,左联史,zuolian_shi,104,左联史 第104页,"大家在捕房拘留所就改用了化名、编好口供,柔石用外人不大知道的原名赵少雄,殷夫改名徐英,胡也频怀念丁玲,改姓蒋,名文翰,冯锋原名岭梅,她就Q〇夏衍《檗寻旧梦录》185页。",84,856ab9505282674dc0b47fa89d50fc6b7ef9dfedd2150e353e6909d4081518cd,151654,151738,D:\1大创\左联知识库项目\data\processed\runtime_sources\左联史.txt,A=夏衍;B=殷夫,,no,no,supported,yes,pending_cross_validation
REL-00322,ZLH-004,夏衍,ZLH-020,李求实,交游,low,medium,no,inferred,左联词典,zuolian_cidian,609,左联词典 第609页,"悼李求实(伟森)同志回忆录,蔡叔厚作,载1951年2月25日《大公报》概述广州暴动后一、年间(1928-一1929年),李伟森常去文化支部住地同杨贤江、张秋人、陈德辉、李初梨、冯雪峰、黄子布(夏衍)等相聪的情况。",106,992929e3cf692d8cb81b1f8b86c1c2ef14adc538c6f399ad4ceeb2fb8ab6859e,472840,472946,D:\1大创\左联知识库项目\data\processed\runtime_sources\左联词典.txt,A=夏衍;B=李求实,,no,yes,supported,yes,pending_cross_validation
REL-00323,ZLH-004,夏衍,ZLH-021,丁玲,同属组织,high,low,yes,pending_review,左联词典,zuolian_cidian,132,左联词典 第132页,"贺词由鲁迅、茅盾、丁玲、曹靖华、洛扬(汞雪峰)、奕如(夏衍),适夷联名签署.",38,b75ddb557750af72b6b6d81e3b7328651334dc85d3fd8fa2dbd5f123788140bd,60999,61037,D:\1大创\左联知识库项目\data\processed\runtime_sources\左联词典.txt,A=夏衍;B=丁玲,联名,no,no,pending_review,no,pending_cross_validation
REL-00324,ZLH-004,夏衍,ZLH-022,张天翼,文学论战,low,medium,no,inferred,左联史,zuolian_shi,465,左联史 第465页,"萧三在苏联期间经常给鲁迅写信报告国际革命作家联盟情况,寄赠《国际文学)、《太平洋灯塔》、《萧三的诗》等书刊,鲁迅也将茅盾、周起应(周扬)、沈端先(夏衍)、张天翼、郑伯奇、周文、沙汀、白薇等左翼作家的作品寄给萧三。",106,8c99ec852386f446851d6dd8143a3dfdc157df6633ef6f3ddf2312cc42c83e8a,714747,714853,D:\1大创\左联知识库项目\data\processed\runtime_sources\左联史.txt,A=夏衍;B=张天翼,写信,no,no,supported,yes,pending_cross_validation
REL-00325,ZLH-004,夏衍,ZLH-023,叶紫,交游,low,medium,no,inferred,左联史,zuolian_shi,491,左联史 第491页,"诞生在上海的中国左翼作家联盟,从一出世就被取缔,盟员们被迫转人地下,它的机关杂志《萌芽月刊》、《拓荣者》、《大众文艺》、《世界文化》、《前哨》和《文学导报》、《文学》半月刊、《北斗》、《文学月报》等,每一种出版不久就遭查祯,连鲁迅、沈端先、冯乃超、叶紫他们主编的《文艺研究》、《艺术》、《文艺讲座》、《沙仑》、《无名文艺》和文总机关刊《文化月报》都无一幸免。",179,7e3623056df966487982c35725662d37ada4fa2272128264d607bb859667f6be,760311,760490,D:\1大创\左联知识库项目\data\processed\runtime_sources\左联史.txt,A=沈端先;B=叶紫,主编,no,no,supported,yes,pending_cross_validation
REL-00326,ZLH-004,夏衍,ZLH-024,艾芜,同属组织,high,low,yes,pending_review,左联史,zuolian_shi,284,左联史 第284页,"发起推行“手头字“的是《小朋友》社、《小朋友画报》社、《太白》社、《文学》社、《中学生杂志》社、《中华教育》社、《世界知识》社、《生活教育》社、《时事类编》社、《新中华杂志》社、《新生周刊》社、《译文》社、《现代》杂志社、《漫画生活》社、《读书生活》社等15个团体和陈望道、夏与尊等200位文化界人士,其中有左联成员方光焊、白薇、任白戈、沈西苓、沈起予、沈端先(夏衍)、李辉英、艾芜、东平、欧阳山、周伯勋、阿英、征农、胡风、洪深、郁达夫、奚如、祝佛朗(祝秀侠)、草明、徐懋庸、张天翼、陈君冶、陈君涵、许幸之、郭沫若、杨潮、杨骚、郑伯奇、蒋弼、黎锦明、钱亦石、聂绀弩、魏猛克等33人。",291,5228fe34539ac44c23cbf9fa5841c2e19671e3be51ff9b90b98518a3cb9ee135,425362,425653,D:\1大创\左联知识库项目\data\processed\runtime_sources\左联史.txt,A=夏衍;B=艾芜,发起,yes,no,pending_review,no,pending_cross_validation
REL-00327,ZLH-004,夏衍,ZLH-025,沙汀,同属组织,high,low,yes,pending_review,左联词典,zuolian_cidian,611,左联词典 第611页,"回忆左联时期的经历如茅着对小说集《法律外的航线;的批评,张耀华(社联十部)被捕后周扬不顾个人安危去沙汀家报信,跟旨紫的交往,史良营教艾芫出狱,同夏衍、徐懋庸的交往,参加《文学界》、《光明}的编辑等.",99,fc139e8ba5c613a0f01ffe1682d3fd6d4737aabf7886728aa4b51967e5a58812,474901,475000,D:\1大创\左联知识库项目\data\processed\runtime_sources\左联词典.txt,A=夏衍;B=沙汀,参加,no,no,pending_review,no,pending_cross_validation
REL-00328,ZLH-004,夏衍,ZLH-026,胡风,交游,low,medium,no,inferred,左联史,zuolian_shi,574,左联史 第574页,"大约到上海20天左右,冯雪峰通过王学文约周扬谈话,遭拒给,原因是周扬不相信冯是党中央派来的,要他拿出介绍信来,还指责冯到上海后不找他和夏衍这些党内人,而先找党外人,即鲁迅和胡风(其实,胡风是在鲁迅家偶遇,并非冯雪峰主动去找他的)。",115,f5e1965a46d06d69f31e25de91d5b09c19347f7bb25cdc4a17cae978ad960984,903449,903564,D:\1大创\左联知识库项目\data\processed\runtime_sources\左联史.txt,A=夏衍;B=胡风,介绍,no,no,supported,yes,pending_cross_validation
REL-00329,ZLH-004,夏衍,ZLH-027,萧军,交游,low,medium,no,inferred,左联史,zuolian_shi,450,左联史 第450页,"在两个口号论争中,周扬又发表《关于国防文学》、《现阶段的文学)V、《与茅盾先生论国防文学的口号》等论文,进一步论述了“国防文学“口号的重要性与必要性,贾扬舒群《没有祖国的孩子》、萧军《八月的乡村》、萧红《生死场》、夏衍《赛金花》等是“国防文学“的代表作。",127,659bb8f58b75b083613e927367f38d36b254170ac995df6d3a9d948bbc099bd7,690451,690578,D:\1大创\左联知识库项目\data\processed\runtime_sources\左联史.txt,A=夏衍;B=萧军,,no,yes,supported,yes,pending_cross_validation
REL-00330,ZLH-004,夏衍,ZLH-028,萧红,签名联署,low,medium,no,inferred,左联史,zuolian_shi,450,左联史 第450页,"在两个口号论争中,周扬又发表《关于国防文学》、《现阶段的文学)V、《与茅盾先生论国防文学的口号》等论文,进一步论述了“国防文学“口号的重要性与必要性,贾扬舒群《没有祖国的孩子》、萧军《八月的乡村》、萧红《生死场》、夏衍《赛金花》等是“国防文学“的代表作。",127,659bb8f58b75b083613e927367f38d36b254170ac995df6d3a9d948bbc099bd7,690451,690578,D:\1大创\左联知识库项目\data\processed\runtime_sources\左联史.txt,A=夏衍;B=萧红,,no,yes,supported,yes,pending_cross_validation
REL-00333,ZLH-004,夏衍,ZLH-031,葛琴,待核验,critical,low,no,pending_review,左联词典,zuolian_cidian,429,左联词典 第429页,"由于“在这个主题里面无限多样地包藏了革命文学的其他一切主题“,“同一个主题可以从多种多样的角度去接近“,这就会给作家提供*形式风格的最大的自由“,文章贾扬张天翼、沙汀、文芜、李辉英、耶林、葛琴等“以沈阳事变,上海战争中士兵工农和小市民的生活和斗争为题材“的作品,并肯定舒群和夏衍的成绩。",143,51b69fafea22210bf3eb3d8fc87542ff097308c4c1488aa7a0304d72d1c8e138,320754,320897,D:\1大创\左联知识库项目\data\processed\runtime_sources\左联词典.txt,A=夏衍;B=葛琴,,no,no,pending_review,no,pending_cross_validation
REL-00334,ZLH-004,夏衍,ZLH-032,徐懋庸,交游,low,medium,no,inferred,左联史,zuolian_shi,522,左联史 第522页,"鲁迅的长文公之于众后,周扬、夏衍等人开会批评徐懋庸“个人行动“、“无组织无纪律“、“破坏了“他们“同鲁迅的团结“等等。",59,d18563c68a111936b2eeac06bb03d30d7e0c21f4702d82a5b3e37adad5b9ce1a,815079,815138,D:\1大创\左联知识库项目\data\processed\runtime_sources\左联史.txt,A=夏衍;B=徐懋庸,组织,no,no,supported,yes,pending_cross_validation
REL-00335,ZLH-004,夏衍,ZLH-034,彭康,交游,low,medium,no,inferred,左联史,zuolian_shi,98,左联史 第98页,名单如下:冯乃超华_汉_龚冰庐沈叶沉孟超俞_怀_邱韵铎沈端先潘汉年“王洁予冯润璋_顾凤城彭康许峻冯铿王任桐周全平_洪灵菲_戴平万“钱杏邵冯宪章鲁迅杜衡埕子柔石侍桁画室吴贯中黄_素郑伯奇鲁_史朱镜我_田汉王一榴_蒋光慈刘锡五_叶灵凤_郁达夫陶晶孙_戴望舒李初梨_林伯修殴_夫_徐迅雷_程少怀_陈正道_许幸之_郭沫若_沈起予被介绍加人的:仲_豪“徐耘阡_魏金枝届文泳涛丁锐人马宁_孙孟涛王润甫_卢苍雁张璞无产阶级文艺俱乐部的发起人李_平胡忠信阿细余惠“萧歌强其他各反动组织之名单不明。,240,451607e392e76506863cb80a4c973cbf07385569c9884fdd80d90b1d3fb68d03,141748,141988,D:\1大创\左联知识库项目\data\processed\runtime_sources\左联史.txt,A=沈端先;B=彭康,介绍,no,no,supported,yes,pending_cross_validation
REL-00336,ZLH-004,夏衍,ZLH-035,李辉英,交游,low,medium,no,inferred,左联词典,zuolian_cidian,429,左联词典 第429页,"由于“在这个主题里面无限多样地包藏了革命文学的其他一切主题“,“同一个主题可以从多种多样的角度去接近“,这就会给作家提供*形式风格的最大的自由“,文章贾扬张天翼、沙汀、文芜、李辉英、耶林、葛琴等“以沈阳事变,上海战争中士兵工农和小市民的生活和斗争为题材“的作品,并肯定舒群和夏衍的成绩。",143,51b69fafea22210bf3eb3d8fc87542ff097308c4c1488aa7a0304d72d1c8e138,320754,320897,D:\1大创\左联知识库项目\data\processed\runtime_sources\左联词典.txt,A=夏衍;B=李辉英,,no,no,supported,yes,pending_cross_validation
REL-00337,ZLH-004,夏衍,ZLH-036,穆木天,同属组织,critical,low,no,pending_review,左联史,zuolian_shi,140,左联史 第140页,易烈希作沈端先译)、《悲剧之夜》(倍兹敏斯基作穆木天译)。,29,c35c5d20313474722a34e67ae9c82b29deaf2be5e00cf037f07be4a79322ef91,204540,204569,D:\1大创\左联知识库项目\data\processed\runtime_sources\左联史.txt,A=沈端先;B=穆木天,,no,no,pending_review,no,pending_cross_validation
REL-00338,ZLH-004,夏衍,ZLH-037,楼适夷,同属组织,high,low,yes,pending_review,左联词典,zuolian_cidian,132,左联词典 第132页,"贺词由鲁迅、茅盾、丁玲、曹靖华、洛扬(汞雪峰)、奕如(夏衍),适夷联名签署.",38,b75ddb557750af72b6b6d81e3b7328651334dc85d3fd8fa2dbd5f123788140bd,60999,61037,D:\1大创\左联知识库项目\data\processed\runtime_sources\左联词典.txt,A=夏衍;B=适夷,联名,no,no,pending_review,no,pending_cross_validation
REL-00340,ZLH-004,夏衍,ZLH-039,欧阳山,交游,low,medium,no,inferred,左联词典,zuolian_cidian,559,左联词典 第559页,"回忆1931年编辑出版《一角丛书》的经过,其中述及左联成员为从书所写的如下作品:周扬《苏联的音乐》、欧阳山《马可尼传六沈起子《巴比塞评传》、沈端先(夏衍)《高尔基评传》、丁玲《法网》,郑伯奇《宽城子大将》、钱杏邮(阿英)《创作与生活、徐衍存(阿英)《炜色之家》张天翼《脊背与奶子》、何家槐《恶行、蓬子《浮世绘}彭家煌《在潮神府》等。",166,9bfeae48ae7766ca2004c78d033e64a53e8f9cfde0da136e34d93a8ac1752084,430434,430600,D:\1大创\左联知识库项目\data\processed\runtime_sources\左联词典.txt,A=夏衍;B=欧阳山,编辑,no,yes,supported,yes,pending_cross_validation
REL-00341,ZLH-004,夏衍,ZLH-042,魏金枝,交游,low,medium,no,inferred,左联史,zuolian_shi,98,左联史 第98页,名单如下:冯乃超华_汉_龚冰庐沈叶沉孟超俞_怀_邱韵铎沈端先潘汉年“王洁予冯润璋_顾凤城彭康许峻冯铿王任桐周全平_洪灵菲_戴平万“钱杏邵冯宪章鲁迅杜衡埕子柔石侍桁画室吴贯中黄_素郑伯奇鲁_史朱镜我_田汉王一榴_蒋光慈刘锡五_叶灵凤_郁达夫陶晶孙_戴望舒李初梨_林伯修殴_夫_徐迅雷_程少怀_陈正道_许幸之_郭沫若_沈起予被介绍加人的:仲_豪“徐耘阡_魏金枝届文泳涛丁锐人马宁_孙孟涛王润甫_卢苍雁张璞无产阶级文艺俱乐部的发起人李_平胡忠信阿细余惠“萧歌强其他各反动组织之名单不明。,240,451607e392e76506863cb80a4c973cbf07385569c9884fdd80d90b1d3fb68d03,141748,141988,D:\1大创\左联知识库项目\data\processed\runtime_sources\左联史.txt,A=沈端先;B=魏金枝,介绍,no,no,supported,yes,pending_cross_validation
REL-00343,ZLH-004,夏衍,ZLH-045,周立波,签名联署,low,medium,no,inferred,左联史,zuolian_shi,158,左联史 第158页,"为了使《大众文艺》这个刊物真正面向大众,改进编辑工作,《大众文艺》社又举办过两次“我希望于大众文艺的“笔谈,郭沫若、郁达夫、柔石、冯乃超、潘汉年、戴平万、洪灵菲、王一槛、孟超、周绍仪(立波)、冯涧璋、华汉(阳翰笙)、钱杏郭(阿英)、画室(冯雪峰)、穆木天、沈端先(夏衍)等参加笔谈,各抒己见。",146,5275ef307fbeec81a9c18a592931bee36e9e246cba18da040b995109dcd5f349,230025,230171,D:\1大创\左联知识库项目\data\processed\runtime_sources\左联史.txt,A=夏衍;B=周绍仪,参加,yes,no,supported,yes,pending_cross_validation
REL-00348,ZLH-004,夏衍,ZLH-054,许幸之,待核验,critical,low,no,pending_review,左联词典,zuolian_cidian,177,左联词典 第177页,同年参加沈端先(夏衍)、许幸之、沈西苓发起组织的左翼艺术家同盟。,32,ab2eae9d118d5b4928835c966b96a2f7a4096efe2ec99b5471f6d6a93c98e9cc,101242,101274,D:\1大创\左联知识库项目\data\processed\runtime_sources\左联词典.txt,A=夏衍;B=许幸之,发起,no,no,pending_review,no,pending_cross_validation
REL-00351,ZLH-004,夏衍,ZLH-058,郭沫若,交游,low,medium,no,inferred,左联史,zuolian_shi,158,左联史 第158页,"早在革命文学论争初期,进步文艺界就渐淅明白了文艺应当大众化的道理,左联成立前,《大众文艺》社就组织过一次“文艺大众化的诸问题“笔谈,鲁迅、郭沫若、沈端先(夏衍)、陶晶孙、冯乃超、郑伯奇等都写了文章,发表各自的见解,积极展开讨论。",114,91b8de115f35f6eaa0127697ef936bbbb19330ae5a7511b96d9038b1bf138681,229828,229942,D:\1大创\左联知识库项目\data\processed\runtime_sources\左联史.txt,A=夏衍;B=郭沫若,组织,no,no,supported,yes,pending_cross_validation
REL-00352,ZLH-004,夏衍,ZLH-059,白薇,同属组织,critical,low,no,pending_review,左联史,zuolian_shi,486,左联史 第486页,"与《电影新地》相比,《戏剧新闻》显得丰富多了,而且生动活泼、惹人睡爱,撰稿者多为左联作家,如沈端先(夏衍)、白薇、董每戡等,可惜仅出3期就被迫中断。",74,ad271251df90c1988d5263b28c000a2dbaa1d29540f6907e798bf6ae65bab6d9,751209,751283,D:\1大创\左联知识库项目\data\processed\runtime_sources\左联史.txt,A=夏衍;B=白薇,撰稿,no,no,pending_review,no,pending_cross_validation
REL-00354,ZLH-004,夏衍,ZLH-061,朱镜我,交游,low,medium,no,inferred,左联史,zuolian_shi,19,左联史 第19页,"潘汉年是领导人,当然常参加有关活动;人们印象不同的几位是田汉、朱镜我、沈起予、戴平万,这也不奇怪,肯定是他们也都参加过左联的筹备会议,因而给冯雪峰、夏衍、阿英留下了印象。",85,bb5533fc018a06c106dc8edc4709b8576d7d590b10624b160c79871554832935,18433,18518,D:\1大创\左联知识库项目\data\processed\runtime_sources\左联史.txt,A=夏衍;B=朱镜我,参加,no,no,supported,yes,pending_cross_validation
REL-00357,ZLH-004,夏衍,ZLH-067,任钧,同属组织,high,low,yes,pending_review,左联史,zuolian_shi,139,左联史 第139页,"高尔基也是中国人民热爱的革命作家,从1907年起,《东方杂志》、《小说海》、《小说月报》上就不时有中译的高尔基作品出现;左联成立前后,他的名著《母亲》由沈端先译成中文由大江书铺及开明书店先后出版,另一著名长篇小说《阿尔泰套诺夫家的事业》由柔石译成中文,1934年改题《颓废》由商务印书馆出版,译者署名赵璜;鲁迅编辑出版过《高尔基文录》(1930年8月光华书局初版时题名《戈理基文录》,再版时改现名);左联作家华蒂(叶以群)、森堡(任钧)、洪灵菲、蓬子也译过高尔基的小说:华蒂、森堡合译过短篇集《隐秘的爱》,洪灵菲和蓬子则分别译过他的自传体小说《我的童年》。",278,4158c4718c1be6165ce598e32ecbf3aa701ceeaf8f3bbb8e94915b9e60043cb2,202796,203074,D:\1大创\左联知识库项目\data\processed\runtime_sources\左联史.txt,A=沈端先;B=任钧,编辑,no,no,pending_review,no,pending_cross_validation
REL-00358,ZLH-004,夏衍,ZLH-069,张庚,签名联署,low,medium,no,inferred,左联史,zuolian_shi,505,左联史 第505页,"有两个独幕剧是集体创作:《汉奸的子孙》,尤党和章涂、洪深、张庚合作,尤兢执笔;《撒退赵家庄》,夏衍、西苓、章沱、尤党、盛鹤合作,尤兢执笔。",69,ba3a5a1af0c27408d239784444708c97d37be959a3515ffd5a87f28b8649037f,786205,786274,D:\1大创\左联知识库项目\data\processed\runtime_sources\左联史.txt,A=夏衍;B=张庚,合作,no,no,supported,yes,pending_cross_validation
REL-00359,ZLH-004,夏衍,ZLH-070,塞克,待核验,critical,low,no,pending_review,左联史,zuolian_shi,725,左联史 第725页,"丨螯′`__′霉垩′__弓，'第三部全民的抗战松之的、阿英、陈白尘、陈凝秋、舒非春命莲春集体讨论,宋之的初稿,夏衍整理。",60,5a17ce5d98e2af209336cf1c2411b95519289dbc623b4df5de35525ddea4d9f9,1128541,1128601,D:\1大创\左联知识库项目\data\processed\runtime_sources\左联史.txt,A=夏衍;B=陈凝秋,讨论,no,no,pending_review,no,pending_cross_validation
REL-00361,ZLH-004,夏衍,ZLH-073,王余杞,同属组织,critical,low,no,pending_review,左联史,zuolian_shi,16,左联史 第16页,"鲁迅组织朝华社,发行《朝华周刊》与《朝华旬刊》,介绍欧洲弱小民族国家刚健清新的文学和比亚兹菜、蕊谷虹儿的木刻版画;编辑《语丝5》、《奔流》、《萌芽月刊》,发掘培养了白薇、杨骚、侍桁、柔石、张天翼、魏金枝、李守章、雪峰、白荻、王余杞、沈端先、陈正道、楼适夷、冯宪章、方之中、龚冰庐等一批青年作家。",147,09afe421d1c21acdae3e7aa2a939f4c9a4bec9d59decdfd6130b544d05f4dc08,13016,13163,D:\1大创\左联知识库项目\data\processed\runtime_sources\左联史.txt,A=沈端先;B=王余杞,介绍,yes,no,pending_review,no,pending_cross_validation
REL-00363,ZLH-004,夏衍,ZLH-076,马宁,同属组织,high,low,yes,pending_review,左联史,zuolian_shi,98,左联史 第98页,名单如下:冯乃超华_汉_龚冰庐沈叶沉孟超俞_怀_邱韵铎沈端先潘汉年“王洁予冯润璋_顾凤城彭康许峻冯铿王任桐周全平_洪灵菲_戴平万“钱杏邵冯宪章鲁迅杜衡埕子柔石侍桁画室吴贯中黄_素郑伯奇鲁_史朱镜我_田汉王一榴_蒋光慈刘锡五_叶灵凤_郁达夫陶晶孙_戴望舒李初梨_林伯修殴_夫_徐迅雷_程少怀_陈正道_许幸之_郭沫若_沈起予被介绍加人的:仲_豪“徐耘阡_魏金枝届文泳涛丁锐人马宁_孙孟涛王润甫_卢苍雁张璞无产阶级文艺俱乐部的发起人李_平胡忠信阿细余惠“萧歌强其他各反动组织之名单不明。,240,451607e392e76506863cb80a4c973cbf07385569c9884fdd80d90b1d3fb68d03,141748,141988,D:\1大创\左联知识库项目\data\processed\runtime_sources\左联史.txt,A=沈端先;B=马宁,介绍,no,no,pending_review,no,pending_cross_validation
REL-00364,ZLH-004,夏衍,ZLH-077,柳倩,同属组织,high,low,yes,pending_review,左联史,zuolian_shi,424,左联史 第424页,"左翼作家及进步文化工作者124人联名发表《上海文艺界电影界戏剧界音乐界等为意大利水兵暴行宣音》,强烈抗议这一令人发指的法西斯暴行,要求“赌偿损失,惩罚凶手,道歉并保证以后不再发生同类事件“,“我们席望全上海全国的电影观众与爱国同胞一致起来作政府强硬交涉的后盾!“党的电影小组成员和左联影评人儿乎全都签了名,他们是:尤兢、司徒慧敏、沈西苓、阿英、唐瑜、凌鹤、夏衍、许幸之、尘无、郑君平、鲁恺;在抗议宣言上签名的其他左联作家、诗人、翻译家还有白蒲、艾芜、立波、任白戈、任钧、羊枣、沈起予、沙汀、何家榜、林林、林娜、林淡秋、周钢鸢、周扬、荒燥、徐懋庸、柳倩、夏征农、梅雨、戴平万、杨骚、关露、欧阳凡海、穆木天、丽尼。",305,4fb8befd7aa724b4ef7338381515be1416394a8052f4dbc3b5e4ce6c7c80944a,645266,645571,D:\1大创\左联知识库项目\data\processed\runtime_sources\左联史.txt,A=夏衍;B=柳倩,联名,yes,no,pending_review,no,pending_cross_validation
REL-00366,ZLH-004,夏衍,ZLH-081,陈白尘,签名联署,low,medium,no,inferred,左联史,zuolian_shi,725,左联史 第725页,"丨螯′`__′霉垩′__弓，'第三部全民的抗战松之的、阿英、陈白尘、陈凝秋、舒非春命莲春集体讨论,宋之的初稿,夏衍整理。",60,5a17ce5d98e2af209336cf1c2411b95519289dbc623b4df5de35525ddea4d9f9,1128541,1128601,D:\1大创\左联知识库项目\data\processed\runtime_sources\左联史.txt,A=夏衍;B=陈白尘,讨论,no,no,supported,yes,pending_cross_validation
REL-00367,ZLH-004,夏衍,ZLH-082,宋之的,签名联署,low,medium,no,inferred,左联史,zuolian_shi,725,左联史 第725页,"丨螯′`__′霉垩′__弓，'第三部全民的抗战松之的、阿英、陈白尘、陈凝秋、舒非春命莲春集体讨论,宋之的初稿,夏衍整理。",60,5a17ce5d98e2af209336cf1c2411b95519289dbc623b4df5de35525ddea4d9f9,1128541,1128601,D:\1大创\左联知识库项目\data\processed\runtime_sources\左联史.txt,A=夏衍;B=宋之的,讨论,no,no,supported,yes,pending_cross_validation
REL-00368,ZLH-004,夏衍,ZLH-083,林焕平,同属组织,critical,low,no,pending_review,左联史,zuolian_shi,707,左联史 第707页,"国英英芒英葛里人、左联作家的日本文学翁评左联作家翻译介绍日本文学不多,出版的作品集仅10种左右,报刊上发表的论文、小说也不过数十篇,主要从事翻译的左联作家是鲁迅、沈端先(夏衍)、森堡、(任钧)、楼适夷、聂绀弩、胡风、冯完章、林伯修、杨骚、尹庚、袁殊、方光焘、木人、林焕平等。",137,6ceb0b32e4124bf87fc149e1003eae411961af2f675cea1412f91c1557a783fa,1102976,1103113,D:\1大创\左联知识库项目\data\processed\runtime_sources\左联史.txt,A=夏衍;B=林焕平,介绍,yes,yes,pending_review,no,pending_cross_validation
REL-00370,ZLH-004,夏衍,ZLH-091,叶以群,合作,critical,medium,no,pending_review,左联史,zuolian_shi,139,左联史 第139页,"高尔基也是中国人民热爱的革命作家,从1907年起,《东方杂志》、《小说海》、《小说月报》上就不时有中译的高尔基作品出现;左联成立前后,他的名著《母亲》由沈端先译成中文由大江书铺及开明书店先后出版,另一著名长篇小说《阿尔泰套诺夫家的事业》由柔石译成中文,1934年改题《颓废》由商务印书馆出版,译者署名赵璜;鲁迅编辑出版过《高尔基文录》(1930年8月光华书局初版时题名《戈理基文录》,再版时改现名);左联作家华蒂(叶以群)、森堡(任钧)、洪灵菲、蓬子也译过高尔基的小说:华蒂、森堡合译过短篇集《隐秘的爱》,洪灵菲和蓬子则分别译过他的自传体小说《我的童年》。",278,4158c4718c1be6165ce598e32ecbf3aa701ceeaf8f3bbb8e94915b9e60043cb2,202796,203074,D:\1大创\左联知识库项目\data\processed\runtime_sources\左联史.txt,A=沈端先;B=叶以群,编辑,no,no,pending_review,no,pending_cross_validation
REL-00372,ZLH-004,夏衍,ZLH-096,王统照,合作,critical,medium,no,pending_review,左联史,zuolian_shi,568,左联史 第568页,"“0夏衍还代表文委分别和郑振铎、陈望道、巴金、王统照、叶圣陶几位知名作家谈话,传达萧三来信的内容,听取他们的意见(重点路这几位作家谈话,也是萧三来信中特别强调的)。",82,e8a5c28f0837fb94063252756868f529d346a61524a29506466405bd0343932e,893592,893674,D:\1大创\左联知识库项目\data\processed\runtime_sources\左联史.txt,A=夏衍;B=王统照,来信,no,no,pending_review,no,pending_cross_validation
REL-00376,ZLH-004,夏衍,ZLH-100,姚蓬子,文学论战,low,medium,no,inferred,左联史,zuolian_shi,139,左联史 第139页,"高尔基也是中国人民热爱的革命作家,从1907年起,《东方杂志》、《小说海》、《小说月报》上就不时有中译的高尔基作品出现;左联成立前后,他的名著《母亲》由沈端先译成中文由大江书铺及开明书店先后出版,另一著名长篇小说《阿尔泰套诺夫家的事业》由柔石译成中文,1934年改题《颓废》由商务印书馆出版,译者署名赵璜;鲁迅编辑出版过《高尔基文录》(1930年8月光华书局初版时题名《戈理基文录》,再版时改现名);左联作家华蒂(叶以群)、森堡(任钧)、洪灵菲、蓬子也译过高尔基的小说:华蒂、森堡合译过短篇集《隐秘的爱》,洪灵菲和蓬子则分别译过他的自传体小说《我的童年》。",278,4158c4718c1be6165ce598e32ecbf3aa701ceeaf8f3bbb8e94915b9e60043cb2,202796,203074,D:\1大创\左联知识库项目\data\processed\runtime_sources\左联史.txt,A=沈端先;B=蓬子,编辑,no,no,supported,yes,pending_cross_validation
REL-00377,ZLH-004,夏衍,ZLH-104,叶灵凤,交游,low,medium,no,inferred,左联史,zuolian_shi,373,左联史 第373页,"每日电影》专门召开了座谈会,进行座谈讨论,8出席座谈会的有剧本作者蔡叔声(夏衍)、导演程步高,还有姚苏凤、沈西苓、阳翰笙、叶灵凤、赵铭彝、席耐芳(郑伯奇)、张凤吾(阿英)等左翼及进步作家。",94,283e65ad404fd62f2004dfa7699ff15dff0f43c8f14f8e08af071e119f938fcd,563127,563221,D:\1大创\左联知识库项目\data\processed\runtime_sources\左联史.txt,A=夏衍;B=叶灵凤,座谈,no,no,supported,yes,pending_cross_validation
REL-00378,ZLH-004,夏衍,ZLH-105,沈起予,合作,critical,medium,no,pending_review,左联史,zuolian_shi,19,左联史 第19页,"潘汉年是领导人,当然常参加有关活动;人们印象不同的几位是田汉、朱镜我、沈起予、戴平万,这也不奇怪,肯定是他们也都参加过左联的筹备会议,因而给冯雪峰、夏衍、阿英留下了印象。",85,bb5533fc018a06c106dc8edc4709b8576d7d590b10624b160c79871554832935,18433,18518,D:\1大创\左联知识库项目\data\processed\runtime_sources\左联史.txt,A=夏衍;B=沈起予,参加,no,no,pending_review,no,pending_cross_validation
REL-00382,ZLH-004,夏衍,ZLH-112,戴望舒,创作合作,low,medium,no,inferred,左联史,zuolian_shi,98,左联史 第98页,名单如下:冯乃超华_汉_龚冰庐沈叶沉孟超俞_怀_邱韵铎沈端先潘汉年“王洁予冯润璋_顾凤城彭康许峻冯铿王任桐周全平_洪灵菲_戴平万“钱杏邵冯宪章鲁迅杜衡埕子柔石侍桁画室吴贯中黄_素郑伯奇鲁_史朱镜我_田汉王一榴_蒋光慈刘锡五_叶灵凤_郁达夫陶晶孙_戴望舒李初梨_林伯修殴_夫_徐迅雷_程少怀_陈正道_许幸之_郭沫若_沈起予被介绍加人的:仲_豪“徐耘阡_魏金枝届文泳涛丁锐人马宁_孙孟涛王润甫_卢苍雁张璞无产阶级文艺俱乐部的发起人李_平胡忠信阿细余惠“萧歌强其他各反动组织之名单不明。,240,451607e392e76506863cb80a4c973cbf07385569c9884fdd80d90b1d3fb68d03,141748,141988,D:\1大创\左联知识库项目\data\processed\runtime_sources\左联史.txt,A=沈端先;B=戴望舒,介绍,no,no,supported,yes,pending_cross_validation
REL-00387,ZLH-004,夏衍,ZLH-119,何家槐,合作,critical,medium,no,pending_review,左联史,zuolian_shi,574,左联史 第574页,"不仅对冯雪峰,对鲁迅也同样如此,当鲁迅写了《答托洛斯基派的信》和《论现在我们的文学运动》两箭重要文章,冯雪峰通过王学文送到夏衍直接领导,洪深、沈起了主编的《光明》半月刊去刊登,被退回;后来冯雪峰“又通过荠盾把这两文送到《文学界》月刊(“文艺家协会「的机关杂志,何家槐等编辑,周扬亲自领导)去,只刊登了《论现在我们的文学运动》一文,却附了个一千多字的编者附记,攻击了鲁迅;而《答托派信》仍拒绝刊登。",198,3db76031ecfee6bb737056450839a6a582121c810c98372c0758aeb19c5b9db9,903727,903925,D:\1大创\左联知识库项目\data\processed\runtime_sources\左联史.txt,A=夏衍;B=何家槐,编辑,no,no,pending_review,no,pending_cross_validation
REL-00388,ZLH-004,夏衍,ZLH-120,夏征农,同属组织,critical,low,no,pending_review,左联史,zuolian_shi,396,左联史 第396页,"《十字街头》公映后,上海《大晚报》学艺部在南京饭店召开座谈会,对影片进行总结,左联作家郑伯奇、韦或(夏衍)、阿英、尤党(于伶)、夏征农应邀出席,沈西苓列席,此外还有陈子尿、姚莘农、唐纳、柯灵、徐怀沙等文学界、电影界人土,崔万秋主持会议。",118,9db26e08553d9e313b07635184698406b73f548224936aa24cd5f93a4103f730,600348,600466,D:\1大创\左联知识库项目\data\processed\runtime_sources\左联史.txt,A=夏衍;B=夏征农,邀,no,no,pending_review,no,pending_cross_validation
REL-00392,ZLH-004,夏衍,ZLH-127,曹靖华,创作合作,low,medium,no,inferred,左联词典,zuolian_cidian,132,左联词典 第132页,"贺词由鲁迅、茅盾、丁玲、曹靖华、洛扬(汞雪峰)、奕如(夏衍),适夷联名签署.",38,b75ddb557750af72b6b6d81e3b7328651334dc85d3fd8fa2dbd5f123788140bd,60999,61037,D:\1大创\左联知识库项目\data\processed\runtime_sources\左联词典.txt,A=夏衍;B=曹靖华,联名,no,no,supported,yes,pending_cross_validation
REL-00402,ZLH-004,夏衍,ZLH-139,陈望道,创作合作,low,medium,no,inferred,鲁迅日记,luxun_diary,,鲁迅日记 页码未识别,大江书店招餐于新雅茶店，晚与雪峰同往，同席为傅东华、施复亮、汪馥泉、沈端先、冯三昧、陈望道、郭昭熙等。,51,9b194389d5e87d1a4fc23d8c4f651bfd91602545078771f28de3621b350b7987,67007,67058,D:\1大创\左联知识库项目\research\raw_texts\日记全编：全2册 (鲁迅 著) (Z-Library).txt,A=沈端先;B=陈望道,同往,no,no,supported,yes,pending_cross_validation
REL-00403,ZLH-004,夏衍,ZLH-141,高尔基,交游,low,medium,no,inferred,左联史,zuolian_shi,684,左联史 第684页,"左翼文学界翻译介绍高尔基及其作品,约始于1928年,最早的翻译者是沈端先(夏衍)。",41,3a8c2a5d34c773a9f4941fe0515c21f0e2f2b089960d12162ae79ff85215b875,1067651,1067692,D:\1大创\左联知识库项目\data\processed\runtime_sources\左联史.txt,A=夏衍;B=高尔基,介绍,no,no,supported,yes,pending_cross_validation
REL-00406,ZLH-004,夏衍,ZLH-144,巴比塞,创作合作,low,medium,no,inferred,左联史,zuolian_shi,474,左联史 第474页,"1933年8月,传闻法国反战作家巴比塞将率代表团来上海出席远东反战大会,文化界发表《中国著作家欢迎巴比塞代表团启事》,沈端先在启事上签名。",69,d308cb5a60372d58b5b09bb6eedf4828635be32232d07b7f83a20bfffe80d819,730930,730999,D:\1大创\左联知识库项目\data\processed\runtime_sources\左联史.txt,A=沈端先;B=巴比塞,签名,no,no,supported,yes,pending_cross_validation
REL-00409,ZLH-004,夏衍,ZLH-150,萧三,同属组织,high,low,yes,pending_review,左联史,zuolian_shi,567,左联史 第567页,"夏衍说,他和周扬收到萧三来信后,首先把这封信D“即国际革伯作家联盟。",34,e5b4f75ca0cf29c362842027365427265a38f7ee04cc0e771d15a5f63470ac0a,893270,893304,D:\1大创\左联知识库项目\data\processed\runtime_sources\左联史.txt,A=夏衍;B=萧三,来信,no,no,pending_review,no,pending_cross_validation
REL-00410,ZLH-005,冯雪峰,ZLH-006,潘汉年,合作,critical,medium,no,pending_review,左联史,zuolian_shi,19,左联史 第19页,"潘汉年是领导人,当然常参加有关活动;人们印象不同的几位是田汉、朱镜我、沈起予、戴平万,这也不奇怪,肯定是他们也都参加过左联的筹备会议,因而给冯雪峰、夏衍、阿英留下了印象。",85,bb5533fc018a06c106dc8edc4709b8576d7d590b10624b160c79871554832935,18433,18518,D:\1大创\左联知识库项目\data\processed\runtime_sources\左联史.txt,A=冯雪峰;B=潘汉年,参加,no,no,pending_review,no,pending_cross_validation
REL-00411,ZLH-005,冯雪峰,ZLH-007,周扬,待核验,critical,low,no,pending_review,左联史,zuolian_shi,591,左联史 第591页,冯雪峰对周扬“文学理论问题上的机械的观点“给予了具体的坚决的批判。,33,5b8f0f70e6058308f5ad95b8581f3769e1f99550ee5f5404d0c39676bccb075d,931233,931266,D:\1大创\左联知识库项目\data\processed\runtime_sources\左联史.txt,A=冯雪峰;B=周扬,批判,no,no,pending_review,no,pending_cross_validation
REL-00412,ZLH-005,冯雪峰,ZLH-008,田汉,同属组织,critical,low,no,pending_review,左联史,zuolian_shi,36,左联史 第36页,"作家柔石致开会词,文总党团书记华汉(阳翰笙)、剧联代表田汉和洪深、《萌芽》月刊主编画室(冯雪峰)也相继致词。",54,0dd0b057c94fc0d66adbfe23fb79d0759bfdc5bb65628fe887e2debcba5867cb,44539,44593,D:\1大创\左联知识库项目\data\processed\runtime_sources\左联史.txt,A=冯雪峰;B=田汉,主编,no,no,pending_review,no,pending_cross_validation
REL-00413,ZLH-005,冯雪峰,ZLH-009,郑伯奇,待核验,critical,low,no,pending_review,左联史,zuolian_shi,161,左联史 第161页,"在这汀讨论中,洛扬(冯雪峰)、起应(周扬)、何大白(郑伯奇)、寒生(阳翰笙)、止敬(茅盾)都发表了各自的见解,值得重视。",60,5986eedefaa8f48634b7423950c8db98421b049384541c5c5ed4d09258000960,234274,234334,D:\1大创\左联知识库项目\data\processed\runtime_sources\左联史.txt,A=冯雪峰;B=郑伯奇,讨论,no,no,pending_review,no,pending_cross_validation
REL-00414,ZLH-005,冯雪峰,ZLH-010,洪深,创作合作,low,medium,no,inferred,左联史,zuolian_shi,36,左联史 第36页,"作家柔石致开会词,文总党团书记华汉(阳翰笙)、剧联代表田汉和洪深、《萌芽》月刊主编画室(冯雪峰)也相继致词。",54,0dd0b057c94fc0d66adbfe23fb79d0759bfdc5bb65628fe887e2debcba5867cb,44539,44593,D:\1大创\左联知识库项目\data\processed\runtime_sources\左联史.txt,A=冯雪峰;B=洪深,主编,no,no,supported,yes,pending_cross_validation
REL-00415,ZLH-005,冯雪峰,ZLH-011,钱杏邨,交往,critical,medium,no,pending_review,左联史,zuolian_shi,19,左联史 第19页,"潘汉年是领导人,当然常参加有关活动;人们印象不同的几位是田汉、朱镜我、沈起予、戴平万,这也不奇怪,肯定是他们也都参加过左联的筹备会议,因而给冯雪峰、夏衍、阿英留下了印象。",85,bb5533fc018a06c106dc8edc4709b8576d7d590b10624b160c79871554832935,18433,18518,D:\1大创\左联知识库项目\data\processed\runtime_sources\左联史.txt,A=冯雪峰;B=阿英,参加,no,no,pending_review,no,pending_cross_validation
REL-00416,ZLH-005,冯雪峰,ZLH-012,蒋光慈,待核验,critical,low,no,pending_review,左联史,zuolian_shi,8,左联史 第8页,"“那么中国人吴,在20世纪30年代的上海、北平乃至日本东京,一个中国人会思考,两个中国人会密议,三个中国人就会结社团、办杂志、呐喊、抗议!郭沫若、成仿吾、冯乃超碰在一起就结成新一轮的“创造社“,出版新一轮的《创造月刊》和《文化批判3;鲁迅、冯雪峰、柔石碰在一起就出版《朝花》周刊和《萧芽月刊》;蒋光慈、钱杏邺、蛋超碰在一起就组织“太阳社“,出版《太阳月刊》;杜国库、洪灵菲、戴平万碰在一起就组织“我们社“,出版《我们月刊》。",212,02d01971454700a72a32ac966e3c8f1f10b0b68e4638ff1cb60f081baf6b76e8,4799,5011,D:\1大创\左联知识库项目\data\processed\runtime_sources\左联史.txt,A=冯雪峰;B=蒋光慈,一起,no,no,pending_review,no,pending_cross_validation
REL-00417,ZLH-005,冯雪峰,ZLH-013,阳翰笙,待核验,critical,low,no,pending_review,左联史,zuolian_shi,36,左联史 第36页,"作家柔石致开会词,文总党团书记华汉(阳翰笙)、剧联代表田汉和洪深、《萌芽》月刊主编画室(冯雪峰)也相继致词。",54,0dd0b057c94fc0d66adbfe23fb79d0759bfdc5bb65628fe887e2debcba5867cb,44539,44593,D:\1大创\左联知识库项目\data\processed\runtime_sources\左联史.txt,A=冯雪峰;B=阳翰笙,主编,no,no,pending_review,no,pending_cross_validation
REL-00418,ZLH-005,冯雪峰,ZLH-014,冯乃超,同属组织,critical,low,no,pending_review,左联史,zuolian_shi,21,左联史 第21页,"据几位左联发起人及早期盟员的回忆,先后担任过左联党团书记的有冯乃超、阳翰笙、钱杏郫、冯雪峰、耶林、丁玲、周扬。",55,72447799e7ece094c82c683dd417f80cc73db670fcaff56dcbaef46a0b9116cd,21329,21384,D:\1大创\左联知识库项目\data\processed\runtime_sources\左联史.txt,A=冯雪峰;B=冯乃超,发起,no,no,pending_review,no,pending_cross_validation
REL-00419,ZLH-005,冯雪峰,ZLH-015,郁达夫,创作合作,low,medium,no,inferred,左联史,zuolian_shi,98,左联史 第98页,名单如下:冯乃超华_汉_龚冰庐沈叶沉孟超俞_怀_邱韵铎沈端先潘汉年“王洁予冯润璋_顾凤城彭康许峻冯铿王任桐周全平_洪灵菲_戴平万“钱杏邵冯宪章鲁迅杜衡埕子柔石侍桁画室吴贯中黄_素郑伯奇鲁_史朱镜我_田汉王一榴_蒋光慈刘锡五_叶灵凤_郁达夫陶晶孙_戴望舒李初梨_林伯修殴_夫_徐迅雷_程少怀_陈正道_许幸之_郭沫若_沈起予被介绍加人的:仲_豪“徐耘阡_魏金枝届文泳涛丁锐人马宁_孙孟涛王润甫_卢苍雁张璞无产阶级文艺俱乐部的发起人李_平胡忠信阿细余惠“萧歌强其他各反动组织之名单不明。,240,451607e392e76506863cb80a4c973cbf07385569c9884fdd80d90b1d3fb68d03,141748,141988,D:\1大创\左联知识库项目\data\processed\runtime_sources\左联史.txt,A=画室;B=郁达夫,介绍,no,no,supported,yes,pending_cross_validation
REL-00420,ZLH-005,冯雪峰,ZLH-016,柔石,交游,low,medium,no,inferred,鲁迅日记,luxun_diary,,鲁迅日记 页码未识别,邀侍桁、雪峰、柔石往中有天夜饭。,16,5acb62d4defa1784894a4c31059f9d8e36b155482554b63c34aa3c1b6d84fea7,67589,67605,D:\1大创\左联知识库项目\research\raw_texts\日记全编：全2册 (鲁迅 著) (Z-Library).txt,A=雪峰;B=柔石,邀,no,no,supported,yes,pending_cross_validation
REL-00421,ZLH-005,冯雪峰,ZLH-017,胡也频,交游,low,medium,no,inferred,左联词典,zuolian_cidian,344,左联词典 第344页,"为抗议国民党反动派屠杀李伟森、胡也频、柔石、殷夫、冯铿、宗晋等左翼作家和左翼艺术家的暴行,在鲁迅、冯雪峰领导下,参加左联机关刊(前哨3刑编辑.",71,060d3acc87fd83c1ea3ab4315929ea44aed217a40e0a626365ba60b1d1ae22a4,248567,248638,D:\1大创\左联知识库项目\data\processed\runtime_sources\左联词典.txt,A=冯雪峰;B=胡也频,参加,no,no,supported,yes,pending_cross_validation
REL-00422,ZLH-005,冯雪峰,ZLH-018,冯铿,交游,low,medium,no,inferred,左联词典,zuolian_cidian,344,左联词典 第344页,"为抗议国民党反动派屠杀李伟森、胡也频、柔石、殷夫、冯铿、宗晋等左翼作家和左翼艺术家的暴行,在鲁迅、冯雪峰领导下,参加左联机关刊(前哨3刑编辑.",71,060d3acc87fd83c1ea3ab4315929ea44aed217a40e0a626365ba60b1d1ae22a4,248567,248638,D:\1大创\左联知识库项目\data\processed\runtime_sources\左联词典.txt,A=冯雪峰;B=冯铿,参加,no,no,supported,yes,pending_cross_validation
REL-00423,ZLH-005,冯雪峰,ZLH-019,殷夫,创作合作,low,medium,no,inferred,左联词典,zuolian_cidian,344,左联词典 第344页,"为抗议国民党反动派屠杀李伟森、胡也频、柔石、殷夫、冯铿、宗晋等左翼作家和左翼艺术家的暴行,在鲁迅、冯雪峰领导下,参加左联机关刊(前哨3刑编辑.",71,060d3acc87fd83c1ea3ab4315929ea44aed217a40e0a626365ba60b1d1ae22a4,248567,248638,D:\1大创\左联知识库项目\data\processed\runtime_sources\左联词典.txt,A=冯雪峰;B=殷夫,参加,no,no,supported,yes,pending_cross_validation
REL-00424,ZLH-005,冯雪峰,ZLH-020,李求实,创作合作,low,medium,no,inferred,左联史,zuolian_shi,15,左联史 第15页,"荣命互济会的负责人王望平,还有李伟森、柔石、冯雪峰、韩侍桁、马宁等进步青年作家也多次拜访过先生,柔石、冯雪峰后来还成为鲁迅最忠诚的学生和战友。",71,91cf89eac607cddf34b3cc273012e91fb4d077a6182e94648c5959af77330983,12383,12454,D:\1大创\左联知识库项目\data\processed\runtime_sources\左联史.txt,A=冯雪峰;B=李伟森,拜访,no,no,supported,yes,pending_cross_validation
REL-00425,ZLH-005,冯雪峰,ZLH-021,丁玲,交游,low,medium,no,inferred,左联史,zuolian_shi,622,左联史 第622页,"自从冯雪峰回到上海之后,他相信营救丁玲的时机成熟了。",26,f6e034a0986e3a9c7ae4e7c30757c49dc71efe9da5939e3c6f29cdfda5cbce4b,977994,978020,D:\1大创\左联知识库项目\data\processed\runtime_sources\左联史.txt,A=冯雪峰;B=丁玲,营救,no,no,supported,yes,pending_cross_validation
REL-00426,ZLH-005,冯雪峰,ZLH-022,张天翼,地下通讯,low,medium,no,inferred,左联史,zuolian_shi,622,左联史 第622页,"1936年4月,中共中央特派员冯雪峰衔命从陕北秘密来到上海,张天翼多次会见他,接受他交给的各种任务,其中一项就是设法腊救丁玲。",63,23e8cbec25dc620a5580d9092289e99282b62512aacf14d402e76630155a7071,977787,977850,D:\1大创\左联知识库项目\data\processed\runtime_sources\左联史.txt,A=冯雪峰;B=张天翼,会见,no,no,supported,yes,pending_cross_validation
REL-00427,ZLH-005,冯雪峰,ZLH-023,叶紫,同属组织,critical,low,no,pending_review,左联词典,zuolian_cidian,520,左联词典 第520页,“部份盟员“左联“时期活动篓介“介绍了丁玲、于伶、马宁、王西彦、王志之、王蕹嘉、方殷、艾芜、叶紫、田汉、田间、白曙、冯乃超、冯雪峰、冯锂、任白戈、任钧、阳翰笙、孙席珍、李伟森、吴奚如、应修人、沙汀、沈起子、张天翼、张松如、阿英、陈沂、林焕平、茅盾、郁达夫等31位盟员作家在左联时期的活动。,144,1c54b7552e43a916ff2acc15b4d28af1b87a832afae6bd45b668809cf99f7340,397549,397693,D:\1大创\左联知识库项目\data\processed\runtime_sources\左联词典.txt,A=冯雪峰;B=叶紫,介绍,yes,no,pending_review,no,pending_cross_validation
REL-00428,ZLH-005,冯雪峰,ZLH-024,艾芜,同属组织,critical,low,no,pending_review,左联史,zuolian_shi,624,左联史 第624页,"为了让更多的左翼作家能有机会互相交流文坛信息、探讨创作问题,茅盾和冯雪峰等商议,欧定组织部分青年作家每两周举行一次聚餐会,时间在第二个星期日,故名“月曜会“,由茅盾作东,与会的有张天翰、泉汀、艾芜、王任叔、端木蕻良、陈白尘、蒋牧良等。",117,394541e705cfde75330c754a73c85b95b5fdeffd54653750b4ba24011c467133,980536,980653,D:\1大创\左联知识库项目\data\processed\runtime_sources\左联史.txt,A=冯雪峰;B=艾芜,组织,no,no,pending_review,no,pending_cross_validation
REL-00429,ZLH-005,冯雪峰,ZLH-025,沙汀,同属组织,critical,low,no,pending_review,左联词典,zuolian_cidian,484,左联词典 第484页,"周起应接编后,积极介绍马克思主义文艺理论和各国革命文学,发表了艾芜、沙汀等--批青年作家的作品,对推动左翼文学运动的发展、打破反革和文化围剑起了重要作用,但该刊4号发表的长诀《汉奸的供状》(芸生)是一篇有严重政治错误的作品,受到中共中央文化下作委员会书让冯雪峰的批评,瞿秋白、鲁迅都支持冯的意见,鲁迅些应雪峰之请,写了致该刊编者的公开信(辱骂和恐吓决不是战斗》,进行纠正,该刊发表了此信。",194,a144e10b84af49263588f29f49fef098fb1842dffa0b499270b706a59429da78,367351,367545,D:\1大创\左联知识库项目\data\processed\runtime_sources\左联词典.txt,A=冯雪峰;B=沙汀,介绍,no,no,pending_review,no,pending_cross_validation
REL-00430,ZLH-005,冯雪峰,ZLH-026,胡风,地下通讯,low,medium,no,inferred,左联史,zuolian_shi,509,左联史 第509页,"在上述这些支持者中,冯雪峰、胡风、聂绀弩都是鲁迅信得过的,和先生接触较多,遂由他们去向先生汇报情况,索要文稿。",55,8484ad7e14984050ed4e86e84f9a023e36f2e9a7a47a12b7e3f2170e59bc56b7,793271,793326,D:\1大创\左联知识库项目\data\processed\runtime_sources\左联史.txt,A=冯雪峰;B=胡风,支持,no,no,supported,yes,pending_cross_validation
REL-00431,ZLH-005,冯雪峰,ZLH-027,萧军,地下通讯,low,medium,no,inferred,左联史,zuolian_shi,605,左联史 第605页,"6时许,生前友好冯雪峰、黄源、萧军、内山完造、鹿地亘夫妇闻讯后即赶到鲁迅寓所。",39,65356ae76ec6a832fb0b061195cbb8dea1e2dd97e47eee426f3b7b85ba277c0b,952574,952613,D:\1大创\左联知识库项目\data\processed\runtime_sources\左联史.txt,A=冯雪峰;B=萧军,,no,no,supported,yes,pending_cross_validation
REL-00433,ZLH-005,冯雪峰,ZLH-029,聂绀弩,地下通讯,low,medium,no,inferred,左联史,zuolian_shi,509,左联史 第509页,"在上述这些支持者中,冯雪峰、胡风、聂绀弩都是鲁迅信得过的,和先生接触较多,遂由他们去向先生汇报情况,索要文稿。",55,8484ad7e14984050ed4e86e84f9a023e36f2e9a7a47a12b7e3f2170e59bc56b7,793271,793326,D:\1大创\左联知识库项目\data\processed\runtime_sources\左联史.txt,A=冯雪峰;B=聂绀弩,支持,no,no,supported,yes,pending_cross_validation
REL-00434,ZLH-005,冯雪峰,ZLH-030,吴奚如,文学论战,low,medium,no,inferred,左联词典,zuolian_cidian,282,左联词典 第282页,"同年12月,冯雪峰调离上海去江西中央苏区,胡风受中央特科负责人吴奚如委托,为中央特科和鲁迅联系的机要交通员。",54,fbb63f252a2733b1aac6f2dd6cca4302d56f58b971b4cfb14f737fa8aede5cfb,193943,193997,D:\1大创\左联知识库项目\data\processed\runtime_sources\左联词典.txt,A=冯雪峰;B=吴奚如,,no,no,supported,yes,pending_cross_validation
REL-00436,ZLH-005,冯雪峰,ZLH-032,徐懋庸,文学论战,low,medium,no,inferred,左联史,zuolian_shi,586,左联史 第586页,"鲁迅《答徐懋庸并关于抗日统一战线问题》的发表鲁迅收到徐懋庸来信那天下午,冯雪峰正好去探望先生的病,鲁迅将徐氏来信递给他,一边气愤地说:“真的打上门来了!他们明明知道我有病!这是挑战。",91,7f1ac578d35d4b83c987f3d9f0382e791dff18a47c8b7e484185d1610364bdc6,922423,922514,D:\1大创\左联知识库项目\data\processed\runtime_sources\左联史.txt,A=冯雪峰;B=徐懋庸,探望,no,no,supported,yes,pending_cross_validation
REL-00437,ZLH-005,冯雪峰,ZLH-034,彭康,交游,low,medium,no,inferred,左联史,zuolian_shi,98,左联史 第98页,名单如下:冯乃超华_汉_龚冰庐沈叶沉孟超俞_怀_邱韵铎沈端先潘汉年“王洁予冯润璋_顾凤城彭康许峻冯铿王任桐周全平_洪灵菲_戴平万“钱杏邵冯宪章鲁迅杜衡埕子柔石侍桁画室吴贯中黄_素郑伯奇鲁_史朱镜我_田汉王一榴_蒋光慈刘锡五_叶灵凤_郁达夫陶晶孙_戴望舒李初梨_林伯修殴_夫_徐迅雷_程少怀_陈正道_许幸之_郭沫若_沈起予被介绍加人的:仲_豪“徐耘阡_魏金枝届文泳涛丁锐人马宁_孙孟涛王润甫_卢苍雁张璞无产阶级文艺俱乐部的发起人李_平胡忠信阿细余惠“萧歌强其他各反动组织之名单不明。,240,451607e392e76506863cb80a4c973cbf07385569c9884fdd80d90b1d3fb68d03,141748,141988,D:\1大创\左联知识库项目\data\processed\runtime_sources\左联史.txt,A=画室;B=彭康,介绍,no,no,supported,yes,pending_cross_validation
REL-00439,ZLH-005,冯雪峰,ZLH-036,穆木天,同属组织,critical,low,no,pending_review,左联史,zuolian_shi,445,左联史 第445页,"1932年1月17日,在南市方斜路公共体育场召开有两万市民参加的上海市民大会,丁玲和何丹仁(冯雪峰)、适夷、杨骚、华汉(阳翰笙)、华蒂(叶以群)、何畏、郑伯奇、穆木天、蔡子等左联成员都参加了大会及游行示威。",103,599db7fac32e953d7569f91a05bb41ce9be990f903aed3f7713e8458c1c7e432,681106,681209,D:\1大创\左联知识库项目\data\processed\runtime_sources\左联史.txt,A=冯雪峰;B=穆木天,参加,no,no,pending_review,no,pending_cross_validation
REL-00440,ZLH-005,冯雪峰,ZLH-037,楼适夷,创作合作,low,medium,no,inferred,左联词典,zuolian_cidian,132,左联词典 第132页,"贺词由鲁迅、茅盾、丁玲、曹靖华、洛扬(汞雪峰)、奕如(夏衍),适夷联名签署.",38,b75ddb557750af72b6b6d81e3b7328651334dc85d3fd8fa2dbd5f123788140bd,60999,61037,D:\1大创\左联知识库项目\data\processed\runtime_sources\左联词典.txt,A=洛扬;B=适夷,联名,no,no,supported,yes,pending_cross_validation
REL-00441,ZLH-005,冯雪峰,ZLH-038,陈荒煤,同属组织,high,low,yes,pending_review,左联词典,zuolian_cidian,537,左联词典 第537页,"全书执笔者有立波、梅雨、何家槐、田汉、周钥鸣、于伶、徐懋庸、式加(王尧山、腐风、周扬、夏衍、茅盾、石夫(伍石夫)、鲁迅、龙贡公(欧阳山》、绀訾(聂绀弹)、奚如(吴奚如)、郑伯奇、关露、张天翼、郭沫若、辛人(陈辛仁)、荒煤、征农、艾芜、魏金枝、罗烟、林娜(司马文森)、舒群、叶紫、戴平万、沙汀、杨骚、凡海(欧阳凡海)、蒲风、阳翰笙、丁非(孙席珀)、冼鹄、吕克玉(冯雪峰)、北鹃(陈北鸥)、任白戈、雷石榆、林林等左翼作家,是至今搜罗最完备的“两个口号“论争资料集。",230,6c6c286494baf180de948ef4ef5cb541ff67a6db7f22e0022398480634be9d06,412177,412407,D:\1大创\左联知识库项目\data\processed\runtime_sources\左联词典.txt,A=冯雪峰;B=荒煤,,yes,no,pending_review,no,pending_cross_validation
REL-00443,ZLH-005,冯雪峰,ZLH-042,魏金枝,交游,low,medium,no,inferred,鲁迅日记,luxun_diary,,鲁迅日记 页码未识别,魏金枝自杭来，夜同往兴亚夜餐，同坐又有柔石、雪峰及其夫人，归途有形似学生者三人，追踪甚久。,45,279ab8137113e9fb0db9eaa90c356cbc208e2cc3c48ea8da106ec134c57d6e11,69594,69639,D:\1大创\左联知识库项目\research\raw_texts\日记全编：全2册 (鲁迅 著) (Z-Library).txt,A=雪峰;B=魏金枝,同往,no,no,supported,yes,pending_cross_validation
REL-00444,ZLH-005,冯雪峰,ZLH-043,端木蕻良,合作,critical,medium,no,pending_review,左联史,zuolian_shi,624,左联史 第624页,"为了让更多的左翼作家能有机会互相交流文坛信息、探讨创作问题,茅盾和冯雪峰等商议,欧定组织部分青年作家每两周举行一次聚餐会,时间在第二个星期日,故名“月曜会“,由茅盾作东,与会的有张天翰、泉汀、艾芜、王任叔、端木蕻良、陈白尘、蒋牧良等。",117,394541e705cfde75330c754a73c85b95b5fdeffd54653750b4ba24011c467133,980536,980653,D:\1大创\左联知识库项目\data\processed\runtime_sources\左联史.txt,A=冯雪峰;B=端木蕻良,组织,no,no,pending_review,no,pending_cross_validation
REL-00445,ZLH-005,冯雪峰,ZLH-045,周立波,同属组织,critical,low,no,pending_review,左联史,zuolian_shi,158,左联史 第158页,"为了使《大众文艺》这个刊物真正面向大众,改进编辑工作,《大众文艺》社又举办过两次“我希望于大众文艺的“笔谈,郭沫若、郁达夫、柔石、冯乃超、潘汉年、戴平万、洪灵菲、王一槛、孟超、周绍仪(立波)、冯涧璋、华汉(阳翰笙)、钱杏郭(阿英)、画室(冯雪峰)、穆木天、沈端先(夏衍)等参加笔谈,各抒己见。",146,5275ef307fbeec81a9c18a592931bee36e9e246cba18da040b995109dcd5f349,230025,230171,D:\1大创\左联知识库项目\data\processed\runtime_sources\左联史.txt,A=冯雪峰;B=周绍仪,参加,yes,no,pending_review,no,pending_cross_validation
REL-00448,ZLH-005,冯雪峰,ZLH-048,王任叔,交游,low,medium,no,inferred,左联史,zuolian_shi,624,左联史 第624页,"为了让更多的左翼作家能有机会互相交流文坛信息、探讨创作问题,茅盾和冯雪峰等商议,欧定组织部分青年作家每两周举行一次聚餐会,时间在第二个星期日,故名“月曜会“,由茅盾作东,与会的有张天翰、泉汀、艾芜、王任叔、端木蕻良、陈白尘、蒋牧良等。",117,394541e705cfde75330c754a73c85b95b5fdeffd54653750b4ba24011c467133,980536,980653,D:\1大创\左联知识库项目\data\processed\runtime_sources\左联史.txt,A=冯雪峰;B=王任叔,组织,no,no,supported,yes,pending_cross_validation
REL-00450,ZLH-005,冯雪峰,ZLH-053,黄源,交往,critical,medium,no,pending_review,左联史,zuolian_shi,605,左联史 第605页,"6时许,生前友好冯雪峰、黄源、萧军、内山完造、鹿地亘夫妇闻讯后即赶到鲁迅寓所。",39,65356ae76ec6a832fb0b061195cbb8dea1e2dd97e47eee426f3b7b85ba277c0b,952574,952613,D:\1大创\左联知识库项目\data\processed\runtime_sources\左联史.txt,A=冯雪峰;B=黄源,,no,no,pending_review,no,pending_cross_validation
REL-00451,ZLH-005,冯雪峰,ZLH-054,许幸之,待核验,critical,low,yes,pending_review,左联史,zuolian_shi,98,左联史 第98页,名单如下:冯乃超华_汉_龚冰庐沈叶沉孟超俞_怀_邱韵铎沈端先潘汉年“王洁予冯润璋_顾凤城彭康许峻冯铿王任桐周全平_洪灵菲_戴平万“钱杏邵冯宪章鲁迅杜衡埕子柔石侍桁画室吴贯中黄_素郑伯奇鲁_史朱镜我_田汉王一榴_蒋光慈刘锡五_叶灵凤_郁达夫陶晶孙_戴望舒李初梨_林伯修殴_夫_徐迅雷_程少怀_陈正道_许幸之_郭沫若_沈起予被介绍加人的:仲_豪“徐耘阡_魏金枝届文泳涛丁锐人马宁_孙孟涛王润甫_卢苍雁张璞无产阶级文艺俱乐部的发起人李_平胡忠信阿细余惠“萧歌强其他各反动组织之名单不明。,240,451607e392e76506863cb80a4c973cbf07385569c9884fdd80d90b1d3fb68d03,141748,141988,D:\1大创\左联知识库项目\data\processed\runtime_sources\左联史.txt,A=画室;B=许幸之,介绍,no,no,pending_review,no,pending_cross_validation
REL-00452,ZLH-005,冯雪峰,ZLH-058,郭沫若,交游,low,medium,no,inferred,左联史,zuolian_shi,8,左联史 第8页,"“那么中国人吴,在20世纪30年代的上海、北平乃至日本东京,一个中国人会思考,两个中国人会密议,三个中国人就会结社团、办杂志、呐喊、抗议!郭沫若、成仿吾、冯乃超碰在一起就结成新一轮的“创造社“,出版新一轮的《创造月刊》和《文化批判3;鲁迅、冯雪峰、柔石碰在一起就出版《朝花》周刊和《萧芽月刊》;蒋光慈、钱杏邺、蛋超碰在一起就组织“太阳社“,出版《太阳月刊》;杜国库、洪灵菲、戴平万碰在一起就组织“我们社“,出版《我们月刊》。",212,02d01971454700a72a32ac966e3c8f1f10b0b68e4638ff1cb60f081baf6b76e8,4799,5011,D:\1大创\左联知识库项目\data\processed\runtime_sources\左联史.txt,A=冯雪峰;B=郭沫若,一起,no,no,supported,yes,pending_cross_validation
REL-00453,ZLH-005,冯雪峰,ZLH-059,白薇,同属组织,critical,low,no,pending_review,左联史,zuolian_shi,143,左联史 第143页,"S》,白薇的剧本《北宁路树站》,谷非(胡风)的诗《仇敌的祭礼》;论文有丹仁(冯雪峰)《关于新的小说的诞生一一评丁玲的〈水?》,钱杏邹《一九三一年文坛之回顾》,朱环(荣盾)《关于“创作“》,李易水(冯乃超)《新人张天鬟的作品》,魏金枝《过去对于“创作“的一般谬见》,沈端先译《报告文学论》等。",145,2723178a8ce60ac4f616607a2bdf64c26bfb98e288e7966a4aa769a3929828e8,209428,209573,D:\1大创\左联知识库项目\data\processed\runtime_sources\左联史.txt,A=冯雪峰;B=白薇,,no,yes,pending_review,no,pending_cross_validation
REL-00455,ZLH-005,冯雪峰,ZLH-061,朱镜我,交游,low,medium,no,inferred,左联词典,zuolian_cidian,181,左联词典 第181页,"为进一步了解苏区情况,同年夏的一天,朱镜我、冯雪峰陪同陈赓去拉摩斯公寓秘密会见鲁迅先生。",44,82f2b19c669a54592708cb3615d682f1d15e9f6758e4daa0a310b2678fb87aae,104214,104258,D:\1大创\左联知识库项目\data\processed\runtime_sources\左联词典.txt,A=冯雪峰;B=朱镜我,会见,no,no,supported,yes,pending_cross_validation
REL-00456,ZLH-005,冯雪峰,ZLH-063,任白戈,合作,critical,medium,no,pending_review,左联史,zuolian_shi,22,左联史 第22页,"左联为加强日常工作的领导,还设有行政书记(也叫执行书记或常务书记),担任过这一职务的有鲁迅、茅盾、况雪峰、冯乃超、华汉(阳翰笙)、胡风、任白戈、徐懋庸等人。",78,3272c50630cfcd50ae671f8739a1c542328e5d0417902b9c65c4b9fb7541c6ab,21933,22011,D:\1大创\左联知识库项目\data\processed\runtime_sources\左联史.txt,A=雪峰;B=任白戈,,no,no,pending_review,no,pending_cross_validation
REL-00460,ZLH-005,冯雪峰,ZLH-071,李霁野,合作,critical,medium,no,pending_review,左联史,zuolian_shi,619,左联史 第619页,许寿裳的讲演稿《鲁迅的生活》、李霁野的散文《听雁》是冯雪峰约来的。,33,a68b3b5836eb8c63a68b7e01d15c08c9274d3e748ccf085e17084729d7150f90,973383,973416,D:\1大创\左联知识库项目\data\processed\runtime_sources\左联史.txt,A=冯雪峰;B=李霁野,约,no,no,pending_review,no,pending_cross_validation
REL-00461,ZLH-005,冯雪峰,ZLH-073,王余杞,同属组织,critical,low,no,pending_review,左联史,zuolian_shi,16,左联史 第16页,"鲁迅组织朝华社,发行《朝华周刊》与《朝华旬刊》,介绍欧洲弱小民族国家刚健清新的文学和比亚兹菜、蕊谷虹儿的木刻版画;编辑《语丝5》、《奔流》、《萌芽月刊》,发掘培养了白薇、杨骚、侍桁、柔石、张天翼、魏金枝、李守章、雪峰、白荻、王余杞、沈端先、陈正道、楼适夷、冯宪章、方之中、龚冰庐等一批青年作家。",147,09afe421d1c21acdae3e7aa2a939f4c9a4bec9d59decdfd6130b544d05f4dc08,13016,13163,D:\1大创\左联知识库项目\data\processed\runtime_sources\左联史.txt,A=雪峰;B=王余杞,介绍,yes,no,pending_review,no,pending_cross_validation
REL-00464,ZLH-005,冯雪峰,ZLH-080,陈企霞,同属组织,high,low,yes,pending_review,左联史,zuolian_shi,440,左联史 第440页,"这年4月,开始了全党整风运动,但在文艺界,我们看见的是一些当年的左翼作家在挨批挨斗挨整,如丁玲、陈企霞、罗烽、白朗、艾青等人,其中最惨的是冯雪峰。",73,55f0ce6b3ce96d0d425772991f35e037fde4d9555dc513d0b493f6d533f817aa,671650,671723,D:\1大创\左联知识库项目\data\processed\runtime_sources\左联史.txt,A=冯雪峰;B=陈企霞,,no,no,pending_review,no,pending_cross_validation
REL-00465,ZLH-005,冯雪峰,ZLH-081,陈白尘,空间共现,low,medium,no,inferred,左联史,zuolian_shi,624,左联史 第624页,"为了让更多的左翼作家能有机会互相交流文坛信息、探讨创作问题,茅盾和冯雪峰等商议,欧定组织部分青年作家每两周举行一次聚餐会,时间在第二个星期日,故名“月曜会“,由茅盾作东,与会的有张天翰、泉汀、艾芜、王任叔、端木蕻良、陈白尘、蒋牧良等。",117,394541e705cfde75330c754a73c85b95b5fdeffd54653750b4ba24011c467133,980536,980653,D:\1大创\左联知识库项目\data\processed\runtime_sources\左联史.txt,A=冯雪峰;B=陈白尘,组织,no,no,inferred,no,pending_cross_validation
REL-00469,ZLH-005,冯雪峰,ZLH-091,叶以群,地下通讯,low,medium,no,inferred,左联词典,zuolian_cidian,324,左联词典 第324页,"第一个约谈话的是冯雪峰,后参加唐伟、朐椿(关露)、华蒂(叶以群)领导的小组。",38,03a3005fab297e24dacaaf5c9c4fedf0e2818c5e23ef402eba94a02a4312c460,230533,230571,D:\1大创\左联知识库项目\data\processed\runtime_sources\左联词典.txt,A=冯雪峰;B=叶以群,参加,no,no,supported,yes,pending_cross_validation
REL-00473,ZLH-005,冯雪峰,ZLH-098,沈从文,创作合作,low,medium,no,inferred,左联史,zuolian_shi,635,左联史 第635页,"小说人物有琼女士、蔡、黑,显然是指丁玲、胡也频、沈从文,还有一个屹,显然是写冯雪峰。",42,b4fc6970b714fa675e24e4ee8cb3af9fff6d52b14679dae8d101d954b338d493,997895,997937,D:\1大创\左联知识库项目\data\processed\runtime_sources\左联史.txt,A=冯雪峰;B=沈从文,,no,no,supported,yes,pending_cross_validation
REL-00475,ZLH-005,冯雪峰,ZLH-100,姚蓬子,合作,critical,medium,no,pending_review,鲁迅日记,luxun_diary,,鲁迅日记 页码未识别,上午得小峰信并书五本，即转赠侍桁、柔石、雪峰、蓬子、广平。,29,9802372b97beaf071990056c9cd121b45136e728c06f56c3e3639f3591d4d2fe,71583,71612,D:\1大创\左联知识库项目\research\raw_texts\日记全编：全2册 (鲁迅 著) (Z-Library).txt,A=雪峰;B=蓬子,赠,no,no,pending_review,no,pending_cross_validation
REL-00476,ZLH-005,冯雪峰,ZLH-104,叶灵凤,合作,critical,medium,no,pending_review,左联史,zuolian_shi,136,左联史 第136页,"这里必须提一笔的是,叶灵凤虽然遮到左联组织的处分,但后来的许多事实表明,他并没有在人生歧路上继续滑下去,在未来的岁月里,也做过一些对左鬓文D冯雪峰《同忆鲁迅》,人民文学出版李1952年初版本。",96,10042bd8d34c97190e38ae7b74bb2ed1a927cf465fbddbcba6d11807f18c4c4f,198930,199026,D:\1大创\左联知识库项目\data\processed\runtime_sources\左联史.txt,A=冯雪峰;B=叶灵凤,组织,no,no,pending_review,no,pending_cross_validation
REL-00477,ZLH-005,冯雪峰,ZLH-105,沈起予,同属组织,critical,low,yes,pending_review,左联史,zuolian_shi,19,左联史 第19页,"潘汉年是领导人,当然常参加有关活动;人们印象不同的几位是田汉、朱镜我、沈起予、戴平万,这也不奇怪,肯定是他们也都参加过左联的筹备会议,因而给冯雪峰、夏衍、阿英留下了印象。",85,bb5533fc018a06c106dc8edc4709b8576d7d590b10624b160c79871554832935,18433,18518,D:\1大创\左联知识库项目\data\processed\runtime_sources\左联史.txt,A=冯雪峰;B=沈起予,参加,no,no,pending_review,no,pending_cross_validation
REL-00479,ZLH-005,冯雪峰,ZLH-112,戴望舒,创作合作,low,medium,no,inferred,左联词典,zuolian_cidian,596,左联词典 第596页,"还记录了两件较重要的事:1930年3月2日中国左翼作家联盟成立时,冯雪峰通知施蛟存、戴望舒、杜衡去参加成立大会,恰巧那天施离开上海回松江老家,戴、杜参加了会议。",80,c1e61be1231f48d05bf204548121639e7d8bac1a927fefcd3ae44a1656bb7b98,462563,462643,D:\1大创\左联知识库项目\data\processed\runtime_sources\左联词典.txt,A=冯雪峰;B=戴望舒,参加,no,no,supported,yes,pending_cross_validation
REL-00484,ZLH-005,冯雪峰,ZLH-119,何家槐,合作,critical,medium,no,pending_review,左联史,zuolian_shi,574,左联史 第574页,"不仅对冯雪峰,对鲁迅也同样如此,当鲁迅写了《答托洛斯基派的信》和《论现在我们的文学运动》两箭重要文章,冯雪峰通过王学文送到夏衍直接领导,洪深、沈起了主编的《光明》半月刊去刊登,被退回;后来冯雪峰“又通过荠盾把这两文送到《文学界》月刊(“文艺家协会「的机关杂志,何家槐等编辑,周扬亲自领导)去,只刊登了《论现在我们的文学运动》一文,却附了个一千多字的编者附记,攻击了鲁迅;而《答托派信》仍拒绝刊登。",198,3db76031ecfee6bb737056450839a6a582121c810c98372c0758aeb19c5b9db9,903727,903925,D:\1大创\左联知识库项目\data\processed\runtime_sources\左联史.txt,A=冯雪峰;B=何家槐,编辑,no,no,pending_review,no,pending_cross_validation
REL-00486,ZLH-005,冯雪峰,ZLH-121,内山完造,交游,low,medium,no,inferred,左联史,zuolian_shi,605,左联史 第605页,"6时许,生前友好冯雪峰、黄源、萧军、内山完造、鹿地亘夫妇闻讯后即赶到鲁迅寓所。",39,65356ae76ec6a832fb0b061195cbb8dea1e2dd97e47eee426f3b7b85ba277c0b,952574,952613,D:\1大创\左联知识库项目\data\processed\runtime_sources\左联史.txt,A=冯雪峰;B=内山完造,,no,no,supported,yes,pending_cross_validation
REL-00487,ZLH-005,冯雪峰,ZLH-122,许广平,交游,low,medium,no,inferred,左联史,zuolian_shi,34,左联史 第34页,"1930年9月25日恰好是鲁迅的50岁寿辰,柔石、画室(冯雪峰)、冯乃超、董绍明和蔡咏裁等人,联络了许广平,共同发起庆祝。",61,e7f5c54b9c1b03c09f9488e086c83c314629d8eff7702435812bf6b5d9676f8e,41889,41950,D:\1大创\左联知识库项目\data\processed\runtime_sources\左联史.txt,A=冯雪峰;B=许广平,共同,no,no,supported,yes,pending_cross_validation
REL-00490,ZLH-005,冯雪峰,ZLH-127,曹靖华,创作合作,low,medium,no,inferred,左联词典,zuolian_cidian,132,左联词典 第132页,"贺词由鲁迅、茅盾、丁玲、曹靖华、洛扬(汞雪峰)、奕如(夏衍),适夷联名签署.",38,b75ddb557750af72b6b6d81e3b7328651334dc85d3fd8fa2dbd5f123788140bd,60999,61037,D:\1大创\左联知识库项目\data\processed\runtime_sources\左联词典.txt,A=洛扬;B=曹靖华,联名,no,no,supported,yes,pending_cross_validation
REL-00492,ZLH-005,冯雪峰,ZLH-129,胡愈之,创作合作,low,medium,no,inferred,左联词典,zuolian_cidian,674,左联词典 第674页,"胡愈之、冯雪峰1972年12月25日,在北京鲁迅博物馆573座谈会上的发言,1975年8月经本人修改定稿,载《鲁迅研究资料》第1期,文物出版社1976年10月出版。",82,48be04d110f39f8f6cfc42229c5ef90ccc272e6b349ac2d08f9a5f6b17b4be7d,528095,528177,D:\1大创\左联知识库项目\data\processed\runtime_sources\左联词典.txt,A=冯雪峰;B=胡愈之,座谈,no,yes,supported,yes,pending_cross_validation
REL-00493,ZLH-005,冯雪峰,ZLH-130,杨杏佛,同属组织,critical,low,no,pending_review,左联史,zuolian_shi,201,左联史 第201页,"诸如说“沈起予、郑伯奇、冯雪峰已投降AB团“啦,说电影《三个摩登的女性》的字幕是“出于鲁迅手笔“啦,在杨杏佛惨遮蓝衣社特务暗杀后,《社会新闻》更“描出左翼作家的懦怯来“(鲁迅语),一位“道“先生著文说:“最近上海暗杀之风甚盛,文人的脑筋最数锐,胆二最小而脚步最快,他们都以避暑为名离开了上海。",146,ad4cd3412cf0fa0b4f25c4c74aa5998d018e6d22708bab71e40a94d2a669c6f2,301425,301571,D:\1大创\左联知识库项目\data\processed\runtime_sources\左联史.txt,A=冯雪峰;B=杨杏佛,,no,no,pending_review,no,pending_cross_validation
REL-00497,ZLH-005,冯雪峰,ZLH-134,鹿地亘,论战,low,medium,no,inferred,左联史,zuolian_shi,605,左联史 第605页,"6时许,生前友好冯雪峰、黄源、萧军、内山完造、鹿地亘夫妇闻讯后即赶到鲁迅寓所。",39,65356ae76ec6a832fb0b061195cbb8dea1e2dd97e47eee426f3b7b85ba277c0b,952574,952613,D:\1大创\左联知识库项目\data\processed\runtime_sources\左联史.txt,A=冯雪峰;B=鹿地亘,,no,no,supported,yes,pending_cross_validation
REL-00498,ZLH-005,冯雪峰,ZLH-136,宋庆龄,交游,low,medium,no,inferred,左联词典,zuolian_cidian,354,左联词典 第354页,"同年10月18日鲁迅病危,冯雪峰和他商议,拟请宋庆龄再延名医为鲁迅诊治.",36,3eb6129d0999f296b8dc90fcc1e5eadb16e93a0789c9eb7df02ff65614891ec9,257468,257504,D:\1大创\左联知识库项目\data\processed\runtime_sources\左联词典.txt,A=冯雪峰;B=宋庆龄,,no,no,supported,yes,pending_cross_validation
REL-00500,ZLH-005,冯雪峰,ZLH-139,陈望道,创作合作,low,medium,no,inferred,鲁迅日记,luxun_diary,,鲁迅日记 页码未识别,大江书店招餐于新雅茶店，晚与雪峰同往，同席为傅东华、施复亮、汪馥泉、沈端先、冯三昧、陈望道、郭昭熙等。,51,9b194389d5e87d1a4fc23d8c4f651bfd91602545078771f28de3621b350b7987,67007,67058,D:\1大创\左联知识库项目\research\raw_texts\日记全编：全2册 (鲁迅 著) (Z-Library).txt,A=雪峰;B=陈望道,同往,no,no,supported,yes,pending_cross_validation
REL-00501,ZLH-005,冯雪峰,ZLH-141,高尔基,交游,low,medium,no,inferred,左联史,zuolian_shi,445,左联史 第445页,"1931年11月是苏联作家高尔基文学创作40周年纪念,左联发表贺词《高尔基的四十年创作生活一一我们的庆祝》,鲁迅、茅盾、丁玲、曹靖华、洛扬(冯雪峰)、突如(夏衍)、适夷联名签署,对高尔基的思想与创作作了峄高评价。",106,af115319a1acedc5f54c556919509b731d438b1c19671e77973076e6c448c94d,681410,681516,D:\1大创\左联知识库项目\data\processed\runtime_sources\左联史.txt,A=冯雪峰;B=高尔基,联名,no,no,supported,yes,pending_cross_validation
REL-00502,ZLH-005,冯雪峰,ZLH-142,法捷耶夫,交游,low,medium,no,inferred,左联史,zuolian_shi,724,左联史 第724页,如鲁迅、冯雪峰编的《萌芽月刊》登载高尔基像、法捷耶夫像、格罗斯《因为他们为自由而斗争了》、台尼《Comintem2之出现》、A.,64,5a21d9f3af95133e812294881da627f424e499760c122bc2b0e158fd6c980daf,1126122,1126186,D:\1大创\左联知识库项目\data\processed\runtime_sources\左联史.txt,A=冯雪峰;B=法捷耶夫,,no,no,supported,yes,pending_cross_validation
REL-00504,ZLH-005,冯雪峰,ZLH-144,巴比塞,交游,low,medium,no,inferred,左联史,zuolian_shi,478,左联史 第478页,"后昕说巴比塞不来了,改由英国马莱爵士率团来上海开会,胡风又参与冯雪峰、楼适夷等筹备欢迎的事宜。",47,f96ee4f4e5883e574bcbd699db505f1f9c2f975a19880dbd101dcb9bfb33639c,736852,736899,D:\1大创\左联知识库项目\data\processed\runtime_sources\左联史.txt,A=冯雪峰;B=巴比塞,,no,no,supported,yes,pending_cross_validation
REL-00508,ZLH-005,冯雪峰,ZLH-150,萧三,同属组织,critical,low,no,pending_review,左联词典,zuolian_cidian,482,左联词典 第482页,撰稿人有萧三、史铁儿(瞿秋白)、石萌(茅眉)、洛扬(汞雪峰)、晃敖(鲁迅)等左联领导人。,44,35bc5e42e1434dffc449e19978c527ce4dae11ad339086d15695927879081686,365915,365959,D:\1大创\左联知识库项目\data\processed\runtime_sources\左联词典.txt,A=洛扬;B=萧三,撰稿,no,no,pending_review,no,pending_cross_validation
REL-00510,ZLH-006,潘汉年,ZLH-008,田汉,待核验,critical,low,no,pending_review,左联史,zuolian_shi,19,左联史 第19页,"潘汉年是领导人,当然常参加有关活动;人们印象不同的几位是田汉、朱镜我、沈起予、戴平万,这也不奇怪,肯定是他们也都参加过左联的筹备会议,因而给冯雪峰、夏衍、阿英留下了印象。",85,bb5533fc018a06c106dc8edc4709b8576d7d590b10624b160c79871554832935,18433,18518,D:\1大创\左联知识库项目\data\processed\runtime_sources\左联史.txt,A=潘汉年;B=田汉,参加,no,no,pending_review,no,pending_cross_validation
REL-00511,ZLH-006,潘汉年,ZLH-009,郑伯奇,地下通讯,low,medium,no,inferred,左联史,zuolian_shi,98,左联史 第98页,名单如下:冯乃超华_汉_龚冰庐沈叶沉孟超俞_怀_邱韵铎沈端先潘汉年“王洁予冯润璋_顾凤城彭康许峻冯铿王任桐周全平_洪灵菲_戴平万“钱杏邵冯宪章鲁迅杜衡埕子柔石侍桁画室吴贯中黄_素郑伯奇鲁_史朱镜我_田汉王一榴_蒋光慈刘锡五_叶灵凤_郁达夫陶晶孙_戴望舒李初梨_林伯修殴_夫_徐迅雷_程少怀_陈正道_许幸之_郭沫若_沈起予被介绍加人的:仲_豪“徐耘阡_魏金枝届文泳涛丁锐人马宁_孙孟涛王润甫_卢苍雁张璞无产阶级文艺俱乐部的发起人李_平胡忠信阿细余惠“萧歌强其他各反动组织之名单不明。,240,451607e392e76506863cb80a4c973cbf07385569c9884fdd80d90b1d3fb68d03,141748,141988,D:\1大创\左联知识库项目\data\processed\runtime_sources\左联史.txt,A=潘汉年;B=郑伯奇,介绍,no,no,supported,yes,pending_cross_validation
REL-00513,ZLH-006,潘汉年,ZLH-011,钱杏邨,待核验,critical,low,no,pending_review,左联史,zuolian_shi,19,左联史 第19页,"潘汉年是领导人,当然常参加有关活动;人们印象不同的几位是田汉、朱镜我、沈起予、戴平万,这也不奇怪,肯定是他们也都参加过左联的筹备会议,因而给冯雪峰、夏衍、阿英留下了印象。",85,bb5533fc018a06c106dc8edc4709b8576d7d590b10624b160c79871554832935,18433,18518,D:\1大创\左联知识库项目\data\processed\runtime_sources\左联史.txt,A=潘汉年;B=阿英,参加,no,no,pending_review,no,pending_cross_validation
REL-00514,ZLH-006,潘汉年,ZLH-012,蒋光慈,待核验,critical,low,no,pending_review,左联词典,zuolian_cidian,167,左联词典 第167页,"1928年1月起,任上海现代书局出版部主任,主持具体出版业务,先后负质《现代小说》(叶灵凤主编)、《大众文艺》(郁达夫、夏荷蒂主编)、《南国月刊》(田汉主编)、《新流月报》(蒋光慈主编)等左翼文学期刊的出版工作,与潘汉年、田汉、钱杏邮、茹光慈、郜达夫等工翼作家过从关密。",135,9cc66e7fa10c34c08343e96f927c537f0be6fcc42d776a9918c76838cbf0a3ef,92322,92457,D:\1大创\左联知识库项目\data\processed\runtime_sources\左联词典.txt,A=潘汉年;B=蒋光慈,主编,no,no,pending_review,no,pending_cross_validation
REL-00516,ZLH-006,潘汉年,ZLH-014,冯乃超,文学论战,medium,medium,no,inferred,左联史,zuolian_shi,32,左联史 第32页,"九、潘汉年、冯乃超论左联在左联筹备和成立的全过程中,潘汉年始终是主要的领导人、热情的组织者。",46,6e26aae8d4447279dd740c95e70b40e5de14afa5a39f17c4ec6962c38310633e,38541,38587,D:\1大创\左联知识库项目\data\processed\runtime_sources\左联史.txt,A=潘汉年;B=冯乃超,组织,no,no,supported,yes,pending_cross_validation
REL-00517,ZLH-006,潘汉年,ZLH-015,郁达夫,合作,critical,medium,no,pending_review,左联词典,zuolian_cidian,167,左联词典 第167页,"1928年1月起,任上海现代书局出版部主任,主持具体出版业务,先后负质《现代小说》(叶灵凤主编)、《大众文艺》(郁达夫、夏荷蒂主编)、《南国月刊》(田汉主编)、《新流月报》(蒋光慈主编)等左翼文学期刊的出版工作,与潘汉年、田汉、钱杏邮、茹光慈、郜达夫等工翼作家过从关密。",135,9cc66e7fa10c34c08343e96f927c537f0be6fcc42d776a9918c76838cbf0a3ef,92322,92457,D:\1大创\左联知识库项目\data\processed\runtime_sources\左联词典.txt,A=潘汉年;B=郁达夫,主编,no,no,pending_review,no,pending_cross_validation
REL-00518,ZLH-006,潘汉年,ZLH-016,柔石,纪念/悼念,critical,medium,no,pending_review,左联史,zuolian_shi,98,左联史 第98页,名单如下:冯乃超华_汉_龚冰庐沈叶沉孟超俞_怀_邱韵铎沈端先潘汉年“王洁予冯润璋_顾凤城彭康许峻冯铿王任桐周全平_洪灵菲_戴平万“钱杏邵冯宪章鲁迅杜衡埕子柔石侍桁画室吴贯中黄_素郑伯奇鲁_史朱镜我_田汉王一榴_蒋光慈刘锡五_叶灵凤_郁达夫陶晶孙_戴望舒李初梨_林伯修殴_夫_徐迅雷_程少怀_陈正道_许幸之_郭沫若_沈起予被介绍加人的:仲_豪“徐耘阡_魏金枝届文泳涛丁锐人马宁_孙孟涛王润甫_卢苍雁张璞无产阶级文艺俱乐部的发起人李_平胡忠信阿细余惠“萧歌强其他各反动组织之名单不明。,240,451607e392e76506863cb80a4c973cbf07385569c9884fdd80d90b1d3fb68d03,141748,141988,D:\1大创\左联知识库项目\data\processed\runtime_sources\左联史.txt,A=潘汉年;B=柔石,介绍,no,no,pending_review,no,pending_cross_validation
REL-00519,ZLH-006,潘汉年,ZLH-017,胡也频,交游,low,medium,no,inferred,左联史,zuolian_shi,444,左联史 第444页,"1930年5月上旬和丈夫胡也频从山东济南回到上海,潘汉年介绍她俩加人中国左翼作家联盟。",43,3242800942385731ab7252d027b67fa039222e9cade2e86f5372c711296a4f02,680223,680266,D:\1大创\左联知识库项目\data\processed\runtime_sources\左联史.txt,A=潘汉年;B=胡也频,介绍,no,no,supported,yes,pending_cross_validation
REL-00520,ZLH-006,潘汉年,ZLH-018,冯铿,纪念/悼念,critical,medium,no,pending_review,左联史,zuolian_shi,98,左联史 第98页,名单如下:冯乃超华_汉_龚冰庐沈叶沉孟超俞_怀_邱韵铎沈端先潘汉年“王洁予冯润璋_顾凤城彭康许峻冯铿王任桐周全平_洪灵菲_戴平万“钱杏邵冯宪章鲁迅杜衡埕子柔石侍桁画室吴贯中黄_素郑伯奇鲁_史朱镜我_田汉王一榴_蒋光慈刘锡五_叶灵凤_郁达夫陶晶孙_戴望舒李初梨_林伯修殴_夫_徐迅雷_程少怀_陈正道_许幸之_郭沫若_沈起予被介绍加人的:仲_豪“徐耘阡_魏金枝届文泳涛丁锐人马宁_孙孟涛王润甫_卢苍雁张璞无产阶级文艺俱乐部的发起人李_平胡忠信阿细余惠“萧歌强其他各反动组织之名单不明。,240,451607e392e76506863cb80a4c973cbf07385569c9884fdd80d90b1d3fb68d03,141748,141988,D:\1大创\左联知识库项目\data\processed\runtime_sources\左联史.txt,A=潘汉年;B=冯铿,介绍,no,no,pending_review,no,pending_cross_validation
REL-00521,ZLH-006,潘汉年,ZLH-019,殷夫,纪念/悼念,critical,medium,no,pending_review,左联史,zuolian_shi,43,左联史 第43页,他们在文章中指名道姓攻击谩骂过的作家有鲁迅、茅盾、潘汉年、钱杏郧、殷夫、蒋光慈、田汉、冯乃超、马宁等人。,52,ccecd9967c5fa9db52408cfc9e8be60c20f03b50fa91d8937dac73b320bb61dc,55749,55801,D:\1大创\左联知识库项目\data\processed\runtime_sources\左联史.txt,A=潘汉年;B=殷夫,,no,no,pending_review,no,pending_cross_validation
REL-00523,ZLH-006,潘汉年,ZLH-021,丁玲,交游,medium,medium,no,inferred,左联史,zuolian_shi,453,左联史 第453页,"1930年5月上旬,和妻子丁玲从山东济南回到上海,经潘汉年介绍,一同加入中国左翼作家联盟。",45,b57205d8413dc85401db7ce0c030b9617d4d9931c00882f07a1ac99c1fd51a67,695055,695100,D:\1大创\左联知识库项目\data\processed\runtime_sources\左联史.txt,A=潘汉年;B=丁玲,一同,no,no,supported,yes,pending_cross_validation
REL-00525,ZLH-006,潘汉年,ZLH-023,叶紫,交游,low,medium,no,inferred,左联史,zuolian_shi,231,左联史 第231页,"其他左联作家被禁的著译还有:戴平万《陆阿六》,杨郫人《狂澜》与《苍闷》,孙席珍《战场上》、《辛克莱译传》,冯宪章《梦后》、《叶山嘉树集》,何畏《文学方法论者蒲列哈诺夫》,戴望舒《啪物史观的文学论》,顾凤城《新兴文学概论》和《没落的灵魂》,王余杞《朋友与敌人》,健尼(高云览)《前夜》,周全平《残兵》,森堡(任钧)《藤森成吉集》、《爱与仇》、《隐秘的爱》,龚冰庐《炭矿夫》、《黎明之前》,潘汉年《离婚》,李辉英《万宝山》,沙汀《法律外的航线》,蒲风《茫茫夜》、《六月流火》,白特(杜谈)《还乡集》,台静农《建塔者》,侍桁《文学评论集》和《铁甲列车》,魏金枝《奶妈》,华蒂(叶以群)《文艺创作概论》,白薇《打出幽灵塔》,谷非(胡风)《洋鬼》,柳倩《生命的微突》,祝秀侠《巴比塞短篇作》,叶紫《丰收》,马宁《新恋》,陈子鹄《守宙之歌》,田间《中国.",371,cf16afb36df85da3a017fd88ec86667fa0b69a7c110e817a8221ad8ac0379430,343302,343673,D:\1大创\左联知识库项目\data\processed\runtime_sources\左联史.txt,A=潘汉年;B=叶紫,,no,no,supported,yes,pending_cross_validation
REL-00527,ZLH-006,潘汉年,ZLH-025,沙汀,交游,low,medium,no,inferred,左联史,zuolian_shi,231,左联史 第231页,"其他左联作家被禁的著译还有:戴平万《陆阿六》,杨郫人《狂澜》与《苍闷》,孙席珍《战场上》、《辛克莱译传》,冯宪章《梦后》、《叶山嘉树集》,何畏《文学方法论者蒲列哈诺夫》,戴望舒《啪物史观的文学论》,顾凤城《新兴文学概论》和《没落的灵魂》,王余杞《朋友与敌人》,健尼(高云览)《前夜》,周全平《残兵》,森堡(任钧)《藤森成吉集》、《爱与仇》、《隐秘的爱》,龚冰庐《炭矿夫》、《黎明之前》,潘汉年《离婚》,李辉英《万宝山》,沙汀《法律外的航线》,蒲风《茫茫夜》、《六月流火》,白特(杜谈)《还乡集》,台静农《建塔者》,侍桁《文学评论集》和《铁甲列车》,魏金枝《奶妈》,华蒂(叶以群)《文艺创作概论》,白薇《打出幽灵塔》,谷非(胡风)《洋鬼》,柳倩《生命的微突》,祝秀侠《巴比塞短篇作》,叶紫《丰收》,马宁《新恋》,陈子鹄《守宙之歌》,田间《中国.",371,cf16afb36df85da3a017fd88ec86667fa0b69a7c110e817a8221ad8ac0379430,343302,343673,D:\1大创\左联知识库项目\data\processed\runtime_sources\左联史.txt,A=潘汉年;B=沙汀,,no,no,supported,yes,pending_cross_validation
REL-00528,ZLH-006,潘汉年,ZLH-026,胡风,待核验,critical,low,yes,pending_review,左联史,zuolian_shi,231,左联史 第231页,"其他左联作家被禁的著译还有:戴平万《陆阿六》,杨郫人《狂澜》与《苍闷》,孙席珍《战场上》、《辛克莱译传》,冯宪章《梦后》、《叶山嘉树集》,何畏《文学方法论者蒲列哈诺夫》,戴望舒《啪物史观的文学论》,顾凤城《新兴文学概论》和《没落的灵魂》,王余杞《朋友与敌人》,健尼(高云览)《前夜》,周全平《残兵》,森堡(任钧)《藤森成吉集》、《爱与仇》、《隐秘的爱》,龚冰庐《炭矿夫》、《黎明之前》,潘汉年《离婚》,李辉英《万宝山》,沙汀《法律外的航线》,蒲风《茫茫夜》、《六月流火》,白特(杜谈)《还乡集》,台静农《建塔者》,侍桁《文学评论集》和《铁甲列车》,魏金枝《奶妈》,华蒂(叶以群)《文艺创作概论》,白薇《打出幽灵塔》,谷非(胡风)《洋鬼》,柳倩《生命的微突》,祝秀侠《巴比塞短篇作》,叶紫《丰收》,马宁《新恋》,陈子鹄《守宙之歌》,田间《中国.",371,cf16afb36df85da3a017fd88ec86667fa0b69a7c110e817a8221ad8ac0379430,343302,343673,D:\1大创\左联知识库项目\data\processed\runtime_sources\左联史.txt,A=潘汉年;B=胡风,,no,no,pending_review,no,pending_cross_validation
REL-00533,ZLH-006,潘汉年,ZLH-034,彭康,同属组织,critical,low,no,pending_review,左联史,zuolian_shi,98,左联史 第98页,名单如下:冯乃超华_汉_龚冰庐沈叶沉孟超俞_怀_邱韵铎沈端先潘汉年“王洁予冯润璋_顾凤城彭康许峻冯铿王任桐周全平_洪灵菲_戴平万“钱杏邵冯宪章鲁迅杜衡埕子柔石侍桁画室吴贯中黄_素郑伯奇鲁_史朱镜我_田汉王一榴_蒋光慈刘锡五_叶灵凤_郁达夫陶晶孙_戴望舒李初梨_林伯修殴_夫_徐迅雷_程少怀_陈正道_许幸之_郭沫若_沈起予被介绍加人的:仲_豪“徐耘阡_魏金枝届文泳涛丁锐人马宁_孙孟涛王润甫_卢苍雁张璞无产阶级文艺俱乐部的发起人李_平胡忠信阿细余惠“萧歌强其他各反动组织之名单不明。,240,451607e392e76506863cb80a4c973cbf07385569c9884fdd80d90b1d3fb68d03,141748,141988,D:\1大创\左联知识库项目\data\processed\runtime_sources\左联史.txt,A=潘汉年;B=彭康,介绍,no,no,pending_review,no,pending_cross_validation
REL-00534,ZLH-006,潘汉年,ZLH-035,李辉英,待核验,critical,low,yes,pending_review,左联史,zuolian_shi,231,左联史 第231页,"其他左联作家被禁的著译还有:戴平万《陆阿六》,杨郫人《狂澜》与《苍闷》,孙席珍《战场上》、《辛克莱译传》,冯宪章《梦后》、《叶山嘉树集》,何畏《文学方法论者蒲列哈诺夫》,戴望舒《啪物史观的文学论》,顾凤城《新兴文学概论》和《没落的灵魂》,王余杞《朋友与敌人》,健尼(高云览)《前夜》,周全平《残兵》,森堡(任钧)《藤森成吉集》、《爱与仇》、《隐秘的爱》,龚冰庐《炭矿夫》、《黎明之前》,潘汉年《离婚》,李辉英《万宝山》,沙汀《法律外的航线》,蒲风《茫茫夜》、《六月流火》,白特(杜谈)《还乡集》,台静农《建塔者》,侍桁《文学评论集》和《铁甲列车》,魏金枝《奶妈》,华蒂(叶以群)《文艺创作概论》,白薇《打出幽灵塔》,谷非(胡风)《洋鬼》,柳倩《生命的微突》,祝秀侠《巴比塞短篇作》,叶紫《丰收》,马宁《新恋》,陈子鹄《守宙之歌》,田间《中国.",371,cf16afb36df85da3a017fd88ec86667fa0b69a7c110e817a8221ad8ac0379430,343302,343673,D:\1大创\左联知识库项目\data\processed\runtime_sources\左联史.txt,A=潘汉年;B=李辉英,,no,no,pending_review,no,pending_cross_validation
REL-00535,ZLH-006,潘汉年,ZLH-036,穆木天,交游,low,medium,no,inferred,左联史,zuolian_shi,402,左联史 第402页,"针对穆木天的系列文章,有一位胡越发表《“观众之抗议“的补充》,另一位成之也发表了《我也来替〈烈焰〉》打一个“抱不平“》(载4月10日、15日《大晚报.",75,55ee0cebc0357f1dd1a741a7bcc8a3493bf2875281b72f69404b4ea32de1d028,609191,609266,D:\1大创\左联知识库项目\data\processed\runtime_sources\左联史.txt,A=胡越;B=穆木天,,no,no,supported,yes,pending_cross_validation
REL-00536,ZLH-006,潘汉年,ZLH-037,楼适夷,同属组织,critical,low,no,pending_review,左联史,zuolian_shi,201,左联史 第201页,"遭此厄运的左联作家有鲁迅、茅盾、楼适夷、沈起予、郑伯奇、冯雪峰、钱杏郭、田汉、洪深、彭康、朱镜我、丁九(应修人)、丁玲、潘汉年、郝达夫、戴平万等,还有许多进步作家如胡愈之、邹韬奋、杜重运、王统照、叶圣陶、郑振铎、杨杏佛、潘梓年、黎烈文、施蛟存、曹聚仁等,达数十人之多,可见其仇恨光明与进步的疯狂。",148,416b570dc6cae75d7263bb5cbf6d82cf4d4043d8b4f92cca9e16aac74550ca30,300770,300918,D:\1大创\左联知识库项目\data\processed\runtime_sources\左联史.txt,A=潘汉年;B=楼适夷,,yes,no,pending_review,no,pending_cross_validation
REL-00538,ZLH-006,潘汉年,ZLH-042,魏金枝,交游,low,medium,no,inferred,左联史,zuolian_shi,98,左联史 第98页,名单如下:冯乃超华_汉_龚冰庐沈叶沉孟超俞_怀_邱韵铎沈端先潘汉年“王洁予冯润璋_顾凤城彭康许峻冯铿王任桐周全平_洪灵菲_戴平万“钱杏邵冯宪章鲁迅杜衡埕子柔石侍桁画室吴贯中黄_素郑伯奇鲁_史朱镜我_田汉王一榴_蒋光慈刘锡五_叶灵凤_郁达夫陶晶孙_戴望舒李初梨_林伯修殴_夫_徐迅雷_程少怀_陈正道_许幸之_郭沫若_沈起予被介绍加人的:仲_豪“徐耘阡_魏金枝届文泳涛丁锐人马宁_孙孟涛王润甫_卢苍雁张璞无产阶级文艺俱乐部的发起人李_平胡忠信阿细余惠“萧歌强其他各反动组织之名单不明。,240,451607e392e76506863cb80a4c973cbf07385569c9884fdd80d90b1d3fb68d03,141748,141988,D:\1大创\左联知识库项目\data\processed\runtime_sources\左联史.txt,A=潘汉年;B=魏金枝,介绍,no,no,supported,yes,pending_cross_validation
REL-00544,ZLH-006,潘汉年,ZLH-054,许幸之,待核验,critical,low,yes,pending_review,左联史,zuolian_shi,98,左联史 第98页,名单如下:冯乃超华_汉_龚冰庐沈叶沉孟超俞_怀_邱韵铎沈端先潘汉年“王洁予冯润璋_顾凤城彭康许峻冯铿王任桐周全平_洪灵菲_戴平万“钱杏邵冯宪章鲁迅杜衡埕子柔石侍桁画室吴贯中黄_素郑伯奇鲁_史朱镜我_田汉王一榴_蒋光慈刘锡五_叶灵凤_郁达夫陶晶孙_戴望舒李初梨_林伯修殴_夫_徐迅雷_程少怀_陈正道_许幸之_郭沫若_沈起予被介绍加人的:仲_豪“徐耘阡_魏金枝届文泳涛丁锐人马宁_孙孟涛王润甫_卢苍雁张璞无产阶级文艺俱乐部的发起人李_平胡忠信阿细余惠“萧歌强其他各反动组织之名单不明。,240,451607e392e76506863cb80a4c973cbf07385569c9884fdd80d90b1d3fb68d03,141748,141988,D:\1大创\左联知识库项目\data\processed\runtime_sources\左联史.txt,A=潘汉年;B=许幸之,介绍,no,no,pending_review,no,pending_cross_validation
REL-00545,ZLH-006,潘汉年,ZLH-058,郭沫若,创作合作,medium,medium,no,inferred,左联史,zuolian_shi,430,左联史 第430页,"等等许多左联盟员都曾感受过他这种深厚的爱,无怪乎在1936年10月19日那段悲痛的日子里,多少见过他、没见过他的盟员们,满怀岫敬地赞颂他是“人类的斗士、民族的精英“(郭沫若)、“中国思想@“1930年3月《乐群》第3卷第1号刊出周毓英《内奸与潘汉年》一文,借“自我批判“之名,诬萱潘汉年是“内奸“。",149,97b39652360b76b5115f672a1780a6025326b28a7840c563b490dd2baf2bb627,655672,655821,D:\1大创\左联知识库项目\data\processed\runtime_sources\左联史.txt,A=潘汉年;B=郭沫若,批判,no,no,supported,yes,pending_cross_validation
REL-00546,ZLH-006,潘汉年,ZLH-059,白薇,待核验,critical,low,yes,pending_review,左联史,zuolian_shi,231,左联史 第231页,"其他左联作家被禁的著译还有:戴平万《陆阿六》,杨郫人《狂澜》与《苍闷》,孙席珍《战场上》、《辛克莱译传》,冯宪章《梦后》、《叶山嘉树集》,何畏《文学方法论者蒲列哈诺夫》,戴望舒《啪物史观的文学论》,顾凤城《新兴文学概论》和《没落的灵魂》,王余杞《朋友与敌人》,健尼(高云览)《前夜》,周全平《残兵》,森堡(任钧)《藤森成吉集》、《爱与仇》、《隐秘的爱》,龚冰庐《炭矿夫》、《黎明之前》,潘汉年《离婚》,李辉英《万宝山》,沙汀《法律外的航线》,蒲风《茫茫夜》、《六月流火》,白特(杜谈)《还乡集》,台静农《建塔者》,侍桁《文学评论集》和《铁甲列车》,魏金枝《奶妈》,华蒂(叶以群)《文艺创作概论》,白薇《打出幽灵塔》,谷非(胡风)《洋鬼》,柳倩《生命的微突》,祝秀侠《巴比塞短篇作》,叶紫《丰收》,马宁《新恋》,陈子鹄《守宙之歌》,田间《中国.",371,cf16afb36df85da3a017fd88ec86667fa0b69a7c110e817a8221ad8ac0379430,343302,343673,D:\1大创\左联知识库项目\data\processed\runtime_sources\左联史.txt,A=潘汉年;B=白薇,,no,no,pending_review,no,pending_cross_validation
REL-00547,ZLH-006,潘汉年,ZLH-061,朱镜我,待核验,critical,low,yes,pending_review,左联史,zuolian_shi,19,左联史 第19页,"潘汉年是领导人,当然常参加有关活动;人们印象不同的几位是田汉、朱镜我、沈起予、戴平万,这也不奇怪,肯定是他们也都参加过左联的筹备会议,因而给冯雪峰、夏衍、阿英留下了印象。",85,bb5533fc018a06c106dc8edc4709b8576d7d590b10624b160c79871554832935,18433,18518,D:\1大创\左联知识库项目\data\processed\runtime_sources\左联史.txt,A=潘汉年;B=朱镜我,参加,no,no,pending_review,no,pending_cross_validation
REL-00550,ZLH-006,潘汉年,ZLH-067,任钧,待核验,critical,low,yes,pending_review,左联史,zuolian_shi,231,左联史 第231页,"其他左联作家被禁的著译还有:戴平万《陆阿六》,杨郫人《狂澜》与《苍闷》,孙席珍《战场上》、《辛克莱译传》,冯宪章《梦后》、《叶山嘉树集》,何畏《文学方法论者蒲列哈诺夫》,戴望舒《啪物史观的文学论》,顾凤城《新兴文学概论》和《没落的灵魂》,王余杞《朋友与敌人》,健尼(高云览)《前夜》,周全平《残兵》,森堡(任钧)《藤森成吉集》、《爱与仇》、《隐秘的爱》,龚冰庐《炭矿夫》、《黎明之前》,潘汉年《离婚》,李辉英《万宝山》,沙汀《法律外的航线》,蒲风《茫茫夜》、《六月流火》,白特(杜谈)《还乡集》,台静农《建塔者》,侍桁《文学评论集》和《铁甲列车》,魏金枝《奶妈》,华蒂(叶以群)《文艺创作概论》,白薇《打出幽灵塔》,谷非(胡风)《洋鬼》,柳倩《生命的微突》,祝秀侠《巴比塞短篇作》,叶紫《丰收》,马宁《新恋》,陈子鹄《守宙之歌》,田间《中国.",371,cf16afb36df85da3a017fd88ec86667fa0b69a7c110e817a8221ad8ac0379430,343302,343673,D:\1大创\左联知识库项目\data\processed\runtime_sources\左联史.txt,A=潘汉年;B=任钧,,no,no,pending_review,no,pending_cross_validation
REL-00552,ZLH-006,潘汉年,ZLH-073,王余杞,亲属关系,high,medium,no,pending_review,左联史,zuolian_shi,231,左联史 第231页,"其他左联作家被禁的著译还有:戴平万《陆阿六》,杨郫人《狂澜》与《苍闷》,孙席珍《战场上》、《辛克莱译传》,冯宪章《梦后》、《叶山嘉树集》,何畏《文学方法论者蒲列哈诺夫》,戴望舒《啪物史观的文学论》,顾凤城《新兴文学概论》和《没落的灵魂》,王余杞《朋友与敌人》,健尼(高云览)《前夜》,周全平《残兵》,森堡(任钧)《藤森成吉集》、《爱与仇》、《隐秘的爱》,龚冰庐《炭矿夫》、《黎明之前》,潘汉年《离婚》,李辉英《万宝山》,沙汀《法律外的航线》,蒲风《茫茫夜》、《六月流火》,白特(杜谈)《还乡集》,台静农《建塔者》,侍桁《文学评论集》和《铁甲列车》,魏金枝《奶妈》,华蒂(叶以群)《文艺创作概论》,白薇《打出幽灵塔》,谷非(胡风)《洋鬼》,柳倩《生命的微突》,祝秀侠《巴比塞短篇作》,叶紫《丰收》,马宁《新恋》,陈子鹄《守宙之歌》,田间《中国.",371,cf16afb36df85da3a017fd88ec86667fa0b69a7c110e817a8221ad8ac0379430,343302,343673,D:\1大创\左联知识库项目\data\processed\runtime_sources\左联史.txt,A=潘汉年;B=王余杞,,no,no,pending_review,no,pending_cross_validation
REL-00553,ZLH-006,潘汉年,ZLH-077,柳倩,同属组织,critical,low,no,pending_review,左联史,zuolian_shi,231,左联史 第231页,"其他左联作家被禁的著译还有:戴平万《陆阿六》,杨郫人《狂澜》与《苍闷》,孙席珍《战场上》、《辛克莱译传》,冯宪章《梦后》、《叶山嘉树集》,何畏《文学方法论者蒲列哈诺夫》,戴望舒《啪物史观的文学论》,顾凤城《新兴文学概论》和《没落的灵魂》,王余杞《朋友与敌人》,健尼(高云览)《前夜》,周全平《残兵》,森堡(任钧)《藤森成吉集》、《爱与仇》、《隐秘的爱》,龚冰庐《炭矿夫》、《黎明之前》,潘汉年《离婚》,李辉英《万宝山》,沙汀《法律外的航线》,蒲风《茫茫夜》、《六月流火》,白特(杜谈)《还乡集》,台静农《建塔者》,侍桁《文学评论集》和《铁甲列车》,魏金枝《奶妈》,华蒂(叶以群)《文艺创作概论》,白薇《打出幽灵塔》,谷非(胡风)《洋鬼》,柳倩《生命的微突》,祝秀侠《巴比塞短篇作》,叶紫《丰收》,马宁《新恋》,陈子鹄《守宙之歌》,田间《中国.",371,cf16afb36df85da3a017fd88ec86667fa0b69a7c110e817a8221ad8ac0379430,343302,343673,D:\1大创\左联知识库项目\data\processed\runtime_sources\左联史.txt,A=潘汉年;B=柳倩,,no,no,pending_review,no,pending_cross_validation
REL-00557,ZLH-006,潘汉年,ZLH-091,叶以群,地下通讯,low,medium,no,inferred,左联史,zuolian_shi,231,左联史 第231页,"其他左联作家被禁的著译还有:戴平万《陆阿六》,杨郫人《狂澜》与《苍闷》,孙席珍《战场上》、《辛克莱译传》,冯宪章《梦后》、《叶山嘉树集》,何畏《文学方法论者蒲列哈诺夫》,戴望舒《啪物史观的文学论》,顾凤城《新兴文学概论》和《没落的灵魂》,王余杞《朋友与敌人》,健尼(高云览)《前夜》,周全平《残兵》,森堡(任钧)《藤森成吉集》、《爱与仇》、《隐秘的爱》,龚冰庐《炭矿夫》、《黎明之前》,潘汉年《离婚》,李辉英《万宝山》,沙汀《法律外的航线》,蒲风《茫茫夜》、《六月流火》,白特(杜谈)《还乡集》,台静农《建塔者》,侍桁《文学评论集》和《铁甲列车》,魏金枝《奶妈》,华蒂(叶以群)《文艺创作概论》,白薇《打出幽灵塔》,谷非(胡风)《洋鬼》,柳倩《生命的微突》,祝秀侠《巴比塞短篇作》,叶紫《丰收》,马宁《新恋》,陈子鹄《守宙之歌》,田间《中国.",371,cf16afb36df85da3a017fd88ec86667fa0b69a7c110e817a8221ad8ac0379430,343302,343673,D:\1大创\左联知识库项目\data\processed\runtime_sources\左联史.txt,A=潘汉年;B=叶以群,,no,no,supported,yes,pending_cross_validation
REL-00562,ZLH-006,潘汉年,ZLH-104,叶灵凤,创作合作,low,medium,no,inferred,左联词典,zuolian_cidian,167,左联词典 第167页,"1928年1月起,任上海现代书局出版部主任,主持具体出版业务,先后负质《现代小说》(叶灵凤主编)、《大众文艺》(郁达夫、夏荷蒂主编)、《南国月刊》(田汉主编)、《新流月报》(蒋光慈主编)等左翼文学期刊的出版工作,与潘汉年、田汉、钱杏邮、茹光慈、郜达夫等工翼作家过从关密。",135,9cc66e7fa10c34c08343e96f927c537f0be6fcc42d776a9918c76838cbf0a3ef,92322,92457,D:\1大创\左联知识库项目\data\processed\runtime_sources\左联词典.txt,A=潘汉年;B=叶灵凤,主编,no,no,supported,yes,pending_cross_validation
REL-00563,ZLH-006,潘汉年,ZLH-105,沈起予,同属组织,critical,low,no,pending_review,左联史,zuolian_shi,19,左联史 第19页,"潘汉年是领导人,当然常参加有关活动;人们印象不同的几位是田汉、朱镜我、沈起予、戴平万,这也不奇怪,肯定是他们也都参加过左联的筹备会议,因而给冯雪峰、夏衍、阿英留下了印象。",85,bb5533fc018a06c106dc8edc4709b8576d7d590b10624b160c79871554832935,18433,18518,D:\1大创\左联知识库项目\data\processed\runtime_sources\左联史.txt,A=潘汉年;B=沈起予,参加,no,no,pending_review,no,pending_cross_validation
REL-00564,ZLH-006,潘汉年,ZLH-112,戴望舒,交游,medium,medium,no,inferred,左联史,zuolian_shi,98,左联史 第98页,名单如下:冯乃超华_汉_龚冰庐沈叶沉孟超俞_怀_邱韵铎沈端先潘汉年“王洁予冯润璋_顾凤城彭康许峻冯铿王任桐周全平_洪灵菲_戴平万“钱杏邵冯宪章鲁迅杜衡埕子柔石侍桁画室吴贯中黄_素郑伯奇鲁_史朱镜我_田汉王一榴_蒋光慈刘锡五_叶灵凤_郁达夫陶晶孙_戴望舒李初梨_林伯修殴_夫_徐迅雷_程少怀_陈正道_许幸之_郭沫若_沈起予被介绍加人的:仲_豪“徐耘阡_魏金枝届文泳涛丁锐人马宁_孙孟涛王润甫_卢苍雁张璞无产阶级文艺俱乐部的发起人李_平胡忠信阿细余惠“萧歌强其他各反动组织之名单不明。,240,451607e392e76506863cb80a4c973cbf07385569c9884fdd80d90b1d3fb68d03,141748,141988,D:\1大创\左联知识库项目\data\processed\runtime_sources\左联史.txt,A=潘汉年;B=戴望舒,介绍,no,no,supported,yes,pending_cross_validation
REL-00565,ZLH-006,潘汉年,ZLH-116,孙席珍,待核验,critical,low,no,pending_review,左联史,zuolian_shi,231,左联史 第231页,"其他左联作家被禁的著译还有:戴平万《陆阿六》,杨郫人《狂澜》与《苍闷》,孙席珍《战场上》、《辛克莱译传》,冯宪章《梦后》、《叶山嘉树集》,何畏《文学方法论者蒲列哈诺夫》,戴望舒《啪物史观的文学论》,顾凤城《新兴文学概论》和《没落的灵魂》,王余杞《朋友与敌人》,健尼(高云览)《前夜》,周全平《残兵》,森堡(任钧)《藤森成吉集》、《爱与仇》、《隐秘的爱》,龚冰庐《炭矿夫》、《黎明之前》,潘汉年《离婚》,李辉英《万宝山》,沙汀《法律外的航线》,蒲风《茫茫夜》、《六月流火》,白特(杜谈)《还乡集》,台静农《建塔者》,侍桁《文学评论集》和《铁甲列车》,魏金枝《奶妈》,华蒂(叶以群)《文艺创作概论》,白薇《打出幽灵塔》,谷非(胡风)《洋鬼》,柳倩《生命的微突》,祝秀侠《巴比塞短篇作》,叶紫《丰收》,马宁《新恋》,陈子鹄《守宙之歌》,田间《中国.",371,cf16afb36df85da3a017fd88ec86667fa0b69a7c110e817a8221ad8ac0379430,343302,343673,D:\1大创\左联知识库项目\data\processed\runtime_sources\左联史.txt,A=潘汉年;B=孙席珍,,no,no,pending_review,no,pending_cross_validation
REL-00566,ZLH-006,潘汉年,ZLH-117,陈波儿,同属组织,critical,low,yes,pending_review,左联史,zuolian_shi,97,左联史 第97页,"加人这个反对白色恐余、争取人身言论出版结社自由群众组织的,大多是左翼作家及进步文化人,包括许多后来中国左鬓作家联盟的成员如鲁迅、潘汉年、郁达夫、田汉、郑伯奇、彭康、画室(冯雪峰)、王任叔、沈端先(夏衍)、王学文、叶灵凤、石锁顽(凌鹤)、黄河、陈正道、周全平、蔡子,还有一些人们熟悉的宗教界、学术界、戏剧界活既人物如董健吾、邓初民、潘念之、陈波儿、唐普初等,全是知识界一代精英。",188,742ac027631e61f5847c3684030a95f5e96e52773df5ae4cab2a8a2f1d304276,139640,139828,D:\1大创\左联知识库项目\data\processed\runtime_sources\左联史.txt,A=潘汉年;B=陈波儿,组织,yes,no,pending_review,no,pending_cross_validation
REL-00580,ZLH-006,潘汉年,ZLH-141,高尔基,交游,low,medium,no,inferred,左联词典,zuolian_cidian,173,左联词典 第173页,"同年9月15日《作家》1卷6号发表他的论文《对于文学运动几个问题的意见》,重述3年前哥特反对文艺战线关门牛义的重要意见,提示左鬟文艺界的领导者应该象马克思爱护海湿,列宁爱护高尔基那样爱护和尊重鲁迅与茅眉,10月18日,鲁迅病情恶化,他和潘汉年研究,想在第2大请林庆龄延请良医为先生诊治,不料19日凌晨鲁迅不幸逝世,他立即报告潘汉年,潘又立即电告陕北党中央。",178,21ad2c26f157ae331c2aaafdd9687b78477fce110571637fe1a3528b5f3e9117,97511,97689,D:\1大创\左联知识库项目\data\processed\runtime_sources\左联词典.txt,A=潘汉年;B=高尔基,,no,yes,supported,yes,pending_cross_validation
REL-00583,ZLH-006,潘汉年,ZLH-144,巴比塞,交游,low,medium,no,inferred,左联史,zuolian_shi,231,左联史 第231页,"其他左联作家被禁的著译还有:戴平万《陆阿六》,杨郫人《狂澜》与《苍闷》,孙席珍《战场上》、《辛克莱译传》,冯宪章《梦后》、《叶山嘉树集》,何畏《文学方法论者蒲列哈诺夫》,戴望舒《啪物史观的文学论》,顾凤城《新兴文学概论》和《没落的灵魂》,王余杞《朋友与敌人》,健尼(高云览)《前夜》,周全平《残兵》,森堡(任钧)《藤森成吉集》、《爱与仇》、《隐秘的爱》,龚冰庐《炭矿夫》、《黎明之前》,潘汉年《离婚》,李辉英《万宝山》,沙汀《法律外的航线》,蒲风《茫茫夜》、《六月流火》,白特(杜谈)《还乡集》,台静农《建塔者》,侍桁《文学评论集》和《铁甲列车》,魏金枝《奶妈》,华蒂(叶以群)《文艺创作概论》,白薇《打出幽灵塔》,谷非(胡风)《洋鬼》,柳倩《生命的微突》,祝秀侠《巴比塞短篇作》,叶紫《丰收》,马宁《新恋》,陈子鹄《守宙之歌》,田间《中国.",371,cf16afb36df85da3a017fd88ec86667fa0b69a7c110e817a8221ad8ac0379430,343302,343673,D:\1大创\左联知识库项目\data\processed\runtime_sources\左联史.txt,A=潘汉年;B=巴比塞,,no,no,supported,yes,pending_cross_validation
REL-00585,ZLH-006,潘汉年,ZLH-147,辛克莱,交游,low,medium,no,inferred,左联史,zuolian_shi,231,左联史 第231页,"其他左联作家被禁的著译还有:戴平万《陆阿六》,杨郫人《狂澜》与《苍闷》,孙席珍《战场上》、《辛克莱译传》,冯宪章《梦后》、《叶山嘉树集》,何畏《文学方法论者蒲列哈诺夫》,戴望舒《啪物史观的文学论》,顾凤城《新兴文学概论》和《没落的灵魂》,王余杞《朋友与敌人》,健尼(高云览)《前夜》,周全平《残兵》,森堡(任钧)《藤森成吉集》、《爱与仇》、《隐秘的爱》,龚冰庐《炭矿夫》、《黎明之前》,潘汉年《离婚》,李辉英《万宝山》,沙汀《法律外的航线》,蒲风《茫茫夜》、《六月流火》,白特(杜谈)《还乡集》,台静农《建塔者》,侍桁《文学评论集》和《铁甲列车》,魏金枝《奶妈》,华蒂(叶以群)《文艺创作概论》,白薇《打出幽灵塔》,谷非(胡风)《洋鬼》,柳倩《生命的微突》,祝秀侠《巴比塞短篇作》,叶紫《丰收》,马宁《新恋》,陈子鹄《守宙之歌》,田间《中国.",371,cf16afb36df85da3a017fd88ec86667fa0b69a7c110e817a8221ad8ac0379430,343302,343673,D:\1大创\左联知识库项目\data\processed\runtime_sources\左联史.txt,A=潘汉年;B=辛克莱,,no,no,supported,yes,pending_cross_validation
REL-00587,ZLH-007,周扬,ZLH-004,夏衍,纪念/悼念,high,medium,no,pending_review,左联史,zuolian_shi,567,左联史 第567页,"夏衍说,他和周扬收到萧三来信后,首先把这封信D“即国际革伯作家联盟。",34,e5b4f75ca0cf29c362842027365427265a38f7ee04cc0e771d15a5f63470ac0a,893270,893304,D:\1大创\左联知识库项目\data\processed\runtime_sources\左联史.txt,A=周扬;B=夏衍,来信,no,no,pending_review,no,pending_cross_validation
REL-00588,ZLH-007,周扬,ZLH-008,田汉,同属组织,critical,low,no,pending_review,左联史,zuolian_shi,588,左联史 第588页,"朐风我先前并不慧识,去年的有一天,一位名人约我谈话了,到得那里,却见驶来了一辆汽车,从中跳出四条汉子:田汉、周起应,还有另两个,一律洋服,态度轩昂,说是特来通知我:胡风乃是内奸,官方派来的。",95,2ec5d358c06c08c8cfbb3c96d679b0e1971051ee47cd69d19afec49395fd923a,925681,925776,D:\1大创\左联知识库项目\data\processed\runtime_sources\左联史.txt,A=周起应;B=田汉,约,no,no,pending_review,no,pending_cross_validation
REL-00589,ZLH-007,周扬,ZLH-009,郑伯奇,待核验,critical,low,no,pending_review,左联史,zuolian_shi,161,左联史 第161页,"在这汀讨论中,洛扬(冯雪峰)、起应(周扬)、何大白(郑伯奇)、寒生(阳翰笙)、止敬(茅盾)都发表了各自的见解,值得重视。",60,5986eedefaa8f48634b7423950c8db98421b049384541c5c5ed4d09258000960,234274,234334,D:\1大创\左联知识库项目\data\processed\runtime_sources\左联史.txt,A=周扬;B=郑伯奇,讨论,no,no,pending_review,no,pending_cross_validation
REL-00590,ZLH-007,周扬,ZLH-010,洪深,亲属关系,high,medium,no,pending_review,左联史,zuolian_shi,574,左联史 第574页,"不仅对冯雪峰,对鲁迅也同样如此,当鲁迅写了《答托洛斯基派的信》和《论现在我们的文学运动》两箭重要文章,冯雪峰通过王学文送到夏衍直接领导,洪深、沈起了主编的《光明》半月刊去刊登,被退回;后来冯雪峰“又通过荠盾把这两文送到《文学界》月刊(“文艺家协会「的机关杂志,何家槐等编辑,周扬亲自领导)去,只刊登了《论现在我们的文学运动》一文,却附了个一千多字的编者附记,攻击了鲁迅;而《答托派信》仍拒绝刊登。",198,3db76031ecfee6bb737056450839a6a582121c810c98372c0758aeb19c5b9db9,903727,903925,D:\1大创\左联知识库项目\data\processed\runtime_sources\左联史.txt,A=周扬;B=洪深,编辑,no,no,pending_review,no,pending_cross_validation
REL-00591,ZLH-007,周扬,ZLH-011,钱杏邨,论战,critical,medium,no,pending_review,左联词典,zuolian_cidian,444,左联词典 第444页,"周钥鸣、周扬、夏征农、阿英、沈起了、凌鹤、郑伯奇、茅盾等左鬓作家评论过这--作品,周钥鸣认为“作者没有把当时各帝国主义屠杀中国大众残酷情形表现出来,这是忘掉了国防历史剧作的主要意义“。",92,1651e2d2421b9111c87221814b9003880e21ae0354b3aba97148727c0e13e238,333341,333433,D:\1大创\左联知识库项目\data\processed\runtime_sources\左联词典.txt,A=周扬;B=阿英,,no,no,pending_review,no,pending_cross_validation
REL-00592,ZLH-007,周扬,ZLH-012,蒋光慈,同属组织,critical,low,no,pending_review,左联史,zuolian_shi,476,左联史 第476页,"在他主持下,现代书局出版了一大批左翼文学创作如郭沫若《创造十年》,蒋光慈《菊芬》、《最后的微笑》、《异邝与故国》,洪灵菲《流亡》、《归家》,楼建南(适夷)《挣扎》,朐也频《诗稿》,森堡《爱与仇》,白薇《炸弹与征鸟》,外国文学则有《文凭》(茅盾译)、《平林泰子集》(沈端先译)、《林房雄集》(林伯修译),《新俄文学中的男女》(周起应译)、《初恋》(穆木天译)等,为30年代左翼文学运动的发展壮大做出重要贡献。",203,6d2158ed7dc969b7747d3e2957eda4b6354d49e5a1c0cf1e688faac7e12766c1,733939,734142,D:\1大创\左联知识库项目\data\processed\runtime_sources\左联史.txt,A=周起应;B=蒋光慈,,no,no,pending_review,no,pending_cross_validation
REL-00593,ZLH-007,周扬,ZLH-013,阳翰笙,纪念/悼念,high,medium,no,pending_review,左联史,zuolian_shi,21,左联史 第21页,"据几位左联发起人及早期盟员的回忆,先后担任过左联党团书记的有冯乃超、阳翰笙、钱杏郫、冯雪峰、耶林、丁玲、周扬。",55,72447799e7ece094c82c683dd417f80cc73db670fcaff56dcbaef46a0b9116cd,21329,21384,D:\1大创\左联知识库项目\data\processed\runtime_sources\左联史.txt,A=周扬;B=阳翰笙,发起,no,no,pending_review,no,pending_cross_validation
REL-00594,ZLH-007,周扬,ZLH-014,冯乃超,同属组织,critical,low,no,pending_review,左联史,zuolian_shi,21,左联史 第21页,"据几位左联发起人及早期盟员的回忆,先后担任过左联党团书记的有冯乃超、阳翰笙、钱杏郫、冯雪峰、耶林、丁玲、周扬。",55,72447799e7ece094c82c683dd417f80cc73db670fcaff56dcbaef46a0b9116cd,21329,21384,D:\1大创\左联知识库项目\data\processed\runtime_sources\左联史.txt,A=周扬;B=冯乃超,发起,no,no,pending_review,no,pending_cross_validation
REL-00597,ZLH-007,周扬,ZLH-017,胡也频,待核验,critical,low,no,pending_review,左联史,zuolian_shi,476,左联史 第476页,"在他主持下,现代书局出版了一大批左翼文学创作如郭沫若《创造十年》,蒋光慈《菊芬》、《最后的微笑》、《异邝与故国》,洪灵菲《流亡》、《归家》,楼建南(适夷)《挣扎》,朐也频《诗稿》,森堡《爱与仇》,白薇《炸弹与征鸟》,外国文学则有《文凭》(茅盾译)、《平林泰子集》(沈端先译)、《林房雄集》(林伯修译),《新俄文学中的男女》(周起应译)、《初恋》(穆木天译)等,为30年代左翼文学运动的发展壮大做出重要贡献。",203,6d2158ed7dc969b7747d3e2957eda4b6354d49e5a1c0cf1e688faac7e12766c1,733939,734142,D:\1大创\左联知识库项目\data\processed\runtime_sources\左联史.txt,A=周起应;B=也频,,no,no,pending_review,no,pending_cross_validation
REL-00600,ZLH-007,周扬,ZLH-020,李求实,同属组织,critical,low,yes,pending_review,左联史,zuolian_shi,15,左联史 第15页,"一二“政变后的两年多时间里,鲁迅、茅盾、郭沫若分别从广州、庐山和潮汕地区来到上海,钱杏郭、沈端先、冯雪峰、华汉、李伟森、柔石、林伯修、洪灵菲、冯锂、许峨、戴平万、白薇、杨骚、胡也频、丁玲、周起应、周立波、王任叔、适夷、方之中….",114,a50b88467cc8f66ec549d9cf5f28559ccdbddff1323c46d3047bab6bbaffe92d,11837,11951,D:\1大创\左联知识库项目\data\processed\runtime_sources\左联史.txt,A=周起应;B=李伟森,,yes,no,pending_review,no,pending_cross_validation
REL-00601,ZLH-007,周扬,ZLH-021,丁玲,纪念/悼念,high,medium,no,pending_review,左联史,zuolian_shi,477,左联史 第477页,"在上海期间,他会见了文总和左联的领导人冯雪峰、丁玲以及左联机关刊《文学月报》主编周起应(周扬)等人。",50,c16403065d48fddce824a31a08800cb4bc31f59ab48026568a80206bfcb1dffb,736083,736133,D:\1大创\左联知识库项目\data\processed\runtime_sources\左联史.txt,A=周扬;B=丁玲,会见,no,no,pending_review,no,pending_cross_validation
REL-00602,ZLH-007,周扬,ZLH-022,张天翼,亲属关系,high,medium,no,pending_review,左联史,zuolian_shi,465,左联史 第465页,"萧三在苏联期间经常给鲁迅写信报告国际革命作家联盟情况,寄赠《国际文学)、《太平洋灯塔》、《萧三的诗》等书刊,鲁迅也将茅盾、周起应(周扬)、沈端先(夏衍)、张天翼、郑伯奇、周文、沙汀、白薇等左翼作家的作品寄给萧三。",106,8c99ec852386f446851d6dd8143a3dfdc157df6633ef6f3ddf2312cc42c83e8a,714747,714853,D:\1大创\左联知识库项目\data\processed\runtime_sources\左联史.txt,A=周扬;B=张天翼,写信,no,no,pending_review,no,pending_cross_validation
REL-00603,ZLH-007,周扬,ZLH-023,叶紫,文学论战,low,medium,no,inferred,左联词典,zuolian_cidian,359,左联词典 第359页,"经周扬介绍结识鲁迅,常为左联刊物向先生约稿,也曾代叶紫到鲁迅处取回修改过的文稿,与先生接触较多,受到先生谭谭教诲.",57,8db10f45bfbc0ca1a1cce80f3e9fbf22f04d5144674ecf9c058784558f7c8e7f,261910,261967,D:\1大创\左联知识库项目\data\processed\runtime_sources\左联词典.txt,A=周扬;B=叶紫,介绍,no,no,supported,yes,pending_cross_validation
REL-00604,ZLH-007,周扬,ZLH-024,艾芜,纪念/悼念,high,medium,no,pending_review,左联史,zuolian_shi,498,左联史 第498页,"1931年去山东工作,年底重回上海,得老友沙汀介绍,结识周起应(周扬)、艾芜等左联作家,逐步接近左鬓文坛。",53,09acda5d9b75e1ca7a65d203111ccb5d3b7bdc3a9063f1dd6feaa2da0292fe12,773379,773432,D:\1大创\左联知识库项目\data\processed\runtime_sources\左联史.txt,A=周扬;B=艾芜,介绍,no,no,pending_review,no,pending_cross_validation
REL-00605,ZLH-007,周扬,ZLH-025,沙汀,纪念/悼念,high,medium,no,pending_review,左联史,zuolian_shi,577,左联史 第577页,"4月初,沙汀来找茅盾,说周扬有事要找他面试,于是他和周扬在沙汀家见面。",35,160fd8da5d54844769ea670cf47b19f1d3dea014513825d20aab4e206f736a68,907611,907646,D:\1大创\左联知识库项目\data\processed\runtime_sources\左联史.txt,A=周扬;B=沙汀,见面,no,no,pending_review,no,pending_cross_validation
REL-00606,ZLH-007,周扬,ZLH-026,胡风,交游,low,medium,no,inferred,左联史,zuolian_shi,478,左联史 第478页,"指示解散左联的来信,就是画鲁迅首先交给胡风,再由胡风交左联组织部长王尧山,最后转交周扬。",44,1424ecf17b884804207761968dfceefd4c6acacf1298a5e0aca188cdd860bc95,737134,737178,D:\1大创\左联知识库项目\data\processed\runtime_sources\左联史.txt,A=周扬;B=胡风,来信,no,no,supported,yes,pending_cross_validation
REL-00607,ZLH-007,周扬,ZLH-027,萧军,签名联署,low,medium,no,inferred,左联史,zuolian_shi,450,左联史 第450页,"在两个口号论争中,周扬又发表《关于国防文学》、《现阶段的文学)V、《与茅盾先生论国防文学的口号》等论文,进一步论述了“国防文学“口号的重要性与必要性,贾扬舒群《没有祖国的孩子》、萧军《八月的乡村》、萧红《生死场》、夏衍《赛金花》等是“国防文学“的代表作。",127,659bb8f58b75b083613e927367f38d36b254170ac995df6d3a9d948bbc099bd7,690451,690578,D:\1大创\左联知识库项目\data\processed\runtime_sources\左联史.txt,A=周扬;B=萧军,,no,yes,supported,yes,pending_cross_validation
REL-00608,ZLH-007,周扬,ZLH-028,萧红,签名联署,low,medium,no,inferred,左联史,zuolian_shi,450,左联史 第450页,"在两个口号论争中,周扬又发表《关于国防文学》、《现阶段的文学)V、《与茅盾先生论国防文学的口号》等论文,进一步论述了“国防文学“口号的重要性与必要性,贾扬舒群《没有祖国的孩子》、萧军《八月的乡村》、萧红《生死场》、夏衍《赛金花》等是“国防文学“的代表作。",127,659bb8f58b75b083613e927367f38d36b254170ac995df6d3a9d948bbc099bd7,690451,690578,D:\1大创\左联知识库项目\data\processed\runtime_sources\左联史.txt,A=周扬;B=萧红,,no,yes,supported,yes,pending_cross_validation
REL-00609,ZLH-007,周扬,ZLH-029,聂绀弩,交游,low,medium,no,inferred,左联史,zuolian_shi,596,左联史 第596页,"““当周扬先生等人大鸣胜鼓的当儿,却有鲁迅先生茅盾先生,从及后来的吕克玉先生出来给周扬先生以重大的批判,把他们的理论完全推翻了,同时也批判了和纠正了朐风聂绀弩等人的态度。",85,b157a6d22d9a3da5c29bee12a074539dc7ea975cd415a721b3d97ff79ff739f2,939002,939087,D:\1大创\左联知识库项目\data\processed\runtime_sources\左联史.txt,A=周扬;B=聂绀弩,批判,no,no,supported,yes,pending_cross_validation
REL-00610,ZLH-007,周扬,ZLH-030,吴奚如,文学论战,low,medium,no,inferred,左联史,zuolian_shi,509,左联史 第509页,"1935年,去天马书店任编辑,他编辑的作品有语文学著作《拉丁化概论》(叶籁士编)、《拉丁化检字》(应人编)、《门外文谈》(鲁迅著);文艺理论著作《写些什么?怎样的写?》(尹庚著)、《新诗歌创作方法》(石灵著)、《苏联作家的创作经验》(YK编)、《这样的主义、那样的主义》(即《从古典主义到现实主义》)(周扬著)、《创作的最高水准》(立波著)、《文艺批评论》(王淑明著)、《继承文学遗产问题》(林通著)、《给文学青年的三封信》(苏联文学顾问会著张仲实译);创作有《女人的故事》(草明著)、《梦一样的自由》(欧阳山著)、《叶伯》(奚如著)、《沉郁的梅冷城〉(东平著)。",282,e3730bff0be85eed69de04cf853c570894413daefb57c860a48e32e633a13fe4,792563,792845,D:\1大创\左联知识库项目\data\processed\runtime_sources\左联史.txt,A=周扬;B=奚如,编辑,no,no,supported,yes,pending_cross_validation
REL-00611,ZLH-007,周扬,ZLH-031,葛琴,合作,critical,medium,no,pending_review,左联史,zuolian_shi,173,左联史 第173页,"这天下午,葛琴在邵垃麟、周起应〔(周扬)、魏猛克等陪同下去内山书店拜访鲸迅先生,鲁迅请朋友们去附近一家唧啡店茶叙。",57,96441ef0f6fa8c528d0b03ce10f01584ddd21a538747ae5ce1e927aab0720528,256018,256075,D:\1大创\左联知识库项目\data\processed\runtime_sources\左联史.txt,A=周扬;B=葛琴,拜访,no,no,pending_review,no,pending_cross_validation
REL-00612,ZLH-007,周扬,ZLH-032,徐懋庸,交游,low,medium,no,inferred,左联史,zuolian_shi,568,左联史 第568页,"由于周扬收到萧三来信的时候,鲁迅并没有表示态度,所以周扬让徐懋庸去路鲁迅先生谈一谈,问问他的意见。",49,076314a762cb22f0413206bd2103c016abf92be3588ef6436da82b0eea13e1e9,893981,894030,D:\1大创\左联知识库项目\data\processed\runtime_sources\左联史.txt,A=周扬;B=徐懋庸,来信,no,no,supported,yes,pending_cross_validation
REL-00614,ZLH-007,周扬,ZLH-035,李辉英,交游,low,medium,no,inferred,左联词典,zuolian_cidian,633,左联词典 第633页,"他的《村中》、《月台上5《开辟》等小说,与张天翼、沙汀、左联研究资料简介艾芜、李辉英、葛琴的创作同被周扬誉为“有意义的新鲜作品“,耶林和上述作家也被誉为“当时协出的新人“。",86,092f880838c7a5fb1a6ee4a09ea68a10de886f5bab524d7125508106a2a8c99c,493437,493523,D:\1大创\左联知识库项目\data\processed\runtime_sources\左联词典.txt,A=周扬;B=李辉英,,no,yes,supported,yes,pending_cross_validation
REL-00615,ZLH-007,周扬,ZLH-036,穆木天,合作,critical,medium,no,pending_review,左联史,zuolian_shi,476,左联史 第476页,"在他主持下,现代书局出版了一大批左翼文学创作如郭沫若《创造十年》,蒋光慈《菊芬》、《最后的微笑》、《异邝与故国》,洪灵菲《流亡》、《归家》,楼建南(适夷)《挣扎》,朐也频《诗稿》,森堡《爱与仇》,白薇《炸弹与征鸟》,外国文学则有《文凭》(茅盾译)、《平林泰子集》(沈端先译)、《林房雄集》(林伯修译),《新俄文学中的男女》(周起应译)、《初恋》(穆木天译)等,为30年代左翼文学运动的发展壮大做出重要贡献。",203,6d2158ed7dc969b7747d3e2957eda4b6354d49e5a1c0cf1e688faac7e12766c1,733939,734142,D:\1大创\左联知识库项目\data\processed\runtime_sources\左联史.txt,A=周起应;B=穆木天,,no,no,pending_review,no,pending_cross_validation
REL-00616,ZLH-007,周扬,ZLH-037,楼适夷,纪念/悼念,high,medium,no,pending_review,左联史,zuolian_shi,476,左联史 第476页,"在他主持下,现代书局出版了一大批左翼文学创作如郭沫若《创造十年》,蒋光慈《菊芬》、《最后的微笑》、《异邝与故国》,洪灵菲《流亡》、《归家》,楼建南(适夷)《挣扎》,朐也频《诗稿》,森堡《爱与仇》,白薇《炸弹与征鸟》,外国文学则有《文凭》(茅盾译)、《平林泰子集》(沈端先译)、《林房雄集》(林伯修译),《新俄文学中的男女》(周起应译)、《初恋》(穆木天译)等,为30年代左翼文学运动的发展壮大做出重要贡献。",203,6d2158ed7dc969b7747d3e2957eda4b6354d49e5a1c0cf1e688faac7e12766c1,733939,734142,D:\1大创\左联知识库项目\data\processed\runtime_sources\左联史.txt,A=周起应;B=适夷,,no,no,pending_review,no,pending_cross_validation
REL-00618,ZLH-007,周扬,ZLH-039,欧阳山,交游,low,medium,no,inferred,左联史,zuolian_shi,509,左联史 第509页,"1935年,去天马书店任编辑,他编辑的作品有语文学著作《拉丁化概论》(叶籁士编)、《拉丁化检字》(应人编)、《门外文谈》(鲁迅著);文艺理论著作《写些什么?怎样的写?》(尹庚著)、《新诗歌创作方法》(石灵著)、《苏联作家的创作经验》(YK编)、《这样的主义、那样的主义》(即《从古典主义到现实主义》)(周扬著)、《创作的最高水准》(立波著)、《文艺批评论》(王淑明著)、《继承文学遗产问题》(林通著)、《给文学青年的三封信》(苏联文学顾问会著张仲实译);创作有《女人的故事》(草明著)、《梦一样的自由》(欧阳山著)、《叶伯》(奚如著)、《沉郁的梅冷城〉(东平著)。",282,e3730bff0be85eed69de04cf853c570894413daefb57c860a48e32e633a13fe4,792563,792845,D:\1大创\左联知识库项目\data\processed\runtime_sources\左联史.txt,A=周扬;B=欧阳山,编辑,no,no,supported,yes,pending_cross_validation
REL-00621,ZLH-007,周扬,ZLH-045,周立波,交游,low,medium,no,inferred,左联史,zuolian_shi,507,左联史 第507页,"9月,由周扬介绍,加人中国左翼作家联盟,取笔名“立波“(英文“解放“一词“LIBETY“的中文译音),表示决心献身人民解放事业的坚强意志。",69,bb9e3c52e00db4f53f5cedb010fa11a81046b1e27be9c7ead4c7106b0f196a84,788707,788776,D:\1大创\左联知识库项目\data\processed\runtime_sources\左联史.txt,A=周扬;B=立波,介绍,no,no,supported,yes,pending_cross_validation
REL-00622,ZLH-007,周扬,ZLH-046,邵荃麟,交游,low,medium,no,supported,左联史,zuolian_shi,504,左联史 第504页,"1933年12月17日,她致函鲁迅先生,请求为她的这部书作序,第二天鲁迅收到来信后立即作复,葛琴收到回信后又去一信,谈有关事宜,19日,鲁迅收到葛琴第二封来信,又立即回信,约请她次日下午去内山书店见面,葛琴约了邵荃麟、周起应(周扬)、魏猛克几位友人一同去内山书店拜访鲁迅,先生邃大家去马路对面一家咖啡店叙谈。",154,90c2ef6cf4144ae0eef4bbdba95976144778ba679c077ed64aafe50952eb8fe3,784213,784367,D:\1大创\左联知识库项目\data\processed\runtime_sources\左联史.txt,A=周扬;B=邵荃麟,拜访,no,no,supported,yes,pending_cross_validation
REL-00624,ZLH-007,周扬,ZLH-048,王任叔,同属组织,critical,low,no,pending_review,左联史,zuolian_shi,675,左联史 第675页,"对文学创作(主要是小说创作)基本理论的研究探讨,左联作家发表了以下文论:(1)王任叔《作家与世界观》《“客观的真实“》、孟式钧《现实主义的基础》、周扬《谈现实主义》(觅实的与浪漫的》、徐懋庸《为艺术的艺术与为人生的艺术》《关于纯文学》、辛人《两种不同的浪漫主义》、立波(艺术的幻想》、张香山《文学上的肯定与否定》《文学上的偶然性与必然性(2)王任叔《小说的发展过程》《民族的坚强的性格》《人E物底单纯与复杂》《作品中的心理描写》《论文学作品中之定命命论恩想》《关于形式主义》《身边琐事的描写》《宠廷艺术与现实》、张香山《论通俗文学》《论历史题材作品》、李人《题材的选择与批评的责任》。",292,1dfd7d73a9a0cad5484a3d0278ef43b6e6f30747d3010ed78f67745dcc82a855,1052327,1052619,D:\1大创\左联知识库项目\data\processed\runtime_sources\左联史.txt,A=周扬;B=王任叔,,no,yes,pending_review,no,pending_cross_validation
REL-00627,ZLH-007,周扬,ZLH-054,许幸之,合作,high,medium,no,pending_review,左联史,zuolian_shi,704,左联史 第704页,"左联作家翻译的弗里契的文论有《社会主义的建设与现代俄国文学5》,蒋光慈译,《艺术上的阶级斗争与阶级同化》,许幸之译,两文均载《文艺讲座》,《艺术底将来》,聂绀弩译,载《中华月报》;《弗罗伊特主义与艺术》,周起应译,载《文学月报》,《巴黎公社的艺术政策》,雪峰译,载《萌芽月刊》。",139,1adef0beee73eec25ab423a0954d3c45e6adc65f3999d095cad8cc39ba49bafe,1098713,1098852,D:\1大创\左联知识库项目\data\processed\runtime_sources\左联史.txt,A=周起应;B=许幸之,,no,yes,pending_review,no,pending_cross_validation
REL-00629,ZLH-007,周扬,ZLH-058,郭沫若,同属组织,critical,low,no,pending_review,左联史,zuolian_shi,621,左联史 第621页,"他不同意郭沫若对前一结论表示的反对意见,也不同意周扬、丁非、质文派诸作家对第二个结论的反对态度。",48,196b20c7e26d797781f8d5368376d9ff71ba3cb958e57ff2225db615b4ca1093,976295,976343,D:\1大创\左联知识库项目\data\processed\runtime_sources\左联史.txt,A=周扬;B=郭沫若,,no,no,pending_review,no,pending_cross_validation
REL-00630,ZLH-007,周扬,ZLH-059,白薇,合作,critical,medium,no,pending_review,左联史,zuolian_shi,465,左联史 第465页,"萧三在苏联期间经常给鲁迅写信报告国际革命作家联盟情况,寄赠《国际文学)、《太平洋灯塔》、《萧三的诗》等书刊,鲁迅也将茅盾、周起应(周扬)、沈端先(夏衍)、张天翼、郑伯奇、周文、沙汀、白薇等左翼作家的作品寄给萧三。",106,8c99ec852386f446851d6dd8143a3dfdc157df6633ef6f3ddf2312cc42c83e8a,714747,714853,D:\1大创\左联知识库项目\data\processed\runtime_sources\左联史.txt,A=周扬;B=白薇,写信,no,no,pending_review,no,pending_cross_validation
REL-00633,ZLH-007,周扬,ZLH-063,任白戈,同属组织,critical,low,no,pending_review,左联史,zuolian_shi,22,左联史 第22页,常委是周起应(书记)、周文、胡风、任白戈、王尧山等人。,27,92b5a196f629f80bbca743d9ec87427c1f6e8f72b2d2e63897bba9c737142895,21856,21883,D:\1大创\左联知识库项目\data\processed\runtime_sources\左联史.txt,A=周起应;B=任白戈,,no,no,pending_review,no,pending_cross_validation
REL-00635,ZLH-007,周扬,ZLH-067,任钧,纪念/悼念,high,medium,no,pending_review,左联史,zuolian_shi,22,左联史 第22页,担任过部长的有周起应〔(周扬)、华蒂(叶以群)、森堡(任钧)、何家槐、何谷天(周文)、宋卢天(王尧山)等人。,54,c43d8f2ec9568fdf4d05e6811fed69d362ebb39d05044e8d1a06e14f0d4fab5c,22167,22221,D:\1大创\左联知识库项目\data\processed\runtime_sources\左联史.txt,A=周扬;B=任钧,,no,no,pending_review,no,pending_cross_validation
REL-00642,ZLH-007,周扬,ZLH-080,陈企霞,文学论战,low,medium,no,inferred,左联史,zuolian_shi,71,左联史 第71页,"1957年,在批判所谓“丁玲、陈企霞反党集团“的政治运动中,周扬在9月17日召开的中国作家协会党组扩大会议上公开宣布:“丁玲早在1933年在南京向国民党自首,从特务机关的阶下囚一变而为他们的座上客,背叛了共产党和工人阶级….",112,1afd753d8684a627245c4e391ff47379b340f951acf73c9949b93e468d920904,361920,362032,D:\1大创\左联知识库项目\data\processed\runtime_sources\左联史.txt,A=周扬;B=陈企霞,批判,no,no,supported,yes,pending_cross_validation
REL-00645,ZLH-007,周扬,ZLH-083,林焕平,同属组织,critical,low,no,pending_review,左联词典,zuolian_cidian,114,左联词典 第114页,"1933年9月,工联盟员林焕平去日本留学,行前,周扬嘱其到东京后,立即设法恢复东京左联组织。",46,3d22249e06a514e847c50bd29340c6994375b4b810b392c5b9bf4d48bb227791,47146,47192,D:\1大创\左联知识库项目\data\processed\runtime_sources\左联词典.txt,A=周扬;B=林焕平,组织,no,no,pending_review,no,pending_cross_validation
REL-00647,ZLH-007,周扬,ZLH-091,叶以群,师生关系,high,medium,no,pending_review,左联史,zuolian_shi,22,左联史 第22页,担任过部长的有周起应〔(周扬)、华蒂(叶以群)、森堡(任钧)、何家槐、何谷天(周文)、宋卢天(王尧山)等人。,54,c43d8f2ec9568fdf4d05e6811fed69d362ebb39d05044e8d1a06e14f0d4fab5c,22167,22221,D:\1大创\左联知识库项目\data\processed\runtime_sources\左联史.txt,A=周扬;B=叶以群,,no,no,pending_review,no,pending_cross_validation
REL-00652,ZLH-007,周扬,ZLH-100,姚蓬子,合作,critical,medium,no,pending_review,左联史,zuolian_shi,145,左联史 第145页,"创刊号及第2期由姚蓬子主编,第3期起改由周起应主编。",26,06a2833ac40ea4b26f7c3cb79f7c9864e4df401abbbe39eba6c539e9b4eb0918,213641,213667,D:\1大创\左联知识库项目\data\processed\runtime_sources\左联史.txt,A=周起应;B=姚蓬子,主编,no,no,pending_review,no,pending_cross_validation
REL-00654,ZLH-007,周扬,ZLH-105,沈起予,合作,critical,medium,no,pending_review,左联史,zuolian_shi,717,左联史 第717页,"白林斯基《论自然派》(周扬译)、S-昂德列益维奇《杜思退益夫斯基的特质》(沈起予译),F-梅凄格《狄更斯论》(胡风译)等,有力地支持了左联和左翼文学运动,开创了30年代我国文学翻译事业的新局面。",97,6ed42be1ec4f84b1840cb1e3d7de22663e3269738e9746ab25ae59c6a4290e0c,1117021,1117118,D:\1大创\左联知识库项目\data\processed\runtime_sources\左联史.txt,A=周扬;B=沈起予,支持,no,no,pending_review,no,pending_cross_validation
REL-00662,ZLH-007,周扬,ZLH-119,何家槐,合作,critical,medium,no,pending_review,左联史,zuolian_shi,548,左联史 第548页,"1933年离昆明到上海求学,考人光华大学中文系,他参与发起组织进步文学团体“轨迹社“,出版杂志《辐迹》,受到左联有关人士的注意,不久由何家槐介绍加人中国左翼作家联盟,被编入“左联沪西区大组光华大学小组“,当时在这个小组的还有苏灵扬〔(周扬的夫人)、作家周而复、蒋弼,诗人田间等。",139,7d19ab13240db524d701a09d15a4f8ac2523490c6f97a68ba59b31582a5d04a0,861364,861503,D:\1大创\左联知识库项目\data\processed\runtime_sources\左联史.txt,A=周扬;B=何家槐,介绍,no,no,pending_review,no,pending_cross_validation
REL-00663,ZLH-007,周扬,ZLH-120,夏征农,同属组织,critical,low,no,pending_review,左联词典,zuolian_cidian,444,左联词典 第444页,"周钥鸣、周扬、夏征农、阿英、沈起了、凌鹤、郑伯奇、茅盾等左鬓作家评论过这--作品,周钥鸣认为“作者没有把当时各帝国主义屠杀中国大众残酷情形表现出来,这是忘掉了国防历史剧作的主要意义“。",92,1651e2d2421b9111c87221814b9003880e21ae0354b3aba97148727c0e13e238,333341,333433,D:\1大创\左联知识库项目\data\processed\runtime_sources\左联词典.txt,A=周扬;B=夏征农,,no,no,pending_review,no,pending_cross_validation
REL-00665,ZLH-007,周扬,ZLH-122,许广平,师生关系,high,medium,no,pending_review,左联词典,zuolian_cidian,227,左联词典 第227页,"先生并和许广平亲自登门送还稿件,使他深受教育同年冬,由周扬介绍加入中国左翼作家联盟.",42,1fb067ea04b187f2237f4d1a7702a9cf3ce673b13eb2d78c73927850bb4907bc,144925,144967,D:\1大创\左联知识库项目\data\processed\runtime_sources\左联词典.txt,A=周扬;B=许广平,介绍,no,no,pending_review,no,pending_cross_validation
REL-00667,ZLH-007,周扬,ZLH-127,曹靖华,交游,low,medium,no,inferred,左联词典,zuolian_cidian,559,左联词典 第559页,"左联研究资料简介品,如鲁迅的《坂琴》《一天的工作汀《--个人的受难)《中国新文学大系*小说二集》、《苏联版画集》,丁玲的《母亲》,周扬编《高尔基纪念论文集5,曹靖华编译的《苏联作家七人集》等书的出版,郑伯奇在良友图书公司的活动,《一角丛书办《中篇创作新集》、《1936年短篇佳作选)筒书中所收左作家的作品等等。",155,dd0d402ad9c31bab9ee8e17c1ddb76f05b5ca252807f0a136beaa833cf38bb48,430783,430938,D:\1大创\左联知识库项目\data\processed\runtime_sources\左联词典.txt,A=周扬;B=曹靖华,,no,yes,supported,yes,pending_cross_validation
REL-00677,ZLH-007,周扬,ZLH-139,陈望道,交游,low,medium,no,inferred,左联史,zuolian_shi,182,左联史 第182页,"《关于胡秋原、苏汶与左联的文艺论战》及其他在冯雪峰、相秋白、周扬、鲁迅、朐风等左联领导人和评论家奋起批驳“自由人“、“第三种人“时,另一些左联成员和盟外人士也发表文章表示声援,他们是舒月、刘微尘、陈望道、祝秀侠、金丁、谷万川等。",114,6062285809e707e7ca50250e4f0bb5cf67368712414f8e084b7a9148a0efb53f,271174,271288,D:\1大创\左联知识库项目\data\processed\runtime_sources\左联史.txt,A=周扬;B=陈望道,论战,no,no,supported,yes,pending_cross_validation
REL-00678,ZLH-007,周扬,ZLH-141,高尔基,交游,low,medium,no,inferred,左联史,zuolian_shi,688,左联史 第688页,史铁莴基作周起应译)、《伟大的无产阶级作家高尔基》(吉尔波丁作周起应译)、《高尔基的功绩》(莫萨耶夫.,51,b37236739f76117412fb33918dac1e23fdea239a07cde364575c05902a639d6a,1074453,1074504,D:\1大创\左联知识库项目\data\processed\runtime_sources\左联史.txt,A=周起应;B=高尔基,,no,no,supported,yes,pending_cross_validation
REL-00681,ZLH-007,周扬,ZLH-144,巴比塞,交游,low,medium,no,inferred,左联史,zuolian_shi,450,左联史 第450页,"1933年8月,为欢迎巴比塞代表团来华、支持远东反战大会在上海召开,进步文化界联名发表《中国著作家欢迎巴比塞代表团启事》,周起应在启事上签名。",71,c2796ed125d8ca1f14f7a4f3e6551f03d0c25442b58d8c6daee0cc783cc91947,689483,689554,D:\1大创\左联知识库项目\data\processed\runtime_sources\左联史.txt,A=周起应;B=巴比塞,联名,no,no,supported,yes,pending_cross_validation
REL-00684,ZLH-007,周扬,ZLH-150,萧三,纪念/悼念,high,medium,no,pending_review,左联史,zuolian_shi,567,左联史 第567页,"夏衍说,他和周扬收到萧三来信后,首先把这封信D“即国际革伯作家联盟。",34,e5b4f75ca0cf29c362842027365427265a38f7ee04cc0e771d15a5f63470ac0a,893270,893304,D:\1大创\左联知识库项目\data\processed\runtime_sources\左联史.txt,A=周扬;B=萧三,来信,no,no,pending_review,no,pending_cross_validation
REL-00685,ZLH-008,田汉,ZLH-009,郑伯奇,同属组织,critical,low,no,pending_review,左联史,zuolian_shi,98,左联史 第98页,名单如下:冯乃超华_汉_龚冰庐沈叶沉孟超俞_怀_邱韵铎沈端先潘汉年“王洁予冯润璋_顾凤城彭康许峻冯铿王任桐周全平_洪灵菲_戴平万“钱杏邵冯宪章鲁迅杜衡埕子柔石侍桁画室吴贯中黄_素郑伯奇鲁_史朱镜我_田汉王一榴_蒋光慈刘锡五_叶灵凤_郁达夫陶晶孙_戴望舒李初梨_林伯修殴_夫_徐迅雷_程少怀_陈正道_许幸之_郭沫若_沈起予被介绍加人的:仲_豪“徐耘阡_魏金枝届文泳涛丁锐人马宁_孙孟涛王润甫_卢苍雁张璞无产阶级文艺俱乐部的发起人李_平胡忠信阿细余惠“萧歌强其他各反动组织之名单不明。,240,451607e392e76506863cb80a4c973cbf07385569c9884fdd80d90b1d3fb68d03,141748,141988,D:\1大创\左联知识库项目\data\processed\runtime_sources\左联史.txt,A=田汉;B=郑伯奇,介绍,no,no,pending_review,no,pending_cross_validation
REL-00686,ZLH-008,田汉,ZLH-010,洪深,待核验,critical,low,no,pending_review,左联史,zuolian_shi,27,左联史 第27页,为青年创办了以冯乃超为首的艺术学校和有剧作家田汉和洪深积极参加工作的艺术大学。,39,5eb8a22128b8b3bf0201c57f4c2e2da3bfdc7af6334fd7c6614f4c442b757361,29547,29586,D:\1大创\左联知识库项目\data\processed\runtime_sources\左联史.txt,A=田汉;B=洪深,参加,no,no,pending_review,no,pending_cross_validation
REL-00687,ZLH-008,田汉,ZLH-011,钱杏邨,同属组织,critical,low,no,pending_review,左联史,zuolian_shi,19,左联史 第19页,"潘汉年是领导人,当然常参加有关活动;人们印象不同的几位是田汉、朱镜我、沈起予、戴平万,这也不奇怪,肯定是他们也都参加过左联的筹备会议,因而给冯雪峰、夏衍、阿英留下了印象。",85,bb5533fc018a06c106dc8edc4709b8576d7d590b10624b160c79871554832935,18433,18518,D:\1大创\左联知识库项目\data\processed\runtime_sources\左联史.txt,A=田汉;B=阿英,参加,no,no,pending_review,no,pending_cross_validation
REL-00688,ZLH-008,田汉,ZLH-012,蒋光慈,待核验,critical,low,no,pending_review,左联词典,zuolian_cidian,167,左联词典 第167页,"1928年1月起,任上海现代书局出版部主任,主持具体出版业务,先后负质《现代小说》(叶灵凤主编)、《大众文艺》(郁达夫、夏荷蒂主编)、《南国月刊》(田汉主编)、《新流月报》(蒋光慈主编)等左翼文学期刊的出版工作,与潘汉年、田汉、钱杏邮、茹光慈、郜达夫等工翼作家过从关密。",135,9cc66e7fa10c34c08343e96f927c537f0be6fcc42d776a9918c76838cbf0a3ef,92322,92457,D:\1大创\左联知识库项目\data\processed\runtime_sources\左联词典.txt,A=田汉;B=蒋光慈,主编,no,no,pending_review,no,pending_cross_validation
REL-00689,ZLH-008,田汉,ZLH-013,阳翰笙,同属组织,critical,low,no,pending_review,左联史,zuolian_shi,380,左联史 第380页,"“81933年9月,艺华影业公司成立后,田汉介绍阳翰笙加人该公司当编剧,加强公司左翼的力量。",46,cabecef5218f8d570cb5a89291a0f1a09e17d2dda6937f7563de6ad010f63521,573967,574013,D:\1大创\左联知识库项目\data\processed\runtime_sources\左联史.txt,A=田汉;B=阳翰笙,介绍,no,no,pending_review,no,pending_cross_validation
REL-00690,ZLH-008,田汉,ZLH-014,冯乃超,同属组织,critical,low,no,pending_review,左联史,zuolian_shi,27,左联史 第27页,为青年创办了以冯乃超为首的艺术学校和有剧作家田汉和洪深积极参加工作的艺术大学。,39,5eb8a22128b8b3bf0201c57f4c2e2da3bfdc7af6334fd7c6614f4c442b757361,29547,29586,D:\1大创\左联知识库项目\data\processed\runtime_sources\左联史.txt,A=田汉;B=冯乃超,参加,no,no,pending_review,no,pending_cross_validation
REL-00691,ZLH-008,田汉,ZLH-015,郁达夫,签名联署,low,medium,no,inferred,左联史,zuolian_shi,237,左联史 第237页,"“文化界丁、潘营救会“由左联派去的盟员作家楼适夷主持工作,成员有柳亚子、郁达夫、田汉等人。",45,fb3a86a7c51d1a314af553ca2eba0de2fd20227fafcca85e25dd6b934d555ef5,352242,352287,D:\1大创\左联知识库项目\data\processed\runtime_sources\左联史.txt,A=田汉;B=郁达夫,营救,no,no,supported,yes,pending_cross_validation
REL-00692,ZLH-008,田汉,ZLH-016,柔石,交游,low,medium,no,inferred,左联史,zuolian_shi,36,左联史 第36页,"作家柔石致开会词,文总党团书记华汉(阳翰笙)、剧联代表田汉和洪深、《萌芽》月刊主编画室(冯雪峰)也相继致词。",54,0dd0b057c94fc0d66adbfe23fb79d0759bfdc5bb65628fe887e2debcba5867cb,44539,44593,D:\1大创\左联知识库项目\data\processed\runtime_sources\左联史.txt,A=田汉;B=柔石,主编,no,no,supported,yes,pending_cross_validation
REL-00693,ZLH-008,田汉,ZLH-017,胡也频,同属组织,critical,low,no,pending_review,左联史,zuolian_shi,17,左联史 第17页,"林伯修(杜国库)、洪灵菲、戴平万等的“我们社“和《我们月刊》,胡也频、丁玲的“《红黑》社“以及《现代小说》(叶灵凤编)、《无轨列车》(施蛟存等编)、《新文艺》(戴望舒、施蛰存等编)、《南国月刊》(田汉编)等,也都积极提倡无产阶级革命文学;此外还有一些小型文艺杂志如《洪荒》、《泰东月刊》、《戈壁》、《山雨》、《白露》等,也都属于《创造月刊》、《太阳月刊》的队列,做出了各自的努力,这些文艺社团的不少成员,后来也加人了左联。",211,09fce5d977522d996612573a2ffa0273c37d9272774844ebffce487d225480a6,15243,15454,D:\1大创\左联知识库项目\data\processed\runtime_sources\左联史.txt,A=田汉;B=胡也频,,no,no,pending_review,no,pending_cross_validation
REL-00694,ZLH-008,田汉,ZLH-018,冯铿,同属组织,critical,low,no,pending_review,左联史,zuolian_shi,98,左联史 第98页,名单如下:冯乃超华_汉_龚冰庐沈叶沉孟超俞_怀_邱韵铎沈端先潘汉年“王洁予冯润璋_顾凤城彭康许峻冯铿王任桐周全平_洪灵菲_戴平万“钱杏邵冯宪章鲁迅杜衡埕子柔石侍桁画室吴贯中黄_素郑伯奇鲁_史朱镜我_田汉王一榴_蒋光慈刘锡五_叶灵凤_郁达夫陶晶孙_戴望舒李初梨_林伯修殴_夫_徐迅雷_程少怀_陈正道_许幸之_郭沫若_沈起予被介绍加人的:仲_豪“徐耘阡_魏金枝届文泳涛丁锐人马宁_孙孟涛王润甫_卢苍雁张璞无产阶级文艺俱乐部的发起人李_平胡忠信阿细余惠“萧歌强其他各反动组织之名单不明。,240,451607e392e76506863cb80a4c973cbf07385569c9884fdd80d90b1d3fb68d03,141748,141988,D:\1大创\左联知识库项目\data\processed\runtime_sources\左联史.txt,A=田汉;B=冯铿,介绍,no,no,pending_review,no,pending_cross_validation
REL-00695,ZLH-008,田汉,ZLH-019,殷夫,合作,critical,medium,no,pending_review,左联史,zuolian_shi,43,左联史 第43页,他们在文章中指名道姓攻击谩骂过的作家有鲁迅、茅盾、潘汉年、钱杏郧、殷夫、蒋光慈、田汉、冯乃超、马宁等人。,52,ccecd9967c5fa9db52408cfc9e8be60c20f03b50fa91d8937dac73b320bb61dc,55749,55801,D:\1大创\左联知识库项目\data\processed\runtime_sources\左联史.txt,A=田汉;B=殷夫,,no,no,pending_review,no,pending_cross_validation
REL-00696,ZLH-008,田汉,ZLH-020,李求实,同属组织,critical,low,no,pending_review,左联词典,zuolian_cidian,520,左联词典 第520页,“部份盟员“左联“时期活动篓介“介绍了丁玲、于伶、马宁、王西彦、王志之、王蕹嘉、方殷、艾芜、叶紫、田汉、田间、白曙、冯乃超、冯雪峰、冯锂、任白戈、任钧、阳翰笙、孙席珍、李伟森、吴奚如、应修人、沙汀、沈起子、张天翼、张松如、阿英、陈沂、林焕平、茅盾、郁达夫等31位盟员作家在左联时期的活动。,144,1c54b7552e43a916ff2acc15b4d28af1b87a832afae6bd45b668809cf99f7340,397549,397693,D:\1大创\左联知识库项目\data\processed\runtime_sources\左联词典.txt,A=田汉;B=李伟森,介绍,yes,no,pending_review,no,pending_cross_validation
REL-00697,ZLH-008,田汉,ZLH-021,丁玲,交游,low,medium,no,inferred,左联词典,zuolian_cidian,193,左联词典 第193页,"1932年春和田汉、丁玲、叶以群、李岫石一起参加入党仪式,会上,聆昕了瞿秋白的长篇讲话,深受教育鼓舞。",51,1f2babbd34ba5c9f7b698744c5121df0a03cfc3b9529336395242882cb842255,114780,114831,D:\1大创\左联知识库项目\data\processed\runtime_sources\左联词典.txt,A=田汉;B=丁玲,一起,no,no,supported,yes,pending_cross_validation
REL-00698,ZLH-008,田汉,ZLH-022,张天翼,同属组织,critical,low,no,pending_review,左联词典,zuolian_cidian,494,左联词典 第494页,"还公布过一个《九-八以来国防剧作编目},左翼作家田汉的《回春之曲》等七个剧本、适夷的《S,0,S》和《活路》、白薇的《敌同志》等三个剔本,袁殊的《工场夜景》、张天翼的《最后列车)任邵(于伶)的《瓦刀》和《炸弹》被作为优秀剧作列入编目.",117,b9194d7e5071402e9795d7d36243ffbb8a639bec68a847281cf0b66cc531f949,376295,376412,D:\1大创\左联知识库项目\data\processed\runtime_sources\左联词典.txt,A=田汉;B=张天翼,,no,no,pending_review,no,pending_cross_validation
REL-00699,ZLH-008,田汉,ZLH-023,叶紫,同属组织,critical,low,no,pending_review,左联词典,zuolian_cidian,547,左联词典 第547页,"叶紫的小说,田汉、洪深、曹禺、夏衍的戏剧,鲁迅的杂文和《故事新编》,茅盾的名著《子夜》、(林家铺子》、《春蚕》,瞿秋白的杂文的思想性及艺术成就等.",73,1550ab32ab09c71e17dfc18c2db74acde64178d46cc4fcdd91a15bbd828b564b,420277,420350,D:\1大创\左联知识库项目\data\processed\runtime_sources\左联词典.txt,A=田汉;B=叶紫,,no,no,pending_review,no,pending_cross_validation
REL-00700,ZLH-008,田汉,ZLH-024,艾芜,同属组织,critical,low,no,pending_review,左联词典,zuolian_cidian,520,左联词典 第520页,“部份盟员“左联“时期活动篓介“介绍了丁玲、于伶、马宁、王西彦、王志之、王蕹嘉、方殷、艾芜、叶紫、田汉、田间、白曙、冯乃超、冯雪峰、冯锂、任白戈、任钧、阳翰笙、孙席珍、李伟森、吴奚如、应修人、沙汀、沈起子、张天翼、张松如、阿英、陈沂、林焕平、茅盾、郁达夫等31位盟员作家在左联时期的活动。,144,1c54b7552e43a916ff2acc15b4d28af1b87a832afae6bd45b668809cf99f7340,397549,397693,D:\1大创\左联知识库项目\data\processed\runtime_sources\左联词典.txt,A=田汉;B=艾芜,介绍,yes,no,pending_review,no,pending_cross_validation
REL-00701,ZLH-008,田汉,ZLH-025,沙汀,签名联署,low,medium,no,inferred,左联词典,zuolian_cidian,520,左联词典 第520页,“部份盟员“左联“时期活动篓介“介绍了丁玲、于伶、马宁、王西彦、王志之、王蕹嘉、方殷、艾芜、叶紫、田汉、田间、白曙、冯乃超、冯雪峰、冯锂、任白戈、任钧、阳翰笙、孙席珍、李伟森、吴奚如、应修人、沙汀、沈起子、张天翼、张松如、阿英、陈沂、林焕平、茅盾、郁达夫等31位盟员作家在左联时期的活动。,144,1c54b7552e43a916ff2acc15b4d28af1b87a832afae6bd45b668809cf99f7340,397549,397693,D:\1大创\左联知识库项目\data\processed\runtime_sources\左联词典.txt,A=田汉;B=沙汀,介绍,yes,no,supported,yes,pending_cross_validation
REL-00702,ZLH-008,田汉,ZLH-026,胡风,签名联署,low,medium,no,inferred,左联史,zuolian_shi,588,左联史 第588页,"朐风我先前并不慧识,去年的有一天,一位名人约我谈话了,到得那里,却见驶来了一辆汽车,从中跳出四条汉子:田汉、周起应,还有另两个,一律洋服,态度轩昂,说是特来通知我:胡风乃是内奸,官方派来的。",95,2ec5d358c06c08c8cfbb3c96d679b0e1971051ee47cd69d19afec49395fd923a,925681,925776,D:\1大创\左联知识库项目\data\processed\runtime_sources\左联史.txt,A=田汉;B=胡风,约,no,no,supported,yes,pending_cross_validation
REL-00707,ZLH-008,田汉,ZLH-031,葛琴,签名联署,low,medium,no,inferred,左联词典,zuolian_cidian,483,左联词典 第483页,许幸之、田汉、沈端先(夏衍)、陶晶孙、徐盈、方英、(钱枪邮)、森堡(任钧)、穆木天、适夷、华蒂(以群)、杨骚、风斯(刘芳松、东平、耶林、沙汀、谷菲(胡风)、何丹仁(冯雪峰)、沈起予、胡楣(关霹)、何左联报刊简丫菲(何小石)、文芜、柯琴(葛琴)、李辉英、祝秀侠等左联盟员作家以及巴金、芦萝(师陀)、叶圣陶等进步作家。,157,321055fd68b71a5f377f85d676bb5061950966fe06c04fe560423a180f1fd9b4,366558,366715,D:\1大创\左联知识库项目\data\processed\runtime_sources\左联词典.txt,A=田汉;B=葛琴,,yes,no,supported,yes,pending_cross_validation
REL-00708,ZLH-008,田汉,ZLH-032,徐懋庸,地下通讯,low,medium,no,inferred,左联词典,zuolian_cidian,306,左联词典 第306页,"1935年春,田汉、阳翰笙等被国民党逮捕,任日戈也去日本,徐懋庸继任左联秘书长,负责与鲁迅联系。",48,8afa405b4917fc6fc775b1b80636aec0ca13577c5472e8b2e4727ac5cea52501,214859,214907,D:\1大创\左联知识库项目\data\processed\runtime_sources\左联词典.txt,A=田汉;B=徐懋庸,,no,no,supported,yes,pending_cross_validation
REL-00709,ZLH-008,田汉,ZLH-034,彭康,合作,critical,medium,no,pending_review,左联史,zuolian_shi,98,左联史 第98页,名单如下:冯乃超华_汉_龚冰庐沈叶沉孟超俞_怀_邱韵铎沈端先潘汉年“王洁予冯润璋_顾凤城彭康许峻冯铿王任桐周全平_洪灵菲_戴平万“钱杏邵冯宪章鲁迅杜衡埕子柔石侍桁画室吴贯中黄_素郑伯奇鲁_史朱镜我_田汉王一榴_蒋光慈刘锡五_叶灵凤_郁达夫陶晶孙_戴望舒李初梨_林伯修殴_夫_徐迅雷_程少怀_陈正道_许幸之_郭沫若_沈起予被介绍加人的:仲_豪“徐耘阡_魏金枝届文泳涛丁锐人马宁_孙孟涛王润甫_卢苍雁张璞无产阶级文艺俱乐部的发起人李_平胡忠信阿细余惠“萧歌强其他各反动组织之名单不明。,240,451607e392e76506863cb80a4c973cbf07385569c9884fdd80d90b1d3fb68d03,141748,141988,D:\1大创\左联知识库项目\data\processed\runtime_sources\左联史.txt,A=田汉;B=彭康,介绍,no,no,pending_review,no,pending_cross_validation
REL-00710,ZLH-008,田汉,ZLH-035,李辉英,同属组织,critical,low,no,pending_review,左联史,zuolian_shi,508,左联史 第508页,"二八“之后,编辑《生存月刊》文艺栏,发表田汉、咤鹤、李辉英、森堡、侯枫、董每戡等左联作家的作品。",48,2a1de521df3d73db634f094321b2f3a956312075028c0dec60680b733a148cb3,791520,791568,D:\1大创\左联知识库项目\data\processed\runtime_sources\左联史.txt,A=田汉;B=李辉英,编辑,no,no,pending_review,no,pending_cross_validation
REL-00711,ZLH-008,田汉,ZLH-036,穆木天,同属组织,critical,low,no,pending_review,左联史,zuolian_shi,189,左联史 第189页,“在《启事》上签名的左联作家还有田汉、沈端先(夏衍)、华汉(阴翰笙)、钱杏郸(阿英)、洪深、穆木天、郑伯奇、郁达夫、彭家煌、华蒂(叶以群)、蓬子、杜衡、董每戡、森堡(任钧)、韩起、何谷天(周文)、尹庚、适夷、达伍(廖沫沙)、叶紫、李辉英、林伯修(杜国库)、张天翼、胡楣(关露)、杨骚、周起应(周扬)、沈起予、谷非(胡风)、沙汀、何家槐、白薇、祝秀侠、侯枫等人。,180,8d4b97f923dd372c1fdade2af2004cebe9e75c1accca534fc0c18efc5a989362,282363,282543,D:\1大创\左联知识库项目\data\processed\runtime_sources\左联史.txt,A=田汉;B=穆木天,签名,yes,no,pending_review,no,pending_cross_validation
REL-00712,ZLH-008,田汉,ZLH-037,楼适夷,创作合作,low,medium,no,inferred,左联史,zuolian_shi,237,左联史 第237页,"“文化界丁、潘营救会“由左联派去的盟员作家楼适夷主持工作,成员有柳亚子、郁达夫、田汉等人。",45,fb3a86a7c51d1a314af553ca2eba0de2fd20227fafcca85e25dd6b934d555ef5,352242,352287,D:\1大创\左联知识库项目\data\processed\runtime_sources\左联史.txt,A=田汉;B=楼适夷,营救,no,no,supported,yes,pending_cross_validation
REL-00714,ZLH-008,田汉,ZLH-042,魏金枝,同属组织,critical,low,no,pending_review,左联史,zuolian_shi,98,左联史 第98页,名单如下:冯乃超华_汉_龚冰庐沈叶沉孟超俞_怀_邱韵铎沈端先潘汉年“王洁予冯润璋_顾凤城彭康许峻冯铿王任桐周全平_洪灵菲_戴平万“钱杏邵冯宪章鲁迅杜衡埕子柔石侍桁画室吴贯中黄_素郑伯奇鲁_史朱镜我_田汉王一榴_蒋光慈刘锡五_叶灵凤_郁达夫陶晶孙_戴望舒李初梨_林伯修殴_夫_徐迅雷_程少怀_陈正道_许幸之_郭沫若_沈起予被介绍加人的:仲_豪“徐耘阡_魏金枝届文泳涛丁锐人马宁_孙孟涛王润甫_卢苍雁张璞无产阶级文艺俱乐部的发起人李_平胡忠信阿细余惠“萧歌强其他各反动组织之名单不明。,240,451607e392e76506863cb80a4c973cbf07385569c9884fdd80d90b1d3fb68d03,141748,141988,D:\1大创\左联知识库项目\data\processed\runtime_sources\左联史.txt,A=田汉;B=魏金枝,介绍,no,no,pending_review,no,pending_cross_validation
REL-00715,ZLH-008,田汉,ZLH-043,端木蕻良,同属组织,critical,low,no,pending_review,左联词典,zuolian_cidian,104,左联词典 第104页,"左联拥有一批贡献卓著、德高望重的老作家如鲁迅、茅盾、翔秋日、蒋光慈、田汉、洪深,左联诣生前已从事创作和翻译的柔石、洪灵菲、应修人、潘漠华、郑伯奇、王任叔、阳翰笙、阿英、丁玲、张天翼、冯雪峰、夏衍、周扬、胡风、周立波、穆木天、杨骚、白薇等,又培养了一批思想活既、颇具才华的文学新人如冯铿、沙汀、艾莅、欧阳山、草明、李辉英、周文、柏山、东平、征农、荒煤、葛琴、徐盈、叶紫、罗烽、舒群、端木蕻良、王西彦、王尘无、蒲风、田间、于伶、凌鹤、徐懋庸、聂绀弩、廖沫沙等,他们都为左翼文学奉献了自己的佳作,如鲁迅、瞿秋白、徐懋庸、聂绀弩、廖沫沙的杂文,茅盾的《于夜》蒋光意《咆哮了的土地》,胡也频《光明在我们的前面9,柔石、冯铿、丁玲、阳翰笙、沙汀、艾芜、欧阳山、草明、李辉英、周文、柏山、东平、征农、荒煤、葛琴、徐盈、叶紫、罗烽、舒群、端木蕻良、王西彦的小说.",373,38fb7f84d392c56ebfb19f4ba45e46afdcb5c041c850ce800ec1de1ef46653dc,39205,39578,D:\1大创\左联知识库项目\data\processed\runtime_sources\左联词典.txt,A=田汉;B=端木蕻良,,yes,no,pending_review,no,pending_cross_validation
REL-00716,ZLH-008,田汉,ZLH-045,周立波,合作,critical,medium,no,pending_review,左联史,zuolian_shi,507,左联史 第507页,"“由于“国防文学“口号意义重大,立波又是左联有影响的作家,《每周文学》一是左联机关刊,因而重新提出的这一口号,立即引起众多盟员作家的重视,梅雨、何家槐、田汉、周钢鸣、徐懋庸等纷纷发表文章或演讲,倡导“国防文学“和“国防戏剧“。",113,aaf77669768987a4992bdffb7647baa5cde1a2a5ff9c78bb8adec39f69d3a948,789170,789283,D:\1大创\左联知识库项目\data\processed\runtime_sources\左联史.txt,A=田汉;B=立波,,no,no,pending_review,no,pending_cross_validation
REL-00718,ZLH-008,田汉,ZLH-048,王任叔,同属组织,critical,low,no,pending_review,左联史,zuolian_shi,97,左联史 第97页,"加人这个反对白色恐余、争取人身言论出版结社自由群众组织的,大多是左翼作家及进步文化人,包括许多后来中国左鬓作家联盟的成员如鲁迅、潘汉年、郁达夫、田汉、郑伯奇、彭康、画室(冯雪峰)、王任叔、沈端先(夏衍)、王学文、叶灵凤、石锁顽(凌鹤)、黄河、陈正道、周全平、蔡子,还有一些人们熟悉的宗教界、学术界、戏剧界活既人物如董健吾、邓初民、潘念之、陈波儿、唐普初等,全是知识界一代精英。",188,742ac027631e61f5847c3684030a95f5e96e52773df5ae4cab2a8a2f1d304276,139640,139828,D:\1大创\左联知识库项目\data\processed\runtime_sources\左联史.txt,A=田汉;B=王任叔,组织,yes,no,pending_review,no,pending_cross_validation
REL-00721,ZLH-008,田汉,ZLH-054,许幸之,待核验,critical,low,yes,pending_review,左联史,zuolian_shi,98,左联史 第98页,名单如下:冯乃超华_汉_龚冰庐沈叶沉孟超俞_怀_邱韵铎沈端先潘汉年“王洁予冯润璋_顾凤城彭康许峻冯铿王任桐周全平_洪灵菲_戴平万“钱杏邵冯宪章鲁迅杜衡埕子柔石侍桁画室吴贯中黄_素郑伯奇鲁_史朱镜我_田汉王一榴_蒋光慈刘锡五_叶灵凤_郁达夫陶晶孙_戴望舒李初梨_林伯修殴_夫_徐迅雷_程少怀_陈正道_许幸之_郭沫若_沈起予被介绍加人的:仲_豪“徐耘阡_魏金枝届文泳涛丁锐人马宁_孙孟涛王润甫_卢苍雁张璞无产阶级文艺俱乐部的发起人李_平胡忠信阿细余惠“萧歌强其他各反动组织之名单不明。,240,451607e392e76506863cb80a4c973cbf07385569c9884fdd80d90b1d3fb68d03,141748,141988,D:\1大创\左联知识库项目\data\processed\runtime_sources\左联史.txt,A=田汉;B=许幸之,介绍,no,no,pending_review,no,pending_cross_validation
REL-00722,ZLH-008,田汉,ZLH-055,郑君里,交游,low,medium,no,inferred,左联史,zuolian_shi,168,左联史 第168页,"“01931年10月16、17日,“读联会“演剧部同仁首途应邀去苏州公演,演出剧目是田汉等编剧的《洪水》、《乱钟》、《解放》和外国剧本《梁上君二》,连演3场,由于郑千里(即郑君里)、周伯勋、胡萍等优秀演员及演剧部同仁的共同努力,演出很成功,在苏州引起很大震动,被称之为“我们在天堂放了一把火。",146,e91e68182e97eb7a9b95c4c008937413e60dc914a0d96616aa4a544510ac4f01,246089,246235,D:\1大创\左联知识库项目\data\processed\runtime_sources\左联史.txt,A=田汉;B=郑君里,共同,no,no,supported,yes,pending_cross_validation
REL-00724,ZLH-008,田汉,ZLH-058,郭沫若,交游,low,medium,no,inferred,左联史,zuolian_shi,98,左联史 第98页,名单如下:冯乃超华_汉_龚冰庐沈叶沉孟超俞_怀_邱韵铎沈端先潘汉年“王洁予冯润璋_顾凤城彭康许峻冯铿王任桐周全平_洪灵菲_戴平万“钱杏邵冯宪章鲁迅杜衡埕子柔石侍桁画室吴贯中黄_素郑伯奇鲁_史朱镜我_田汉王一榴_蒋光慈刘锡五_叶灵凤_郁达夫陶晶孙_戴望舒李初梨_林伯修殴_夫_徐迅雷_程少怀_陈正道_许幸之_郭沫若_沈起予被介绍加人的:仲_豪“徐耘阡_魏金枝届文泳涛丁锐人马宁_孙孟涛王润甫_卢苍雁张璞无产阶级文艺俱乐部的发起人李_平胡忠信阿细余惠“萧歌强其他各反动组织之名单不明。,240,451607e392e76506863cb80a4c973cbf07385569c9884fdd80d90b1d3fb68d03,141748,141988,D:\1大创\左联知识库项目\data\processed\runtime_sources\左联史.txt,A=田汉;B=郭沫若,介绍,no,no,supported,yes,pending_cross_validation
REL-00725,ZLH-008,田汉,ZLH-059,白薇,同属组织,critical,low,no,pending_review,左联史,zuolian_shi,172,左联史 第172页,S》、白薇《北宁路某站》和田汉《暴风雨中的七个女性》。,27,5a07b5496bdb6f95fe3485eaa934ed9fe3783990c2e28fa706bb00aa7d752b30,253036,253063,D:\1大创\左联知识库项目\data\processed\runtime_sources\左联史.txt,A=田汉;B=白薇,,no,no,pending_review,no,pending_cross_validation
REL-00727,ZLH-008,田汉,ZLH-061,朱镜我,同属组织,critical,low,no,pending_review,左联史,zuolian_shi,19,左联史 第19页,"潘汉年是领导人,当然常参加有关活动;人们印象不同的几位是田汉、朱镜我、沈起予、戴平万,这也不奇怪,肯定是他们也都参加过左联的筹备会议,因而给冯雪峰、夏衍、阿英留下了印象。",85,bb5533fc018a06c106dc8edc4709b8576d7d590b10624b160c79871554832935,18433,18518,D:\1大创\左联知识库项目\data\processed\runtime_sources\左联史.txt,A=田汉;B=朱镜我,参加,no,no,pending_review,no,pending_cross_validation
REL-00728,ZLH-008,田汉,ZLH-063,任白戈,签名联署,low,medium,no,inferred,左联史,zuolian_shi,521,左联史 第521页,"1935年2月,田汉、阳翰笙被捕后,原担任左联行政书记的任白戈去日本留学,徐懋庸又接替任白戈的职务。",50,8dc837a725d4f00054e7578c987b292738c8a7cdd46c61ae7ed3cc214fefb6ca,813829,813879,D:\1大创\左联知识库项目\data\processed\runtime_sources\左联史.txt,A=田汉;B=任白戈,,no,no,supported,yes,pending_cross_validation
REL-00733,ZLH-008,田汉,ZLH-073,王余杞,待核验,critical,low,no,pending_review,左联史,zuolian_shi,469,左联史 第469页,"暑假中,他去青岛,与王余杞、孟超、刘西荣等合办报纸副刊《避暑录话》,洪深在该刊发表《友人狱中诗》6首和《友人狱中词》3首,这些都是田汉从狱中秘密带出的作品,发表它们,是为了让关心田汉的人们了解他在狱中的思想、生活,洪深还为《著萨蛮.",116,06dd803a2422cabf91007b797a93e7bd37b44de7b2efb7c367cdcd61b961d09a,721414,721530,D:\1大创\左联知识库项目\data\processed\runtime_sources\左联史.txt,A=田汉;B=王余杞,,no,no,pending_review,no,pending_cross_validation
REL-00740,ZLH-008,田汉,ZLH-086,葛一虹,签名联署,low,medium,no,inferred,左联史,zuolian_shi,423,左联史 第423页,“在这份抗议宥言上签名的有左联成员田汉、洪深、阿英、阳翰笙、尤党、司徒慧敏、沈西苓、林娜、周钢鸣、林淡秋、洪道、徐懋庸、唐瑜、徐步、荒煤、许标之、舒群、罗烽、欧阳凡海、鲁思、戴平万、丽尼、钟敬之、龚川琦以及陈白尘、艾思奇、吊骥、论千里、章乃器、冼星海、马彦祥、张庚、葛一虹等共189人。,143,d43fb919e26a075b21a3b6e57071a1b617f6369d9aa3ef83195508a119cc9332,644899,645042,D:\1大创\左联知识库项目\data\processed\runtime_sources\左联史.txt,A=田汉;B=葛一虹,签名,yes,no,supported,yes,pending_cross_validation
REL-00741,ZLH-008,田汉,ZLH-091,叶以群,同属组织,critical,low,no,pending_review,左联词典,zuolian_cidian,193,左联词典 第193页,"1932年春和田汉、丁玲、叶以群、李岫石一起参加入党仪式,会上,聆昕了瞿秋白的长篇讲话,深受教育鼓舞。",51,1f2babbd34ba5c9f7b698744c5121df0a03cfc3b9529336395242882cb842255,114780,114831,D:\1大创\左联知识库项目\data\processed\runtime_sources\左联词典.txt,A=田汉;B=叶以群,一起,no,no,pending_review,no,pending_cross_validation
REL-00744,ZLH-008,田汉,ZLH-097,王西彦,同属组织,critical,low,no,pending_review,左联词典,zuolian_cidian,520,左联词典 第520页,“部份盟员“左联“时期活动篓介“介绍了丁玲、于伶、马宁、王西彦、王志之、王蕹嘉、方殷、艾芜、叶紫、田汉、田间、白曙、冯乃超、冯雪峰、冯锂、任白戈、任钧、阳翰笙、孙席珍、李伟森、吴奚如、应修人、沙汀、沈起子、张天翼、张松如、阿英、陈沂、林焕平、茅盾、郁达夫等31位盟员作家在左联时期的活动。,144,1c54b7552e43a916ff2acc15b4d28af1b87a832afae6bd45b668809cf99f7340,397549,397693,D:\1大创\左联知识库项目\data\processed\runtime_sources\左联词典.txt,A=田汉;B=王西彦,介绍,yes,no,pending_review,no,pending_cross_validation
REL-00747,ZLH-008,田汉,ZLH-104,叶灵凤,待核验,high,low,yes,pending_review,左联词典,zuolian_cidian,167,左联词典 第167页,"1928年1月起,任上海现代书局出版部主任,主持具体出版业务,先后负质《现代小说》(叶灵凤主编)、《大众文艺》(郁达夫、夏荷蒂主编)、《南国月刊》(田汉主编)、《新流月报》(蒋光慈主编)等左翼文学期刊的出版工作,与潘汉年、田汉、钱杏邮、茹光慈、郜达夫等工翼作家过从关密。",135,9cc66e7fa10c34c08343e96f927c537f0be6fcc42d776a9918c76838cbf0a3ef,92322,92457,D:\1大创\左联知识库项目\data\processed\runtime_sources\左联词典.txt,A=田汉;B=叶灵凤,主编,no,no,pending_review,no,pending_cross_validation
REL-00748,ZLH-008,田汉,ZLH-105,沈起予,待核验,critical,low,yes,pending_review,左联史,zuolian_shi,19,左联史 第19页,"潘汉年是领导人,当然常参加有关活动;人们印象不同的几位是田汉、朱镜我、沈起予、戴平万,这也不奇怪,肯定是他们也都参加过左联的筹备会议,因而给冯雪峰、夏衍、阿英留下了印象。",85,bb5533fc018a06c106dc8edc4709b8576d7d590b10624b160c79871554832935,18433,18518,D:\1大创\左联知识库项目\data\processed\runtime_sources\左联史.txt,A=田汉;B=沈起予,参加,no,no,pending_review,no,pending_cross_validation
REL-00750,ZLH-008,田汉,ZLH-112,戴望舒,交游,low,medium,no,inferred,左联史,zuolian_shi,98,左联史 第98页,名单如下:冯乃超华_汉_龚冰庐沈叶沉孟超俞_怀_邱韵铎沈端先潘汉年“王洁予冯润璋_顾凤城彭康许峻冯铿王任桐周全平_洪灵菲_戴平万“钱杏邵冯宪章鲁迅杜衡埕子柔石侍桁画室吴贯中黄_素郑伯奇鲁_史朱镜我_田汉王一榴_蒋光慈刘锡五_叶灵凤_郁达夫陶晶孙_戴望舒李初梨_林伯修殴_夫_徐迅雷_程少怀_陈正道_许幸之_郭沫若_沈起予被介绍加人的:仲_豪“徐耘阡_魏金枝届文泳涛丁锐人马宁_孙孟涛王润甫_卢苍雁张璞无产阶级文艺俱乐部的发起人李_平胡忠信阿细余惠“萧歌强其他各反动组织之名单不明。,240,451607e392e76506863cb80a4c973cbf07385569c9884fdd80d90b1d3fb68d03,141748,141988,D:\1大创\左联知识库项目\data\processed\runtime_sources\左联史.txt,A=田汉;B=戴望舒,介绍,no,no,supported,yes,pending_cross_validation
REL-00751,ZLH-008,田汉,ZLH-113,施蛰存,待核验,critical,low,yes,pending_review,左联史,zuolian_shi,17,左联史 第17页,"林伯修(杜国库)、洪灵菲、戴平万等的“我们社“和《我们月刊》,胡也频、丁玲的“《红黑》社“以及《现代小说》(叶灵凤编)、《无轨列车》(施蛟存等编)、《新文艺》(戴望舒、施蛰存等编)、《南国月刊》(田汉编)等,也都积极提倡无产阶级革命文学;此外还有一些小型文艺杂志如《洪荒》、《泰东月刊》、《戈壁》、《山雨》、《白露》等,也都属于《创造月刊》、《太阳月刊》的队列,做出了各自的努力,这些文艺社团的不少成员,后来也加人了左联。",211,09fce5d977522d996612573a2ffa0273c37d9272774844ebffce487d225480a6,15243,15454,D:\1大创\左联知识库项目\data\processed\runtime_sources\左联史.txt,A=田汉;B=施蛰存,,no,no,pending_review,no,pending_cross_validation
REL-00755,ZLH-008,田汉,ZLH-117,陈波儿,同属组织,critical,low,no,pending_review,左联史,zuolian_shi,97,左联史 第97页,"加人这个反对白色恐余、争取人身言论出版结社自由群众组织的,大多是左翼作家及进步文化人,包括许多后来中国左鬓作家联盟的成员如鲁迅、潘汉年、郁达夫、田汉、郑伯奇、彭康、画室(冯雪峰)、王任叔、沈端先(夏衍)、王学文、叶灵凤、石锁顽(凌鹤)、黄河、陈正道、周全平、蔡子,还有一些人们熟悉的宗教界、学术界、戏剧界活既人物如董健吾、邓初民、潘念之、陈波儿、唐普初等,全是知识界一代精英。",188,742ac027631e61f5847c3684030a95f5e96e52773df5ae4cab2a8a2f1d304276,139640,139828,D:\1大创\左联知识库项目\data\processed\runtime_sources\左联史.txt,A=田汉;B=陈波儿,组织,yes,no,pending_review,no,pending_cross_validation
REL-00756,ZLH-008,田汉,ZLH-119,何家槐,待核验,critical,low,no,pending_review,左联史,zuolian_shi,507,左联史 第507页,"“由于“国防文学“口号意义重大,立波又是左联有影响的作家,《每周文学》一是左联机关刊,因而重新提出的这一口号,立即引起众多盟员作家的重视,梅雨、何家槐、田汉、周钢鸣、徐懋庸等纷纷发表文章或演讲,倡导“国防文学“和“国防戏剧“。",113,aaf77669768987a4992bdffb7647baa5cde1a2a5ff9c78bb8adec39f69d3a948,789170,789283,D:\1大创\左联知识库项目\data\processed\runtime_sources\左联史.txt,A=田汉;B=何家槐,,no,no,pending_review,no,pending_cross_validation
REL-00757,ZLH-008,田汉,ZLH-120,夏征农,同属组织,critical,low,no,pending_review,左联史,zuolian_shi,154,左联史 第154页,"“从笔者见到的很少儿期《生存月刊》上查到的左联作家的作品有:独幕剧《洪水》(田汉)、《“五四“之夜》(碌鹤)、《突破死线》(方之中),小说《光明》(李辉英)、《雾》(凄鹤),散文《殉葬的鹰》(方之中),论文和批评《划时代中的文艺运动与反帝》(方之中)、《新兴文学与形式》(桥本英吉作一一夏征农译)、《农村的戏剧之路》(方之中)、《戏剧批评之路》(董每戡)、《电影的政治性简论》(啧鹤)、《苏联电影的考察》(董每戡)、《读〈庚子外记)》(钱杏郫)、《评〈戏)》(侯枫),诗《到东北去》(森堡)、《骷髅之舞》(之中)等,充满爱国情怀,确实是立场纯正、意志坚毅的。",279,d862acf76d36deef6d7a12697558d8769c55952858ce3efa28a89d346d9065f1,222356,222635,D:\1大创\左联知识库项目\data\processed\runtime_sources\左联史.txt,A=田汉;B=夏征农,,no,yes,pending_review,no,pending_cross_validation
REL-00772,ZLH-008,田汉,ZLH-141,高尔基,交游,low,medium,no,inferred,左联史,zuolian_shi,139,左联史 第139页,"为表示祝贺,左联机关刊《文学月报》在最后两期(1932年11月15日的第4号和12月15日第5、6号合刊)发表了一系列的纪念文章和资料:《伟大的高尔基》(吉尔波丁作绮影译)、《论高尔基》(罗曼罗兰作寒琪译)、《高尔基与托尔斯泰》(卢那察尔斯基作沈起予译)、《高尔基和工人作家的谈话》(林琪)、《高尔基年谱》(沈端先)以及田汉根据高尔基小说改编的剧本《母亲》。",179,ab29c71bd3f72a57c71c6ba054fdd6f91a9035ea3877fd68ecc6452e5e03f86e,203390,203569,D:\1大创\左联知识库项目\data\processed\runtime_sources\左联史.txt,A=田汉;B=高尔基,,no,yes,supported,yes,pending_cross_validation
REL-00774,ZLH-008,田汉,ZLH-144,巴比塞,签名联署,low,medium,no,inferred,左联史,zuolian_shi,468,左联史 第468页,"8月,传闻法国作家巴比塞将率代表团来上海出席即将召开的远东反战大会,左翰文艺界发表《中国著作家欢迎巴比塞代表囡启事》,田汉名列其中。",66,680c3bcd5c071555a181fa76b8399949194f163e6c1aa16df98af7e10c16e468,719921,719987,D:\1大创\左联知识库项目\data\processed\runtime_sources\左联史.txt,A=田汉;B=巴比塞,,no,no,supported,yes,pending_cross_validation
REL-00778,ZLH-009,郑伯奇,ZLH-010,洪深,合作,critical,medium,no,pending_review,左联史,zuolian_shi,458,左联史 第458页,"同年,文艺界21位不同流派的作家联名发表《文艺界同人为团结御侮与言论自由宣言》,其中有鲁迅、苟盾、郭沫若、郑伯奇、张天翼、洪深等。",65,edbcc78e742520f729ad87fe15f5c9bb6455000af45949fb0535bc395b58ac27,702954,703019,D:\1大创\左联知识库项目\data\processed\runtime_sources\左联史.txt,A=郑伯奇;B=洪深,联名,no,no,pending_review,no,pending_cross_validation
REL-00779,ZLH-009,郑伯奇,ZLH-011,钱杏邨,合作,critical,medium,no,pending_review,左联史,zuolian_shi,330,左联史 第330页,左联作家郑君平(郑伯奇)、阿英、沈西苓也参与发起。,25,5e73fb269b96c79503b8d10486d627ee056c687cee0f0ea097e033b63e7254f5,497900,497925,D:\1大创\左联知识库项目\data\processed\runtime_sources\左联史.txt,A=郑伯奇;B=阿英,发起,no,no,pending_review,no,pending_cross_validation
REL-00780,ZLH-009,郑伯奇,ZLH-012,蒋光慈,同属组织,critical,low,no,pending_review,左联史,zuolian_shi,16,左联史 第16页,"当时,作家郑伯奇、蒋光慈、段可情等创造社同仁也去看望他,彼此也有共同的想法。",38,5e6e43d2ad53aaa9d9e5bf0b8380db2ab46ca24136f8b865aef8b0d6138f8714,13323,13361,D:\1大创\左联知识库项目\data\processed\runtime_sources\左联史.txt,A=郑伯奇;B=蒋光慈,看望,no,no,pending_review,no,pending_cross_validation
REL-00781,ZLH-009,郑伯奇,ZLH-013,阳翰笙,同属组织,critical,low,no,pending_review,左联史,zuolian_shi,161,左联史 第161页,"在这汀讨论中,洛扬(冯雪峰)、起应(周扬)、何大白(郑伯奇)、寒生(阳翰笙)、止敬(茅盾)都发表了各自的见解,值得重视。",60,5986eedefaa8f48634b7423950c8db98421b049384541c5c5ed4d09258000960,234274,234334,D:\1大创\左联知识库项目\data\processed\runtime_sources\左联史.txt,A=郑伯奇;B=阳翰笙,讨论,no,no,pending_review,no,pending_cross_validation
REL-00782,ZLH-009,郑伯奇,ZLH-014,冯乃超,同属组织,critical,low,no,pending_review,左联史,zuolian_shi,158,左联史 第158页,"早在革命文学论争初期,进步文艺界就渐淅明白了文艺应当大众化的道理,左联成立前,《大众文艺》社就组织过一次“文艺大众化的诸问题“笔谈,鲁迅、郭沫若、沈端先(夏衍)、陶晶孙、冯乃超、郑伯奇等都写了文章,发表各自的见解,积极展开讨论。",114,91b8de115f35f6eaa0127697ef936bbbb19330ae5a7511b96d9038b1bf138681,229828,229942,D:\1大创\左联知识库项目\data\processed\runtime_sources\左联史.txt,A=郑伯奇;B=冯乃超,组织,no,no,pending_review,no,pending_cross_validation
REL-00783,ZLH-009,郑伯奇,ZLH-015,郁达夫,签名联署,low,medium,no,inferred,鲁迅日记,luxun_diary,,鲁迅日记 页码未识别,午达夫、映霞从杭州来，家璧及伯奇、国亮延之在味雅午饭，亦见邀，遂同广平携海婴往。,40,f42162a6e0fa35345f1b32d32c00b8e8c51a6a65b58fc7472f043cafcd7d44d7,193398,193438,D:\1大创\左联知识库项目\research\raw_texts\日记全编：全2册 (鲁迅 著) (Z-Library).txt,A=伯奇;B=达夫,邀,no,no,supported,yes,pending_cross_validation
REL-00784,ZLH-009,郑伯奇,ZLH-016,柔石,交游,low,medium,no,inferred,左联史,zuolian_shi,98,左联史 第98页,名单如下:冯乃超华_汉_龚冰庐沈叶沉孟超俞_怀_邱韵铎沈端先潘汉年“王洁予冯润璋_顾凤城彭康许峻冯铿王任桐周全平_洪灵菲_戴平万“钱杏邵冯宪章鲁迅杜衡埕子柔石侍桁画室吴贯中黄_素郑伯奇鲁_史朱镜我_田汉王一榴_蒋光慈刘锡五_叶灵凤_郁达夫陶晶孙_戴望舒李初梨_林伯修殴_夫_徐迅雷_程少怀_陈正道_许幸之_郭沫若_沈起予被介绍加人的:仲_豪“徐耘阡_魏金枝届文泳涛丁锐人马宁_孙孟涛王润甫_卢苍雁张璞无产阶级文艺俱乐部的发起人李_平胡忠信阿细余惠“萧歌强其他各反动组织之名单不明。,240,451607e392e76506863cb80a4c973cbf07385569c9884fdd80d90b1d3fb68d03,141748,141988,D:\1大创\左联知识库项目\data\processed\runtime_sources\左联史.txt,A=郑伯奇;B=柔石,介绍,no,no,supported,yes,pending_cross_validation
REL-00785,ZLH-009,郑伯奇,ZLH-017,胡也频,交游,low,medium,no,inferred,左联史,zuolian_shi,464,左联史 第464页,"1931年2月,李伟森、柔石、胡也频、殷夫、冯铿被难后,白色恐怖日益严重,左联一些成员远走他乡,个别的甚至与阶级敌人同流合污,但郑伯奇和其他一批最坚定的盟员依然坚守岗位,在鲁迅的旗帜下坚持战斗。",97,65ebb1d200898a2189305b1691be0927cbff42dd4d78b797bce6f9df28eefc6e,712750,712847,D:\1大创\左联知识库项目\data\processed\runtime_sources\左联史.txt,A=郑伯奇;B=胡也频,,no,no,supported,yes,pending_cross_validation
REL-00786,ZLH-009,郑伯奇,ZLH-018,冯铿,交游,low,medium,no,inferred,左联史,zuolian_shi,98,左联史 第98页,名单如下:冯乃超华_汉_龚冰庐沈叶沉孟超俞_怀_邱韵铎沈端先潘汉年“王洁予冯润璋_顾凤城彭康许峻冯铿王任桐周全平_洪灵菲_戴平万“钱杏邵冯宪章鲁迅杜衡埕子柔石侍桁画室吴贯中黄_素郑伯奇鲁_史朱镜我_田汉王一榴_蒋光慈刘锡五_叶灵凤_郁达夫陶晶孙_戴望舒李初梨_林伯修殴_夫_徐迅雷_程少怀_陈正道_许幸之_郭沫若_沈起予被介绍加人的:仲_豪“徐耘阡_魏金枝届文泳涛丁锐人马宁_孙孟涛王润甫_卢苍雁张璞无产阶级文艺俱乐部的发起人李_平胡忠信阿细余惠“萧歌强其他各反动组织之名单不明。,240,451607e392e76506863cb80a4c973cbf07385569c9884fdd80d90b1d3fb68d03,141748,141988,D:\1大创\左联知识库项目\data\processed\runtime_sources\左联史.txt,A=郑伯奇;B=冯铿,介绍,no,no,supported,yes,pending_cross_validation
REL-00787,ZLH-009,郑伯奇,ZLH-019,殷夫,交游,low,medium,no,inferred,左联史,zuolian_shi,464,左联史 第464页,"1931年2月,李伟森、柔石、胡也频、殷夫、冯铿被难后,白色恐怖日益严重,左联一些成员远走他乡,个别的甚至与阶级敌人同流合污,但郑伯奇和其他一批最坚定的盟员依然坚守岗位,在鲁迅的旗帜下坚持战斗。",97,65ebb1d200898a2189305b1691be0927cbff42dd4d78b797bce6f9df28eefc6e,712750,712847,D:\1大创\左联知识库项目\data\processed\runtime_sources\左联史.txt,A=郑伯奇;B=殷夫,,no,no,supported,yes,pending_cross_validation
REL-00788,ZLH-009,郑伯奇,ZLH-020,李求实,交游,low,medium,no,inferred,左联史,zuolian_shi,464,左联史 第464页,"1931年2月,李伟森、柔石、胡也频、殷夫、冯铿被难后,白色恐怖日益严重,左联一些成员远走他乡,个别的甚至与阶级敌人同流合污,但郑伯奇和其他一批最坚定的盟员依然坚守岗位,在鲁迅的旗帜下坚持战斗。",97,65ebb1d200898a2189305b1691be0927cbff42dd4d78b797bce6f9df28eefc6e,712750,712847,D:\1大创\左联知识库项目\data\processed\runtime_sources\左联史.txt,A=郑伯奇;B=李伟森,,no,no,supported,yes,pending_cross_validation
REL-00789,ZLH-009,郑伯奇,ZLH-021,丁玲,交游,low,medium,no,inferred,左联史,zuolian_shi,445,左联史 第445页,"1932年1月17日,在南市方斜路公共体育场召开有两万市民参加的上海市民大会,丁玲和何丹仁(冯雪峰)、适夷、杨骚、华汉(阳翰笙)、华蒂(叶以群)、何畏、郑伯奇、穆木天、蔡子等左联成员都参加了大会及游行示威。",103,599db7fac32e953d7569f91a05bb41ce9be990f903aed3f7713e8458c1c7e432,681106,681209,D:\1大创\左联知识库项目\data\processed\runtime_sources\左联史.txt,A=郑伯奇;B=丁玲,参加,no,no,supported,yes,pending_cross_validation
REL-00790,ZLH-009,郑伯奇,ZLH-022,张天翼,交游,low,medium,no,inferred,左联词典,zuolian_cidian,226,左联词典 第226页,"1933年秋,由于韩起、赵家壁的推荐,郑伯奇、张天翼的支持,良友图书公司总经理伍联德.",43,6829b7de762ac3d4e18adcf5f510325b7181b4834f2bfd48af5f25da9b8280ef,144086,144129,D:\1大创\左联知识库项目\data\processed\runtime_sources\左联词典.txt,A=郑伯奇;B=张天翼,推荐,no,no,supported,yes,pending_cross_validation
REL-00792,ZLH-009,郑伯奇,ZLH-024,艾芜,待核验,critical,low,no,pending_review,左联史,zuolian_shi,727,左联史 第727页,"1960年是左联成立30周年,《文艺报》举行纪念座谈会,各报刊发表左联盟员回忆录,学者专家撰写的纪念文章一批,如魏金枝《回忆“左联“》(3月2日《解放日报3》)和《“左联“杂忆》(《文学评论》1960年第2期),何家槐《继承“左联“的革命传统发扬“左联“的战斗精神!》(《文学知识》1960年3月号),唐弹《文化战线上的战斗红旗》(《文学评论》1960年第2期),郑伯奇《“左联“回忆片断》(同上),楼适夷《记“左联“的两个刊物》(同上),艾芜《回忆我在“左联“的几件往事》(《文艺报》1960年第5期),包忠文《左联时期文艺上两条道路的斗争》(《雨花》1960年第5期)。",287,4c0236128502341c28cc91121464ba91bb2faeec73794b5969dc165af3ebb8b3,1130052,1130339,D:\1大创\左联知识库项目\data\processed\runtime_sources\左联史.txt,A=郑伯奇;B=艾芜,座谈,no,yes,pending_review,no,pending_cross_validation
REL-00793,ZLH-009,郑伯奇,ZLH-025,沙汀,交游,low,medium,no,inferred,左联史,zuolian_shi,465,左联史 第465页,"萧三在苏联期间经常给鲁迅写信报告国际革命作家联盟情况,寄赠《国际文学)、《太平洋灯塔》、《萧三的诗》等书刊,鲁迅也将茅盾、周起应(周扬)、沈端先(夏衍)、张天翼、郑伯奇、周文、沙汀、白薇等左翼作家的作品寄给萧三。",106,8c99ec852386f446851d6dd8143a3dfdc157df6633ef6f3ddf2312cc42c83e8a,714747,714853,D:\1大创\左联知识库项目\data\processed\runtime_sources\左联史.txt,A=郑伯奇;B=沙汀,写信,no,no,supported,yes,pending_cross_validation
REL-00794,ZLH-009,郑伯奇,ZLH-026,胡风,交游,low,medium,no,inferred,左联史,zuolian_shi,54,左联史 第54页,"创刊号有《报告文学论》(集体讨论,泊船执笔),《论集体创作》(黄既),《(初选〉读后感》(集体批评),《求全的责备》(茅盾),《不须鼓励》(郑伯奇),《从〈初选〉想到的》(胡风),《潜伏的火焰》(白晓光)等,还有长篇连载、报告、通讯、诗歌小品、杂感。",125,af535b915e923b307fc4d032788915baeee67f16e65d8f292b2366e28fca5a5b,74187,74312,D:\1大创\左联知识库项目\data\processed\runtime_sources\左联史.txt,A=郑伯奇;B=胡风,讨论,no,no,supported,yes,pending_cross_validation
REL-00795,ZLH-009,郑伯奇,ZLH-027,萧军,合作,critical,medium,no,pending_review,鲁迅日记,luxun_diary,,鲁迅日记 页码未识别,得伯奇信并萧军稿费单。,11,051c0151d0a46584b043a99c67ecf6cc71946f85cb2188bc24868d229a53a583,204287,204298,D:\1大创\左联知识库项目\research\raw_texts\日记全编：全2册 (鲁迅 著) (Z-Library).txt,A=伯奇;B=萧军,,no,no,pending_review,no,pending_cross_validation
REL-00796,ZLH-009,郑伯奇,ZLH-028,萧红,签名联署,low,medium,no,inferred,鲁迅日记,luxun_diary,,鲁迅日记 页码未识别,得郑伯奇信并还少其及悄吟稿各一篇。,17,db1afe8c73821eb26f8fab72d9c4e9d33216defffd16dffff81470815728d39a,209160,209177,D:\1大创\左联知识库项目\research\raw_texts\日记全编：全2册 (鲁迅 著) (Z-Library).txt,A=郑伯奇;B=悄吟,,no,no,supported,yes,pending_cross_validation
REL-00797,ZLH-009,郑伯奇,ZLH-029,聂绀弩,同属组织,critical,low,no,pending_review,左联史,zuolian_shi,296,左联史 第296页,"《小品文和漫画》全书收57位作家的38篇文章(鲁迅两篇,其余每人1篇),其中左联作家的作品是:鲁迅《漫谈漫画》、《漫画而又漫画》,茅盾《小品文和气运》,许幸之《漫画与多弥哀,冶鹤《漫画与卡通影片》,郁达夫《小品文杂感》,佛朗(祝秀侠)《对“小品文“的意见》,王任叔《小品文的前途》,李辉英《“写点小品文罢“》,何谷天(周文)《小品文对于我》,徐懋庸《大处人手》,洪深《混》,沈起予《“小品“的小品》,聂绀弩《我对于小品文的意见》,胡风《略谈“小品文“与“漕画“》,王淑明《我们需要怎样的小品文》,孙席珍《关于小品文和漫画》,叶綦《我们需要小品文和漫画》,郑伯奇《小品文问答》,大家对小品文和漫画一一尤其是对小品文发表了许多精辟的见解:茅盾说:“我不相信“小品文“应该以自我中心,个人笔调,性灵,闲适为主。",352,103559ce8cec8769d14167f9c5e5de211f3af6a1aa21ef7b81bf4e3ade8e54ef,443874,444226,D:\1大创\左联知识库项目\data\processed\runtime_sources\左联史.txt,A=郑伯奇;B=聂绀弩,,no,no,pending_review,no,pending_cross_validation
REL-00799,ZLH-009,郑伯奇,ZLH-032,徐懋庸,交游,low,medium,no,inferred,左联史,zuolian_shi,191,左联史 第191页,郑伯奇、徐懋庸分别在《申报.,14,846f460af1b0a7ebbb8acc7c10010ef511c2b81ad62684c986d66049449be563,285341,285355,D:\1大创\左联知识库项目\data\processed\runtime_sources\左联史.txt,A=郑伯奇;B=徐懋庸,,no,no,supported,yes,pending_cross_validation
REL-00800,ZLH-009,郑伯奇,ZLH-034,彭康,签名联署,low,medium,no,inferred,左联史,zuolian_shi,98,左联史 第98页,名单如下:冯乃超华_汉_龚冰庐沈叶沉孟超俞_怀_邱韵铎沈端先潘汉年“王洁予冯润璋_顾凤城彭康许峻冯铿王任桐周全平_洪灵菲_戴平万“钱杏邵冯宪章鲁迅杜衡埕子柔石侍桁画室吴贯中黄_素郑伯奇鲁_史朱镜我_田汉王一榴_蒋光慈刘锡五_叶灵凤_郁达夫陶晶孙_戴望舒李初梨_林伯修殴_夫_徐迅雷_程少怀_陈正道_许幸之_郭沫若_沈起予被介绍加人的:仲_豪“徐耘阡_魏金枝届文泳涛丁锐人马宁_孙孟涛王润甫_卢苍雁张璞无产阶级文艺俱乐部的发起人李_平胡忠信阿细余惠“萧歌强其他各反动组织之名单不明。,240,451607e392e76506863cb80a4c973cbf07385569c9884fdd80d90b1d3fb68d03,141748,141988,D:\1大创\左联知识库项目\data\processed\runtime_sources\左联史.txt,A=郑伯奇;B=彭康,介绍,no,no,supported,yes,pending_cross_validation
REL-00801,ZLH-009,郑伯奇,ZLH-035,李辉英,待核验,critical,low,no,pending_review,左联史,zuolian_shi,296,左联史 第296页,"《小品文和漫画》全书收57位作家的38篇文章(鲁迅两篇,其余每人1篇),其中左联作家的作品是:鲁迅《漫谈漫画》、《漫画而又漫画》,茅盾《小品文和气运》,许幸之《漫画与多弥哀,冶鹤《漫画与卡通影片》,郁达夫《小品文杂感》,佛朗(祝秀侠)《对“小品文“的意见》,王任叔《小品文的前途》,李辉英《“写点小品文罢“》,何谷天(周文)《小品文对于我》,徐懋庸《大处人手》,洪深《混》,沈起予《“小品“的小品》,聂绀弩《我对于小品文的意见》,胡风《略谈“小品文“与“漕画“》,王淑明《我们需要怎样的小品文》,孙席珍《关于小品文和漫画》,叶綦《我们需要小品文和漫画》,郑伯奇《小品文问答》,大家对小品文和漫画一一尤其是对小品文发表了许多精辟的见解:茅盾说:“我不相信“小品文“应该以自我中心,个人笔调,性灵,闲适为主。",352,103559ce8cec8769d14167f9c5e5de211f3af6a1aa21ef7b81bf4e3ade8e54ef,443874,444226,D:\1大创\左联知识库项目\data\processed\runtime_sources\左联史.txt,A=郑伯奇;B=李辉英,,no,no,pending_review,no,pending_cross_validation
REL-00802,ZLH-009,郑伯奇,ZLH-036,穆木天,合作,critical,medium,no,pending_review,左联史,zuolian_shi,445,左联史 第445页,"1932年1月17日,在南市方斜路公共体育场召开有两万市民参加的上海市民大会,丁玲和何丹仁(冯雪峰)、适夷、杨骚、华汉(阳翰笙)、华蒂(叶以群)、何畏、郑伯奇、穆木天、蔡子等左联成员都参加了大会及游行示威。",103,599db7fac32e953d7569f91a05bb41ce9be990f903aed3f7713e8458c1c7e432,681106,681209,D:\1大创\左联知识库项目\data\processed\runtime_sources\左联史.txt,A=郑伯奇;B=穆木天,参加,no,no,pending_review,no,pending_cross_validation
REL-00803,ZLH-009,郑伯奇,ZLH-037,楼适夷,创作合作,low,medium,no,inferred,左联史,zuolian_shi,445,左联史 第445页,"1932年1月17日,在南市方斜路公共体育场召开有两万市民参加的上海市民大会,丁玲和何丹仁(冯雪峰)、适夷、杨骚、华汉(阳翰笙)、华蒂(叶以群)、何畏、郑伯奇、穆木天、蔡子等左联成员都参加了大会及游行示威。",103,599db7fac32e953d7569f91a05bb41ce9be990f903aed3f7713e8458c1c7e432,681106,681209,D:\1大创\左联知识库项目\data\processed\runtime_sources\左联史.txt,A=郑伯奇;B=适夷,参加,no,no,supported,yes,pending_cross_validation
REL-00804,ZLH-009,郑伯奇,ZLH-039,欧阳山,交游,low,medium,no,inferred,左联词典,zuolian_cidian,559,左联词典 第559页,"回忆1931年编辑出版《一角丛书》的经过,其中述及左联成员为从书所写的如下作品:周扬《苏联的音乐》、欧阳山《马可尼传六沈起子《巴比塞评传》、沈端先(夏衍)《高尔基评传》、丁玲《法网》,郑伯奇《宽城子大将》、钱杏邮(阿英)《创作与生活、徐衍存(阿英)《炜色之家》张天翼《脊背与奶子》、何家槐《恶行、蓬子《浮世绘}彭家煌《在潮神府》等。",166,9bfeae48ae7766ca2004c78d033e64a53e8f9cfde0da136e34d93a8ac1752084,430434,430600,D:\1大创\左联知识库项目\data\processed\runtime_sources\左联词典.txt,A=郑伯奇;B=欧阳山,编辑,no,yes,supported,yes,pending_cross_validation
REL-00805,ZLH-009,郑伯奇,ZLH-042,魏金枝,同属组织,critical,low,no,pending_review,左联史,zuolian_shi,98,左联史 第98页,名单如下:冯乃超华_汉_龚冰庐沈叶沉孟超俞_怀_邱韵铎沈端先潘汉年“王洁予冯润璋_顾凤城彭康许峻冯铿王任桐周全平_洪灵菲_戴平万“钱杏邵冯宪章鲁迅杜衡埕子柔石侍桁画室吴贯中黄_素郑伯奇鲁_史朱镜我_田汉王一榴_蒋光慈刘锡五_叶灵凤_郁达夫陶晶孙_戴望舒李初梨_林伯修殴_夫_徐迅雷_程少怀_陈正道_许幸之_郭沫若_沈起予被介绍加人的:仲_豪“徐耘阡_魏金枝届文泳涛丁锐人马宁_孙孟涛王润甫_卢苍雁张璞无产阶级文艺俱乐部的发起人李_平胡忠信阿细余惠“萧歌强其他各反动组织之名单不明。,240,451607e392e76506863cb80a4c973cbf07385569c9884fdd80d90b1d3fb68d03,141748,141988,D:\1大创\左联知识库项目\data\processed\runtime_sources\左联史.txt,A=郑伯奇;B=魏金枝,介绍,no,no,pending_review,no,pending_cross_validation
REL-00806,ZLH-009,郑伯奇,ZLH-043,端木蕻良,同属组织,high,low,yes,pending_review,左联史,zuolian_shi,430,左联史 第430页,"作为左联盟主的鲁迅,对一切积极有为的左翼文艺战士都倾注了深沉的爱与关怀,丁玲、胡风、叶紫、楼适夷、柏山、葛琴、白薇、徐懋庸、张天翼、王任叔、郑伯奇、聂绀弩、沙汀、艾芜、周文、李辉英、端木蕻良、欧阳山、草朋、魏金枝、白曙、魏猛克、王志之、金肇野、黄新波、韩白罗….",131,55cdbcf070070270338140498216dc59dfba157c19442bab16f6d6e4c36abbfe,655539,655670,D:\1大创\左联知识库项目\data\processed\runtime_sources\左联史.txt,A=郑伯奇;B=端木蕻良,,yes,no,pending_review,no,pending_cross_validation
REL-00807,ZLH-009,郑伯奇,ZLH-045,周立波,交游,low,medium,no,inferred,左联史,zuolian_shi,269,左联史 第269页,"卡列尼娜》,苟眉译保加利亚战佐夫《轭下》,鲁彦详波兰普路司《法老》,罗稷南译俄国高尔基《燎原》,娄放飞译法国巴比塞《火线上》,郑伯奇译法国罗曼罗兰《若望克里士托夫》,立波译俄国梭罗诃夫《被开垦的处女地》;中国之部则有郑振铎编《全元曲》、《元明讲史》初集、《元明传奇》二集、明代冯梦龙编《醒世恒言》、《清传奇》初集、《清文选》(一)等等。",168,a75df20772cb421e56c5912d7fce602a2955e321f9554278d86ee8ccbe5dc8e8,402182,402350,D:\1大创\左联知识库项目\data\processed\runtime_sources\左联史.txt,A=郑伯奇;B=立波,,no,no,supported,yes,pending_cross_validation
REL-00808,ZLH-009,郑伯奇,ZLH-048,王任叔,同属组织,critical,low,no,pending_review,左联史,zuolian_shi,296,左联史 第296页,"《小品文和漫画》全书收57位作家的38篇文章(鲁迅两篇,其余每人1篇),其中左联作家的作品是:鲁迅《漫谈漫画》、《漫画而又漫画》,茅盾《小品文和气运》,许幸之《漫画与多弥哀,冶鹤《漫画与卡通影片》,郁达夫《小品文杂感》,佛朗(祝秀侠)《对“小品文“的意见》,王任叔《小品文的前途》,李辉英《“写点小品文罢“》,何谷天(周文)《小品文对于我》,徐懋庸《大处人手》,洪深《混》,沈起予《“小品“的小品》,聂绀弩《我对于小品文的意见》,胡风《略谈“小品文“与“漕画“》,王淑明《我们需要怎样的小品文》,孙席珍《关于小品文和漫画》,叶綦《我们需要小品文和漫画》,郑伯奇《小品文问答》,大家对小品文和漫画一一尤其是对小品文发表了许多精辟的见解:茅盾说:“我不相信“小品文“应该以自我中心,个人笔调,性灵,闲适为主。",352,103559ce8cec8769d14167f9c5e5de211f3af6a1aa21ef7b81bf4e3ade8e54ef,443874,444226,D:\1大创\左联知识库项目\data\processed\runtime_sources\左联史.txt,A=郑伯奇;B=王任叔,,no,no,pending_review,no,pending_cross_validation
REL-00809,ZLH-009,郑伯奇,ZLH-050,于黑丁,同属组织,critical,low,yes,pending_review,左联史,zuolian_shi,296,左联史 第296页,"这42期《太白》共发表577篇文章,其中有鲁迅、郭沫若、徐懋庸、廖沫沙、祝秀侠、征农、李辉英、草明、艾芜、洪深、黄芝冈、耳耶(聂绀弩)、任白戈、羊枣、沈起予、王余杞、欧阳山、何谷天(周文)、辛人、林焕平、勇余、杨骚、阜东(梅益)、郑伯奇、王淑明、于黑丁、欧查、白薇、李肖(陈克寒)、奚如、方之中、欧阳凡海、辛劳、阿英、何家槐、王志之、张香山、立波、盛鹤、周钢鸣、王任叔等左联作家的作品109篇,较重要的有耳耶、悍胎(聂绀弩)《谈杂文》、《论〈封神榜3》、《谈〈野叟曝言)》、《再谈〈野叟曝言)》,任白戈《批评与批评家》,辛人《文学得搀紧科学的手5,徐懋庸《“为谁而写作“》、《神奇的四川》、《妇人与社会》、《江亢虎文存》,胡风《蔼理斯.",318,207cf8a9e91bff104f00f50743eefe5ec94d58817b5e3208efdd57b10ea4392f,443187,443505,D:\1大创\左联知识库项目\data\processed\runtime_sources\左联史.txt,A=郑伯奇;B=于黑丁,,yes,no,pending_review,no,pending_cross_validation
REL-00810,ZLH-009,郑伯奇,ZLH-054,许幸之,同属组织,critical,low,no,pending_review,左联史,zuolian_shi,399,左联史 第399页,"“@阿英、夏衍、许幸之、鲁思、唐鹤、郑伯奇、王尘无、沈西苓的话,提出了左翼影评必须共同遵循的原则,指明了左翼影评前进的方向。",62,24a7ff25955df325cc572f01c21cee1bfbdf741ab021859ec7ac19b42020f5eb,605001,605063,D:\1大创\左联知识库项目\data\processed\runtime_sources\左联史.txt,A=郑伯奇;B=许幸之,共同,no,no,pending_review,no,pending_cross_validation
REL-00813,ZLH-009,郑伯奇,ZLH-058,郭沫若,同属组织,critical,low,no,pending_review,左联史,zuolian_shi,16,左联史 第16页,"1927年11月9日,郑伯奇、蒋光慈、段可情拜访鲁迅先生,传达了郭沫若的意愿。",39,b9b43408e0e160bcfb218b02f53000822cc35d6559e73c755e54b4a88cbbc978,13382,13421,D:\1大创\左联知识库项目\data\processed\runtime_sources\左联史.txt,A=郑伯奇;B=郭沫若,拜访,no,no,pending_review,no,pending_cross_validation
REL-00814,ZLH-009,郑伯奇,ZLH-059,白薇,待核验,critical,low,no,pending_review,左联史,zuolian_shi,465,左联史 第465页,"萧三在苏联期间经常给鲁迅写信报告国际革命作家联盟情况,寄赠《国际文学)、《太平洋灯塔》、《萧三的诗》等书刊,鲁迅也将茅盾、周起应(周扬)、沈端先(夏衍)、张天翼、郑伯奇、周文、沙汀、白薇等左翼作家的作品寄给萧三。",106,8c99ec852386f446851d6dd8143a3dfdc157df6633ef6f3ddf2312cc42c83e8a,714747,714853,D:\1大创\左联知识库项目\data\processed\runtime_sources\左联史.txt,A=郑伯奇;B=白薇,写信,no,no,pending_review,no,pending_cross_validation
REL-00815,ZLH-009,郑伯奇,ZLH-060,鲁彦,交游,low,medium,no,inferred,左联史,zuolian_shi,269,左联史 第269页,"卡列尼娜》,苟眉译保加利亚战佐夫《轭下》,鲁彦详波兰普路司《法老》,罗稷南译俄国高尔基《燎原》,娄放飞译法国巴比塞《火线上》,郑伯奇译法国罗曼罗兰《若望克里士托夫》,立波译俄国梭罗诃夫《被开垦的处女地》;中国之部则有郑振铎编《全元曲》、《元明讲史》初集、《元明传奇》二集、明代冯梦龙编《醒世恒言》、《清传奇》初集、《清文选》(一)等等。",168,a75df20772cb421e56c5912d7fce602a2955e321f9554278d86ee8ccbe5dc8e8,402182,402350,D:\1大创\左联知识库项目\data\processed\runtime_sources\左联史.txt,A=郑伯奇;B=鲁彦,,no,no,supported,yes,pending_cross_validation
REL-00816,ZLH-009,郑伯奇,ZLH-061,朱镜我,文学论战,low,medium,no,inferred,左联史,zuolian_shi,98,左联史 第98页,名单如下:冯乃超华_汉_龚冰庐沈叶沉孟超俞_怀_邱韵铎沈端先潘汉年“王洁予冯润璋_顾凤城彭康许峻冯铿王任桐周全平_洪灵菲_戴平万“钱杏邵冯宪章鲁迅杜衡埕子柔石侍桁画室吴贯中黄_素郑伯奇鲁_史朱镜我_田汉王一榴_蒋光慈刘锡五_叶灵凤_郁达夫陶晶孙_戴望舒李初梨_林伯修殴_夫_徐迅雷_程少怀_陈正道_许幸之_郭沫若_沈起予被介绍加人的:仲_豪“徐耘阡_魏金枝届文泳涛丁锐人马宁_孙孟涛王润甫_卢苍雁张璞无产阶级文艺俱乐部的发起人李_平胡忠信阿细余惠“萧歌强其他各反动组织之名单不明。,240,451607e392e76506863cb80a4c973cbf07385569c9884fdd80d90b1d3fb68d03,141748,141988,D:\1大创\左联知识库项目\data\processed\runtime_sources\左联史.txt,A=郑伯奇;B=朱镜我,介绍,no,no,supported,yes,pending_cross_validation
REL-00819,ZLH-009,郑伯奇,ZLH-067,任钧,同属组织,critical,low,no,pending_review,左联词典,zuolian_cidian,493,左联词典 第493页,"主要撰稿人有郭沫若、东平、张罗天、辛人、蒲风、欧阳几海、张香山、梅雨、林蒂、雷石榆、魏晋等东京左联盟员,王余杞、许幸之、王任叔、郑伯奇、庄启东、方之中、张天翼、周而复、任钧、洪道、穆木天、关露、安娥、杨骚、舒群、罗烽、张若羟(阿英)等各地左联盟员书在这里发表详著。",132,190653955e7a86cf9bf38c936ff4435d425e73a3b683a81077be0ce8791ce45d,375055,375187,D:\1大创\左联知识库项目\data\processed\runtime_sources\左联词典.txt,A=郑伯奇;B=任钧,撰稿,yes,no,pending_review,no,pending_cross_validation
REL-00820,ZLH-009,郑伯奇,ZLH-069,张庚,签名联署,low,medium,no,inferred,左联史,zuolian_shi,725,左联史 第725页,"中国剧作者协会会员集体创作了三幕剧《保卫卢沟桥3》,全剧分三部,由22位剧作家及戏剧评论家执笔,依次是:第一部暴风雨的前夕“尤兢、王礁、张季纯、张蹄晋、章涂、许普、崔崔集体讨论,崔臼初稿,郑伯奇、张庚整理;第二部“卢沟桥是我们的坟藏王震之、马彦祥、冼鹤、城时『一y7川着日史誓或成、姚莲农集体讨论,冼鹤、王震之、马彦祥初稿,孙师数整理;蔡智巳督咤盟煌蛇暮心复学蒙腾诊二5小,藿薯要辜l、'薯黯.",197,e23d7ab4bb40eef955f201ae05c07f1199d5c534a5fc0d537b83e97c3183b011,1128337,1128534,D:\1大创\左联知识库项目\data\processed\runtime_sources\左联史.txt,A=郑伯奇;B=张庚,讨论,yes,no,supported,yes,pending_cross_validation
REL-00823,ZLH-009,郑伯奇,ZLH-073,王余杞,同属组织,critical,low,no,pending_review,左联词典,zuolian_cidian,493,左联词典 第493页,"主要撰稿人有郭沫若、东平、张罗天、辛人、蒲风、欧阳几海、张香山、梅雨、林蒂、雷石榆、魏晋等东京左联盟员,王余杞、许幸之、王任叔、郑伯奇、庄启东、方之中、张天翼、周而复、任钧、洪道、穆木天、关露、安娥、杨骚、舒群、罗烽、张若羟(阿英)等各地左联盟员书在这里发表详著。",132,190653955e7a86cf9bf38c936ff4435d425e73a3b683a81077be0ce8791ce45d,375055,375187,D:\1大创\左联知识库项目\data\processed\runtime_sources\左联词典.txt,A=郑伯奇;B=王余杞,撰稿,yes,no,pending_review,no,pending_cross_validation
REL-00825,ZLH-009,郑伯奇,ZLH-077,柳倩,待核验,critical,low,yes,pending_review,鲁迅日记,luxun_diary,,鲁迅日记 页码未识别,晚得伯奇信并柳倩作《生命底微痕》一本。,19,b8e170855506e31fb891ab1531a844d4e14cfbbdbc8bd038a60c915bb105fe29,184186,184205,D:\1大创\左联知识库项目\research\raw_texts\日记全编：全2册 (鲁迅 著) (Z-Library).txt,A=伯奇;B=柳倩,,no,no,pending_review,no,pending_cross_validation
REL-00827,ZLH-009,郑伯奇,ZLH-081,陈白尘,同属组织,high,low,yes,pending_review,左联史,zuolian_shi,351,左联史 第351页,各作家均应约从事这一工作:荠盾选了端木蕻良《遥远的风砂》(原载《文学》)、金山城(楼适夷)《黑暗的一角》(原载《中国的一日》)、陈白尘《小魏的江山》(原载《文季月刊》)、老舍《丁说屋里》(原载《十年》)等4篇;郑伯奇选了夏衍《包身工》(原载《光明》)、郭沫若《楚霸王自杀》(原载《质文》)、戴平万《满洲琐记》(原载《光明》)》等3篇;叶圣陶仅选1篇:端木蕻良《娄兵湖的忧郁》(原载《文学》);朱自清选了张天翼《探胜》(原载《大公报.,216,dbc7e7348827f58025b2a64174232c8a24c6b69cd55536449cb805272ec240c3,530666,530882,D:\1大创\左联知识库项目\data\processed\runtime_sources\左联史.txt,A=郑伯奇;B=陈白尘,约,yes,yes,pending_review,no,pending_cross_validation
REL-00829,ZLH-009,郑伯奇,ZLH-083,林焕平,同属组织,high,low,yes,pending_review,左联史,zuolian_shi,296,左联史 第296页,"这42期《太白》共发表577篇文章,其中有鲁迅、郭沫若、徐懋庸、廖沫沙、祝秀侠、征农、李辉英、草明、艾芜、洪深、黄芝冈、耳耶(聂绀弩)、任白戈、羊枣、沈起予、王余杞、欧阳山、何谷天(周文)、辛人、林焕平、勇余、杨骚、阜东(梅益)、郑伯奇、王淑明、于黑丁、欧查、白薇、李肖(陈克寒)、奚如、方之中、欧阳凡海、辛劳、阿英、何家槐、王志之、张香山、立波、盛鹤、周钢鸣、王任叔等左联作家的作品109篇,较重要的有耳耶、悍胎(聂绀弩)《谈杂文》、《论〈封神榜3》、《谈〈野叟曝言)》、《再谈〈野叟曝言)》,任白戈《批评与批评家》,辛人《文学得搀紧科学的手5,徐懋庸《“为谁而写作“》、《神奇的四川》、《妇人与社会》、《江亢虎文存》,胡风《蔼理斯.",318,207cf8a9e91bff104f00f50743eefe5ec94d58817b5e3208efdd57b10ea4392f,443187,443505,D:\1大创\左联知识库项目\data\processed\runtime_sources\左联史.txt,A=郑伯奇;B=林焕平,,yes,no,pending_review,no,pending_cross_validation
REL-00832,ZLH-009,郑伯奇,ZLH-087,于伶,同属组织,high,low,yes,pending_review,左联史,zuolian_shi,396,左联史 第396页,"《十字街头》公映后,上海《大晚报》学艺部在南京饭店召开座谈会,对影片进行总结,左联作家郑伯奇、韦或(夏衍)、阿英、尤党(于伶)、夏征农应邀出席,沈西苓列席,此外还有陈子尿、姚莘农、唐纳、柯灵、徐怀沙等文学界、电影界人土,崔万秋主持会议。",118,9db26e08553d9e313b07635184698406b73f548224936aa24cd5f93a4103f730,600348,600466,D:\1大创\左联知识库项目\data\processed\runtime_sources\左联史.txt,A=郑伯奇;B=于伶,邀,no,no,pending_review,no,pending_cross_validation
REL-00833,ZLH-009,郑伯奇,ZLH-091,叶以群,地下通讯,low,medium,no,inferred,左联史,zuolian_shi,445,左联史 第445页,"1932年1月17日,在南市方斜路公共体育场召开有两万市民参加的上海市民大会,丁玲和何丹仁(冯雪峰)、适夷、杨骚、华汉(阳翰笙)、华蒂(叶以群)、何畏、郑伯奇、穆木天、蔡子等左联成员都参加了大会及游行示威。",103,599db7fac32e953d7569f91a05bb41ce9be990f903aed3f7713e8458c1c7e432,681106,681209,D:\1大创\左联知识库项目\data\processed\runtime_sources\左联史.txt,A=郑伯奇;B=叶以群,参加,no,no,supported,yes,pending_cross_validation
REL-00835,ZLH-009,郑伯奇,ZLH-096,王统照,同属组织,critical,low,no,pending_review,左联史,zuolian_shi,351,左联史 第351页,"1936年末,良友公司文学部主任赵家壁邀请著名作家茅盾、郁达夫、郑伯奇、洪深、丁玲、张天翼以及叶圣陶、朱自清、郑振铎、王统照、巴金、老吴、靳以、黎烈文、林徽因等,就近年来各地报刊发表的短篇小说、散文、报告文学等精选若干篇,编为一集,昔献给广大读者。",124,a657568de29f739da244f5289ba6203cf10eff160cbb6d87363316a65f558cda,530542,530666,D:\1大创\左联知识库项目\data\processed\runtime_sources\左联史.txt,A=郑伯奇;B=王统照,邀,yes,no,pending_review,no,pending_cross_validation
REL-00836,ZLH-009,郑伯奇,ZLH-097,王西彦,同属组织,high,low,yes,pending_review,左联词典,zuolian_cidian,104,左联词典 第104页,"左联拥有一批贡献卓著、德高望重的老作家如鲁迅、茅盾、翔秋日、蒋光慈、田汉、洪深,左联诣生前已从事创作和翻译的柔石、洪灵菲、应修人、潘漠华、郑伯奇、王任叔、阳翰笙、阿英、丁玲、张天翼、冯雪峰、夏衍、周扬、胡风、周立波、穆木天、杨骚、白薇等,又培养了一批思想活既、颇具才华的文学新人如冯铿、沙汀、艾莅、欧阳山、草明、李辉英、周文、柏山、东平、征农、荒煤、葛琴、徐盈、叶紫、罗烽、舒群、端木蕻良、王西彦、王尘无、蒲风、田间、于伶、凌鹤、徐懋庸、聂绀弩、廖沫沙等,他们都为左翼文学奉献了自己的佳作,如鲁迅、瞿秋白、徐懋庸、聂绀弩、廖沫沙的杂文,茅盾的《于夜》蒋光意《咆哮了的土地》,胡也频《光明在我们的前面9,柔石、冯铿、丁玲、阳翰笙、沙汀、艾芜、欧阳山、草明、李辉英、周文、柏山、东平、征农、荒煤、葛琴、徐盈、叶紫、罗烽、舒群、端木蕻良、王西彦的小说.",373,38fb7f84d392c56ebfb19f4ba45e46afdcb5c041c850ce800ec1de1ef46653dc,39205,39578,D:\1大创\左联知识库项目\data\processed\runtime_sources\左联词典.txt,A=郑伯奇;B=王西彦,,yes,no,pending_review,no,pending_cross_validation
REL-00838,ZLH-009,郑伯奇,ZLH-100,姚蓬子,合作,critical,medium,no,pending_review,左联词典,zuolian_cidian,559,左联词典 第559页,"回忆1931年编辑出版《一角丛书》的经过,其中述及左联成员为从书所写的如下作品:周扬《苏联的音乐》、欧阳山《马可尼传六沈起子《巴比塞评传》、沈端先(夏衍)《高尔基评传》、丁玲《法网》,郑伯奇《宽城子大将》、钱杏邮(阿英)《创作与生活、徐衍存(阿英)《炜色之家》张天翼《脊背与奶子》、何家槐《恶行、蓬子《浮世绘}彭家煌《在潮神府》等。",166,9bfeae48ae7766ca2004c78d033e64a53e8f9cfde0da136e34d93a8ac1752084,430434,430600,D:\1大创\左联知识库项目\data\processed\runtime_sources\左联词典.txt,A=郑伯奇;B=蓬子,编辑,no,yes,pending_review,no,pending_cross_validation
REL-00839,ZLH-009,郑伯奇,ZLH-104,叶灵凤,待核验,critical,low,yes,pending_review,左联史,zuolian_shi,373,左联史 第373页,"每日电影》专门召开了座谈会,进行座谈讨论,8出席座谈会的有剧本作者蔡叔声(夏衍)、导演程步高,还有姚苏凤、沈西苓、阳翰笙、叶灵凤、赵铭彝、席耐芳(郑伯奇)、张凤吾(阿英)等左翼及进步作家。",94,283e65ad404fd62f2004dfa7699ff15dff0f43c8f14f8e08af071e119f938fcd,563127,563221,D:\1大创\左联知识库项目\data\processed\runtime_sources\左联史.txt,A=郑伯奇;B=叶灵凤,座谈,no,no,pending_review,no,pending_cross_validation
REL-00840,ZLH-009,郑伯奇,ZLH-105,沈起予,文学论战,low,medium,no,inferred,左联史,zuolian_shi,363,左联史 第363页,"“011月22日,上海《大晓报》学艺部举行座谈会,集体评议《赛金花》的上演,出席集评的有左翼作家钱亦石、阿英、沈起予、夏征农、柯灵、郑伯奇以及《大晚报》副刊编辑崔万秋,阿英记录。",89,9bf7f433a02b3f3d0773ab75376d6b4260a957515f04370bfc61d2dc5224bdf7,546785,546874,D:\1大创\左联知识库项目\data\processed\runtime_sources\左联史.txt,A=郑伯奇;B=沈起予,编辑,no,no,supported,yes,pending_cross_validation
REL-00844,ZLH-009,郑伯奇,ZLH-112,戴望舒,亲属关系,high,medium,no,pending_review,左联史,zuolian_shi,98,左联史 第98页,名单如下:冯乃超华_汉_龚冰庐沈叶沉孟超俞_怀_邱韵铎沈端先潘汉年“王洁予冯润璋_顾凤城彭康许峻冯铿王任桐周全平_洪灵菲_戴平万“钱杏邵冯宪章鲁迅杜衡埕子柔石侍桁画室吴贯中黄_素郑伯奇鲁_史朱镜我_田汉王一榴_蒋光慈刘锡五_叶灵凤_郁达夫陶晶孙_戴望舒李初梨_林伯修殴_夫_徐迅雷_程少怀_陈正道_许幸之_郭沫若_沈起予被介绍加人的:仲_豪“徐耘阡_魏金枝届文泳涛丁锐人马宁_孙孟涛王润甫_卢苍雁张璞无产阶级文艺俱乐部的发起人李_平胡忠信阿细余惠“萧歌强其他各反动组织之名单不明。,240,451607e392e76506863cb80a4c973cbf07385569c9884fdd80d90b1d3fb68d03,141748,141988,D:\1大创\左联知识库项目\data\processed\runtime_sources\左联史.txt,A=郑伯奇;B=戴望舒,介绍,no,no,pending_review,no,pending_cross_validation
REL-00847,ZLH-009,郑伯奇,ZLH-119,何家槐,同属组织,critical,low,no,pending_review,左联词典,zuolian_cidian,559,左联词典 第559页,"回忆1931年编辑出版《一角丛书》的经过,其中述及左联成员为从书所写的如下作品:周扬《苏联的音乐》、欧阳山《马可尼传六沈起子《巴比塞评传》、沈端先(夏衍)《高尔基评传》、丁玲《法网》,郑伯奇《宽城子大将》、钱杏邮(阿英)《创作与生活、徐衍存(阿英)《炜色之家》张天翼《脊背与奶子》、何家槐《恶行、蓬子《浮世绘}彭家煌《在潮神府》等。",166,9bfeae48ae7766ca2004c78d033e64a53e8f9cfde0da136e34d93a8ac1752084,430434,430600,D:\1大创\左联知识库项目\data\processed\runtime_sources\左联词典.txt,A=郑伯奇;B=何家槐,编辑,no,yes,pending_review,no,pending_cross_validation
REL-00848,ZLH-009,郑伯奇,ZLH-120,夏征农,同属组织,critical,low,no,pending_review,左联史,zuolian_shi,363,左联史 第363页,"“011月22日,上海《大晓报》学艺部举行座谈会,集体评议《赛金花》的上演,出席集评的有左翼作家钱亦石、阿英、沈起予、夏征农、柯灵、郑伯奇以及《大晚报》副刊编辑崔万秋,阿英记录。",89,9bf7f433a02b3f3d0773ab75376d6b4260a957515f04370bfc61d2dc5224bdf7,546785,546874,D:\1大创\左联知识库项目\data\processed\runtime_sources\左联史.txt,A=郑伯奇;B=夏征农,编辑,no,no,pending_review,no,pending_cross_validation
REL-00849,ZLH-009,郑伯奇,ZLH-121,内山完造,同属组织,critical,low,no,pending_review,鲁迅日记,luxun_diary,,鲁迅日记 页码未识别,晚内山完造招饮于觉林，同席室伏高信、太田宇之助、藤井元一、高久肇、山县初男、郑伯奇、郁达夫，共九人。,50,fb1774bdccc1171a79eb2b5474b91847aa08632476bd45958aba41f61152f16b,74600,74650,D:\1大创\左联知识库项目\research\raw_texts\日记全编：全2册 (鲁迅 著) (Z-Library).txt,A=郑伯奇;B=内山完造,,no,no,pending_review,no,pending_cross_validation
REL-00852,ZLH-009,郑伯奇,ZLH-127,曹靖华,创作合作,low,medium,no,inferred,左联词典,zuolian_cidian,559,左联词典 第559页,"左联研究资料简介品,如鲁迅的《坂琴》《一天的工作汀《--个人的受难)《中国新文学大系*小说二集》、《苏联版画集》,丁玲的《母亲》,周扬编《高尔基纪念论文集5,曹靖华编译的《苏联作家七人集》等书的出版,郑伯奇在良友图书公司的活动,《一角丛书办《中篇创作新集》、《1936年短篇佳作选)筒书中所收左作家的作品等等。",155,dd0d402ad9c31bab9ee8e17c1ddb76f05b5ca252807f0a136beaa833cf38bb48,430783,430938,D:\1大创\左联知识库项目\data\processed\runtime_sources\左联词典.txt,A=郑伯奇;B=曹靖华,,no,yes,supported,yes,pending_cross_validation
REL-00853,ZLH-009,郑伯奇,ZLH-128,林语堂,交游,low,medium,no,inferred,左联史,zuolian_shi,596,左联史 第596页,签名者:巴_金_王统煌包天笑_沈起予_林语堂_洪深周瘦鹃茅盾陈望道_郭沫若夏丐尊_张天翼伟东华_叶绍钩“郑振铁郑伯奇赵家壁_黎烈文_鲁_迅谢冰心“丰子恺在宜言上签名的这21位作家包括两个口号论战双方及其他各流派的代表作家。,111,7545a05e2aead4e760582f22a1f168d40a4d5a45e9d4371354f7ce72a30a9ce2,938355,938466,D:\1大创\左联知识库项目\data\processed\runtime_sources\左联史.txt,A=郑伯奇;B=林语堂,签名,no,no,supported,yes,pending_cross_validation
REL-00855,ZLH-009,郑伯奇,ZLH-130,杨杏佛,交游,low,medium,no,inferred,左联史,zuolian_shi,201,左联史 第201页,"诸如说“沈起予、郑伯奇、冯雪峰已投降AB团“啦,说电影《三个摩登的女性》的字幕是“出于鲁迅手笔“啦,在杨杏佛惨遮蓝衣社特务暗杀后,《社会新闻》更“描出左翼作家的懦怯来“(鲁迅语),一位“道“先生著文说:“最近上海暗杀之风甚盛,文人的脑筋最数锐,胆二最小而脚步最快,他们都以避暑为名离开了上海。",146,ad4cd3412cf0fa0b4f25c4c74aa5998d018e6d22708bab71e40a94d2a669c6f2,301425,301571,D:\1大创\左联知识库项目\data\processed\runtime_sources\左联史.txt,A=郑伯奇;B=杨杏佛,,no,no,supported,yes,pending_cross_validation
REL-00862,ZLH-009,郑伯奇,ZLH-139,陈望道,交游,low,medium,no,inferred,左联词典,zuolian_cidian,480,左联词典 第480页,"1931年九一八事变一发生,编辑部立即组织人员走访鲁迅、郑伯奇、郯达夫、陈望道等知名作家,并开辟专栏,发表他们的谈话记录,揭穿日本帝国主义的侵略阴谋.",75,43bcdbc907828a53fed3956079714c902835f67224982a5ddedfb2a31623835a,363704,363779,D:\1大创\左联知识库项目\data\processed\runtime_sources\左联词典.txt,A=郑伯奇;B=陈望道,组织,no,no,supported,yes,pending_cross_validation
REL-00863,ZLH-009,郑伯奇,ZLH-141,高尔基,交游,low,medium,no,inferred,左联史,zuolian_shi,40,左联史 第40页,"沈端先主编,作者均为左联盟员作家,创刊号发表的作品有郑伯奇《中国戏剧运动的前路》,许幸之《新兴美术运动的任务》,麦克昂(郭沫若)《普罗文艺的大众化》,冯乃超《俄国革命前的文学运动》,叶沉《戏剧和时代》,王一榴《炉火》,龚冰店《有什么话好对大家说》和《换上新的》,菀尔《告示》,沈端先署名“编者“的《有声电影的前途》,祝秀侩《高尔基〈夜店)》,印韵铎译美国杰克.",180,ce39a63c9e18b5f395845bc1a553994fbcb7fd003a3a8236765d1366ff839e68,51486,51666,D:\1大创\左联知识库项目\data\processed\runtime_sources\左联史.txt,A=郑伯奇;B=高尔基,主编,no,no,supported,yes,pending_cross_validation
REL-00866,ZLH-009,郑伯奇,ZLH-144,巴比塞,交游,medium,medium,no,inferred,左联史,zuolian_shi,269,左联史 第269页,"卡列尼娜》,苟眉译保加利亚战佐夫《轭下》,鲁彦详波兰普路司《法老》,罗稷南译俄国高尔基《燎原》,娄放飞译法国巴比塞《火线上》,郑伯奇译法国罗曼罗兰《若望克里士托夫》,立波译俄国梭罗诃夫《被开垦的处女地》;中国之部则有郑振铎编《全元曲》、《元明讲史》初集、《元明传奇》二集、明代冯梦龙编《醒世恒言》、《清传奇》初集、《清文选》(一)等等。",168,a75df20772cb421e56c5912d7fce602a2955e321f9554278d86ee8ccbe5dc8e8,402182,402350,D:\1大创\左联知识库项目\data\processed\runtime_sources\左联史.txt,A=郑伯奇;B=巴比塞,,no,no,supported,yes,pending_cross_validation
REL-00867,ZLH-009,郑伯奇,ZLH-145,萧伯纳,签名联署,low,medium,no,inferred,左联史,zuolian_shi,535,左联史 第535页,"自由谈》出版“萧伯纳专号(上)“,发表黎烈文、何家干(鲁迅)、郁达夫、郑伯奇、林语堂的5篇欢迎萧的文章,不知为什么,他惟独对鲁迅的杂文《萧伯纳颂》颇为不满,作文说,“连鲁迅先生也从《坟》里爬出来到《自由谈》上去颂萧“了。",110,76a68b49d25fb6834bbc38254d10f475a1721d57d260177e57ef6489244d1cfa,838419,838529,D:\1大创\左联知识库项目\data\processed\runtime_sources\左联史.txt,A=郑伯奇;B=萧伯纳,,no,no,supported,yes,pending_cross_validation
REL-00869,ZLH-009,郑伯奇,ZLH-150,萧三,同属组织,critical,low,no,pending_review,左联史,zuolian_shi,465,左联史 第465页,"萧三在苏联期间经常给鲁迅写信报告国际革命作家联盟情况,寄赠《国际文学)、《太平洋灯塔》、《萧三的诗》等书刊,鲁迅也将茅盾、周起应(周扬)、沈端先(夏衍)、张天翼、郑伯奇、周文、沙汀、白薇等左翼作家的作品寄给萧三。",106,8c99ec852386f446851d6dd8143a3dfdc157df6633ef6f3ddf2312cc42c83e8a,714747,714853,D:\1大创\左联知识库项目\data\processed\runtime_sources\左联史.txt,A=郑伯奇;B=萧三,写信,no,no,pending_review,no,pending_cross_validation
REL-00870,ZLH-010,洪深,ZLH-011,钱杏邨,签名联署,low,medium,no,inferred,左联史,zuolian_shi,390,左联史 第390页,影片《女儿经》是夏衍把明星影片公司郑正秋、洪深、阿英、郑伯奇、沈西苓等人分别写出的5个生活故事统稿写成的电影剧本。,57,e71bd8c9bfec9c70a929fd155e7f9351d7981ee2645dd374de3a16b7568bed09,591112,591169,D:\1大创\左联知识库项目\data\processed\runtime_sources\左联史.txt,A=洪深;B=阿英,,no,no,supported,yes,pending_cross_validation
REL-00871,ZLH-010,洪深,ZLH-012,蒋光慈,签名联署,low,medium,no,inferred,左联词典,zuolian_cidian,104,左联词典 第104页,"左联拥有一批贡献卓著、德高望重的老作家如鲁迅、茅盾、翔秋日、蒋光慈、田汉、洪深,左联诣生前已从事创作和翻译的柔石、洪灵菲、应修人、潘漠华、郑伯奇、王任叔、阳翰笙、阿英、丁玲、张天翼、冯雪峰、夏衍、周扬、胡风、周立波、穆木天、杨骚、白薇等,又培养了一批思想活既、颇具才华的文学新人如冯铿、沙汀、艾莅、欧阳山、草明、李辉英、周文、柏山、东平、征农、荒煤、葛琴、徐盈、叶紫、罗烽、舒群、端木蕻良、王西彦、王尘无、蒲风、田间、于伶、凌鹤、徐懋庸、聂绀弩、廖沫沙等,他们都为左翼文学奉献了自己的佳作,如鲁迅、瞿秋白、徐懋庸、聂绀弩、廖沫沙的杂文,茅盾的《于夜》蒋光意《咆哮了的土地》,胡也频《光明在我们的前面9,柔石、冯铿、丁玲、阳翰笙、沙汀、艾芜、欧阳山、草明、李辉英、周文、柏山、东平、征农、荒煤、葛琴、徐盈、叶紫、罗烽、舒群、端木蕻良、王西彦的小说.",373,38fb7f84d392c56ebfb19f4ba45e46afdcb5c041c850ce800ec1de1ef46653dc,39205,39578,D:\1大创\左联知识库项目\data\processed\runtime_sources\左联词典.txt,A=洪深;B=蒋光慈,,yes,no,supported,yes,pending_cross_validation
REL-00872,ZLH-010,洪深,ZLH-013,阳翰笙,同属组织,critical,low,no,pending_review,左联史,zuolian_shi,379,左联史 第379页,"经黄子布(夏街)介绍,洪深结识了华汉,并请他为明星公司写电影刹本。",33,7ee5edc42b884ac98f846299f60016b1ffbf66c7e38c4ad3cea005b0e4195636,572462,572495,D:\1大创\左联知识库项目\data\processed\runtime_sources\左联史.txt,A=洪深;B=华汉,介绍,no,no,pending_review,no,pending_cross_validation
REL-00873,ZLH-010,洪深,ZLH-014,冯乃超,待核验,critical,low,yes,pending_review,左联史,zuolian_shi,27,左联史 第27页,为青年创办了以冯乃超为首的艺术学校和有剧作家田汉和洪深积极参加工作的艺术大学。,39,5eb8a22128b8b3bf0201c57f4c2e2da3bfdc7af6334fd7c6614f4c442b757361,29547,29586,D:\1大创\左联知识库项目\data\processed\runtime_sources\左联史.txt,A=洪深;B=冯乃超,参加,no,no,pending_review,no,pending_cross_validation
REL-00874,ZLH-010,洪深,ZLH-015,郁达夫,合作,critical,medium,no,pending_review,左联史,zuolian_shi,187,左联史 第187页,"郁达夫茅_盾叶绍钩发起人_陈望道洪深_杜衡鲁迅田汊丁_玲中国人民和中国左翼作家关心一本无产阶级文学运动,当然乐意为支援小林遗族慷慨解囊,遗懋的是我们至今不了解这次募捐结果如何,数十年来,中日两国似乎都无人提及此事。",107,6ec22ebca25ce8436762ea3c3d5d7126a09f342f6a6a428837a888fc9c92cf7e,279388,279495,D:\1大创\左联知识库项目\data\processed\runtime_sources\左联史.txt,A=洪深;B=郁达夫,发起,no,no,pending_review,no,pending_cross_validation
REL-00875,ZLH-010,洪深,ZLH-016,柔石,同属组织,critical,low,no,pending_review,左联史,zuolian_shi,36,左联史 第36页,"作家柔石致开会词,文总党团书记华汉(阳翰笙)、剧联代表田汉和洪深、《萌芽》月刊主编画室(冯雪峰)也相继致词。",54,0dd0b057c94fc0d66adbfe23fb79d0759bfdc5bb65628fe887e2debcba5867cb,44539,44593,D:\1大创\左联知识库项目\data\processed\runtime_sources\左联史.txt,A=洪深;B=柔石,主编,no,no,pending_review,no,pending_cross_validation
REL-00876,ZLH-010,洪深,ZLH-017,胡也频,同属组织,critical,low,no,pending_review,左联史,zuolian_shi,36,左联史 第36页,"-暮色苍茫,前来祝寿的人们渐渐散去,留下的22位各界代表和外宾参加祝寿晚宴,他们是:许广平、柔石、画室(冯雪峰)、冯乃超、华汉(阳翰笙)、蔡咏裳、董绍明、茅眉、叶圣陶、田汉、洪深、姚蓬子、杨邮人、魏金枝、李伟森、胡也频、冯铿、傅东华、石民以及外国友人史沫特莱和罗佛(又译乐芬,塔斯社驻上海记者)。",148,6f48d450320c798ddb5bbce66dbf0fafa96edfe71032031f923ddc8a5b7ffead,44379,44527,D:\1大创\左联知识库项目\data\processed\runtime_sources\左联史.txt,A=洪深;B=胡也频,参加,yes,no,pending_review,no,pending_cross_validation
REL-00877,ZLH-010,洪深,ZLH-018,冯铿,同属组织,critical,low,no,pending_review,左联史,zuolian_shi,36,左联史 第36页,"-暮色苍茫,前来祝寿的人们渐渐散去,留下的22位各界代表和外宾参加祝寿晚宴,他们是:许广平、柔石、画室(冯雪峰)、冯乃超、华汉(阳翰笙)、蔡咏裳、董绍明、茅眉、叶圣陶、田汉、洪深、姚蓬子、杨邮人、魏金枝、李伟森、胡也频、冯铿、傅东华、石民以及外国友人史沫特莱和罗佛(又译乐芬,塔斯社驻上海记者)。",148,6f48d450320c798ddb5bbce66dbf0fafa96edfe71032031f923ddc8a5b7ffead,44379,44527,D:\1大创\左联知识库项目\data\processed\runtime_sources\左联史.txt,A=洪深;B=冯铿,参加,yes,no,pending_review,no,pending_cross_validation
REL-00879,ZLH-010,洪深,ZLH-020,李求实,同属组织,critical,low,no,pending_review,左联史,zuolian_shi,36,左联史 第36页,"-暮色苍茫,前来祝寿的人们渐渐散去,留下的22位各界代表和外宾参加祝寿晚宴,他们是:许广平、柔石、画室(冯雪峰)、冯乃超、华汉(阳翰笙)、蔡咏裳、董绍明、茅眉、叶圣陶、田汉、洪深、姚蓬子、杨邮人、魏金枝、李伟森、胡也频、冯铿、傅东华、石民以及外国友人史沫特莱和罗佛(又译乐芬,塔斯社驻上海记者)。",148,6f48d450320c798ddb5bbce66dbf0fafa96edfe71032031f923ddc8a5b7ffead,44379,44527,D:\1大创\左联知识库项目\data\processed\runtime_sources\左联史.txt,A=洪深;B=李伟森,参加,yes,no,pending_review,no,pending_cross_validation
REL-00880,ZLH-010,洪深,ZLH-021,丁玲,交游,low,medium,no,inferred,左联词典,zuolian_cidian,328,左联词典 第328页,"2月10日,日本著名左翼作家小林多喜二被特高警察活活拷打致死,左联发表《小林同志事件抗议书,鲁迅发去唁电,郁达夫、茅盾、洪深、鲁迅、田汉、丁玲等九位作家联名发表(为横死之小林遗族募捐启》慰伶小林君家族,表示中国著作界对小林君之敬意。",116,9c66d1d3f7a58751f4fab0c2814787ea0466d4e22c8f920eafe7122ae1111e36,234125,234241,D:\1大创\左联知识库项目\data\processed\runtime_sources\左联词典.txt,A=洪深;B=丁玲,联名,no,no,supported,yes,pending_cross_validation
REL-00881,ZLH-010,洪深,ZLH-022,张天翼,同属组织,critical,low,no,pending_review,左联史,zuolian_shi,458,左联史 第458页,"同年,文艺界21位不同流派的作家联名发表《文艺界同人为团结御侮与言论自由宣言》,其中有鲁迅、苟盾、郭沫若、郑伯奇、张天翼、洪深等。",65,edbcc78e742520f729ad87fe15f5c9bb6455000af45949fb0535bc395b58ac27,702954,703019,D:\1大创\左联知识库项目\data\processed\runtime_sources\左联史.txt,A=洪深;B=张天翼,联名,no,no,pending_review,no,pending_cross_validation
REL-00882,ZLH-010,洪深,ZLH-023,叶紫,同属组织,critical,low,no,pending_review,左联词典,zuolian_cidian,547,左联词典 第547页,"叶紫的小说,田汉、洪深、曹禺、夏衍的戏剧,鲁迅的杂文和《故事新编》,茅盾的名著《子夜》、(林家铺子》、《春蚕》,瞿秋白的杂文的思想性及艺术成就等.",73,1550ab32ab09c71e17dfc18c2db74acde64178d46cc4fcdd91a15bbd828b564b,420277,420350,D:\1大创\左联知识库项目\data\processed\runtime_sources\左联词典.txt,A=洪深;B=叶紫,,no,no,pending_review,no,pending_cross_validation
REL-00883,ZLH-010,洪深,ZLH-024,艾芜,签名联署,low,medium,no,inferred,左联词典,zuolian_cidian,499,左联词典 第499页,"撰稿人中有许多左联盟员作家,如王任梓、白薇、王东平、沙汀、艾芜,何家槐、李辉英、郁达夫、征农、洪深、草明、许幸之、阿吴渊、张大翼、郑住奇、穆木天、魏金枝、魏猛克、冰山等。",85,94ff73b8015a4db2756330172fa325dcbe5cb52c6b917c95ed1046a62da4fada,380920,381005,D:\1大创\左联知识库项目\data\processed\runtime_sources\左联词典.txt,A=洪深;B=艾芜,撰稿,yes,no,supported,yes,pending_cross_validation
REL-00884,ZLH-010,洪深,ZLH-025,沙汀,签名联署,low,medium,no,inferred,左联词典,zuolian_cidian,229,左联词典 第229页,"1936年初,和洪深、夏衍、沙汀、“凌鹤、于伶、宋之的、张庚等伊办《光朋》半月刊。",41,0570fa80bfcc7485877515ae3c30cf69af292fd78254b0338445278f1c90d457,146637,146678,D:\1大创\左联知识库项目\data\processed\runtime_sources\左联词典.txt,A=洪深;B=沙汀,,no,no,supported,yes,pending_cross_validation
REL-00885,ZLH-010,洪深,ZLH-026,胡风,交游,low,medium,no,inferred,左联史,zuolian_shi,296,左联史 第296页,"《小品文和漫画》全书收57位作家的38篇文章(鲁迅两篇,其余每人1篇),其中左联作家的作品是:鲁迅《漫谈漫画》、《漫画而又漫画》,茅盾《小品文和气运》,许幸之《漫画与多弥哀,冶鹤《漫画与卡通影片》,郁达夫《小品文杂感》,佛朗(祝秀侠)《对“小品文“的意见》,王任叔《小品文的前途》,李辉英《“写点小品文罢“》,何谷天(周文)《小品文对于我》,徐懋庸《大处人手》,洪深《混》,沈起予《“小品“的小品》,聂绀弩《我对于小品文的意见》,胡风《略谈“小品文“与“漕画“》,王淑明《我们需要怎样的小品文》,孙席珍《关于小品文和漫画》,叶綦《我们需要小品文和漫画》,郑伯奇《小品文问答》,大家对小品文和漫画一一尤其是对小品文发表了许多精辟的见解:茅盾说:“我不相信“小品文“应该以自我中心,个人笔调,性灵,闲适为主。",352,103559ce8cec8769d14167f9c5e5de211f3af6a1aa21ef7b81bf4e3ade8e54ef,443874,444226,D:\1大创\左联知识库项目\data\processed\runtime_sources\左联史.txt,A=洪深;B=胡风,,no,no,supported,yes,pending_cross_validation
REL-00888,ZLH-010,洪深,ZLH-029,聂绀弩,纪念/悼念,critical,medium,no,pending_review,左联史,zuolian_shi,296,左联史 第296页,"《小品文和漫画》全书收57位作家的38篇文章(鲁迅两篇,其余每人1篇),其中左联作家的作品是:鲁迅《漫谈漫画》、《漫画而又漫画》,茅盾《小品文和气运》,许幸之《漫画与多弥哀,冶鹤《漫画与卡通影片》,郁达夫《小品文杂感》,佛朗(祝秀侠)《对“小品文“的意见》,王任叔《小品文的前途》,李辉英《“写点小品文罢“》,何谷天(周文)《小品文对于我》,徐懋庸《大处人手》,洪深《混》,沈起予《“小品“的小品》,聂绀弩《我对于小品文的意见》,胡风《略谈“小品文“与“漕画“》,王淑明《我们需要怎样的小品文》,孙席珍《关于小品文和漫画》,叶綦《我们需要小品文和漫画》,郑伯奇《小品文问答》,大家对小品文和漫画一一尤其是对小品文发表了许多精辟的见解:茅盾说:“我不相信“小品文“应该以自我中心,个人笔调,性灵,闲适为主。",352,103559ce8cec8769d14167f9c5e5de211f3af6a1aa21ef7b81bf4e3ade8e54ef,443874,444226,D:\1大创\左联知识库项目\data\processed\runtime_sources\左联史.txt,A=洪深;B=聂绀弩,,no,no,pending_review,no,pending_cross_validation
REL-00890,ZLH-010,洪深,ZLH-031,葛琴,同属组织,critical,low,no,pending_review,左联词典,zuolian_cidian,104,左联词典 第104页,"左联拥有一批贡献卓著、德高望重的老作家如鲁迅、茅盾、翔秋日、蒋光慈、田汉、洪深,左联诣生前已从事创作和翻译的柔石、洪灵菲、应修人、潘漠华、郑伯奇、王任叔、阳翰笙、阿英、丁玲、张天翼、冯雪峰、夏衍、周扬、胡风、周立波、穆木天、杨骚、白薇等,又培养了一批思想活既、颇具才华的文学新人如冯铿、沙汀、艾莅、欧阳山、草明、李辉英、周文、柏山、东平、征农、荒煤、葛琴、徐盈、叶紫、罗烽、舒群、端木蕻良、王西彦、王尘无、蒲风、田间、于伶、凌鹤、徐懋庸、聂绀弩、廖沫沙等,他们都为左翼文学奉献了自己的佳作,如鲁迅、瞿秋白、徐懋庸、聂绀弩、廖沫沙的杂文,茅盾的《于夜》蒋光意《咆哮了的土地》,胡也频《光明在我们的前面9,柔石、冯铿、丁玲、阳翰笙、沙汀、艾芜、欧阳山、草明、李辉英、周文、柏山、东平、征农、荒煤、葛琴、徐盈、叶紫、罗烽、舒群、端木蕻良、王西彦的小说.",373,38fb7f84d392c56ebfb19f4ba45e46afdcb5c041c850ce800ec1de1ef46653dc,39205,39578,D:\1大创\左联知识库项目\data\processed\runtime_sources\左联词典.txt,A=洪深;B=葛琴,,yes,no,pending_review,no,pending_cross_validation
REL-00891,ZLH-010,洪深,ZLH-032,徐懋庸,签名联署,low,medium,no,inferred,左联史,zuolian_shi,296,左联史 第296页,"《小品文和漫画》全书收57位作家的38篇文章(鲁迅两篇,其余每人1篇),其中左联作家的作品是:鲁迅《漫谈漫画》、《漫画而又漫画》,茅盾《小品文和气运》,许幸之《漫画与多弥哀,冶鹤《漫画与卡通影片》,郁达夫《小品文杂感》,佛朗(祝秀侠)《对“小品文“的意见》,王任叔《小品文的前途》,李辉英《“写点小品文罢“》,何谷天(周文)《小品文对于我》,徐懋庸《大处人手》,洪深《混》,沈起予《“小品“的小品》,聂绀弩《我对于小品文的意见》,胡风《略谈“小品文“与“漕画“》,王淑明《我们需要怎样的小品文》,孙席珍《关于小品文和漫画》,叶綦《我们需要小品文和漫画》,郑伯奇《小品文问答》,大家对小品文和漫画一一尤其是对小品文发表了许多精辟的见解:茅盾说:“我不相信“小品文“应该以自我中心,个人笔调,性灵,闲适为主。",352,103559ce8cec8769d14167f9c5e5de211f3af6a1aa21ef7b81bf4e3ade8e54ef,443874,444226,D:\1大创\左联知识库项目\data\processed\runtime_sources\左联史.txt,A=洪深;B=徐懋庸,,no,no,supported,yes,pending_cross_validation
REL-00893,ZLH-010,洪深,ZLH-035,李辉英,同属组织,critical,low,no,pending_review,左联史,zuolian_shi,296,左联史 第296页,"《小品文和漫画》全书收57位作家的38篇文章(鲁迅两篇,其余每人1篇),其中左联作家的作品是:鲁迅《漫谈漫画》、《漫画而又漫画》,茅盾《小品文和气运》,许幸之《漫画与多弥哀,冶鹤《漫画与卡通影片》,郁达夫《小品文杂感》,佛朗(祝秀侠)《对“小品文“的意见》,王任叔《小品文的前途》,李辉英《“写点小品文罢“》,何谷天(周文)《小品文对于我》,徐懋庸《大处人手》,洪深《混》,沈起予《“小品“的小品》,聂绀弩《我对于小品文的意见》,胡风《略谈“小品文“与“漕画“》,王淑明《我们需要怎样的小品文》,孙席珍《关于小品文和漫画》,叶綦《我们需要小品文和漫画》,郑伯奇《小品文问答》,大家对小品文和漫画一一尤其是对小品文发表了许多精辟的见解:茅盾说:“我不相信“小品文“应该以自我中心,个人笔调,性灵,闲适为主。",352,103559ce8cec8769d14167f9c5e5de211f3af6a1aa21ef7b81bf4e3ade8e54ef,443874,444226,D:\1大创\左联知识库项目\data\processed\runtime_sources\左联史.txt,A=洪深;B=李辉英,,no,no,pending_review,no,pending_cross_validation
REL-00894,ZLH-010,洪深,ZLH-036,穆木天,同属组织,critical,low,no,pending_review,左联词典,zuolian_cidian,505,左联词典 第505页,撰稿人有鲁迅、郭沫若、茅盾、王任梓、白薇、沈起孙、何家槐、李辉英、艾莅、阿英、洪深、郜达夫、张天翼、庄启东、郑伯奇、穆木天、魏猛克等左翼作家.,71,256a623412154c7c20d9ea094b779992136e02e2fde60617adc66abd6f0d6219,385832,385903,D:\1大创\左联知识库项目\data\processed\runtime_sources\左联词典.txt,A=洪深;B=穆木天,撰稿,yes,no,pending_review,no,pending_cross_validation
REL-00895,ZLH-010,洪深,ZLH-037,楼适夷,创作合作,low,medium,no,inferred,左联史,zuolian_shi,438,左联史 第438页,"工作人员安排方面,抽调了左联的楼适夷、周文、郑育之等参加大会的宣传和后勤保卫工作,安排洪深、夏衍等护送外国代表进会场,还安排复于大学左联小组两位成员届时去大会作记录等等,保证了大会按时进行与代表的安全,为保证会议的圆满成功,他付出了许多心血与精力。",124,21834b23273d803f2bd5f57ea5c6411b131ecf4e6b72d815d0dfd6af414dce91,668928,669052,D:\1大创\左联知识库项目\data\processed\runtime_sources\左联史.txt,A=洪深;B=楼适夷,参加,no,no,supported,yes,pending_cross_validation
REL-00898,ZLH-010,洪深,ZLH-042,魏金枝,同属组织,critical,low,no,pending_review,左联词典,zuolian_cidian,499,左联词典 第499页,"撰稿人中有许多左联盟员作家,如王任梓、白薇、王东平、沙汀、艾芜,何家槐、李辉英、郁达夫、征农、洪深、草明、许幸之、阿吴渊、张大翼、郑住奇、穆木天、魏金枝、魏猛克、冰山等。",85,94ff73b8015a4db2756330172fa325dcbe5cb52c6b917c95ed1046a62da4fada,380920,381005,D:\1大创\左联知识库项目\data\processed\runtime_sources\左联词典.txt,A=洪深;B=魏金枝,撰稿,yes,no,pending_review,no,pending_cross_validation
REL-00899,ZLH-010,洪深,ZLH-043,端木蕻良,同属组织,critical,low,no,pending_review,左联词典,zuolian_cidian,104,左联词典 第104页,"左联拥有一批贡献卓著、德高望重的老作家如鲁迅、茅盾、翔秋日、蒋光慈、田汉、洪深,左联诣生前已从事创作和翻译的柔石、洪灵菲、应修人、潘漠华、郑伯奇、王任叔、阳翰笙、阿英、丁玲、张天翼、冯雪峰、夏衍、周扬、胡风、周立波、穆木天、杨骚、白薇等,又培养了一批思想活既、颇具才华的文学新人如冯铿、沙汀、艾莅、欧阳山、草明、李辉英、周文、柏山、东平、征农、荒煤、葛琴、徐盈、叶紫、罗烽、舒群、端木蕻良、王西彦、王尘无、蒲风、田间、于伶、凌鹤、徐懋庸、聂绀弩、廖沫沙等,他们都为左翼文学奉献了自己的佳作,如鲁迅、瞿秋白、徐懋庸、聂绀弩、廖沫沙的杂文,茅盾的《于夜》蒋光意《咆哮了的土地》,胡也频《光明在我们的前面9,柔石、冯铿、丁玲、阳翰笙、沙汀、艾芜、欧阳山、草明、李辉英、周文、柏山、东平、征农、荒煤、葛琴、徐盈、叶紫、罗烽、舒群、端木蕻良、王西彦的小说.",373,38fb7f84d392c56ebfb19f4ba45e46afdcb5c041c850ce800ec1de1ef46653dc,39205,39578,D:\1大创\左联知识库项目\data\processed\runtime_sources\左联词典.txt,A=洪深;B=端木蕻良,,yes,no,pending_review,no,pending_cross_validation
REL-00900,ZLH-010,洪深,ZLH-045,周立波,同属组织,critical,low,no,pending_review,左联史,zuolian_shi,712,左联史 第712页,"火炬》;《美国新兴文学的起衅》,Calventon作周立波译,载《北新》;《记爱恩斯坦0》,徐懋庸译,载《十秋;《琼斯皇》,奥涅尔作洪深译,《奥涅尔年谱》,洪深译,载《文学》;《支那约翰在纽约》,马克吐温作黄峰译,载《大众话;茅盾译文4篇:《最后一张叶子》,0-亨利作,《给罗斯福总统的信》,J.",148,c23900c2cdc88c87bfdb7717547d74c7170b6bc75796049c30efe6675d37515a,1109372,1109520,D:\1大创\左联知识库项目\data\processed\runtime_sources\左联史.txt,A=洪深;B=周立波,约,no,yes,pending_review,no,pending_cross_validation
REL-00902,ZLH-010,洪深,ZLH-048,王任叔,同属组织,critical,low,no,pending_review,左联史,zuolian_shi,296,左联史 第296页,"《小品文和漫画》全书收57位作家的38篇文章(鲁迅两篇,其余每人1篇),其中左联作家的作品是:鲁迅《漫谈漫画》、《漫画而又漫画》,茅盾《小品文和气运》,许幸之《漫画与多弥哀,冶鹤《漫画与卡通影片》,郁达夫《小品文杂感》,佛朗(祝秀侠)《对“小品文“的意见》,王任叔《小品文的前途》,李辉英《“写点小品文罢“》,何谷天(周文)《小品文对于我》,徐懋庸《大处人手》,洪深《混》,沈起予《“小品“的小品》,聂绀弩《我对于小品文的意见》,胡风《略谈“小品文“与“漕画“》,王淑明《我们需要怎样的小品文》,孙席珍《关于小品文和漫画》,叶綦《我们需要小品文和漫画》,郑伯奇《小品文问答》,大家对小品文和漫画一一尤其是对小品文发表了许多精辟的见解:茅盾说:“我不相信“小品文“应该以自我中心,个人笔调,性灵,闲适为主。",352,103559ce8cec8769d14167f9c5e5de211f3af6a1aa21ef7b81bf4e3ade8e54ef,443874,444226,D:\1大创\左联知识库项目\data\processed\runtime_sources\左联史.txt,A=洪深;B=王任叔,,no,no,pending_review,no,pending_cross_validation
REL-00904,ZLH-010,洪深,ZLH-053,黄源,签名联署,low,medium,no,inferred,左联史,zuolian_shi,295,左联史 第295页,"创刊号上公布了特约撰述68人名单,其中有左联成员艾芜、方光焘、佛朗(祝秀侠)、高滔、何谷天(周文)、洪深、黄芝冈、张天翼、李辉英、廖堆容(廖沫沙)、聂绀弩、欧阳山、任白戈、家征农、沈起予、草明、魏猛克、杨骚,其他还有巴金、冰心、沉模、杜重远、丰子恺、风子(唐弛)、耿济之、顾均正、黄源、胡仲持、朐愈之、金仲华、靳以、榴奋、周木斋、周予同、赵元任、朱光湛、克士(周建人)、老舍、李健吾、落华生、马宗融、孟斯根(孟十还)、夏七尊、陈子展、谢六逸、孙伏园、陶行知、蔡慕晖、蔡希陶、王鲁彦、王伯祥、王统炜、吴组编、吴文祺、叶籁士、乐嗣炳等,还有谷人(郭沫若)。",276,6e425e030fe453965626c318fb25af618fc77bd3bcdd8eaa9ef12cb435231ada,442288,442564,D:\1大创\左联知识库项目\data\processed\runtime_sources\左联史.txt,A=洪深;B=黄源,约,yes,no,supported,yes,pending_cross_validation
REL-00905,ZLH-010,洪深,ZLH-054,许幸之,待核验,critical,low,no,pending_review,左联史,zuolian_shi,387,左联史 第387页,"下星期一(16日)洪深讲《有声电影与有色电影》,星期二(17日)许幸之讲《世界电影概况》,星期三(18日)郑正秋讲《中国电影发达史》,星期四(19日)沈西苓讲《蒙太奇概论》,司徒慧数讲《音响研究》,星期五(20日)程步高讲《最近中国电影之趋势》,星期六(21日)吴村讲《明日的中国电影及其姿态》。",148,623fbd832545f7930d2b34a7dfc9e5af5e42f47bda3933a90d9cead9017cd03d,586651,586799,D:\1大创\左联知识库项目\data\processed\runtime_sources\左联史.txt,A=洪深;B=许幸之,,no,no,pending_review,no,pending_cross_validation
REL-00908,ZLH-010,洪深,ZLH-058,郭沫若,待核验,critical,low,yes,pending_review,左联史,zuolian_shi,458,左联史 第458页,"同年,文艺界21位不同流派的作家联名发表《文艺界同人为团结御侮与言论自由宣言》,其中有鲁迅、苟盾、郭沫若、郑伯奇、张天翼、洪深等。",65,edbcc78e742520f729ad87fe15f5c9bb6455000af45949fb0535bc395b58ac27,702954,703019,D:\1大创\左联知识库项目\data\processed\runtime_sources\左联史.txt,A=洪深;B=郭沫若,联名,no,no,pending_review,no,pending_cross_validation
REL-00909,ZLH-010,洪深,ZLH-059,白薇,同属组织,critical,low,no,pending_review,左联史,zuolian_shi,145,左联史 第145页,二人事变的回忆“两个专栏分别刊出茅盾、白薇、洪深的自传以及沈端先、洪深、叶圣陶、萃盾、陶晶孙等沪战时的生活回忆片断。,58,055b5eb169e3a912a6f056dc1bda6debc03443ae7297bf5bb8f0679322ccb9ad,214102,214160,D:\1大创\左联知识库项目\data\processed\runtime_sources\左联史.txt,A=洪深;B=白薇,,no,no,pending_review,no,pending_cross_validation
REL-00912,ZLH-010,洪深,ZLH-063,任白戈,签名联署,low,medium,no,inferred,左联史,zuolian_shi,295,左联史 第295页,"创刊号上公布了特约撰述68人名单,其中有左联成员艾芜、方光焘、佛朗(祝秀侠)、高滔、何谷天(周文)、洪深、黄芝冈、张天翼、李辉英、廖堆容(廖沫沙)、聂绀弩、欧阳山、任白戈、家征农、沈起予、草明、魏猛克、杨骚,其他还有巴金、冰心、沉模、杜重远、丰子恺、风子(唐弛)、耿济之、顾均正、黄源、胡仲持、朐愈之、金仲华、靳以、榴奋、周木斋、周予同、赵元任、朱光湛、克士(周建人)、老舍、李健吾、落华生、马宗融、孟斯根(孟十还)、夏七尊、陈子展、谢六逸、孙伏园、陶行知、蔡慕晖、蔡希陶、王鲁彦、王伯祥、王统炜、吴组编、吴文祺、叶籁士、乐嗣炳等,还有谷人(郭沫若)。",276,6e425e030fe453965626c318fb25af618fc77bd3bcdd8eaa9ef12cb435231ada,442288,442564,D:\1大创\左联知识库项目\data\processed\runtime_sources\左联史.txt,A=洪深;B=任白戈,约,yes,no,supported,yes,pending_cross_validation
REL-00915,ZLH-010,洪深,ZLH-069,张庚,签名联署,low,medium,no,inferred,左联词典,zuolian_cidian,318,左联词典 第318页,著有戏剧《黑地狱)》《洋白糖》(和洪深、沈起予、张庚合作.,29,62fd41375e4506e2913ff8f9956abbb7d123a12237962add65edf40f5fa0c8d2,225510,225539,D:\1大创\左联知识库项目\data\processed\runtime_sources\左联词典.txt,A=洪深;B=张庚,合作,no,no,supported,yes,pending_cross_validation
REL-00917,ZLH-010,洪深,ZLH-073,王余杞,待核验,critical,low,yes,pending_review,左联史,zuolian_shi,526,左联史 第526页,"1935年暑期,洪深、老舍、王统照、王余杞、孟超等来到青岛,在《青岛民报》创办副刊《避暑录话》,刘芳松参加编辑工作。",58,3901b06a4a78d1ee6033e1af5d2302db58995625e322dfd55030380e4fea4635,822573,822631,D:\1大创\左联知识库项目\data\processed\runtime_sources\左联史.txt,A=洪深;B=王余杞,参加,no,no,pending_review,no,pending_cross_validation
REL-00921,ZLH-010,洪深,ZLH-081,陈白尘,签名联署,low,medium,no,inferred,左联史,zuolian_shi,423,左联史 第423页,“在这份抗议宥言上签名的有左联成员田汉、洪深、阿英、阳翰笙、尤党、司徒慧敏、沈西苓、林娜、周钢鸣、林淡秋、洪道、徐懋庸、唐瑜、徐步、荒煤、许标之、舒群、罗烽、欧阳凡海、鲁思、戴平万、丽尼、钟敬之、龚川琦以及陈白尘、艾思奇、吊骥、论千里、章乃器、冼星海、马彦祥、张庚、葛一虹等共189人。,143,d43fb919e26a075b21a3b6e57071a1b617f6369d9aa3ef83195508a119cc9332,644899,645042,D:\1大创\左联知识库项目\data\processed\runtime_sources\左联史.txt,A=洪深;B=陈白尘,签名,yes,no,supported,yes,pending_cross_validation
REL-00922,ZLH-010,洪深,ZLH-082,宋之的,签名联署,low,medium,no,inferred,左联词典,zuolian_cidian,229,左联词典 第229页,"1936年初,和洪深、夏衍、沙汀、“凌鹤、于伶、宋之的、张庚等伊办《光朋》半月刊。",41,0570fa80bfcc7485877515ae3c30cf69af292fd78254b0338445278f1c90d457,146637,146678,D:\1大创\左联知识库项目\data\processed\runtime_sources\左联词典.txt,A=洪深;B=宋之的,,no,no,supported,yes,pending_cross_validation
REL-00925,ZLH-010,洪深,ZLH-086,葛一虹,签名联署,low,medium,no,inferred,左联史,zuolian_shi,423,左联史 第423页,“在这份抗议宥言上签名的有左联成员田汉、洪深、阿英、阳翰笙、尤党、司徒慧敏、沈西苓、林娜、周钢鸣、林淡秋、洪道、徐懋庸、唐瑜、徐步、荒煤、许标之、舒群、罗烽、欧阳凡海、鲁思、戴平万、丽尼、钟敬之、龚川琦以及陈白尘、艾思奇、吊骥、论千里、章乃器、冼星海、马彦祥、张庚、葛一虹等共189人。,143,d43fb919e26a075b21a3b6e57071a1b617f6369d9aa3ef83195508a119cc9332,644899,645042,D:\1大创\左联知识库项目\data\processed\runtime_sources\左联史.txt,A=洪深;B=葛一虹,签名,yes,no,supported,yes,pending_cross_validation
REL-00927,ZLH-010,洪深,ZLH-093,王亚平,合作,critical,medium,no,pending_review,左联词典,zuolian_cidian,193,左联词典 第193页,"在同年11月6日、20月《青岛民报,每周文艺》发表许剧《苍鹰塔里的浮士德》和许《庭院)《都市夜行人》,1935年夏,作家王余杞、王统照、王亚平、老舍、吴伯算、洪深、盎超、臧克家等聚集青岛。",94,fe2e9c0e8da1d69b45be3e26e5f6affe1938bd1912fa0197f07be172193a0978,115175,115269,D:\1大创\左联知识库项目\data\processed\runtime_sources\左联词典.txt,A=洪深;B=王亚平,,no,no,pending_review,no,pending_cross_validation
REL-00928,ZLH-010,洪深,ZLH-096,王统照,待核验,critical,low,yes,pending_review,左联史,zuolian_shi,526,左联史 第526页,"1935年暑期,洪深、老舍、王统照、王余杞、孟超等来到青岛,在《青岛民报》创办副刊《避暑录话》,刘芳松参加编辑工作。",58,3901b06a4a78d1ee6033e1af5d2302db58995625e322dfd55030380e4fea4635,822573,822631,D:\1大创\左联知识库项目\data\processed\runtime_sources\左联史.txt,A=洪深;B=王统照,参加,no,no,pending_review,no,pending_cross_validation
REL-00929,ZLH-010,洪深,ZLH-097,王西彦,同属组织,critical,low,no,pending_review,左联词典,zuolian_cidian,104,左联词典 第104页,"左联拥有一批贡献卓著、德高望重的老作家如鲁迅、茅盾、翔秋日、蒋光慈、田汉、洪深,左联诣生前已从事创作和翻译的柔石、洪灵菲、应修人、潘漠华、郑伯奇、王任叔、阳翰笙、阿英、丁玲、张天翼、冯雪峰、夏衍、周扬、胡风、周立波、穆木天、杨骚、白薇等,又培养了一批思想活既、颇具才华的文学新人如冯铿、沙汀、艾莅、欧阳山、草明、李辉英、周文、柏山、东平、征农、荒煤、葛琴、徐盈、叶紫、罗烽、舒群、端木蕻良、王西彦、王尘无、蒲风、田间、于伶、凌鹤、徐懋庸、聂绀弩、廖沫沙等,他们都为左翼文学奉献了自己的佳作,如鲁迅、瞿秋白、徐懋庸、聂绀弩、廖沫沙的杂文,茅盾的《于夜》蒋光意《咆哮了的土地》,胡也频《光明在我们的前面9,柔石、冯铿、丁玲、阳翰笙、沙汀、艾芜、欧阳山、草明、李辉英、周文、柏山、东平、征农、荒煤、葛琴、徐盈、叶紫、罗烽、舒群、端木蕻良、王西彦的小说.",373,38fb7f84d392c56ebfb19f4ba45e46afdcb5c041c850ce800ec1de1ef46653dc,39205,39578,D:\1大创\左联知识库项目\data\processed\runtime_sources\左联词典.txt,A=洪深;B=王西彦,,yes,no,pending_review,no,pending_cross_validation
REL-00934,ZLH-010,洪深,ZLH-105,沈起予,合作,critical,medium,no,pending_review,左联词典,zuolian_cidian,318,左联词典 第318页,著有戏剧《黑地狱)》《洋白糖》(和洪深、沈起予、张庚合作.,29,62fd41375e4506e2913ff8f9956abbb7d123a12237962add65edf40f5fa0c8d2,225510,225539,D:\1大创\左联知识库项目\data\processed\runtime_sources\左联词典.txt,A=洪深;B=沈起予,合作,no,no,pending_review,no,pending_cross_validation
REL-00935,ZLH-010,洪深,ZLH-107,孙师毅,待核验,critical,low,yes,pending_review,左联史,zuolian_shi,362,左联史 第362页,"成立了尤党、史东山、洪深、哥鹤、孙师毅、应云卫、司徒慧数、欧阳予倩等人组成的导演团,决定由王苔饰女主人公赛金花,张翼饰德国统帅瓦德西,金山饰李鸿章,蓝兰饰克林德夫人,次要人物也都配上合适的演员。",97,eb6f9542901fabc93d4bec850c45b83a611c2fcb8999e784bf257ddf632fc386,544918,545015,D:\1大创\左联知识库项目\data\processed\runtime_sources\左联史.txt,A=洪深;B=孙师毅,,no,no,pending_review,no,pending_cross_validation
REL-00936,ZLH-010,洪深,ZLH-108,陈鲤庭,签名联署,low,medium,no,inferred,左联史,zuolian_shi,369,左联史 第369页,这份宣言由洪深、沈西苓、柯灵、席耐芳(郑伯奇)、张常人、鲁思、尘无、孟令、黑星、蔡叔声(夏衔)、张凤吾(钱杏郭)、朱公启、舒湟、陈鲤庭、姚苏凤签署。,74,509b8e797a61a02e65604678c6ea4b7b1c13ad77e45f8e8b438ebb5a9ab289a6,556875,556949,D:\1大创\左联知识库项目\data\processed\runtime_sources\左联史.txt,A=洪深;B=陈鲤庭,签署,yes,no,supported,yes,pending_cross_validation
REL-00939,ZLH-010,洪深,ZLH-116,孙席珍,待核验,critical,low,yes,pending_review,左联史,zuolian_shi,296,左联史 第296页,"《小品文和漫画》全书收57位作家的38篇文章(鲁迅两篇,其余每人1篇),其中左联作家的作品是:鲁迅《漫谈漫画》、《漫画而又漫画》,茅盾《小品文和气运》,许幸之《漫画与多弥哀,冶鹤《漫画与卡通影片》,郁达夫《小品文杂感》,佛朗(祝秀侠)《对“小品文“的意见》,王任叔《小品文的前途》,李辉英《“写点小品文罢“》,何谷天(周文)《小品文对于我》,徐懋庸《大处人手》,洪深《混》,沈起予《“小品“的小品》,聂绀弩《我对于小品文的意见》,胡风《略谈“小品文“与“漕画“》,王淑明《我们需要怎样的小品文》,孙席珍《关于小品文和漫画》,叶綦《我们需要小品文和漫画》,郑伯奇《小品文问答》,大家对小品文和漫画一一尤其是对小品文发表了许多精辟的见解:茅盾说:“我不相信“小品文“应该以自我中心,个人笔调,性灵,闲适为主。",352,103559ce8cec8769d14167f9c5e5de211f3af6a1aa21ef7b81bf4e3ade8e54ef,443874,444226,D:\1大创\左联知识库项目\data\processed\runtime_sources\左联史.txt,A=洪深;B=孙席珍,,no,no,pending_review,no,pending_cross_validation
REL-00941,ZLH-010,洪深,ZLH-119,何家槐,待核验,critical,low,no,pending_review,左联史,zuolian_shi,574,左联史 第574页,"不仅对冯雪峰,对鲁迅也同样如此,当鲁迅写了《答托洛斯基派的信》和《论现在我们的文学运动》两箭重要文章,冯雪峰通过王学文送到夏衍直接领导,洪深、沈起了主编的《光明》半月刊去刊登,被退回;后来冯雪峰“又通过荠盾把这两文送到《文学界》月刊(“文艺家协会「的机关杂志,何家槐等编辑,周扬亲自领导)去,只刊登了《论现在我们的文学运动》一文,却附了个一千多字的编者附记,攻击了鲁迅;而《答托派信》仍拒绝刊登。",198,3db76031ecfee6bb737056450839a6a582121c810c98372c0758aeb19c5b9db9,903727,903925,D:\1大创\左联知识库项目\data\processed\runtime_sources\左联史.txt,A=洪深;B=何家槐,编辑,no,no,pending_review,no,pending_cross_validation
REL-00946,ZLH-010,洪深,ZLH-128,林语堂,交游,low,medium,no,inferred,左联史,zuolian_shi,192,左联史 第192页,"去笔会座谈时,芸侧纺润巩埕洪深和林语堂担任接待。",24,160956e43575a20667740725c6b2d27b8d5816d538599a719c905eef0c7d7019,287607,287631,D:\1大创\左联知识库项目\data\processed\runtime_sources\左联史.txt,A=洪深;B=林语堂,座谈,no,no,supported,yes,pending_cross_validation
REL-00953,ZLH-010,洪深,ZLH-139,陈望道,交游,low,medium,no,inferred,左联史,zuolian_shi,187,左联史 第187页,"郁达夫茅_盾叶绍钩发起人_陈望道洪深_杜衡鲁迅田汊丁_玲中国人民和中国左翼作家关心一本无产阶级文学运动,当然乐意为支援小林遗族慷慨解囊,遗懋的是我们至今不了解这次募捐结果如何,数十年来,中日两国似乎都无人提及此事。",107,6ec22ebca25ce8436762ea3c3d5d7126a09f342f6a6a428837a888fc9c92cf7e,279388,279495,D:\1大创\左联知识库项目\data\processed\runtime_sources\左联史.txt,A=洪深;B=陈望道,发起,no,no,supported,yes,pending_cross_validation
REL-00958,ZLH-010,洪深,ZLH-145,萧伯纳,同属组织,critical,low,no,pending_review,左联史,zuolian_shi,458,左联史 第458页,"1933年2月,英国文豪萧伯纳来到上海,虽是极短暂的停留,洪深却有机会见到他,会见后,在《论语》“萧伯纳游华专号“上发表《幽默一一矛盾一一萧伯纳》一文,记述对萧的观感。",84,3ff1ed4ae7e6195c9f3666f2cae2ab4a0a6fb6ab8744e37b2695a144f668a857,702431,702515,D:\1大创\左联知识库项目\data\processed\runtime_sources\左联史.txt,A=洪深;B=萧伯纳,会见,no,yes,pending_review,no,pending_cross_validation
REL-00961,ZLH-011,钱杏邨,ZLH-012,蒋光慈,待核验,critical,low,no,pending_review,左联史,zuolian_shi,442,左联史 第442页,“阿英与蒋光慈友谊深厚。,12,db6b8a3f3499ba3f6924da7b06be83e36d18044bbe40f95d25e83d656e42d966,675286,675298,D:\1大创\左联知识库项目\data\processed\runtime_sources\左联史.txt,A=阿英;B=蒋光慈,,no,no,pending_review,no,pending_cross_validation
REL-00962,ZLH-011,钱杏邨,ZLH-013,阳翰笙,待核验,critical,low,no,pending_review,左联史,zuolian_shi,111,左联史 第111页,"新一屉左联党团的成员有沈端先(夏衍)、钱杏郫(阿英)、华汉(阳翰笙),都是卓有成就的左翼作家、有很高威望和影响力的组织者、活动家。",65,9917ef85fed9b444a1a6786d81fcf72a60efa720243c25bed94f16f9d7cc7ef5,161730,161795,D:\1大创\左联知识库项目\data\processed\runtime_sources\左联史.txt,A=阿英;B=阳翰笙,组织,no,no,pending_review,no,pending_cross_validation
REL-00966,ZLH-011,钱杏邨,ZLH-017,胡也频,同属组织,critical,low,no,pending_review,左联词典,zuolian_cidian,104,左联词典 第104页,"左联拥有一批贡献卓著、德高望重的老作家如鲁迅、茅盾、翔秋日、蒋光慈、田汉、洪深,左联诣生前已从事创作和翻译的柔石、洪灵菲、应修人、潘漠华、郑伯奇、王任叔、阳翰笙、阿英、丁玲、张天翼、冯雪峰、夏衍、周扬、胡风、周立波、穆木天、杨骚、白薇等,又培养了一批思想活既、颇具才华的文学新人如冯铿、沙汀、艾莅、欧阳山、草明、李辉英、周文、柏山、东平、征农、荒煤、葛琴、徐盈、叶紫、罗烽、舒群、端木蕻良、王西彦、王尘无、蒲风、田间、于伶、凌鹤、徐懋庸、聂绀弩、廖沫沙等,他们都为左翼文学奉献了自己的佳作,如鲁迅、瞿秋白、徐懋庸、聂绀弩、廖沫沙的杂文,茅盾的《于夜》蒋光意《咆哮了的土地》,胡也频《光明在我们的前面9,柔石、冯铿、丁玲、阳翰笙、沙汀、艾芜、欧阳山、草明、李辉英、周文、柏山、东平、征农、荒煤、葛琴、徐盈、叶紫、罗烽、舒群、端木蕻良、王西彦的小说.",373,38fb7f84d392c56ebfb19f4ba45e46afdcb5c041c850ce800ec1de1ef46653dc,39205,39578,D:\1大创\左联知识库项目\data\processed\runtime_sources\左联词典.txt,A=阿英;B=胡也频,,yes,no,pending_review,no,pending_cross_validation
REL-00968,ZLH-011,钱杏邨,ZLH-019,殷夫,合作,critical,medium,no,pending_review,左联词典,zuolian_cidian,665,左联词典 第665页,"阿英作,载1961年2月7日《人民月报》答几年前北京师范学院同学问,指出《拓荒者》第4、5期合刊发表的署名“伊凡“的诗《写给一个哥冒的回信》确系殷夫所作,并介绍殷夫此诚的写作及发表经过。",93,9c6e6dec01aec4902ead3404e04310e1211892206ca5997e7f5163efc238e81c,520305,520398,D:\1大创\左联知识库项目\data\processed\runtime_sources\左联词典.txt,A=阿英;B=殷夫,回信,no,yes,pending_review,no,pending_cross_validation
REL-00969,ZLH-011,钱杏邨,ZLH-020,李求实,同属组织,critical,low,no,pending_review,左联词典,zuolian_cidian,520,左联词典 第520页,“部份盟员“左联“时期活动篓介“介绍了丁玲、于伶、马宁、王西彦、王志之、王蕹嘉、方殷、艾芜、叶紫、田汉、田间、白曙、冯乃超、冯雪峰、冯锂、任白戈、任钧、阳翰笙、孙席珍、李伟森、吴奚如、应修人、沙汀、沈起子、张天翼、张松如、阿英、陈沂、林焕平、茅盾、郁达夫等31位盟员作家在左联时期的活动。,144,1c54b7552e43a916ff2acc15b4d28af1b87a832afae6bd45b668809cf99f7340,397549,397693,D:\1大创\左联知识库项目\data\processed\runtime_sources\左联词典.txt,A=阿英;B=李伟森,介绍,yes,no,pending_review,no,pending_cross_validation
REL-00970,ZLH-011,钱杏邨,ZLH-021,丁玲,交游,low,medium,no,inferred,左联史,zuolian_shi,445,左联史 第445页,"这年秋,丁玲接替钱杏邺(阿英)担任左联党团书记。",24,4cb5cad071ee81e5fc7f9cc76fbcc66db6ab530dbabf39d479752044e9911165,681386,681410,D:\1大创\左联知识库项目\data\processed\runtime_sources\左联史.txt,A=阿英;B=丁玲,,no,no,supported,yes,pending_cross_validation
REL-00971,ZLH-011,钱杏邨,ZLH-022,张天翼,交游,low,medium,no,inferred,左联词典,zuolian_cidian,559,左联词典 第559页,"回忆1931年编辑出版《一角丛书》的经过,其中述及左联成员为从书所写的如下作品:周扬《苏联的音乐》、欧阳山《马可尼传六沈起子《巴比塞评传》、沈端先(夏衍)《高尔基评传》、丁玲《法网》,郑伯奇《宽城子大将》、钱杏邮(阿英)《创作与生活、徐衍存(阿英)《炜色之家》张天翼《脊背与奶子》、何家槐《恶行、蓬子《浮世绘}彭家煌《在潮神府》等。",166,9bfeae48ae7766ca2004c78d033e64a53e8f9cfde0da136e34d93a8ac1752084,430434,430600,D:\1大创\左联知识库项目\data\processed\runtime_sources\左联词典.txt,A=阿英;B=张天翼,编辑,no,yes,supported,yes,pending_cross_validation
REL-00981,ZLH-011,钱杏邨,ZLH-032,徐懋庸,待核验,critical,low,no,pending_review,左联史,zuolian_shi,294,左联史 第294页,"综观全部刊物,前7期(1934年4一7月)不时有阿英、徐懋庸两位左联作家投稿,徐懋庸是杂文,阿英是古典文学资料性文章;后35期,只有7期,间或刊出阿英、杨骚、冰莹几篇小文章,阿英5篇,杨骚1篇,冰苔2篇,数量不多,文章平常,可见左联作家向《人间世》投稿是很遮愫的。",132,87c2c825fbf5de8f8ab1cc3ac259273414098deb5e4d589d8b92fb403074900c,439829,439961,D:\1大创\左联知识库项目\data\processed\runtime_sources\左联史.txt,A=阿英;B=徐懋庸,投稿,no,no,pending_review,no,pending_cross_validation
REL-00984,ZLH-011,钱杏邨,ZLH-036,穆木天,合作,critical,medium,no,pending_review,左联史,zuolian_shi,687,左联史 第687页,"(8)其他左联作家的翻译左联作家华蒂、森堡合译过高尔基小说集《隐秘的爱》(湖风书局),穆木天译过高尔基的《初恋》(现代书局),钱谦吾编过高尔基小说集《劳动的音乐》(合众书店),丽尼译过高尔基的中篇小说《天蓝的生活》(文化生活出版社),徐懋庸也译过高尔基的短篇《一个女英雄》(载《时事类编》)。",146,ded608beaf8bf8bdfe469fe32a3f2550806dce51f484a01159b03d6f4766aeb3,1073273,1073419,D:\1大创\左联知识库项目\data\processed\runtime_sources\左联史.txt,A=钱谦;B=穆木天,,no,yes,pending_review,no,pending_cross_validation
REL-00985,ZLH-011,钱杏邨,ZLH-037,楼适夷,创作合作,low,medium,no,inferred,左联史,zuolian_shi,370,左联史 第370页,"1933年最初几个月,夏衍完成了芩盾著名小说《春蚕》的改编,随后又写成剧本《上海二十四小时》;阳翰笙写成剧本《铁板红泪录》;钱杏邮写成剧本《丰年》(又名《黄金谷3),他和郑伯奇合作将楼建南(适夷)的小说《盐场》改编成电影剧本《盐潮》;还有一部集体创作的剧本《时代的儿女》(夏衍、郑伯奇、阿英编剧)。",149,7452948ff5fe202d13ddee5f54c66e0480be5dfe094e139a58a6f05d4e9f0635,558116,558265,D:\1大创\左联知识库项目\data\processed\runtime_sources\左联史.txt,A=阿英;B=适夷,合作,no,no,supported,yes,pending_cross_validation
REL-00987,ZLH-011,钱杏邨,ZLH-039,欧阳山,交游,low,medium,no,inferred,左联史,zuolian_shi,296,左联史 第296页,"时代》、《存文》,沈起才《艺术哲学》,张香山《〈十二把椅子〉及其作者》,杨骚《做人与做文章》、《啄酒颂》,欧查《阮玲玉底死》,白薇《阮玲玉自杀的社会意识》,黄芝冈《花鼓探原》、《说锏鼓》,欧阳山《生底烦扰》,立波《自卑和自尊》,欧阳凡海《关于历史小品的一二感想》,阿英《惜秋生非李伯元化名考》、《清未文艺杂志》,羊枣《“虚荣之市“》等,大家都为这份杂志做出了贡献。",182,1f78004c3d5d3300457727348b547d0e93b7fd87e6a7273cf39906f9d936a4fb,443509,443691,D:\1大创\左联知识库项目\data\processed\runtime_sources\左联史.txt,A=阿英;B=欧阳山,,no,no,supported,yes,pending_cross_validation
REL-00988,ZLH-011,钱杏邨,ZLH-042,魏金枝,同属组织,critical,low,no,pending_review,左联史,zuolian_shi,89,左联史 第89页,"在这些刊物上发袍作品的有“盟主“鲁迅,还有冯雪峰、沈端先(夏衍)、陶晶孙、郑伯奇、邱韵铎、叶沉、祝秀侠、王一榴、冯乃超、龚冰庐、沈起予、华汉(阳翰笙)、蒋光慈、钱杏邬(阿英)、冯润璋、魏金枝、张天翼、戴平万、孟超、冯宪章、洪灵菲、王任叔、森堡(任钧)、马宁、杨邮人等许多在上海的盟员作家,还有远在日本的郭沫若。",155,eba45cdd861c5479001ba36e6aedd5d295eb853f82d2aee709e2c5eb38ff7b18,126652,126807,D:\1大创\左联知识库项目\data\processed\runtime_sources\左联史.txt,A=阿英;B=魏金枝,,yes,no,pending_review,no,pending_cross_validation
REL-00990,ZLH-011,钱杏邨,ZLH-045,周立波,合作,critical,medium,no,pending_review,左联史,zuolian_shi,296,左联史 第296页,"时代》、《存文》,沈起才《艺术哲学》,张香山《〈十二把椅子〉及其作者》,杨骚《做人与做文章》、《啄酒颂》,欧查《阮玲玉底死》,白薇《阮玲玉自杀的社会意识》,黄芝冈《花鼓探原》、《说锏鼓》,欧阳山《生底烦扰》,立波《自卑和自尊》,欧阳凡海《关于历史小品的一二感想》,阿英《惜秋生非李伯元化名考》、《清未文艺杂志》,羊枣《“虚荣之市“》等,大家都为这份杂志做出了贡献。",182,1f78004c3d5d3300457727348b547d0e93b7fd87e6a7273cf39906f9d936a4fb,443509,443691,D:\1大创\左联知识库项目\data\processed\runtime_sources\左联史.txt,A=阿英;B=立波,,no,no,pending_review,no,pending_cross_validation
REL-00991,ZLH-011,钱杏邨,ZLH-047,林淡秋,签名联署,low,medium,no,inferred,左联史,zuolian_shi,423,左联史 第423页,“在这份抗议宥言上签名的有左联成员田汉、洪深、阿英、阳翰笙、尤党、司徒慧敏、沈西苓、林娜、周钢鸣、林淡秋、洪道、徐懋庸、唐瑜、徐步、荒煤、许标之、舒群、罗烽、欧阳凡海、鲁思、戴平万、丽尼、钟敬之、龚川琦以及陈白尘、艾思奇、吊骥、论千里、章乃器、冼星海、马彦祥、张庚、葛一虹等共189人。,143,d43fb919e26a075b21a3b6e57071a1b617f6369d9aa3ef83195508a119cc9332,644899,645042,D:\1大创\左联知识库项目\data\processed\runtime_sources\左联史.txt,A=阿英;B=林淡秋,签名,yes,no,supported,yes,pending_cross_validation
REL-00992,ZLH-011,钱杏邨,ZLH-048,王任叔,同属组织,critical,low,no,pending_review,左联词典,zuolian_cidian,493,左联词典 第493页,"主要撰稿人有郭沫若、东平、张罗天、辛人、蒲风、欧阳几海、张香山、梅雨、林蒂、雷石榆、魏晋等东京左联盟员,王余杞、许幸之、王任叔、郑伯奇、庄启东、方之中、张天翼、周而复、任钧、洪道、穆木天、关露、安娥、杨骚、舒群、罗烽、张若羟(阿英)等各地左联盟员书在这里发表详著。",132,190653955e7a86cf9bf38c936ff4435d425e73a3b683a81077be0ce8791ce45d,375055,375187,D:\1大创\左联知识库项目\data\processed\runtime_sources\左联词典.txt,A=阿英;B=王任叔,撰稿,yes,no,pending_review,no,pending_cross_validation
REL-00993,ZLH-011,钱杏邨,ZLH-050,于黑丁,同属组织,critical,low,yes,pending_review,左联史,zuolian_shi,296,左联史 第296页,"这42期《太白》共发表577篇文章,其中有鲁迅、郭沫若、徐懋庸、廖沫沙、祝秀侠、征农、李辉英、草明、艾芜、洪深、黄芝冈、耳耶(聂绀弩)、任白戈、羊枣、沈起予、王余杞、欧阳山、何谷天(周文)、辛人、林焕平、勇余、杨骚、阜东(梅益)、郑伯奇、王淑明、于黑丁、欧查、白薇、李肖(陈克寒)、奚如、方之中、欧阳凡海、辛劳、阿英、何家槐、王志之、张香山、立波、盛鹤、周钢鸣、王任叔等左联作家的作品109篇,较重要的有耳耶、悍胎(聂绀弩)《谈杂文》、《论〈封神榜3》、《谈〈野叟曝言)》、《再谈〈野叟曝言)》,任白戈《批评与批评家》,辛人《文学得搀紧科学的手5,徐懋庸《“为谁而写作“》、《神奇的四川》、《妇人与社会》、《江亢虎文存》,胡风《蔼理斯.",318,207cf8a9e91bff104f00f50743eefe5ec94d58817b5e3208efdd57b10ea4392f,443187,443505,D:\1大创\左联知识库项目\data\processed\runtime_sources\左联史.txt,A=阿英;B=于黑丁,,yes,no,pending_review,no,pending_cross_validation
REL-00995,ZLH-011,钱杏邨,ZLH-054,许幸之,同属组织,critical,low,yes,pending_review,左联史,zuolian_shi,399,左联史 第399页,"“@阿英、夏衍、许幸之、鲁思、唐鹤、郑伯奇、王尘无、沈西苓的话,提出了左翼影评必须共同遵循的原则,指明了左翼影评前进的方向。",62,24a7ff25955df325cc572f01c21cee1bfbdf741ab021859ec7ac19b42020f5eb,605001,605063,D:\1大创\左联知识库项目\data\processed\runtime_sources\左联史.txt,A=阿英;B=许幸之,共同,no,no,pending_review,no,pending_cross_validation
REL-00998,ZLH-011,钱杏邨,ZLH-058,郭沫若,同属组织,critical,low,no,pending_review,左联史,zuolian_shi,617,左联史 第617页,"事后,阿英给郭沫若去信时,顺便提到金祖同已将他的“戏联“寄到上海希望发表,郭沫若收信后立即复信说:“戏联不便发表,请遏止,免惹意外的纠纷,至赘,至赖。",75,e52de9d384b7371ffc0d35491905d2ceda49bb19e2dc36d7b47693fdebbccc72,969147,969222,D:\1大创\左联知识库项目\data\processed\runtime_sources\左联史.txt,A=阿英;B=郭沫若,去信,no,no,pending_review,no,pending_cross_validation
REL-00999,ZLH-011,钱杏邨,ZLH-059,白薇,待核验,critical,low,no,pending_review,左联史,zuolian_shi,296,左联史 第296页,"时代》、《存文》,沈起才《艺术哲学》,张香山《〈十二把椅子〉及其作者》,杨骚《做人与做文章》、《啄酒颂》,欧查《阮玲玉底死》,白薇《阮玲玉自杀的社会意识》,黄芝冈《花鼓探原》、《说锏鼓》,欧阳山《生底烦扰》,立波《自卑和自尊》,欧阳凡海《关于历史小品的一二感想》,阿英《惜秋生非李伯元化名考》、《清未文艺杂志》,羊枣《“虚荣之市“》等,大家都为这份杂志做出了贡献。",182,1f78004c3d5d3300457727348b547d0e93b7fd87e6a7273cf39906f9d936a4fb,443509,443691,D:\1大创\左联知识库项目\data\processed\runtime_sources\左联史.txt,A=阿英;B=白薇,,no,no,pending_review,no,pending_cross_validation
REL-01001,ZLH-011,钱杏邨,ZLH-061,朱镜我,待核验,critical,low,no,pending_review,左联史,zuolian_shi,19,左联史 第19页,"潘汉年是领导人,当然常参加有关活动;人们印象不同的几位是田汉、朱镜我、沈起予、戴平万,这也不奇怪,肯定是他们也都参加过左联的筹备会议,因而给冯雪峰、夏衍、阿英留下了印象。",85,bb5533fc018a06c106dc8edc4709b8576d7d590b10624b160c79871554832935,18433,18518,D:\1大创\左联知识库项目\data\processed\runtime_sources\左联史.txt,A=阿英;B=朱镜我,参加,no,no,pending_review,no,pending_cross_validation
REL-01005,ZLH-011,钱杏邨,ZLH-069,张庚,签名联署,low,medium,no,inferred,左联史,zuolian_shi,423,左联史 第423页,“在这份抗议宥言上签名的有左联成员田汉、洪深、阿英、阳翰笙、尤党、司徒慧敏、沈西苓、林娜、周钢鸣、林淡秋、洪道、徐懋庸、唐瑜、徐步、荒煤、许标之、舒群、罗烽、欧阳凡海、鲁思、戴平万、丽尼、钟敬之、龚川琦以及陈白尘、艾思奇、吊骥、论千里、章乃器、冼星海、马彦祥、张庚、葛一虹等共189人。,143,d43fb919e26a075b21a3b6e57071a1b617f6369d9aa3ef83195508a119cc9332,644899,645042,D:\1大创\左联知识库项目\data\processed\runtime_sources\左联史.txt,A=阿英;B=张庚,签名,yes,no,supported,yes,pending_cross_validation
REL-01006,ZLH-011,钱杏邨,ZLH-070,塞克,待核验,critical,low,no,pending_review,左联史,zuolian_shi,725,左联史 第725页,"丨螯′`__′霉垩′__弓，'第三部全民的抗战松之的、阿英、陈白尘、陈凝秋、舒非春命莲春集体讨论,宋之的初稿,夏衍整理。",60,5a17ce5d98e2af209336cf1c2411b95519289dbc623b4df5de35525ddea4d9f9,1128541,1128601,D:\1大创\左联知识库项目\data\processed\runtime_sources\左联史.txt,A=阿英;B=陈凝秋,讨论,no,no,pending_review,no,pending_cross_validation
REL-01007,ZLH-011,钱杏邨,ZLH-073,王余杞,同属组织,critical,low,no,pending_review,左联词典,zuolian_cidian,493,左联词典 第493页,"主要撰稿人有郭沫若、东平、张罗天、辛人、蒲风、欧阳几海、张香山、梅雨、林蒂、雷石榆、魏晋等东京左联盟员,王余杞、许幸之、王任叔、郑伯奇、庄启东、方之中、张天翼、周而复、任钧、洪道、穆木天、关露、安娥、杨骚、舒群、罗烽、张若羟(阿英)等各地左联盟员书在这里发表详著。",132,190653955e7a86cf9bf38c936ff4435d425e73a3b683a81077be0ce8791ce45d,375055,375187,D:\1大创\左联知识库项目\data\processed\runtime_sources\左联词典.txt,A=阿英;B=王余杞,撰稿,yes,no,pending_review,no,pending_cross_validation
REL-01009,ZLH-011,钱杏邨,ZLH-077,柳倩,同属组织,critical,low,yes,pending_review,左联史,zuolian_shi,424,左联史 第424页,"左翼作家及进步文化工作者124人联名发表《上海文艺界电影界戏剧界音乐界等为意大利水兵暴行宣音》,强烈抗议这一令人发指的法西斯暴行,要求“赌偿损失,惩罚凶手,道歉并保证以后不再发生同类事件“,“我们席望全上海全国的电影观众与爱国同胞一致起来作政府强硬交涉的后盾!“党的电影小组成员和左联影评人儿乎全都签了名,他们是:尤兢、司徒慧敏、沈西苓、阿英、唐瑜、凌鹤、夏衍、许幸之、尘无、郑君平、鲁恺;在抗议宣言上签名的其他左联作家、诗人、翻译家还有白蒲、艾芜、立波、任白戈、任钧、羊枣、沈起予、沙汀、何家榜、林林、林娜、林淡秋、周钢鸢、周扬、荒燥、徐懋庸、柳倩、夏征农、梅雨、戴平万、杨骚、关露、欧阳凡海、穆木天、丽尼。",305,4fb8befd7aa724b4ef7338381515be1416394a8052f4dbc3b5e4ce6c7c80944a,645266,645571,D:\1大创\左联知识库项目\data\processed\runtime_sources\左联史.txt,A=阿英;B=柳倩,联名,yes,no,pending_review,no,pending_cross_validation
REL-01011,ZLH-011,钱杏邨,ZLH-081,陈白尘,签名联署,low,medium,no,inferred,左联史,zuolian_shi,725,左联史 第725页,"丨螯′`__′霉垩′__弓，'第三部全民的抗战松之的、阿英、陈白尘、陈凝秋、舒非春命莲春集体讨论,宋之的初稿,夏衍整理。",60,5a17ce5d98e2af209336cf1c2411b95519289dbc623b4df5de35525ddea4d9f9,1128541,1128601,D:\1大创\左联知识库项目\data\processed\runtime_sources\左联史.txt,A=阿英;B=陈白尘,讨论,no,no,supported,yes,pending_cross_validation
REL-01012,ZLH-011,钱杏邨,ZLH-082,宋之的,合作,critical,medium,no,pending_review,左联史,zuolian_shi,725,左联史 第725页,"丨螯′`__′霉垩′__弓，'第三部全民的抗战松之的、阿英、陈白尘、陈凝秋、舒非春命莲春集体讨论,宋之的初稿,夏衍整理。",60,5a17ce5d98e2af209336cf1c2411b95519289dbc623b4df5de35525ddea4d9f9,1128541,1128601,D:\1大创\左联知识库项目\data\processed\runtime_sources\左联史.txt,A=阿英;B=宋之的,讨论,no,no,pending_review,no,pending_cross_validation
REL-01013,ZLH-011,钱杏邨,ZLH-083,林焕平,同属组织,critical,low,no,pending_review,左联词典,zuolian_cidian,520,左联词典 第520页,“部份盟员“左联“时期活动篓介“介绍了丁玲、于伶、马宁、王西彦、王志之、王蕹嘉、方殷、艾芜、叶紫、田汉、田间、白曙、冯乃超、冯雪峰、冯锂、任白戈、任钧、阳翰笙、孙席珍、李伟森、吴奚如、应修人、沙汀、沈起子、张天翼、张松如、阿英、陈沂、林焕平、茅盾、郁达夫等31位盟员作家在左联时期的活动。,144,1c54b7552e43a916ff2acc15b4d28af1b87a832afae6bd45b668809cf99f7340,397549,397693,D:\1大创\左联知识库项目\data\processed\runtime_sources\左联词典.txt,A=阿英;B=林焕平,介绍,yes,no,pending_review,no,pending_cross_validation
REL-01015,ZLH-011,钱杏邨,ZLH-086,葛一虹,签名联署,low,medium,no,inferred,左联史,zuolian_shi,423,左联史 第423页,“在这份抗议宥言上签名的有左联成员田汉、洪深、阿英、阳翰笙、尤党、司徒慧敏、沈西苓、林娜、周钢鸣、林淡秋、洪道、徐懋庸、唐瑜、徐步、荒煤、许标之、舒群、罗烽、欧阳凡海、鲁思、戴平万、丽尼、钟敬之、龚川琦以及陈白尘、艾思奇、吊骥、论千里、章乃器、冼星海、马彦祥、张庚、葛一虹等共189人。,143,d43fb919e26a075b21a3b6e57071a1b617f6369d9aa3ef83195508a119cc9332,644899,645042,D:\1大创\左联知识库项目\data\processed\runtime_sources\左联史.txt,A=阿英;B=葛一虹,签名,yes,no,supported,yes,pending_cross_validation
REL-01022,ZLH-011,钱杏邨,ZLH-100,姚蓬子,合作,critical,medium,no,pending_review,左联词典,zuolian_cidian,559,左联词典 第559页,"回忆1931年编辑出版《一角丛书》的经过,其中述及左联成员为从书所写的如下作品:周扬《苏联的音乐》、欧阳山《马可尼传六沈起子《巴比塞评传》、沈端先(夏衍)《高尔基评传》、丁玲《法网》,郑伯奇《宽城子大将》、钱杏邮(阿英)《创作与生活、徐衍存(阿英)《炜色之家》张天翼《脊背与奶子》、何家槐《恶行、蓬子《浮世绘}彭家煌《在潮神府》等。",166,9bfeae48ae7766ca2004c78d033e64a53e8f9cfde0da136e34d93a8ac1752084,430434,430600,D:\1大创\左联知识库项目\data\processed\runtime_sources\左联词典.txt,A=阿英;B=蓬子,编辑,no,yes,pending_review,no,pending_cross_validation
REL-01023,ZLH-011,钱杏邨,ZLH-104,叶灵凤,待核验,critical,low,yes,pending_review,左联史,zuolian_shi,373,左联史 第373页,"每日电影》专门召开了座谈会,进行座谈讨论,8出席座谈会的有剧本作者蔡叔声(夏衍)、导演程步高,还有姚苏凤、沈西苓、阳翰笙、叶灵凤、赵铭彝、席耐芳(郑伯奇)、张凤吾(阿英)等左翼及进步作家。",94,283e65ad404fd62f2004dfa7699ff15dff0f43c8f14f8e08af071e119f938fcd,563127,563221,D:\1大创\左联知识库项目\data\processed\runtime_sources\左联史.txt,A=阿英;B=叶灵凤,座谈,no,no,pending_review,no,pending_cross_validation
REL-01024,ZLH-011,钱杏邨,ZLH-105,沈起予,签名联署,low,medium,no,inferred,左联史,zuolian_shi,19,左联史 第19页,"潘汉年是领导人,当然常参加有关活动;人们印象不同的几位是田汉、朱镜我、沈起予、戴平万,这也不奇怪,肯定是他们也都参加过左联的筹备会议,因而给冯雪峰、夏衍、阿英留下了印象。",85,bb5533fc018a06c106dc8edc4709b8576d7d590b10624b160c79871554832935,18433,18518,D:\1大创\左联知识库项目\data\processed\runtime_sources\左联史.txt,A=阿英;B=沈起予,参加,no,no,supported,yes,pending_cross_validation
REL-01033,ZLH-011,钱杏邨,ZLH-119,何家槐,待核验,critical,low,no,pending_review,左联词典,zuolian_cidian,559,左联词典 第559页,"回忆1931年编辑出版《一角丛书》的经过,其中述及左联成员为从书所写的如下作品:周扬《苏联的音乐》、欧阳山《马可尼传六沈起子《巴比塞评传》、沈端先(夏衍)《高尔基评传》、丁玲《法网》,郑伯奇《宽城子大将》、钱杏邮(阿英)《创作与生活、徐衍存(阿英)《炜色之家》张天翼《脊背与奶子》、何家槐《恶行、蓬子《浮世绘}彭家煌《在潮神府》等。",166,9bfeae48ae7766ca2004c78d033e64a53e8f9cfde0da136e34d93a8ac1752084,430434,430600,D:\1大创\左联知识库项目\data\processed\runtime_sources\左联词典.txt,A=阿英;B=何家槐,编辑,no,yes,pending_review,no,pending_cross_validation
REL-01034,ZLH-011,钱杏邨,ZLH-120,夏征农,合作,critical,medium,no,pending_review,左联史,zuolian_shi,363,左联史 第363页,"“011月22日,上海《大晓报》学艺部举行座谈会,集体评议《赛金花》的上演,出席集评的有左翼作家钱亦石、阿英、沈起予、夏征农、柯灵、郑伯奇以及《大晚报》副刊编辑崔万秋,阿英记录。",89,9bf7f433a02b3f3d0773ab75376d6b4260a957515f04370bfc61d2dc5224bdf7,546785,546874,D:\1大创\左联知识库项目\data\processed\runtime_sources\左联史.txt,A=阿英;B=夏征农,编辑,no,no,pending_review,no,pending_cross_validation
REL-01040,ZLH-011,钱杏邨,ZLH-129,胡愈之,同属组织,critical,low,yes,pending_review,左联史,zuolian_shi,725,左联史 第725页,"8月6日,《申报文艺专刊》发表任钧的诗《欢迎郭沫若先生回国》;8月8日下午,上海文化界救亡协会联合各文化团体,在尚文小学大礼堂,举行全体会员谈话会,欢迎郭沫若和“七君子“,叶灵凤、张天翼、茅眉、尤兔(于伶)、阿英、钱亦石、关霁以及谢六逸、胡子婴、黎烈文、宋之的、朐愈之、金仲华、巴金等近千人出席欢迎会。",151,ee120bf240fd622af502cd90d82f335f5d559754646b507c3804bd1549d1d312,1128150,1128301,D:\1大创\左联知识库项目\data\processed\runtime_sources\左联史.txt,A=阿英;B=愈之,,yes,no,pending_review,no,pending_cross_validation
REL-01049,ZLH-011,钱杏邨,ZLH-141,高尔基,交游,low,medium,no,inferred,左联词典,zuolian_cidian,559,左联词典 第559页,"回忆1931年编辑出版《一角丛书》的经过,其中述及左联成员为从书所写的如下作品:周扬《苏联的音乐》、欧阳山《马可尼传六沈起子《巴比塞评传》、沈端先(夏衍)《高尔基评传》、丁玲《法网》,郑伯奇《宽城子大将》、钱杏邮(阿英)《创作与生活、徐衍存(阿英)《炜色之家》张天翼《脊背与奶子》、何家槐《恶行、蓬子《浮世绘}彭家煌《在潮神府》等。",166,9bfeae48ae7766ca2004c78d033e64a53e8f9cfde0da136e34d93a8ac1752084,430434,430600,D:\1大创\左联知识库项目\data\processed\runtime_sources\左联词典.txt,A=阿英;B=高尔基,编辑,no,yes,supported,yes,pending_cross_validation
REL-01052,ZLH-011,钱杏邨,ZLH-144,巴比塞,交游,low,medium,no,inferred,左联词典,zuolian_cidian,559,左联词典 第559页,"回忆1931年编辑出版《一角丛书》的经过,其中述及左联成员为从书所写的如下作品:周扬《苏联的音乐》、欧阳山《马可尼传六沈起子《巴比塞评传》、沈端先(夏衍)《高尔基评传》、丁玲《法网》,郑伯奇《宽城子大将》、钱杏邮(阿英)《创作与生活、徐衍存(阿英)《炜色之家》张天翼《脊背与奶子》、何家槐《恶行、蓬子《浮世绘}彭家煌《在潮神府》等。",166,9bfeae48ae7766ca2004c78d033e64a53e8f9cfde0da136e34d93a8ac1752084,430434,430600,D:\1大创\左联知识库项目\data\processed\runtime_sources\左联词典.txt,A=阿英;B=巴比塞,编辑,no,yes,supported,yes,pending_cross_validation
REL-01056,ZLH-012,蒋光慈,ZLH-013,阳翰笙,同属组织,critical,low,no,pending_review,左联史,zuolian_shi,223,左联史 第223页,"亚东图书馏被禁各书《义冢》(钱杏部)、《爱的分野》(蒋光慈译)、《两个女性》(华汉)、《转变》(洪灵菲)均未缴送存书及纸型,理由是“已不发售“。",72,52378a2aba3a4f05aed6ebb084893fd14555936db469a681f19a3ae1b4c648f2,330894,330966,D:\1大创\左联知识库项目\data\processed\runtime_sources\左联史.txt,A=蒋光慈;B=华汉,,no,no,pending_review,no,pending_cross_validation
REL-01057,ZLH-012,蒋光慈,ZLH-014,冯乃超,同属组织,critical,low,no,pending_review,左联史,zuolian_shi,8,左联史 第8页,"“那么中国人吴,在20世纪30年代的上海、北平乃至日本东京,一个中国人会思考,两个中国人会密议,三个中国人就会结社团、办杂志、呐喊、抗议!郭沫若、成仿吾、冯乃超碰在一起就结成新一轮的“创造社“,出版新一轮的《创造月刊》和《文化批判3;鲁迅、冯雪峰、柔石碰在一起就出版《朝花》周刊和《萧芽月刊》;蒋光慈、钱杏邺、蛋超碰在一起就组织“太阳社“,出版《太阳月刊》;杜国库、洪灵菲、戴平万碰在一起就组织“我们社“,出版《我们月刊》。",212,02d01971454700a72a32ac966e3c8f1f10b0b68e4638ff1cb60f081baf6b76e8,4799,5011,D:\1大创\左联知识库项目\data\processed\runtime_sources\左联史.txt,A=蒋光慈;B=冯乃超,一起,no,no,pending_review,no,pending_cross_validation
REL-01058,ZLH-012,蒋光慈,ZLH-015,郁达夫,创作合作,low,medium,no,inferred,左联史,zuolian_shi,98,左联史 第98页,"这份左联成立大会参加者名单较为完整,但也有错误:蒋光慈、郁达夫、杜衡、叶灵凤均未出席大会。",45,e4230211946e0f5c15c647a2e61dcde5de3a6719e768ca3180934e7acd3b5702,141988,142033,D:\1大创\左联知识库项目\data\processed\runtime_sources\左联史.txt,A=蒋光慈;B=郁达夫,参加,no,no,supported,yes,pending_cross_validation
REL-01059,ZLH-012,蒋光慈,ZLH-016,柔石,交游,low,medium,no,inferred,左联史,zuolian_shi,8,左联史 第8页,"“那么中国人吴,在20世纪30年代的上海、北平乃至日本东京,一个中国人会思考,两个中国人会密议,三个中国人就会结社团、办杂志、呐喊、抗议!郭沫若、成仿吾、冯乃超碰在一起就结成新一轮的“创造社“,出版新一轮的《创造月刊》和《文化批判3;鲁迅、冯雪峰、柔石碰在一起就出版《朝花》周刊和《萧芽月刊》;蒋光慈、钱杏邺、蛋超碰在一起就组织“太阳社“,出版《太阳月刊》;杜国库、洪灵菲、戴平万碰在一起就组织“我们社“,出版《我们月刊》。",212,02d01971454700a72a32ac966e3c8f1f10b0b68e4638ff1cb60f081baf6b76e8,4799,5011,D:\1大创\左联知识库项目\data\processed\runtime_sources\左联史.txt,A=蒋光慈;B=柔石,一起,no,no,supported,yes,pending_cross_validation
REL-01060,ZLH-012,蒋光慈,ZLH-017,胡也频,交游,low,medium,no,inferred,左联史,zuolian_shi,476,左联史 第476页,"在他主持下,现代书局出版了一大批左翼文学创作如郭沫若《创造十年》,蒋光慈《菊芬》、《最后的微笑》、《异邝与故国》,洪灵菲《流亡》、《归家》,楼建南(适夷)《挣扎》,朐也频《诗稿》,森堡《爱与仇》,白薇《炸弹与征鸟》,外国文学则有《文凭》(茅盾译)、《平林泰子集》(沈端先译)、《林房雄集》(林伯修译),《新俄文学中的男女》(周起应译)、《初恋》(穆木天译)等,为30年代左翼文学运动的发展壮大做出重要贡献。",203,6d2158ed7dc969b7747d3e2957eda4b6354d49e5a1c0cf1e688faac7e12766c1,733939,734142,D:\1大创\左联知识库项目\data\processed\runtime_sources\左联史.txt,A=蒋光慈;B=也频,,no,no,supported,yes,pending_cross_validation
REL-01061,ZLH-012,蒋光慈,ZLH-018,冯铿,地下通讯,low,medium,no,inferred,左联史,zuolian_shi,98,左联史 第98页,名单如下:冯乃超华_汉_龚冰庐沈叶沉孟超俞_怀_邱韵铎沈端先潘汉年“王洁予冯润璋_顾凤城彭康许峻冯铿王任桐周全平_洪灵菲_戴平万“钱杏邵冯宪章鲁迅杜衡埕子柔石侍桁画室吴贯中黄_素郑伯奇鲁_史朱镜我_田汉王一榴_蒋光慈刘锡五_叶灵凤_郁达夫陶晶孙_戴望舒李初梨_林伯修殴_夫_徐迅雷_程少怀_陈正道_许幸之_郭沫若_沈起予被介绍加人的:仲_豪“徐耘阡_魏金枝届文泳涛丁锐人马宁_孙孟涛王润甫_卢苍雁张璞无产阶级文艺俱乐部的发起人李_平胡忠信阿细余惠“萧歌强其他各反动组织之名单不明。,240,451607e392e76506863cb80a4c973cbf07385569c9884fdd80d90b1d3fb68d03,141748,141988,D:\1大创\左联知识库项目\data\processed\runtime_sources\左联史.txt,A=蒋光慈;B=冯铿,介绍,no,no,supported,yes,pending_cross_validation
REL-01062,ZLH-012,蒋光慈,ZLH-019,殷夫,交游,low,medium,no,inferred,左联史,zuolian_shi,43,左联史 第43页,他们在文章中指名道姓攻击谩骂过的作家有鲁迅、茅盾、潘汉年、钱杏郧、殷夫、蒋光慈、田汉、冯乃超、马宁等人。,52,ccecd9967c5fa9db52408cfc9e8be60c20f03b50fa91d8937dac73b320bb61dc,55749,55801,D:\1大创\左联知识库项目\data\processed\runtime_sources\左联史.txt,A=蒋光慈;B=殷夫,,no,no,supported,yes,pending_cross_validation
REL-01064,ZLH-012,蒋光慈,ZLH-021,丁玲,交游,low,medium,no,inferred,左联史,zuolian_shi,465,左联史 第465页,"1934年,他在《国际文学》发表《十五年来的中国革命文学》一文,热情评价鲁迅、郭沫若、茅盾、蒋光慈、丁玲、适夷等左联作家以及《子夜》、《田家冲》等作品,介绍了左联的巩固壮大及在文学战线上取得的一系列重要成就。",104,30eb1c8a2d3cce39ea8297c469d03fbdf53f80208a3013eab78c55b3f34f943a,714594,714698,D:\1大创\左联知识库项目\data\processed\runtime_sources\左联史.txt,A=蒋光慈;B=丁玲,介绍,no,no,supported,yes,pending_cross_validation
REL-01066,ZLH-012,蒋光慈,ZLH-023,叶紫,合作,critical,medium,no,pending_review,左联史,zuolian_shi,731,左联史 第731页,"《榛莽集》一书中还有多篇论述左联烈士作家的专文,如《报春紫燕_破晓曙星一一蒋光慈倡导革命文学功绩述评》、《拓荒者的粕痕与榛迹一一洪灵菲及其创作》、《东平小论》、《彭家煌论》、《叶紫论》、《在民族解放战争圣火中羽化的凤凤一一天虚创作鸟瞰》、《在黑浪中展翅翱翔的海燕一一左联烈土冯宪章及其诗作》、《不应被遗忘的左鬓文化战士一一韩起》、《搏击罡风迎曙日一一革命诗人征军和他的诗》等。",188,28039e2b4ab31ef735ccb9bd7e508bbb4b2db9845c62317cc44e77cda85f371c,1137948,1138136,D:\1大创\左联知识库项目\data\processed\runtime_sources\左联史.txt,A=蒋光慈;B=叶紫,,no,yes,pending_review,no,pending_cross_validation
REL-01072,ZLH-012,蒋光慈,ZLH-029,聂绀弩,待核验,critical,low,no,pending_review,左联史,zuolian_shi,704,左联史 第704页,"左联作家翻译的弗里契的文论有《社会主义的建设与现代俄国文学5》,蒋光慈译,《艺术上的阶级斗争与阶级同化》,许幸之译,两文均载《文艺讲座》,《艺术底将来》,聂绀弩译,载《中华月报》;《弗罗伊特主义与艺术》,周起应译,载《文学月报》,《巴黎公社的艺术政策》,雪峰译,载《萌芽月刊》。",139,1adef0beee73eec25ab423a0954d3c45e6adc65f3999d095cad8cc39ba49bafe,1098713,1098852,D:\1大创\左联知识库项目\data\processed\runtime_sources\左联史.txt,A=蒋光慈;B=聂绀弩,,no,yes,pending_review,no,pending_cross_validation
REL-01076,ZLH-012,蒋光慈,ZLH-034,彭康,待核验,critical,low,no,pending_review,左联史,zuolian_shi,98,左联史 第98页,名单如下:冯乃超华_汉_龚冰庐沈叶沉孟超俞_怀_邱韵铎沈端先潘汉年“王洁予冯润璋_顾凤城彭康许峻冯铿王任桐周全平_洪灵菲_戴平万“钱杏邵冯宪章鲁迅杜衡埕子柔石侍桁画室吴贯中黄_素郑伯奇鲁_史朱镜我_田汉王一榴_蒋光慈刘锡五_叶灵凤_郁达夫陶晶孙_戴望舒李初梨_林伯修殴_夫_徐迅雷_程少怀_陈正道_许幸之_郭沫若_沈起予被介绍加人的:仲_豪“徐耘阡_魏金枝届文泳涛丁锐人马宁_孙孟涛王润甫_卢苍雁张璞无产阶级文艺俱乐部的发起人李_平胡忠信阿细余惠“萧歌强其他各反动组织之名单不明。,240,451607e392e76506863cb80a4c973cbf07385569c9884fdd80d90b1d3fb68d03,141748,141988,D:\1大创\左联知识库项目\data\processed\runtime_sources\左联史.txt,A=蒋光慈;B=彭康,介绍,no,no,pending_review,no,pending_cross_validation
REL-01077,ZLH-012,蒋光慈,ZLH-035,李辉英,待核验,critical,low,no,pending_review,左联词典,zuolian_cidian,550,左联词典 第550页,"对胡也频在小说《光明在我们的前面)中力图使女主人公白华“政治上“再生““,蒋光慈在小说《田野的风》中表明革命者李杰“感情逻辑“的“合理“、洪灵菲《流亡》、《在木筏上》等小说中显示的“特异的光彩“作了中肯分析和较高评价,449认为他们为我们的新文学带来了“一批新的文学形象,一股清新健爽之气“|左联与文学新人论文.",156,146924546d647317dd4ec734687da3372f1b1c93dc1949d3bcfc68f21b5036c7,422976,423132,D:\1大创\左联知识库项目\data\processed\runtime_sources\左联词典.txt,A=蒋光慈;B=公白,,no,yes,pending_review,no,pending_cross_validation
REL-01078,ZLH-012,蒋光慈,ZLH-036,穆木天,待核验,critical,low,no,pending_review,左联史,zuolian_shi,476,左联史 第476页,"在他主持下,现代书局出版了一大批左翼文学创作如郭沫若《创造十年》,蒋光慈《菊芬》、《最后的微笑》、《异邝与故国》,洪灵菲《流亡》、《归家》,楼建南(适夷)《挣扎》,朐也频《诗稿》,森堡《爱与仇》,白薇《炸弹与征鸟》,外国文学则有《文凭》(茅盾译)、《平林泰子集》(沈端先译)、《林房雄集》(林伯修译),《新俄文学中的男女》(周起应译)、《初恋》(穆木天译)等,为30年代左翼文学运动的发展壮大做出重要贡献。",203,6d2158ed7dc969b7747d3e2957eda4b6354d49e5a1c0cf1e688faac7e12766c1,733939,734142,D:\1大创\左联知识库项目\data\processed\runtime_sources\左联史.txt,A=蒋光慈;B=穆木天,,no,no,pending_review,no,pending_cross_validation
REL-01079,ZLH-012,蒋光慈,ZLH-037,楼适夷,交游,low,medium,no,inferred,左联史,zuolian_shi,465,左联史 第465页,"1934年,他在《国际文学》发表《十五年来的中国革命文学》一文,热情评价鲁迅、郭沫若、茅盾、蒋光慈、丁玲、适夷等左联作家以及《子夜》、《田家冲》等作品,介绍了左联的巩固壮大及在文学战线上取得的一系列重要成就。",104,30eb1c8a2d3cce39ea8297c469d03fbdf53f80208a3013eab78c55b3f34f943a,714594,714698,D:\1大创\左联知识库项目\data\processed\runtime_sources\左联史.txt,A=蒋光慈;B=适夷,介绍,no,no,supported,yes,pending_cross_validation
REL-01082,ZLH-012,蒋光慈,ZLH-042,魏金枝,交游,low,medium,no,inferred,左联史,zuolian_shi,98,左联史 第98页,名单如下:冯乃超华_汉_龚冰庐沈叶沉孟超俞_怀_邱韵铎沈端先潘汉年“王洁予冯润璋_顾凤城彭康许峻冯铿王任桐周全平_洪灵菲_戴平万“钱杏邵冯宪章鲁迅杜衡埕子柔石侍桁画室吴贯中黄_素郑伯奇鲁_史朱镜我_田汉王一榴_蒋光慈刘锡五_叶灵凤_郁达夫陶晶孙_戴望舒李初梨_林伯修殴_夫_徐迅雷_程少怀_陈正道_许幸之_郭沫若_沈起予被介绍加人的:仲_豪“徐耘阡_魏金枝届文泳涛丁锐人马宁_孙孟涛王润甫_卢苍雁张璞无产阶级文艺俱乐部的发起人李_平胡忠信阿细余惠“萧歌强其他各反动组织之名单不明。,240,451607e392e76506863cb80a4c973cbf07385569c9884fdd80d90b1d3fb68d03,141748,141988,D:\1大创\左联知识库项目\data\processed\runtime_sources\左联史.txt,A=蒋光慈;B=魏金枝,介绍,no,no,supported,yes,pending_cross_validation
REL-01089,ZLH-012,蒋光慈,ZLH-054,许幸之,交游,low,medium,no,inferred,左联史,zuolian_shi,98,左联史 第98页,名单如下:冯乃超华_汉_龚冰庐沈叶沉孟超俞_怀_邱韵铎沈端先潘汉年“王洁予冯润璋_顾凤城彭康许峻冯铿王任桐周全平_洪灵菲_戴平万“钱杏邵冯宪章鲁迅杜衡埕子柔石侍桁画室吴贯中黄_素郑伯奇鲁_史朱镜我_田汉王一榴_蒋光慈刘锡五_叶灵凤_郁达夫陶晶孙_戴望舒李初梨_林伯修殴_夫_徐迅雷_程少怀_陈正道_许幸之_郭沫若_沈起予被介绍加人的:仲_豪“徐耘阡_魏金枝届文泳涛丁锐人马宁_孙孟涛王润甫_卢苍雁张璞无产阶级文艺俱乐部的发起人李_平胡忠信阿细余惠“萧歌强其他各反动组织之名单不明。,240,451607e392e76506863cb80a4c973cbf07385569c9884fdd80d90b1d3fb68d03,141748,141988,D:\1大创\左联知识库项目\data\processed\runtime_sources\左联史.txt,A=蒋光慈;B=许幸之,介绍,no,no,supported,yes,pending_cross_validation
REL-01090,ZLH-012,蒋光慈,ZLH-058,郭沫若,交游,low,medium,no,inferred,左联史,zuolian_shi,16,左联史 第16页,"1927年11月9日,郑伯奇、蒋光慈、段可情拜访鲁迅先生,传达了郭沫若的意愿。",39,b9b43408e0e160bcfb218b02f53000822cc35d6559e73c755e54b4a88cbbc978,13382,13421,D:\1大创\左联知识库项目\data\processed\runtime_sources\左联史.txt,A=蒋光慈;B=郭沫若,拜访,no,no,supported,yes,pending_cross_validation
REL-01091,ZLH-012,蒋光慈,ZLH-059,白薇,待核验,critical,low,no,pending_review,左联史,zuolian_shi,476,左联史 第476页,"在他主持下,现代书局出版了一大批左翼文学创作如郭沫若《创造十年》,蒋光慈《菊芬》、《最后的微笑》、《异邝与故国》,洪灵菲《流亡》、《归家》,楼建南(适夷)《挣扎》,朐也频《诗稿》,森堡《爱与仇》,白薇《炸弹与征鸟》,外国文学则有《文凭》(茅盾译)、《平林泰子集》(沈端先译)、《林房雄集》(林伯修译),《新俄文学中的男女》(周起应译)、《初恋》(穆木天译)等,为30年代左翼文学运动的发展壮大做出重要贡献。",203,6d2158ed7dc969b7747d3e2957eda4b6354d49e5a1c0cf1e688faac7e12766c1,733939,734142,D:\1大创\左联知识库项目\data\processed\runtime_sources\左联史.txt,A=蒋光慈;B=白薇,,no,no,pending_review,no,pending_cross_validation
REL-01092,ZLH-012,蒋光慈,ZLH-061,朱镜我,待核验,critical,low,yes,pending_review,左联史,zuolian_shi,98,左联史 第98页,名单如下:冯乃超华_汉_龚冰庐沈叶沉孟超俞_怀_邱韵铎沈端先潘汉年“王洁予冯润璋_顾凤城彭康许峻冯铿王任桐周全平_洪灵菲_戴平万“钱杏邵冯宪章鲁迅杜衡埕子柔石侍桁画室吴贯中黄_素郑伯奇鲁_史朱镜我_田汉王一榴_蒋光慈刘锡五_叶灵凤_郁达夫陶晶孙_戴望舒李初梨_林伯修殴_夫_徐迅雷_程少怀_陈正道_许幸之_郭沫若_沈起予被介绍加人的:仲_豪“徐耘阡_魏金枝届文泳涛丁锐人马宁_孙孟涛王润甫_卢苍雁张璞无产阶级文艺俱乐部的发起人李_平胡忠信阿细余惠“萧歌强其他各反动组织之名单不明。,240,451607e392e76506863cb80a4c973cbf07385569c9884fdd80d90b1d3fb68d03,141748,141988,D:\1大创\左联知识库项目\data\processed\runtime_sources\左联史.txt,A=蒋光慈;B=朱镜我,介绍,no,no,pending_review,no,pending_cross_validation
REL-01102,ZLH-012,蒋光慈,ZLH-096,王统照,同属组织,critical,low,no,pending_review,左联史,zuolian_shi,358,左联史 第358页,张若英的论文《一百年来的国难诗歌》系统评述了1840年中英鸦片战争后孙芝舫的《官兵行》、张维屏《纪三元里》和魏源《寓公小草前史感》等诗所表现的抗英反帝思想;1860年英法联军、1884年中法战争、1894年中日战争及签订马关条约、1900年八国联军之役直到“五卅惨案“期间张罗澄《感事》、吴昌言《口占》、邝斋《庚子秋六》、水月厂主《支那新乐府三十章》、燕士酒徒《二毛子》、狄平子《燕京庚子俚辞》以及郑振铎《为中国》和《我们的中国》、朱自清《血歌》、王统照《烈风雷雨》、刘一声《五卅放歌》、蒋光慈《血祭》等诗作中更为激烈的反帝斗争情绪。,267,354653be97c6fe9eae66d13f79c1d5e6abdb20d3524cd996a4ad85dd1f3c33e6,537864,538131,D:\1大创\左联知识库项目\data\processed\runtime_sources\左联史.txt,A=蒋光慈;B=王统照,约,no,yes,pending_review,no,pending_cross_validation
REL-01106,ZLH-012,蒋光慈,ZLH-104,叶灵凤,待核验,critical,low,yes,pending_review,左联史,zuolian_shi,98,左联史 第98页,"这份左联成立大会参加者名单较为完整,但也有错误:蒋光慈、郁达夫、杜衡、叶灵凤均未出席大会。",45,e4230211946e0f5c15c647a2e61dcde5de3a6719e768ca3180934e7acd3b5702,141988,142033,D:\1大创\左联知识库项目\data\processed\runtime_sources\左联史.txt,A=蒋光慈;B=叶灵凤,参加,no,no,pending_review,no,pending_cross_validation
REL-01107,ZLH-012,蒋光慈,ZLH-105,沈起予,待核验,critical,low,yes,pending_review,左联史,zuolian_shi,98,左联史 第98页,名单如下:冯乃超华_汉_龚冰庐沈叶沉孟超俞_怀_邱韵铎沈端先潘汉年“王洁予冯润璋_顾凤城彭康许峻冯铿王任桐周全平_洪灵菲_戴平万“钱杏邵冯宪章鲁迅杜衡埕子柔石侍桁画室吴贯中黄_素郑伯奇鲁_史朱镜我_田汉王一榴_蒋光慈刘锡五_叶灵凤_郁达夫陶晶孙_戴望舒李初梨_林伯修殴_夫_徐迅雷_程少怀_陈正道_许幸之_郭沫若_沈起予被介绍加人的:仲_豪“徐耘阡_魏金枝届文泳涛丁锐人马宁_孙孟涛王润甫_卢苍雁张璞无产阶级文艺俱乐部的发起人李_平胡忠信阿细余惠“萧歌强其他各反动组织之名单不明。,240,451607e392e76506863cb80a4c973cbf07385569c9884fdd80d90b1d3fb68d03,141748,141988,D:\1大创\左联知识库项目\data\processed\runtime_sources\左联史.txt,A=蒋光慈;B=沈起予,介绍,no,no,pending_review,no,pending_cross_validation
REL-01108,ZLH-012,蒋光慈,ZLH-112,戴望舒,待核验,critical,low,no,pending_review,左联史,zuolian_shi,98,左联史 第98页,名单如下:冯乃超华_汉_龚冰庐沈叶沉孟超俞_怀_邱韵铎沈端先潘汉年“王洁予冯润璋_顾凤城彭康许峻冯铿王任桐周全平_洪灵菲_戴平万“钱杏邵冯宪章鲁迅杜衡埕子柔石侍桁画室吴贯中黄_素郑伯奇鲁_史朱镜我_田汉王一榴_蒋光慈刘锡五_叶灵凤_郁达夫陶晶孙_戴望舒李初梨_林伯修殴_夫_徐迅雷_程少怀_陈正道_许幸之_郭沫若_沈起予被介绍加人的:仲_豪“徐耘阡_魏金枝届文泳涛丁锐人马宁_孙孟涛王润甫_卢苍雁张璞无产阶级文艺俱乐部的发起人李_平胡忠信阿细余惠“萧歌强其他各反动组织之名单不明。,240,451607e392e76506863cb80a4c973cbf07385569c9884fdd80d90b1d3fb68d03,141748,141988,D:\1大创\左联知识库项目\data\processed\runtime_sources\左联史.txt,A=蒋光慈;B=戴望舒,介绍,no,no,pending_review,no,pending_cross_validation
REL-01112,ZLH-012,蒋光慈,ZLH-120,夏征农,同属组织,critical,low,no,pending_review,左联词典,zuolian_cidian,107,左联词典 第107页,已矫担任过巨联执行委哗职务的人员有鲁迅、沈端先(夏街3、冯乃超、钱枪邱、囚汉、郑伯奇、洪灵芸、周全平、蒋光慈、胡也频、柔石、姚蓬子、阳翰笙、茅眉、周扬、周文、朗风、丁玲、楼适夷、华蒂(叶以群)、李辉英、汪金厂沙汀、艾草、夏征农、任臼戈等。,119,929d4ac647a93d4df7f93cc9dc7d6aa852b63758c4245152376e23630faf3a8b,41729,41848,D:\1大创\左联知识库项目\data\processed\runtime_sources\左联词典.txt,A=蒋光慈;B=夏征农,,yes,no,pending_review,no,pending_cross_validation
REL-01127,ZLH-012,蒋光慈,ZLH-141,高尔基,文学论战,low,medium,no,inferred,左联史,zuolian_shi,515,左联史 第515页,"四“新文化运动影响,爱读鲁迅、郭涞若、蒋光慈的作品,30年代又喜爱高尔基、缓拉菲摩维奇和普列汉诺大、卢那卡尔斯基,渴望路随他们进人文学的殿堂。",71,9836fea445bc5bdba1e2c798580b6e50d9aa4f0465d3c8e0bb84d56f2ff03f74,804046,804117,D:\1大创\左联知识库项目\data\processed\runtime_sources\左联史.txt,A=蒋光慈;B=高尔基,,no,no,supported,yes,pending_cross_validation
REL-01132,ZLH-013,阳翰笙,ZLH-004,夏衍,纪念/悼念,high,medium,no,pending_review,左联史,zuolian_shi,379,左联史 第379页,"经黄子布(夏街)介绍,洪深结识了华汉,并请他为明星公司写电影刹本。",33,7ee5edc42b884ac98f846299f60016b1ffbf66c7e38c4ad3cea005b0e4195636,572462,572495,D:\1大创\左联知识库项目\data\processed\runtime_sources\左联史.txt,A=华汉;B=黄子布,介绍,no,no,pending_review,no,pending_cross_validation
REL-01133,ZLH-013,阳翰笙,ZLH-014,冯乃超,同属组织,critical,low,no,pending_review,左联史,zuolian_shi,21,左联史 第21页,"据几位左联发起人及早期盟员的回忆,先后担任过左联党团书记的有冯乃超、阳翰笙、钱杏郫、冯雪峰、耶林、丁玲、周扬。",55,72447799e7ece094c82c683dd417f80cc73db670fcaff56dcbaef46a0b9116cd,21329,21384,D:\1大创\左联知识库项目\data\processed\runtime_sources\左联史.txt,A=阳翰笙;B=冯乃超,发起,no,no,pending_review,no,pending_cross_validation
REL-01135,ZLH-013,阳翰笙,ZLH-016,柔石,交游,low,medium,no,inferred,左联史,zuolian_shi,36,左联史 第36页,"作家柔石致开会词,文总党团书记华汉(阳翰笙)、剧联代表田汉和洪深、《萌芽》月刊主编画室(冯雪峰)也相继致词。",54,0dd0b057c94fc0d66adbfe23fb79d0759bfdc5bb65628fe887e2debcba5867cb,44539,44593,D:\1大创\左联知识库项目\data\processed\runtime_sources\左联史.txt,A=阳翰笙;B=柔石,主编,no,no,supported,yes,pending_cross_validation
REL-01137,ZLH-013,阳翰笙,ZLH-018,冯铿,交游,low,medium,no,inferred,左联史,zuolian_shi,104,左联史 第104页,"“柔石也对沈端先、华汉他们说:“这次全会有问题,我们儿个人一起谈一谈,好不好?“8而在“十七日之前,冯铿已经在南强书店和戴平万谈过,说何孟雄等许多人都认为四中全会是不合法的。",87,12b4965ac15a9e9948d87f0dfff0094758083498f45dc11c9fb8864f816cc1b2,150389,150476,D:\1大创\左联知识库项目\data\processed\runtime_sources\左联史.txt,A=华汉;B=冯铿,一起,no,no,supported,yes,pending_cross_validation
REL-01139,ZLH-013,阳翰笙,ZLH-020,李求实,同属组织,critical,low,no,pending_review,左联词典,zuolian_cidian,520,左联词典 第520页,“部份盟员“左联“时期活动篓介“介绍了丁玲、于伶、马宁、王西彦、王志之、王蕹嘉、方殷、艾芜、叶紫、田汉、田间、白曙、冯乃超、冯雪峰、冯锂、任白戈、任钧、阳翰笙、孙席珍、李伟森、吴奚如、应修人、沙汀、沈起子、张天翼、张松如、阿英、陈沂、林焕平、茅盾、郁达夫等31位盟员作家在左联时期的活动。,144,1c54b7552e43a916ff2acc15b4d28af1b87a832afae6bd45b668809cf99f7340,397549,397693,D:\1大创\左联知识库项目\data\processed\runtime_sources\左联词典.txt,A=阳翰笙;B=李伟森,介绍,yes,no,pending_review,no,pending_cross_validation
REL-01140,ZLH-013,阳翰笙,ZLH-021,丁玲,纪念/悼念,high,medium,no,pending_review,左联史,zuolian_shi,21,左联史 第21页,"据几位左联发起人及早期盟员的回忆,先后担任过左联党团书记的有冯乃超、阳翰笙、钱杏郫、冯雪峰、耶林、丁玲、周扬。",55,72447799e7ece094c82c683dd417f80cc73db670fcaff56dcbaef46a0b9116cd,21329,21384,D:\1大创\左联知识库项目\data\processed\runtime_sources\左联史.txt,A=阳翰笙;B=丁玲,发起,no,no,pending_review,no,pending_cross_validation
REL-01141,ZLH-013,阳翰笙,ZLH-022,张天翼,待核验,critical,low,no,pending_review,左联史,zuolian_shi,169,左联史 第169页,"二八“时期的抗日文学,随着东北三省的沧陷和国民党不抵抗主义的日益暴霁,广大左翼作家义愤填脖,纷纷拿起战斗的笔,对敌人口诛笔伐,出现了第一批反映东北人民和上海人民进行抗日斗争的作品,人们较为慧悉的有李辉英《最后一课》、《万宝山》,丁玲《多事之秋》,茅盾《右第二章》,葛琴《总退却》,林箐(华汉)《义勇军》,张天翼《最后列车》、《齿轮》,白薇《火信》、《北宁路某站》,森堡《我听见了飞机的爆音一一献给全月本的勤劳大众》,适夷《S.",213,21500b5ba9cc0a954ddc3a454bea6015ed197dc6f51befaf2fdb332e687a9a46,248265,248478,D:\1大创\左联知识库项目\data\processed\runtime_sources\左联史.txt,A=华汉;B=张天翼,,no,no,pending_review,no,pending_cross_validation
REL-01145,ZLH-013,阳翰笙,ZLH-026,胡风,同属组织,critical,low,no,pending_review,左联史,zuolian_shi,22,左联史 第22页,"左联为加强日常工作的领导,还设有行政书记(也叫执行书记或常务书记),担任过这一职务的有鲁迅、茅盾、况雪峰、冯乃超、华汉(阳翰笙)、胡风、任白戈、徐懋庸等人。",78,3272c50630cfcd50ae671f8739a1c542328e5d0417902b9c65c4b9fb7541c6ab,21933,22011,D:\1大创\左联知识库项目\data\processed\runtime_sources\左联史.txt,A=阳翰笙;B=胡风,,no,no,pending_review,no,pending_cross_validation
REL-01150,ZLH-013,阳翰笙,ZLH-031,葛琴,合作,critical,medium,no,pending_review,左联史,zuolian_shi,169,左联史 第169页,"二八“时期的抗日文学,随着东北三省的沧陷和国民党不抵抗主义的日益暴霁,广大左翼作家义愤填脖,纷纷拿起战斗的笔,对敌人口诛笔伐,出现了第一批反映东北人民和上海人民进行抗日斗争的作品,人们较为慧悉的有李辉英《最后一课》、《万宝山》,丁玲《多事之秋》,茅盾《右第二章》,葛琴《总退却》,林箐(华汉)《义勇军》,张天翼《最后列车》、《齿轮》,白薇《火信》、《北宁路某站》,森堡《我听见了飞机的爆音一一献给全月本的勤劳大众》,适夷《S.",213,21500b5ba9cc0a954ddc3a454bea6015ed197dc6f51befaf2fdb332e687a9a46,248265,248478,D:\1大创\左联知识库项目\data\processed\runtime_sources\左联史.txt,A=华汉;B=葛琴,,no,no,pending_review,no,pending_cross_validation
REL-01151,ZLH-013,阳翰笙,ZLH-032,徐懋庸,同属组织,critical,low,no,pending_review,左联词典,zuolian_cidian,306,左联词典 第306页,"1935年春,田汉、阳翰笙等被国民党逮捕,任日戈也去日本,徐懋庸继任左联秘书长,负责与鲁迅联系。",48,8afa405b4917fc6fc775b1b80636aec0ca13577c5472e8b2e4727ac5cea52501,214859,214907,D:\1大创\左联知识库项目\data\processed\runtime_sources\左联词典.txt,A=阳翰笙;B=徐懋庸,,no,no,pending_review,no,pending_cross_validation
REL-01152,ZLH-013,阳翰笙,ZLH-034,彭康,交游,low,medium,no,inferred,左联史,zuolian_shi,90,左联史 第90页,"华汉(阳翰笙)、朱镜我、彭康、侍桁、许幸之等人,还有身在异邦的麦克昂(郭沫若)都极关心文艺理论问题。",50,0414e47c480ae7c933f5218902bf0f4e567938b3adae1adf14a8b249188d048a,128973,129023,D:\1大创\左联知识库项目\data\processed\runtime_sources\左联史.txt,A=阳翰笙;B=彭康,,no,no,supported,yes,pending_cross_validation
REL-01153,ZLH-013,阳翰笙,ZLH-035,李辉英,交游,low,medium,no,inferred,左联史,zuolian_shi,169,左联史 第169页,"二八“时期的抗日文学,随着东北三省的沧陷和国民党不抵抗主义的日益暴霁,广大左翼作家义愤填脖,纷纷拿起战斗的笔,对敌人口诛笔伐,出现了第一批反映东北人民和上海人民进行抗日斗争的作品,人们较为慧悉的有李辉英《最后一课》、《万宝山》,丁玲《多事之秋》,茅盾《右第二章》,葛琴《总退却》,林箐(华汉)《义勇军》,张天翼《最后列车》、《齿轮》,白薇《火信》、《北宁路某站》,森堡《我听见了飞机的爆音一一献给全月本的勤劳大众》,适夷《S.",213,21500b5ba9cc0a954ddc3a454bea6015ed197dc6f51befaf2fdb332e687a9a46,248265,248478,D:\1大创\左联知识库项目\data\processed\runtime_sources\左联史.txt,A=华汉;B=李辉英,,no,no,supported,yes,pending_cross_validation
REL-01154,ZLH-013,阳翰笙,ZLH-036,穆木天,合作,critical,medium,no,pending_review,左联史,zuolian_shi,445,左联史 第445页,"1932年1月17日,在南市方斜路公共体育场召开有两万市民参加的上海市民大会,丁玲和何丹仁(冯雪峰)、适夷、杨骚、华汉(阳翰笙)、华蒂(叶以群)、何畏、郑伯奇、穆木天、蔡子等左联成员都参加了大会及游行示威。",103,599db7fac32e953d7569f91a05bb41ce9be990f903aed3f7713e8458c1c7e432,681106,681209,D:\1大创\左联知识库项目\data\processed\runtime_sources\左联史.txt,A=阳翰笙;B=穆木天,参加,no,no,pending_review,no,pending_cross_validation
REL-01155,ZLH-013,阳翰笙,ZLH-037,楼适夷,纪念/悼念,high,medium,no,pending_review,左联史,zuolian_shi,445,左联史 第445页,"1932年1月17日,在南市方斜路公共体育场召开有两万市民参加的上海市民大会,丁玲和何丹仁(冯雪峰)、适夷、杨骚、华汉(阳翰笙)、华蒂(叶以群)、何畏、郑伯奇、穆木天、蔡子等左联成员都参加了大会及游行示威。",103,599db7fac32e953d7569f91a05bb41ce9be990f903aed3f7713e8458c1c7e432,681106,681209,D:\1大创\左联知识库项目\data\processed\runtime_sources\左联史.txt,A=阳翰笙;B=适夷,参加,no,no,pending_review,no,pending_cross_validation
REL-01158,ZLH-013,阳翰笙,ZLH-042,魏金枝,同属组织,critical,low,no,pending_review,左联史,zuolian_shi,36,左联史 第36页,"-暮色苍茫,前来祝寿的人们渐渐散去,留下的22位各界代表和外宾参加祝寿晚宴,他们是:许广平、柔石、画室(冯雪峰)、冯乃超、华汉(阳翰笙)、蔡咏裳、董绍明、茅眉、叶圣陶、田汉、洪深、姚蓬子、杨邮人、魏金枝、李伟森、胡也频、冯铿、傅东华、石民以及外国友人史沫特莱和罗佛(又译乐芬,塔斯社驻上海记者)。",148,6f48d450320c798ddb5bbce66dbf0fafa96edfe71032031f923ddc8a5b7ffead,44379,44527,D:\1大创\左联知识库项目\data\processed\runtime_sources\左联史.txt,A=阳翰笙;B=魏金枝,参加,yes,no,pending_review,no,pending_cross_validation
REL-01161,ZLH-013,阳翰笙,ZLH-047,林淡秋,同属组织,critical,low,no,pending_review,左联史,zuolian_shi,423,左联史 第423页,“在这份抗议宥言上签名的有左联成员田汉、洪深、阿英、阳翰笙、尤党、司徒慧敏、沈西苓、林娜、周钢鸣、林淡秋、洪道、徐懋庸、唐瑜、徐步、荒煤、许标之、舒群、罗烽、欧阳凡海、鲁思、戴平万、丽尼、钟敬之、龚川琦以及陈白尘、艾思奇、吊骥、论千里、章乃器、冼星海、马彦祥、张庚、葛一虹等共189人。,143,d43fb919e26a075b21a3b6e57071a1b617f6369d9aa3ef83195508a119cc9332,644899,645042,D:\1大创\左联知识库项目\data\processed\runtime_sources\左联史.txt,A=阳翰笙;B=林淡秋,签名,yes,no,pending_review,no,pending_cross_validation
REL-01164,ZLH-013,阳翰笙,ZLH-054,许幸之,待核验,critical,low,yes,pending_review,左联史,zuolian_shi,90,左联史 第90页,"华汉(阳翰笙)、朱镜我、彭康、侍桁、许幸之等人,还有身在异邦的麦克昂(郭沫若)都极关心文艺理论问题。",50,0414e47c480ae7c933f5218902bf0f4e567938b3adae1adf14a8b249188d048a,128973,129023,D:\1大创\左联知识库项目\data\processed\runtime_sources\左联史.txt,A=阳翰笙;B=许幸之,,no,no,pending_review,no,pending_cross_validation
REL-01167,ZLH-013,阳翰笙,ZLH-058,郭沫若,交游,low,medium,no,inferred,左联史,zuolian_shi,90,左联史 第90页,"华汉(阳翰笙)、朱镜我、彭康、侍桁、许幸之等人,还有身在异邦的麦克昂(郭沫若)都极关心文艺理论问题。",50,0414e47c480ae7c933f5218902bf0f4e567938b3adae1adf14a8b249188d048a,128973,129023,D:\1大创\左联知识库项目\data\processed\runtime_sources\左联史.txt,A=阳翰笙;B=郭沫若,,no,no,supported,yes,pending_cross_validation
REL-01168,ZLH-013,阳翰笙,ZLH-059,白薇,同属组织,critical,low,no,pending_review,左联史,zuolian_shi,169,左联史 第169页,"二八“时期的抗日文学,随着东北三省的沧陷和国民党不抵抗主义的日益暴霁,广大左翼作家义愤填脖,纷纷拿起战斗的笔,对敌人口诛笔伐,出现了第一批反映东北人民和上海人民进行抗日斗争的作品,人们较为慧悉的有李辉英《最后一课》、《万宝山》,丁玲《多事之秋》,茅盾《右第二章》,葛琴《总退却》,林箐(华汉)《义勇军》,张天翼《最后列车》、《齿轮》,白薇《火信》、《北宁路某站》,森堡《我听见了飞机的爆音一一献给全月本的勤劳大众》,适夷《S.",213,21500b5ba9cc0a954ddc3a454bea6015ed197dc6f51befaf2fdb332e687a9a46,248265,248478,D:\1大创\左联知识库项目\data\processed\runtime_sources\左联史.txt,A=华汉;B=白薇,,no,no,pending_review,no,pending_cross_validation
REL-01170,ZLH-013,阳翰笙,ZLH-061,朱镜我,交游,low,medium,no,inferred,左联史,zuolian_shi,251,左联史 第251页,他在这里遇见了不爷前被捕的中央文委成员朱镜我、田汉、阳翰笙。,30,d283cf1567fdfe6e5d615b725d79a8a68652b4d11f6036285fadb5923610b747,374191,374221,D:\1大创\左联知识库项目\data\processed\runtime_sources\左联史.txt,A=阳翰笙;B=朱镜我,,no,no,supported,yes,pending_cross_validation
REL-01171,ZLH-013,阳翰笙,ZLH-063,任白戈,合作,critical,medium,no,pending_review,左联史,zuolian_shi,521,左联史 第521页,"1935年2月,田汉、阳翰笙被捕后,原担任左联行政书记的任白戈去日本留学,徐懋庸又接替任白戈的职务。",50,8dc837a725d4f00054e7578c987b292738c8a7cdd46c61ae7ed3cc214fefb6ca,813829,813879,D:\1大创\左联知识库项目\data\processed\runtime_sources\左联史.txt,A=阳翰笙;B=任白戈,,no,no,pending_review,no,pending_cross_validation
REL-01180,ZLH-013,阳翰笙,ZLH-081,陈白尘,同属组织,critical,low,yes,pending_review,左联史,zuolian_shi,423,左联史 第423页,“在这份抗议宥言上签名的有左联成员田汉、洪深、阿英、阳翰笙、尤党、司徒慧敏、沈西苓、林娜、周钢鸣、林淡秋、洪道、徐懋庸、唐瑜、徐步、荒煤、许标之、舒群、罗烽、欧阳凡海、鲁思、戴平万、丽尼、钟敬之、龚川琦以及陈白尘、艾思奇、吊骥、论千里、章乃器、冼星海、马彦祥、张庚、葛一虹等共189人。,143,d43fb919e26a075b21a3b6e57071a1b617f6369d9aa3ef83195508a119cc9332,644899,645042,D:\1大创\左联知识库项目\data\processed\runtime_sources\左联史.txt,A=阳翰笙;B=陈白尘,签名,yes,no,pending_review,no,pending_cross_validation
REL-01182,ZLH-013,阳翰笙,ZLH-083,林焕平,同属组织,critical,low,no,pending_review,左联词典,zuolian_cidian,520,左联词典 第520页,“部份盟员“左联“时期活动篓介“介绍了丁玲、于伶、马宁、王西彦、王志之、王蕹嘉、方殷、艾芜、叶紫、田汉、田间、白曙、冯乃超、冯雪峰、冯锂、任白戈、任钧、阳翰笙、孙席珍、李伟森、吴奚如、应修人、沙汀、沈起子、张天翼、张松如、阿英、陈沂、林焕平、茅盾、郁达夫等31位盟员作家在左联时期的活动。,144,1c54b7552e43a916ff2acc15b4d28af1b87a832afae6bd45b668809cf99f7340,397549,397693,D:\1大创\左联知识库项目\data\processed\runtime_sources\左联词典.txt,A=阳翰笙;B=林焕平,介绍,yes,no,pending_review,no,pending_cross_validation
REL-01184,ZLH-013,阳翰笙,ZLH-086,葛一虹,同属组织,critical,low,yes,pending_review,左联史,zuolian_shi,423,左联史 第423页,“在这份抗议宥言上签名的有左联成员田汉、洪深、阿英、阳翰笙、尤党、司徒慧敏、沈西苓、林娜、周钢鸣、林淡秋、洪道、徐懋庸、唐瑜、徐步、荒煤、许标之、舒群、罗烽、欧阳凡海、鲁思、戴平万、丽尼、钟敬之、龚川琦以及陈白尘、艾思奇、吊骥、论千里、章乃器、冼星海、马彦祥、张庚、葛一虹等共189人。,143,d43fb919e26a075b21a3b6e57071a1b617f6369d9aa3ef83195508a119cc9332,644899,645042,D:\1大创\左联知识库项目\data\processed\runtime_sources\左联史.txt,A=阳翰笙;B=葛一虹,签名,yes,no,pending_review,no,pending_cross_validation
REL-01185,ZLH-013,阳翰笙,ZLH-091,叶以群,合作,critical,medium,no,pending_review,左联史,zuolian_shi,445,左联史 第445页,"1932年1月17日,在南市方斜路公共体育场召开有两万市民参加的上海市民大会,丁玲和何丹仁(冯雪峰)、适夷、杨骚、华汉(阳翰笙)、华蒂(叶以群)、何畏、郑伯奇、穆木天、蔡子等左联成员都参加了大会及游行示威。",103,599db7fac32e953d7569f91a05bb41ce9be990f903aed3f7713e8458c1c7e432,681106,681209,D:\1大创\左联知识库项目\data\processed\runtime_sources\左联史.txt,A=阳翰笙;B=叶以群,参加,no,no,pending_review,no,pending_cross_validation
REL-01190,ZLH-013,阳翰笙,ZLH-104,叶灵凤,待核验,critical,low,no,pending_review,左联史,zuolian_shi,373,左联史 第373页,"每日电影》专门召开了座谈会,进行座谈讨论,8出席座谈会的有剧本作者蔡叔声(夏衍)、导演程步高,还有姚苏凤、沈西苓、阳翰笙、叶灵凤、赵铭彝、席耐芳(郑伯奇)、张凤吾(阿英)等左翼及进步作家。",94,283e65ad404fd62f2004dfa7699ff15dff0f43c8f14f8e08af071e119f938fcd,563127,563221,D:\1大创\左联知识库项目\data\processed\runtime_sources\左联史.txt,A=阳翰笙;B=叶灵凤,座谈,no,no,pending_review,no,pending_cross_validation
REL-01193,ZLH-013,阳翰笙,ZLH-112,戴望舒,同属组织,critical,low,no,pending_review,左联史,zuolian_shi,143,左联史 第143页,"《北斗》组织的笔谈《创作不振之原因及其出路》吸引了大批作家参加,有左联的,也有非左联的,鲁迅、郁达夫、茅眉、丁玲、郑伯奇、阳翰笙、陶晶孙、建南、张天翼、沈起予、方光然、穆木天、杨骚、华蒂(以群)、袁殊、蓬子、戴望舒以及叶圣陶、胡愈之、徐调乍、周予同、陈衡唐、邵洵美等都各抒己见,是一组内容丰富的创作论,对提高左翼作家的理论水平和创作水平很有帮助。",173,49ea77049728007d57059ea402094a2c994641a87d2418775424ba2a280030df,209573,209746,D:\1大创\左联知识库项目\data\processed\runtime_sources\左联史.txt,A=阳翰笙;B=戴望舒,组织,yes,no,pending_review,no,pending_cross_validation
REL-01197,ZLH-013,阳翰笙,ZLH-119,何家槐,同属组织,critical,low,no,pending_review,左联史,zuolian_shi,189,左联史 第189页,“在《启事》上签名的左联作家还有田汉、沈端先(夏衍)、华汉(阴翰笙)、钱杏郸(阿英)、洪深、穆木天、郑伯奇、郁达夫、彭家煌、华蒂(叶以群)、蓬子、杜衡、董每戡、森堡(任钧)、韩起、何谷天(周文)、尹庚、适夷、达伍(廖沫沙)、叶紫、李辉英、林伯修(杜国库)、张天翼、胡楣(关露)、杨骚、周起应(周扬)、沈起予、谷非(胡风)、沙汀、何家槐、白薇、祝秀侠、侯枫等人。,180,8d4b97f923dd372c1fdade2af2004cebe9e75c1accca534fc0c18efc5a989362,282363,282543,D:\1大创\左联知识库项目\data\processed\runtime_sources\左联史.txt,A=华汉;B=何家槐,签名,yes,no,pending_review,no,pending_cross_validation
REL-01204,ZLH-013,阳翰笙,ZLH-129,胡愈之,同属组织,critical,low,yes,pending_review,左联史,zuolian_shi,143,左联史 第143页,"《北斗》组织的笔谈《创作不振之原因及其出路》吸引了大批作家参加,有左联的,也有非左联的,鲁迅、郁达夫、茅眉、丁玲、郑伯奇、阳翰笙、陶晶孙、建南、张天翼、沈起予、方光然、穆木天、杨骚、华蒂(以群)、袁殊、蓬子、戴望舒以及叶圣陶、胡愈之、徐调乍、周予同、陈衡唐、邵洵美等都各抒己见,是一组内容丰富的创作论,对提高左翼作家的理论水平和创作水平很有帮助。",173,49ea77049728007d57059ea402094a2c994641a87d2418775424ba2a280030df,209573,209746,D:\1大创\左联知识库项目\data\processed\runtime_sources\左联史.txt,A=阳翰笙;B=胡愈之,组织,yes,no,pending_review,no,pending_cross_validation
REL-01213,ZLH-013,阳翰笙,ZLH-141,高尔基,交游,low,medium,no,inferred,左联史,zuolian_shi,214,左联史 第214页,"真是杀鸡要用牛刀!区区3本小书牵动了多少党政官员的心啊!这难道只是3本小书吗?不,不,绝不是,它们是3颗令人胆战心惊的思想炸弹,难怪达官贵人们恐惧得手足无掀了!不过在上海的大小书店里,这样的“怡想炸弹“太多了,沈端先(夏衍)译的《平林泰子集》,萧参(瞿秋白)译的《高尔基小说选集》,张天翼的宣话《大林和小林》,还有华汉(阳翰笙)的三部曲《深入》、《转变》、《复兴》,甚至连美国人伊罗生办的《中国论坛》杂志,广州出版的杂志《戏剧集纳》等等都是!为了查禁《平林泰子集》一书,国民党中央宣传委员会向上海市教育局发出第396号密函,说:上海现代书局印行沈端先所译《平林泰子集》一书,其原著者平林泰子,系日本左倾作家,该书各篇,均含有普罗意识,应予查禁,以杜煸惠。",327,4b8b151b1927950f69e64bcef8b512450e25161a61e3174b9e7c2278b35f3599,321820,322147,D:\1大创\左联知识库项目\data\processed\runtime_sources\左联史.txt,A=阳翰笙;B=高尔基,,no,yes,supported,yes,pending_cross_validation
REL-01215,ZLH-013,阳翰笙,ZLH-144,巴比塞,签名联署,medium,medium,no,inferred,左联史,zuolian_shi,444,左联史 第444页,"1933年8月16日,《中国著作家欢迎巴比塞代表团启事》发表,支持远东反战大会在上海召开,欢迎巴比寥代表团来华,华汉在启事上签名。",65,7b2fdc941dc0956b74fc653faf547a116df6804048c3a6c85f93b82f947c8a14,678877,678942,D:\1大创\左联知识库项目\data\processed\runtime_sources\左联史.txt,A=华汉;B=巴比塞,签名,no,no,supported,yes,pending_cross_validation
REL-01218,ZLH-014,冯乃超,ZLH-015,郁达夫,合作,critical,medium,no,pending_review,左联史,zuolian_shi,430,左联史 第430页,"“8当冯乃超拿了发赵人名单去征求鲁迅意见时,鲁迅问为什么没有郁达夫的名字?回答是:他现在很消沉,情绪低落,不宜做发起人。",60,3506b27b59780db66fbd13def0fcc28deb9db76a4ff6933d36e988cf4ff67c68,655077,655137,D:\1大创\左联知识库项目\data\processed\runtime_sources\左联史.txt,A=冯乃超;B=郁达夫,发起,no,no,pending_review,no,pending_cross_validation
REL-01219,ZLH-014,冯乃超,ZLH-016,柔石,交游,medium,medium,no,inferred,左联史,zuolian_shi,34,左联史 第34页,"1930年9月25日恰好是鲁迅的50岁寿辰,柔石、画室(冯雪峰)、冯乃超、董绍明和蔡咏裁等人,联络了许广平,共同发起庆祝。",61,e7f5c54b9c1b03c09f9488e086c83c314629d8eff7702435812bf6b5d9676f8e,41889,41950,D:\1大创\左联知识库项目\data\processed\runtime_sources\左联史.txt,A=冯乃超;B=柔石,共同,no,no,supported,yes,pending_cross_validation
REL-01221,ZLH-014,冯乃超,ZLH-018,冯铿,待核验,critical,low,yes,pending_review,左联史,zuolian_shi,98,左联史 第98页,名单如下:冯乃超华_汉_龚冰庐沈叶沉孟超俞_怀_邱韵铎沈端先潘汉年“王洁予冯润璋_顾凤城彭康许峻冯铿王任桐周全平_洪灵菲_戴平万“钱杏邵冯宪章鲁迅杜衡埕子柔石侍桁画室吴贯中黄_素郑伯奇鲁_史朱镜我_田汉王一榴_蒋光慈刘锡五_叶灵凤_郁达夫陶晶孙_戴望舒李初梨_林伯修殴_夫_徐迅雷_程少怀_陈正道_许幸之_郭沫若_沈起予被介绍加人的:仲_豪“徐耘阡_魏金枝届文泳涛丁锐人马宁_孙孟涛王润甫_卢苍雁张璞无产阶级文艺俱乐部的发起人李_平胡忠信阿细余惠“萧歌强其他各反动组织之名单不明。,240,451607e392e76506863cb80a4c973cbf07385569c9884fdd80d90b1d3fb68d03,141748,141988,D:\1大创\左联知识库项目\data\processed\runtime_sources\左联史.txt,A=冯乃超;B=冯铿,介绍,no,no,pending_review,no,pending_cross_validation
REL-01222,ZLH-014,冯乃超,ZLH-019,殷夫,同属组织,high,low,yes,pending_review,左联史,zuolian_shi,43,左联史 第43页,他们在文章中指名道姓攻击谩骂过的作家有鲁迅、茅盾、潘汉年、钱杏郧、殷夫、蒋光慈、田汉、冯乃超、马宁等人。,52,ccecd9967c5fa9db52408cfc9e8be60c20f03b50fa91d8937dac73b320bb61dc,55749,55801,D:\1大创\左联知识库项目\data\processed\runtime_sources\左联史.txt,A=冯乃超;B=殷夫,,no,no,pending_review,no,pending_cross_validation
REL-01224,ZLH-014,冯乃超,ZLH-021,丁玲,交游,low,medium,no,inferred,左联史,zuolian_shi,21,左联史 第21页,"据几位左联发起人及早期盟员的回忆,先后担任过左联党团书记的有冯乃超、阳翰笙、钱杏郫、冯雪峰、耶林、丁玲、周扬。",55,72447799e7ece094c82c683dd417f80cc73db670fcaff56dcbaef46a0b9116cd,21329,21384,D:\1大创\左联知识库项目\data\processed\runtime_sources\左联史.txt,A=冯乃超;B=丁玲,发起,no,no,supported,yes,pending_cross_validation
REL-01226,ZLH-014,冯乃超,ZLH-023,叶紫,待核验,critical,low,no,pending_review,左联史,zuolian_shi,491,左联史 第491页,"诞生在上海的中国左翼作家联盟,从一出世就被取缔,盟员们被迫转人地下,它的机关杂志《萌芽月刊》、《拓荣者》、《大众文艺》、《世界文化》、《前哨》和《文学导报》、《文学》半月刊、《北斗》、《文学月报》等,每一种出版不久就遭查祯,连鲁迅、沈端先、冯乃超、叶紫他们主编的《文艺研究》、《艺术》、《文艺讲座》、《沙仑》、《无名文艺》和文总机关刊《文化月报》都无一幸免。",179,7e3623056df966487982c35725662d37ada4fa2272128264d607bb859667f6be,760311,760490,D:\1大创\左联知识库项目\data\processed\runtime_sources\左联史.txt,A=冯乃超;B=叶紫,主编,no,no,pending_review,no,pending_cross_validation
REL-01229,ZLH-014,冯乃超,ZLH-026,胡风,交游,low,medium,no,inferred,左联史,zuolian_shi,22,左联史 第22页,"左联为加强日常工作的领导,还设有行政书记(也叫执行书记或常务书记),担任过这一职务的有鲁迅、茅盾、况雪峰、冯乃超、华汉(阳翰笙)、胡风、任白戈、徐懋庸等人。",78,3272c50630cfcd50ae671f8739a1c542328e5d0417902b9c65c4b9fb7541c6ab,21933,22011,D:\1大创\左联知识库项目\data\processed\runtime_sources\左联史.txt,A=冯乃超;B=胡风,,no,no,supported,yes,pending_cross_validation
REL-01234,ZLH-014,冯乃超,ZLH-032,徐懋庸,待核验,critical,low,yes,pending_review,左联史,zuolian_shi,22,左联史 第22页,"左联为加强日常工作的领导,还设有行政书记(也叫执行书记或常务书记),担任过这一职务的有鲁迅、茅盾、况雪峰、冯乃超、华汉(阳翰笙)、胡风、任白戈、徐懋庸等人。",78,3272c50630cfcd50ae671f8739a1c542328e5d0417902b9c65c4b9fb7541c6ab,21933,22011,D:\1大创\左联知识库项目\data\processed\runtime_sources\左联史.txt,A=冯乃超;B=徐懋庸,,no,no,pending_review,no,pending_cross_validation
REL-01235,ZLH-014,冯乃超,ZLH-034,彭康,交游,low,medium,no,inferred,左联史,zuolian_shi,17,左联史 第17页,"4月15日《文化批判》第4号发表了一组回答鲁迅《“醉眼“中的濮胤》的文章:李初梨《请看中国的DonQuixote底乱舞》、冯乃超《人道主义者怎样地防卫着自己?》、彭康《“除掉“鲁迅的“除掉“》以及读者来信等,谈论了一些马克思主义的基本原理,却对鲁迅进行了谩骂与人身攻击式的批评。",139,d7ed058aa7c3322916f3ea8d7a07f970f715284901ad91fada13533e277c1dea,14633,14772,D:\1大创\左联知识库项目\data\processed\runtime_sources\左联史.txt,A=冯乃超;B=彭康,来信,no,no,supported,yes,pending_cross_validation
REL-01236,ZLH-014,冯乃超,ZLH-035,李辉英,同属组织,critical,low,no,pending_review,左联词典,zuolian_cidian,107,左联词典 第107页,已矫担任过巨联执行委哗职务的人员有鲁迅、沈端先(夏街3、冯乃超、钱枪邱、囚汉、郑伯奇、洪灵芸、周全平、蒋光慈、胡也频、柔石、姚蓬子、阳翰笙、茅眉、周扬、周文、朗风、丁玲、楼适夷、华蒂(叶以群)、李辉英、汪金厂沙汀、艾草、夏征农、任臼戈等。,119,929d4ac647a93d4df7f93cc9dc7d6aa852b63758c4245152376e23630faf3a8b,41729,41848,D:\1大创\左联知识库项目\data\processed\runtime_sources\左联词典.txt,A=冯乃超;B=李辉英,,yes,no,pending_review,no,pending_cross_validation
REL-01238,ZLH-014,冯乃超,ZLH-037,楼适夷,同属组织,critical,low,no,pending_review,左联词典,zuolian_cidian,490,左联词典 第490页,撰稿人有鲁迅、瞿秋白、茅盾、冯乃超、适夷、张天冥、丁玲、冯雪峰、耶林、穆木天、阿英、周起应、阳翰笙等.,51,0a5758cdd22306680b596cb7dc4663f3b360847108a4c845999192a811236c19,372923,372974,D:\1大创\左联知识库项目\data\processed\runtime_sources\左联词典.txt,A=冯乃超;B=适夷,撰稿,yes,no,pending_review,no,pending_cross_validation
REL-01241,ZLH-014,冯乃超,ZLH-042,魏金枝,待核验,critical,low,yes,pending_review,左联史,zuolian_shi,143,左联史 第143页,"S》,白薇的剧本《北宁路树站》,谷非(胡风)的诗《仇敌的祭礼》;论文有丹仁(冯雪峰)《关于新的小说的诞生一一评丁玲的〈水?》,钱杏邹《一九三一年文坛之回顾》,朱环(荣盾)《关于“创作“》,李易水(冯乃超)《新人张天鬟的作品》,魏金枝《过去对于“创作“的一般谬见》,沈端先译《报告文学论》等。",145,2723178a8ce60ac4f616607a2bdf64c26bfb98e288e7966a4aa769a3929828e8,209428,209573,D:\1大创\左联知识库项目\data\processed\runtime_sources\左联史.txt,A=冯乃超;B=魏金枝,,no,yes,pending_review,no,pending_cross_validation
REL-01248,ZLH-014,冯乃超,ZLH-054,许幸之,纪念/悼念,critical,medium,no,pending_review,左联史,zuolian_shi,40,左联史 第40页,"沈端先主编,作者均为左联盟员作家,创刊号发表的作品有郑伯奇《中国戏剧运动的前路》,许幸之《新兴美术运动的任务》,麦克昂(郭沫若)《普罗文艺的大众化》,冯乃超《俄国革命前的文学运动》,叶沉《戏剧和时代》,王一榴《炉火》,龚冰店《有什么话好对大家说》和《换上新的》,菀尔《告示》,沈端先署名“编者“的《有声电影的前途》,祝秀侩《高尔基〈夜店)》,印韵铎译美国杰克.",180,ce39a63c9e18b5f395845bc1a553994fbcb7fd003a3a8236765d1366ff839e68,51486,51666,D:\1大创\左联知识库项目\data\processed\runtime_sources\左联史.txt,A=冯乃超;B=许幸之,主编,no,no,pending_review,no,pending_cross_validation
REL-01249,ZLH-014,冯乃超,ZLH-058,郭沫若,待核验,critical,low,no,pending_review,左联史,zuolian_shi,158,左联史 第158页,"早在革命文学论争初期,进步文艺界就渐淅明白了文艺应当大众化的道理,左联成立前,《大众文艺》社就组织过一次“文艺大众化的诸问题“笔谈,鲁迅、郭沫若、沈端先(夏衍)、陶晶孙、冯乃超、郑伯奇等都写了文章,发表各自的见解,积极展开讨论。",114,91b8de115f35f6eaa0127697ef936bbbb19330ae5a7511b96d9038b1bf138681,229828,229942,D:\1大创\左联知识库项目\data\processed\runtime_sources\左联史.txt,A=冯乃超;B=郭沫若,组织,no,no,pending_review,no,pending_cross_validation
REL-01250,ZLH-014,冯乃超,ZLH-059,白薇,同属组织,critical,low,no,pending_review,左联史,zuolian_shi,143,左联史 第143页,"S》,白薇的剧本《北宁路树站》,谷非(胡风)的诗《仇敌的祭礼》;论文有丹仁(冯雪峰)《关于新的小说的诞生一一评丁玲的〈水?》,钱杏邹《一九三一年文坛之回顾》,朱环(荣盾)《关于“创作“》,李易水(冯乃超)《新人张天鬟的作品》,魏金枝《过去对于“创作“的一般谬见》,沈端先译《报告文学论》等。",145,2723178a8ce60ac4f616607a2bdf64c26bfb98e288e7966a4aa769a3929828e8,209428,209573,D:\1大创\左联知识库项目\data\processed\runtime_sources\左联史.txt,A=冯乃超;B=白薇,,no,yes,pending_review,no,pending_cross_validation
REL-01251,ZLH-014,冯乃超,ZLH-061,朱镜我,同属组织,critical,low,no,pending_review,左联史,zuolian_shi,98,左联史 第98页,名单如下:冯乃超华_汉_龚冰庐沈叶沉孟超俞_怀_邱韵铎沈端先潘汉年“王洁予冯润璋_顾凤城彭康许峻冯铿王任桐周全平_洪灵菲_戴平万“钱杏邵冯宪章鲁迅杜衡埕子柔石侍桁画室吴贯中黄_素郑伯奇鲁_史朱镜我_田汉王一榴_蒋光慈刘锡五_叶灵凤_郁达夫陶晶孙_戴望舒李初梨_林伯修殴_夫_徐迅雷_程少怀_陈正道_许幸之_郭沫若_沈起予被介绍加人的:仲_豪“徐耘阡_魏金枝届文泳涛丁锐人马宁_孙孟涛王润甫_卢苍雁张璞无产阶级文艺俱乐部的发起人李_平胡忠信阿细余惠“萧歌强其他各反动组织之名单不明。,240,451607e392e76506863cb80a4c973cbf07385569c9884fdd80d90b1d3fb68d03,141748,141988,D:\1大创\左联知识库项目\data\processed\runtime_sources\左联史.txt,A=冯乃超;B=朱镜我,介绍,no,no,pending_review,no,pending_cross_validation
REL-01252,ZLH-014,冯乃超,ZLH-063,任白戈,待核验,critical,low,no,pending_review,左联史,zuolian_shi,22,左联史 第22页,"左联为加强日常工作的领导,还设有行政书记(也叫执行书记或常务书记),担任过这一职务的有鲁迅、茅盾、况雪峰、冯乃超、华汉(阳翰笙)、胡风、任白戈、徐懋庸等人。",78,3272c50630cfcd50ae671f8739a1c542328e5d0417902b9c65c4b9fb7541c6ab,21933,22011,D:\1大创\左联知识库项目\data\processed\runtime_sources\左联史.txt,A=冯乃超;B=任白戈,,no,no,pending_review,no,pending_cross_validation
REL-01266,ZLH-014,冯乃超,ZLH-100,姚蓬子,同属组织,high,low,yes,pending_review,左联史,zuolian_shi,36,左联史 第36页,"-暮色苍茫,前来祝寿的人们渐渐散去,留下的22位各界代表和外宾参加祝寿晚宴,他们是:许广平、柔石、画室(冯雪峰)、冯乃超、华汉(阳翰笙)、蔡咏裳、董绍明、茅眉、叶圣陶、田汉、洪深、姚蓬子、杨邮人、魏金枝、李伟森、胡也频、冯铿、傅东华、石民以及外国友人史沫特莱和罗佛(又译乐芬,塔斯社驻上海记者)。",148,6f48d450320c798ddb5bbce66dbf0fafa96edfe71032031f923ddc8a5b7ffead,44379,44527,D:\1大创\左联知识库项目\data\processed\runtime_sources\左联史.txt,A=冯乃超;B=姚蓬子,参加,yes,no,pending_review,no,pending_cross_validation
REL-01267,ZLH-014,冯乃超,ZLH-104,叶灵凤,通信,critical,medium,no,pending_review,左联史,zuolian_shi,98,左联史 第98页,名单如下:冯乃超华_汉_龚冰庐沈叶沉孟超俞_怀_邱韵铎沈端先潘汉年“王洁予冯润璋_顾凤城彭康许峻冯铿王任桐周全平_洪灵菲_戴平万“钱杏邵冯宪章鲁迅杜衡埕子柔石侍桁画室吴贯中黄_素郑伯奇鲁_史朱镜我_田汉王一榴_蒋光慈刘锡五_叶灵凤_郁达夫陶晶孙_戴望舒李初梨_林伯修殴_夫_徐迅雷_程少怀_陈正道_许幸之_郭沫若_沈起予被介绍加人的:仲_豪“徐耘阡_魏金枝届文泳涛丁锐人马宁_孙孟涛王润甫_卢苍雁张璞无产阶级文艺俱乐部的发起人李_平胡忠信阿细余惠“萧歌强其他各反动组织之名单不明。,240,451607e392e76506863cb80a4c973cbf07385569c9884fdd80d90b1d3fb68d03,141748,141988,D:\1大创\左联知识库项目\data\processed\runtime_sources\左联史.txt,A=冯乃超;B=叶灵凤,介绍,no,no,pending_review,no,pending_cross_validation
REL-01268,ZLH-014,冯乃超,ZLH-105,沈起予,交游,low,medium,no,inferred,左联史,zuolian_shi,98,左联史 第98页,名单如下:冯乃超华_汉_龚冰庐沈叶沉孟超俞_怀_邱韵铎沈端先潘汉年“王洁予冯润璋_顾凤城彭康许峻冯铿王任桐周全平_洪灵菲_戴平万“钱杏邵冯宪章鲁迅杜衡埕子柔石侍桁画室吴贯中黄_素郑伯奇鲁_史朱镜我_田汉王一榴_蒋光慈刘锡五_叶灵凤_郁达夫陶晶孙_戴望舒李初梨_林伯修殴_夫_徐迅雷_程少怀_陈正道_许幸之_郭沫若_沈起予被介绍加人的:仲_豪“徐耘阡_魏金枝届文泳涛丁锐人马宁_孙孟涛王润甫_卢苍雁张璞无产阶级文艺俱乐部的发起人李_平胡忠信阿细余惠“萧歌强其他各反动组织之名单不明。,240,451607e392e76506863cb80a4c973cbf07385569c9884fdd80d90b1d3fb68d03,141748,141988,D:\1大创\左联知识库项目\data\processed\runtime_sources\左联史.txt,A=冯乃超;B=沈起予,介绍,no,no,supported,yes,pending_cross_validation
REL-01269,ZLH-014,冯乃超,ZLH-112,戴望舒,待核验,critical,low,yes,pending_review,左联史,zuolian_shi,98,左联史 第98页,名单如下:冯乃超华_汉_龚冰庐沈叶沉孟超俞_怀_邱韵铎沈端先潘汉年“王洁予冯润璋_顾凤城彭康许峻冯铿王任桐周全平_洪灵菲_戴平万“钱杏邵冯宪章鲁迅杜衡埕子柔石侍桁画室吴贯中黄_素郑伯奇鲁_史朱镜我_田汉王一榴_蒋光慈刘锡五_叶灵凤_郁达夫陶晶孙_戴望舒李初梨_林伯修殴_夫_徐迅雷_程少怀_陈正道_许幸之_郭沫若_沈起予被介绍加人的:仲_豪“徐耘阡_魏金枝届文泳涛丁锐人马宁_孙孟涛王润甫_卢苍雁张璞无产阶级文艺俱乐部的发起人李_平胡忠信阿细余惠“萧歌强其他各反动组织之名单不明。,240,451607e392e76506863cb80a4c973cbf07385569c9884fdd80d90b1d3fb68d03,141748,141988,D:\1大创\左联知识库项目\data\processed\runtime_sources\左联史.txt,A=冯乃超;B=戴望舒,介绍,no,no,pending_review,no,pending_cross_validation
REL-01271,ZLH-014,冯乃超,ZLH-116,孙席珍,同属组织,critical,low,no,pending_review,左联词典,zuolian_cidian,520,左联词典 第520页,“部份盟员“左联“时期活动篓介“介绍了丁玲、于伶、马宁、王西彦、王志之、王蕹嘉、方殷、艾芜、叶紫、田汉、田间、白曙、冯乃超、冯雪峰、冯锂、任白戈、任钧、阳翰笙、孙席珍、李伟森、吴奚如、应修人、沙汀、沈起子、张天翼、张松如、阿英、陈沂、林焕平、茅盾、郁达夫等31位盟员作家在左联时期的活动。,144,1c54b7552e43a916ff2acc15b4d28af1b87a832afae6bd45b668809cf99f7340,397549,397693,D:\1大创\左联知识库项目\data\processed\runtime_sources\左联词典.txt,A=冯乃超;B=孙席珍,介绍,yes,no,pending_review,no,pending_cross_validation
REL-01275,ZLH-014,冯乃超,ZLH-122,许广平,纪念/悼念,critical,medium,no,pending_review,左联史,zuolian_shi,34,左联史 第34页,"1930年9月25日恰好是鲁迅的50岁寿辰,柔石、画室(冯雪峰)、冯乃超、董绍明和蔡咏裁等人,联络了许广平,共同发起庆祝。",61,e7f5c54b9c1b03c09f9488e086c83c314629d8eff7702435812bf6b5d9676f8e,41889,41950,D:\1大创\左联知识库项目\data\processed\runtime_sources\左联史.txt,A=冯乃超;B=许广平,共同,no,no,pending_review,no,pending_cross_validation
REL-01289,ZLH-014,冯乃超,ZLH-141,高尔基,交游,low,medium,no,inferred,左联史,zuolian_shi,40,左联史 第40页,"沈端先主编,作者均为左联盟员作家,创刊号发表的作品有郑伯奇《中国戏剧运动的前路》,许幸之《新兴美术运动的任务》,麦克昂(郭沫若)《普罗文艺的大众化》,冯乃超《俄国革命前的文学运动》,叶沉《戏剧和时代》,王一榴《炉火》,龚冰店《有什么话好对大家说》和《换上新的》,菀尔《告示》,沈端先署名“编者“的《有声电影的前途》,祝秀侩《高尔基〈夜店)》,印韵铎译美国杰克.",180,ce39a63c9e18b5f395845bc1a553994fbcb7fd003a3a8236765d1366ff839e68,51486,51666,D:\1大创\左联知识库项目\data\processed\runtime_sources\左联史.txt,A=冯乃超;B=高尔基,主编,no,no,supported,yes,pending_cross_validation
REL-01290,ZLH-014,冯乃超,ZLH-142,法捷耶夫,待核验,critical,low,no,pending_review,左联史,zuolian_shi,38,左联史 第38页,"《萌芽月刊》出到5月1日第1卷第5期被禁,第6期改名《新地月刊》,发表了苏联作家伦支的《我们为什么不是和平主义耆》(觉非译),鲁迅的《〈艺术论〉译序》,续载法捷耶夫的《溃灭》,又刊出了冯乃超的重要论文《中国无产阶级文艺运动与左联成立的意义》。",121,c8d0669450ddd4de58acc6d5f902c3e5535ad764bbec7972306d15c4899bb30e,48104,48225,D:\1大创\左联知识库项目\data\processed\runtime_sources\左联史.txt,A=冯乃超;B=法捷耶夫,,no,yes,pending_review,no,pending_cross_validation
REL-01294,ZLH-015,郁达夫,ZLH-016,柔石,交游,low,medium,no,inferred,左联史,zuolian_shi,93,左联史 第93页,"这个刊物创刊于1928年9月,发表一般的创作及翻译作品,撰稿者除鲁迅、郁达夫、柔石、李守章之外,还D《石炭王》。",56,8da4ee7726e03288ab490121a799af939051bc05fe0625932086bfe0e4b85fb5,134310,134366,D:\1大创\左联知识库项目\data\processed\runtime_sources\左联史.txt,A=郁达夫;B=柔石,撰稿,no,no,supported,yes,pending_cross_validation
REL-01296,ZLH-015,郁达夫,ZLH-018,冯铿,交游,low,medium,no,inferred,左联史,zuolian_shi,98,左联史 第98页,名单如下:冯乃超华_汉_龚冰庐沈叶沉孟超俞_怀_邱韵铎沈端先潘汉年“王洁予冯润璋_顾凤城彭康许峻冯铿王任桐周全平_洪灵菲_戴平万“钱杏邵冯宪章鲁迅杜衡埕子柔石侍桁画室吴贯中黄_素郑伯奇鲁_史朱镜我_田汉王一榴_蒋光慈刘锡五_叶灵凤_郁达夫陶晶孙_戴望舒李初梨_林伯修殴_夫_徐迅雷_程少怀_陈正道_许幸之_郭沫若_沈起予被介绍加人的:仲_豪“徐耘阡_魏金枝届文泳涛丁锐人马宁_孙孟涛王润甫_卢苍雁张璞无产阶级文艺俱乐部的发起人李_平胡忠信阿细余惠“萧歌强其他各反动组织之名单不明。,240,451607e392e76506863cb80a4c973cbf07385569c9884fdd80d90b1d3fb68d03,141748,141988,D:\1大创\左联知识库项目\data\processed\runtime_sources\左联史.txt,A=郁达夫;B=冯铿,介绍,no,no,supported,yes,pending_cross_validation
REL-01298,ZLH-015,郁达夫,ZLH-020,李求实,同属组织,critical,low,no,pending_review,左联词典,zuolian_cidian,520,左联词典 第520页,“部份盟员“左联“时期活动篓介“介绍了丁玲、于伶、马宁、王西彦、王志之、王蕹嘉、方殷、艾芜、叶紫、田汉、田间、白曙、冯乃超、冯雪峰、冯锂、任白戈、任钧、阳翰笙、孙席珍、李伟森、吴奚如、应修人、沙汀、沈起子、张天翼、张松如、阿英、陈沂、林焕平、茅盾、郁达夫等31位盟员作家在左联时期的活动。,144,1c54b7552e43a916ff2acc15b4d28af1b87a832afae6bd45b668809cf99f7340,397549,397693,D:\1大创\左联知识库项目\data\processed\runtime_sources\左联词典.txt,A=郁达夫;B=李伟森,介绍,yes,no,pending_review,no,pending_cross_validation
REL-01299,ZLH-015,郁达夫,ZLH-021,丁玲,创作合作,low,medium,no,inferred,左联词典,zuolian_cidian,163,左联词典 第163页,"同年2月日本东鬓作冠小林多喜二惨遮反动派投帐,5月,他和郁达夫、茅眉、叶坂圈、陈望道、洪涞、杜衡、鱼迅、丁玲九位左翼作家联名发表《为横死之小林逵族募捐启》憨饮小林君之家族,表示中国菩作界对小林君之敬意“.",102,ca8711e9a5fed7c3b632a86e29ffac3ce9bfaa87419aaaaf139281ac36868ecf,88808,88910,D:\1大创\左联知识库项目\data\processed\runtime_sources\左联词典.txt,A=郁达夫;B=丁玲,联名,no,no,supported,yes,pending_cross_validation
REL-01300,ZLH-015,郁达夫,ZLH-022,张天翼,交游,low,medium,no,inferred,左联词典,zuolian_cidian,260,左联词典 第260页,鲁迅在复函中向他推荐郁达夫和张天翼的作品。,21,a8d23c601e4976b4ec213fc5552427014a6c9c0f8c20847cbe5590a5c7c01e30,174023,174044,D:\1大创\左联知识库项目\data\processed\runtime_sources\左联词典.txt,A=郁达夫;B=张天翼,推荐,no,no,supported,yes,pending_cross_validation
REL-01303,ZLH-015,郁达夫,ZLH-025,沙汀,交游,low,medium,no,inferred,左联词典,zuolian_cidian,557,左联词典 第557页,"全书分两部分:第一部分是《鲁迅生平》和《药》、《一件小事》、《孔乙已》、《祝福》、《风筝)《论“他妈的“!1)、《离婚》等鲁迅作品7篇;第二部分是其他中国作家的小说17篇:《为奴隶的母亲》(柔石)、《自杀》(茅盾)、《拗汊》(茅盾)、《水》(丁玲)、《消息》(丁玲)、《狗》(巴金)、《柏子》(沈从文)、《阿娥》(孙席珍)、《在“大连号“轮船上》(田军)、《第三支枪》(田军)、《狗肉将军》(林语堂)、《皈依》(萧乾)、《紫藤与茵葡》(郁达夫)、《移行》(张天翼)、《十字架》(郭沫若)、《一部遗失了的日记片断》(失名)、《法律外的航线(沙汀)书后有附录两种,《现代中国文学运动》(尼姆,威尔士)和参考书目。",304,61010ef89ba6b2d0ea6003b4e257b22656db069d7ab697e4b0e74d4c3f643459,428626,428930,D:\1大创\左联知识库项目\data\processed\runtime_sources\左联词典.txt,A=郁达夫;B=沙汀,,no,no,supported,yes,pending_cross_validation
REL-01304,ZLH-015,郁达夫,ZLH-026,胡风,交游,low,medium,no,inferred,左联史,zuolian_shi,483,左联史 第483页,"在东京留学期间,他和张光人(胡风)、方瀚、王达夫、周颖等共同组织“新兴文化研究会“,出版秘密刊物《文化斗争》,反对日本帝国主义的侵华政策,宣传革命文化。",76,fe43f8a9a4e9f2a49e8aebea645b011f763c3fccaf6b5f5cdbde81d1001f231c,746720,746796,D:\1大创\左联知识库项目\data\processed\runtime_sources\左联史.txt,A=达夫;B=胡风,共同,no,no,supported,yes,pending_cross_validation
REL-01305,ZLH-015,郁达夫,ZLH-027,萧军,签名联署,low,medium,no,inferred,左联词典,zuolian_cidian,505,左联词典 第505页,"刊载过《唯命论者》(郊达夫),、《一九二四一“世四》(张天鬓)、《乡闽的来客》(王任叔)、《责船》(萧军)《促狙兜莱歌羌台奇》(西班牙巴罗哈作,鲁迅译)、《两里亚的白柠檬》(意大利比朗德娄作,周立波译)、《列子手》(法国巴尔扎克作,穆木天译)等创作和翻译小说.",130,0c5ed90aa094e9c606e6261dae5f7558fab66c7eea14fafe8419312acb6301ac,385929,386059,D:\1大创\左联知识库项目\data\processed\runtime_sources\左联词典.txt,A=达夫;B=萧军,,no,no,supported,yes,pending_cross_validation
REL-01307,ZLH-015,郁达夫,ZLH-029,聂绀弩,合作,critical,medium,no,pending_review,左联史,zuolian_shi,477,左联史 第477页,"1932年3月,胡风与方天一邀集中国留日学生聂绀弩、周颗、邢桐华、王达夫等成立左翼文化围体“新兴文化研究会“,下设社会科学研究会和文学研究会,胡风负责文学研究会,该会出版内部油印刊物《新兴文化》,每期刻印数十份,分赠中国留学生。",114,67ea8fa4d9406f8e86140430b5a078cd15c5d693a8ac67e73bd7f40b2e32b687,735786,735900,D:\1大创\左联知识库项目\data\processed\runtime_sources\左联史.txt,A=达夫;B=聂绀弩,邀,no,no,pending_review,no,pending_cross_validation
REL-01308,ZLH-015,郁达夫,ZLH-030,吴奚如,同属组织,critical,low,no,pending_review,左联词典,zuolian_cidian,520,左联词典 第520页,“部份盟员“左联“时期活动篓介“介绍了丁玲、于伶、马宁、王西彦、王志之、王蕹嘉、方殷、艾芜、叶紫、田汉、田间、白曙、冯乃超、冯雪峰、冯锂、任白戈、任钧、阳翰笙、孙席珍、李伟森、吴奚如、应修人、沙汀、沈起子、张天翼、张松如、阿英、陈沂、林焕平、茅盾、郁达夫等31位盟员作家在左联时期的活动。,144,1c54b7552e43a916ff2acc15b4d28af1b87a832afae6bd45b668809cf99f7340,397549,397693,D:\1大创\左联知识库项目\data\processed\runtime_sources\左联词典.txt,A=郁达夫;B=吴奚如,介绍,yes,no,pending_review,no,pending_cross_validation
REL-01310,ZLH-015,郁达夫,ZLH-032,徐懋庸,创作合作,low,medium,no,inferred,左联史,zuolian_shi,615,左联史 第615页,"人所共知,鲁迅对郭沫若的态度是有前后变化的:1928年“革命文学“论争时,鲁迅对他是反唐相讥过的,但到1936年写《答徐懋庸并关于抗日统一战线问题》一文时,却明确表示:他同郭沫若,虽“曾用笔墨相讥,但大战斗却都为着同一的目标,决不日夜记着个人的恩怨“郁达夫和鲁迅,在左联成立前后,始终是并肩战斗的亲密战友:1928年,他们合编《奔流》杂志;左联筹组时,鲁迅亲自提名郁达夫为左联发起人;后来,当郁达夫要离开上海时,鲁迅以诗相劝,“阻郁达夫移家杭州“,非挚友绝不能如此苦口婆心、语重心长。",242,f39e3b2d6ebb45337b222d4b73745193c6fb0e9fb70529ddfb1e29c686497951,965478,965720,D:\1大创\左联知识库项目\data\processed\runtime_sources\左联史.txt,A=郁达夫;B=徐懋庸,合编,no,no,supported,yes,pending_cross_validation
REL-01311,ZLH-015,郁达夫,ZLH-034,彭康,签名联署,low,medium,no,inferred,左联史,zuolian_shi,98,左联史 第98页,名单如下:冯乃超华_汉_龚冰庐沈叶沉孟超俞_怀_邱韵铎沈端先潘汉年“王洁予冯润璋_顾凤城彭康许峻冯铿王任桐周全平_洪灵菲_戴平万“钱杏邵冯宪章鲁迅杜衡埕子柔石侍桁画室吴贯中黄_素郑伯奇鲁_史朱镜我_田汉王一榴_蒋光慈刘锡五_叶灵凤_郁达夫陶晶孙_戴望舒李初梨_林伯修殴_夫_徐迅雷_程少怀_陈正道_许幸之_郭沫若_沈起予被介绍加人的:仲_豪“徐耘阡_魏金枝届文泳涛丁锐人马宁_孙孟涛王润甫_卢苍雁张璞无产阶级文艺俱乐部的发起人李_平胡忠信阿细余惠“萧歌强其他各反动组织之名单不明。,240,451607e392e76506863cb80a4c973cbf07385569c9884fdd80d90b1d3fb68d03,141748,141988,D:\1大创\左联知识库项目\data\processed\runtime_sources\左联史.txt,A=郁达夫;B=彭康,介绍,no,no,supported,yes,pending_cross_validation
REL-01312,ZLH-015,郁达夫,ZLH-035,李辉英,同属组织,critical,low,no,pending_review,左联史,zuolian_shi,296,左联史 第296页,"《小品文和漫画》全书收57位作家的38篇文章(鲁迅两篇,其余每人1篇),其中左联作家的作品是:鲁迅《漫谈漫画》、《漫画而又漫画》,茅盾《小品文和气运》,许幸之《漫画与多弥哀,冶鹤《漫画与卡通影片》,郁达夫《小品文杂感》,佛朗(祝秀侠)《对“小品文“的意见》,王任叔《小品文的前途》,李辉英《“写点小品文罢“》,何谷天(周文)《小品文对于我》,徐懋庸《大处人手》,洪深《混》,沈起予《“小品“的小品》,聂绀弩《我对于小品文的意见》,胡风《略谈“小品文“与“漕画“》,王淑明《我们需要怎样的小品文》,孙席珍《关于小品文和漫画》,叶綦《我们需要小品文和漫画》,郑伯奇《小品文问答》,大家对小品文和漫画一一尤其是对小品文发表了许多精辟的见解:茅盾说:“我不相信“小品文“应该以自我中心,个人笔调,性灵,闲适为主。",352,103559ce8cec8769d14167f9c5e5de211f3af6a1aa21ef7b81bf4e3ade8e54ef,443874,444226,D:\1大创\左联知识库项目\data\processed\runtime_sources\左联史.txt,A=郁达夫;B=李辉英,,no,no,pending_review,no,pending_cross_validation
REL-01313,ZLH-015,郁达夫,ZLH-036,穆木天,合作,critical,medium,no,pending_review,左联词典,zuolian_cidian,505,左联词典 第505页,"刊载过《唯命论者》(郊达夫),、《一九二四一“世四》(张天鬓)、《乡闽的来客》(王任叔)、《责船》(萧军)《促狙兜莱歌羌台奇》(西班牙巴罗哈作,鲁迅译)、《两里亚的白柠檬》(意大利比朗德娄作,周立波译)、《列子手》(法国巴尔扎克作,穆木天译)等创作和翻译小说.",130,0c5ed90aa094e9c606e6261dae5f7558fab66c7eea14fafe8419312acb6301ac,385929,386059,D:\1大创\左联知识库项目\data\processed\runtime_sources\左联词典.txt,A=达夫;B=穆木天,,no,no,pending_review,no,pending_cross_validation
REL-01314,ZLH-015,郁达夫,ZLH-037,楼适夷,创作合作,low,medium,no,inferred,左联史,zuolian_shi,237,左联史 第237页,"“文化界丁、潘营救会“由左联派去的盟员作家楼适夷主持工作,成员有柳亚子、郁达夫、田汉等人。",45,fb3a86a7c51d1a314af553ca2eba0de2fd20227fafcca85e25dd6b934d555ef5,352242,352287,D:\1大创\左联知识库项目\data\processed\runtime_sources\左联史.txt,A=郁达夫;B=楼适夷,营救,no,no,supported,yes,pending_cross_validation
REL-01317,ZLH-015,郁达夫,ZLH-042,魏金枝,交游,low,medium,no,inferred,左联史,zuolian_shi,98,左联史 第98页,名单如下:冯乃超华_汉_龚冰庐沈叶沉孟超俞_怀_邱韵铎沈端先潘汉年“王洁予冯润璋_顾凤城彭康许峻冯铿王任桐周全平_洪灵菲_戴平万“钱杏邵冯宪章鲁迅杜衡埕子柔石侍桁画室吴贯中黄_素郑伯奇鲁_史朱镜我_田汉王一榴_蒋光慈刘锡五_叶灵凤_郁达夫陶晶孙_戴望舒李初梨_林伯修殴_夫_徐迅雷_程少怀_陈正道_许幸之_郭沫若_沈起予被介绍加人的:仲_豪“徐耘阡_魏金枝届文泳涛丁锐人马宁_孙孟涛王润甫_卢苍雁张璞无产阶级文艺俱乐部的发起人李_平胡忠信阿细余惠“萧歌强其他各反动组织之名单不明。,240,451607e392e76506863cb80a4c973cbf07385569c9884fdd80d90b1d3fb68d03,141748,141988,D:\1大创\左联知识库项目\data\processed\runtime_sources\左联史.txt,A=郁达夫;B=魏金枝,介绍,no,no,supported,yes,pending_cross_validation
REL-01319,ZLH-015,郁达夫,ZLH-045,周立波,创作合作,low,medium,no,inferred,左联词典,zuolian_cidian,505,左联词典 第505页,"刊载过《唯命论者》(郊达夫),、《一九二四一“世四》(张天鬓)、《乡闽的来客》(王任叔)、《责船》(萧军)《促狙兜莱歌羌台奇》(西班牙巴罗哈作,鲁迅译)、《两里亚的白柠檬》(意大利比朗德娄作,周立波译)、《列子手》(法国巴尔扎克作,穆木天译)等创作和翻译小说.",130,0c5ed90aa094e9c606e6261dae5f7558fab66c7eea14fafe8419312acb6301ac,385929,386059,D:\1大创\左联知识库项目\data\processed\runtime_sources\左联词典.txt,A=达夫;B=周立波,,no,no,supported,yes,pending_cross_validation
REL-01321,ZLH-015,郁达夫,ZLH-048,王任叔,待核验,critical,low,no,pending_review,左联词典,zuolian_cidian,505,左联词典 第505页,"刊载过《唯命论者》(郊达夫),、《一九二四一“世四》(张天鬓)、《乡闽的来客》(王任叔)、《责船》(萧军)《促狙兜莱歌羌台奇》(西班牙巴罗哈作,鲁迅译)、《两里亚的白柠檬》(意大利比朗德娄作,周立波译)、《列子手》(法国巴尔扎克作,穆木天译)等创作和翻译小说.",130,0c5ed90aa094e9c606e6261dae5f7558fab66c7eea14fafe8419312acb6301ac,385929,386059,D:\1大创\左联知识库项目\data\processed\runtime_sources\左联词典.txt,A=达夫;B=王任叔,,no,no,pending_review,no,pending_cross_validation
REL-01324,ZLH-015,郁达夫,ZLH-054,许幸之,合作,critical,medium,no,pending_review,鲁迅日记,luxun_diary,,鲁迅日记 页码未识别,晚往聚丰园应黎烈文之邀，同席尚有达夫、愈之、方保宗、杨幸之。,30,652476718894354b51ab50b0ff6252a3d955682ea1662ab4db695af257b07b13,138620,138650,D:\1大创\左联知识库项目\research\raw_texts\日记全编：全2册 (鲁迅 著) (Z-Library).txt,A=达夫;B=幸之,邀,no,no,pending_review,no,pending_cross_validation
REL-01325,ZLH-015,郁达夫,ZLH-058,郭沫若,交游,low,medium,no,inferred,左联史,zuolian_shi,93,左联史 第93页,"陶曹孙生于1897年的无锡人陶晶孙,又名陶炽、陶炽孙,1906年10岁时随父亲去日本,在异国他乡接受教育、长大成人,是一位医学家,但十分喜爱文学,1921年7月,与友人郭沫若、成仿吾、郁达夫、张资平等发起成立创造社。",108,7a3a14c858558e3039878beafc168016d6d402b152f20a1b6f209f68bcc54130,133661,133769,D:\1大创\左联知识库项目\data\processed\runtime_sources\左联史.txt,A=郁达夫;B=郭沫若,发起,no,no,supported,yes,pending_cross_validation
REL-01326,ZLH-015,郁达夫,ZLH-059,白薇,同属组织,critical,low,no,pending_review,左联史,zuolian_shi,459,左联史 第459页,"6月,鲁迅、郁达夫合编的《奔流》创刊,白薇、杨骚都积极投稿,鲁迅收到他俩的文章,总是把它们排在一起,“不是杨骚在前,白薇在后,就是白薇在前,杨骚在后。",75,5415de86b67ebd5f081c5c06ee95784860f14b99ef29e17c75cb019aaa5ef601,704768,704843,D:\1大创\左联知识库项目\data\processed\runtime_sources\左联史.txt,A=郁达夫;B=白薇,合编,no,no,pending_review,no,pending_cross_validation
REL-01328,ZLH-015,郁达夫,ZLH-061,朱镜我,待核验,critical,low,yes,pending_review,左联史,zuolian_shi,98,左联史 第98页,名单如下:冯乃超华_汉_龚冰庐沈叶沉孟超俞_怀_邱韵铎沈端先潘汉年“王洁予冯润璋_顾凤城彭康许峻冯铿王任桐周全平_洪灵菲_戴平万“钱杏邵冯宪章鲁迅杜衡埕子柔石侍桁画室吴贯中黄_素郑伯奇鲁_史朱镜我_田汉王一榴_蒋光慈刘锡五_叶灵凤_郁达夫陶晶孙_戴望舒李初梨_林伯修殴_夫_徐迅雷_程少怀_陈正道_许幸之_郭沫若_沈起予被介绍加人的:仲_豪“徐耘阡_魏金枝届文泳涛丁锐人马宁_孙孟涛王润甫_卢苍雁张璞无产阶级文艺俱乐部的发起人李_平胡忠信阿细余惠“萧歌强其他各反动组织之名单不明。,240,451607e392e76506863cb80a4c973cbf07385569c9884fdd80d90b1d3fb68d03,141748,141988,D:\1大创\左联知识库项目\data\processed\runtime_sources\左联史.txt,A=郁达夫;B=朱镜我,介绍,no,no,pending_review,no,pending_cross_validation
REL-01329,ZLH-015,郁达夫,ZLH-063,任白戈,签名联署,low,medium,no,inferred,左联词典,zuolian_cidian,520,左联词典 第520页,“部份盟员“左联“时期活动篓介“介绍了丁玲、于伶、马宁、王西彦、王志之、王蕹嘉、方殷、艾芜、叶紫、田汉、田间、白曙、冯乃超、冯雪峰、冯锂、任白戈、任钧、阳翰笙、孙席珍、李伟森、吴奚如、应修人、沙汀、沈起子、张天翼、张松如、阿英、陈沂、林焕平、茅盾、郁达夫等31位盟员作家在左联时期的活动。,144,1c54b7552e43a916ff2acc15b4d28af1b87a832afae6bd45b668809cf99f7340,397549,397693,D:\1大创\左联知识库项目\data\processed\runtime_sources\左联词典.txt,A=郁达夫;B=任白戈,介绍,yes,no,supported,yes,pending_cross_validation
REL-01334,ZLH-015,郁达夫,ZLH-077,柳倩,同属组织,critical,low,no,pending_review,左联史,zuolian_shi,608,左联史 第608页,"22日下午1时50分举行“启灵祭“,胡风、张天翼、聂绀弩、欧阳山、周文等16位中外作家扶灵枢上车去万国公墓安营,唐瑜、张天虚、罗峰、尹庚、郁达夫、白薇、蒲风、何家槐、关露、欧查、钟敬之、陈企霞、胡依凡、方土人、徐懋庸、阿英、尘无、周而复、黑丁、洪道、马子华、夏征农、柳倩、周文、沙汀、艾芜、杨骚、梁文若、叶以群、丽尼、王任叔、郑伯奇、沈西苓、徐步、林娜(司马文森)、沈端先等左联成员为鲁迅先生送殡。",199,a61d2355e3428c1db60674b2dea25b5a831078c08ec7c517e8d2a791cb422b70,955640,955839,D:\1大创\左联知识库项目\data\processed\runtime_sources\左联史.txt,A=郁达夫;B=柳倩,,yes,no,pending_review,no,pending_cross_validation
REL-01335,ZLH-015,郁达夫,ZLH-080,陈企霞,待核验,critical,low,no,pending_review,左联史,zuolian_shi,552,左联史 第552页,"在这期刊物上,陈企霞发表了评论《她是一个弱女子》,对名作家郁达夫的同名小说发表自己的看法,同样引起读者的兴趣。",55,8f0db058f0f33af7d4bef3cd91f41c4ee191e0cc4dfe35eade8a16995dbf8f65,867406,867461,D:\1大创\左联知识库项目\data\processed\runtime_sources\左联史.txt,A=郁达夫;B=陈企霞,,no,no,pending_review,no,pending_cross_validation
REL-01343,ZLH-015,郁达夫,ZLH-097,王西彦,同属组织,critical,low,no,pending_review,左联词典,zuolian_cidian,520,左联词典 第520页,“部份盟员“左联“时期活动篓介“介绍了丁玲、于伶、马宁、王西彦、王志之、王蕹嘉、方殷、艾芜、叶紫、田汉、田间、白曙、冯乃超、冯雪峰、冯锂、任白戈、任钧、阳翰笙、孙席珍、李伟森、吴奚如、应修人、沙汀、沈起子、张天翼、张松如、阿英、陈沂、林焕平、茅盾、郁达夫等31位盟员作家在左联时期的活动。,144,1c54b7552e43a916ff2acc15b4d28af1b87a832afae6bd45b668809cf99f7340,397549,397693,D:\1大创\左联知识库项目\data\processed\runtime_sources\左联词典.txt,A=郁达夫;B=王西彦,介绍,yes,no,pending_review,no,pending_cross_validation
REL-01344,ZLH-015,郁达夫,ZLH-098,沈从文,交游,low,medium,no,inferred,左联词典,zuolian_cidian,557,左联词典 第557页,"全书分两部分:第一部分是《鲁迅生平》和《药》、《一件小事》、《孔乙已》、《祝福》、《风筝)《论“他妈的“!1)、《离婚》等鲁迅作品7篇;第二部分是其他中国作家的小说17篇:《为奴隶的母亲》(柔石)、《自杀》(茅盾)、《拗汊》(茅盾)、《水》(丁玲)、《消息》(丁玲)、《狗》(巴金)、《柏子》(沈从文)、《阿娥》(孙席珍)、《在“大连号“轮船上》(田军)、《第三支枪》(田军)、《狗肉将军》(林语堂)、《皈依》(萧乾)、《紫藤与茵葡》(郁达夫)、《移行》(张天翼)、《十字架》(郭沫若)、《一部遗失了的日记片断》(失名)、《法律外的航线(沙汀)书后有附录两种,《现代中国文学运动》(尼姆,威尔士)和参考书目。",304,61010ef89ba6b2d0ea6003b4e257b22656db069d7ab697e4b0e74d4c3f643459,428626,428930,D:\1大创\左联知识库项目\data\processed\runtime_sources\左联词典.txt,A=郁达夫;B=沈从文,,no,no,supported,yes,pending_cross_validation
REL-01346,ZLH-015,郁达夫,ZLH-104,叶灵凤,待核验,critical,low,no,pending_review,左联史,zuolian_shi,98,左联史 第98页,"这份左联成立大会参加者名单较为完整,但也有错误:蒋光慈、郁达夫、杜衡、叶灵凤均未出席大会。",45,e4230211946e0f5c15c647a2e61dcde5de3a6719e768ca3180934e7acd3b5702,141988,142033,D:\1大创\左联知识库项目\data\processed\runtime_sources\左联史.txt,A=郁达夫;B=叶灵凤,参加,no,no,pending_review,no,pending_cross_validation
REL-01347,ZLH-015,郁达夫,ZLH-105,沈起予,合作,critical,medium,no,pending_review,左联史,zuolian_shi,98,左联史 第98页,名单如下:冯乃超华_汉_龚冰庐沈叶沉孟超俞_怀_邱韵铎沈端先潘汉年“王洁予冯润璋_顾凤城彭康许峻冯铿王任桐周全平_洪灵菲_戴平万“钱杏邵冯宪章鲁迅杜衡埕子柔石侍桁画室吴贯中黄_素郑伯奇鲁_史朱镜我_田汉王一榴_蒋光慈刘锡五_叶灵凤_郁达夫陶晶孙_戴望舒李初梨_林伯修殴_夫_徐迅雷_程少怀_陈正道_许幸之_郭沫若_沈起予被介绍加人的:仲_豪“徐耘阡_魏金枝届文泳涛丁锐人马宁_孙孟涛王润甫_卢苍雁张璞无产阶级文艺俱乐部的发起人李_平胡忠信阿细余惠“萧歌强其他各反动组织之名单不明。,240,451607e392e76506863cb80a4c973cbf07385569c9884fdd80d90b1d3fb68d03,141748,141988,D:\1大创\左联知识库项目\data\processed\runtime_sources\左联史.txt,A=郁达夫;B=沈起予,介绍,no,no,pending_review,no,pending_cross_validation
REL-01349,ZLH-015,郁达夫,ZLH-112,戴望舒,交游,low,medium,no,inferred,左联史,zuolian_shi,98,左联史 第98页,名单如下:冯乃超华_汉_龚冰庐沈叶沉孟超俞_怀_邱韵铎沈端先潘汉年“王洁予冯润璋_顾凤城彭康许峻冯铿王任桐周全平_洪灵菲_戴平万“钱杏邵冯宪章鲁迅杜衡埕子柔石侍桁画室吴贯中黄_素郑伯奇鲁_史朱镜我_田汉王一榴_蒋光慈刘锡五_叶灵凤_郁达夫陶晶孙_戴望舒李初梨_林伯修殴_夫_徐迅雷_程少怀_陈正道_许幸之_郭沫若_沈起予被介绍加人的:仲_豪“徐耘阡_魏金枝届文泳涛丁锐人马宁_孙孟涛王润甫_卢苍雁张璞无产阶级文艺俱乐部的发起人李_平胡忠信阿细余惠“萧歌强其他各反动组织之名单不明。,240,451607e392e76506863cb80a4c973cbf07385569c9884fdd80d90b1d3fb68d03,141748,141988,D:\1大创\左联知识库项目\data\processed\runtime_sources\左联史.txt,A=郁达夫;B=戴望舒,介绍,no,no,supported,yes,pending_cross_validation
REL-01352,ZLH-015,郁达夫,ZLH-116,孙席珍,同属组织,critical,low,no,pending_review,左联词典,zuolian_cidian,557,左联词典 第557页,"全书分两部分:第一部分是《鲁迅生平》和《药》、《一件小事》、《孔乙已》、《祝福》、《风筝)《论“他妈的“!1)、《离婚》等鲁迅作品7篇;第二部分是其他中国作家的小说17篇:《为奴隶的母亲》(柔石)、《自杀》(茅盾)、《拗汊》(茅盾)、《水》(丁玲)、《消息》(丁玲)、《狗》(巴金)、《柏子》(沈从文)、《阿娥》(孙席珍)、《在“大连号“轮船上》(田军)、《第三支枪》(田军)、《狗肉将军》(林语堂)、《皈依》(萧乾)、《紫藤与茵葡》(郁达夫)、《移行》(张天翼)、《十字架》(郭沫若)、《一部遗失了的日记片断》(失名)、《法律外的航线(沙汀)书后有附录两种,《现代中国文学运动》(尼姆,威尔士)和参考书目。",304,61010ef89ba6b2d0ea6003b4e257b22656db069d7ab697e4b0e74d4c3f643459,428626,428930,D:\1大创\左联知识库项目\data\processed\runtime_sources\左联词典.txt,A=郁达夫;B=孙席珍,,no,no,pending_review,no,pending_cross_validation
REL-01353,ZLH-015,郁达夫,ZLH-117,陈波儿,同属组织,critical,low,yes,pending_review,左联史,zuolian_shi,97,左联史 第97页,"加人这个反对白色恐余、争取人身言论出版结社自由群众组织的,大多是左翼作家及进步文化人,包括许多后来中国左鬓作家联盟的成员如鲁迅、潘汉年、郁达夫、田汉、郑伯奇、彭康、画室(冯雪峰)、王任叔、沈端先(夏衍)、王学文、叶灵凤、石锁顽(凌鹤)、黄河、陈正道、周全平、蔡子,还有一些人们熟悉的宗教界、学术界、戏剧界活既人物如董健吾、邓初民、潘念之、陈波儿、唐普初等,全是知识界一代精英。",188,742ac027631e61f5847c3684030a95f5e96e52773df5ae4cab2a8a2f1d304276,139640,139828,D:\1大创\左联知识库项目\data\processed\runtime_sources\左联史.txt,A=郁达夫;B=陈波儿,组织,yes,no,pending_review,no,pending_cross_validation
REL-01354,ZLH-015,郁达夫,ZLH-119,何家槐,同属组织,critical,low,no,pending_review,左联词典,zuolian_cidian,505,左联词典 第505页,撰稿人有鲁迅、郭沫若、茅盾、王任梓、白薇、沈起孙、何家槐、李辉英、艾莅、阿英、洪深、郜达夫、张天翼、庄启东、郑伯奇、穆木天、魏猛克等左翼作家.,71,256a623412154c7c20d9ea094b779992136e02e2fde60617adc66abd6f0d6219,385832,385903,D:\1大创\左联知识库项目\data\processed\runtime_sources\左联词典.txt,A=达夫;B=何家槐,撰稿,yes,no,pending_review,no,pending_cross_validation
REL-01356,ZLH-015,郁达夫,ZLH-121,内山完造,地下通讯,low,medium,no,inferred,鲁迅日记,luxun_diary,,鲁迅日记 页码未识别,夜邀前田河广一郎、内山完造、郁达夫往中有天夜饭。,24,041431996214111fea8edd7b4a39e33bb8a71b5a9a40b1a8ff5b5703532cc3cf,38363,38387,D:\1大创\左联知识库项目\research\raw_texts\日记全编：全2册 (鲁迅 著) (Z-Library).txt,A=郁达夫;B=内山完造,邀,no,no,supported,yes,pending_cross_validation
REL-01360,ZLH-015,郁达夫,ZLH-128,林语堂,交游,low,medium,no,inferred,鲁迅日记,luxun_diary,,鲁迅日记 页码未识别,午前同三弟、广平往悦宾楼，应语堂之约，同席达夫、映霞、小峰、漱六、语堂同夫人及其女其侄。,44,5302a633befd2a3dac38a77663f1fc93f955c43f5c867e4a7689855781016801,30269,30313,D:\1大创\左联知识库项目\research\raw_texts\日记全编：全2册 (鲁迅 著) (Z-Library).txt,A=达夫;B=语堂,约,no,no,supported,yes,pending_cross_validation
REL-01361,ZLH-015,郁达夫,ZLH-129,胡愈之,交游,low,medium,no,inferred,鲁迅日记,luxun_diary,,鲁迅日记 页码未识别,晚往聚丰园应黎烈文之邀，同席尚有达夫、愈之、方保宗、杨幸之。,30,652476718894354b51ab50b0ff6252a3d955682ea1662ab4db695af257b07b13,138620,138650,D:\1大创\左联知识库项目\research\raw_texts\日记全编：全2册 (鲁迅 著) (Z-Library).txt,A=达夫;B=愈之,邀,no,no,supported,yes,pending_cross_validation
REL-01362,ZLH-015,郁达夫,ZLH-130,杨杏佛,同属组织,critical,low,no,pending_review,左联史,zuolian_shi,201,左联史 第201页,"遭此厄运的左联作家有鲁迅、茅盾、楼适夷、沈起予、郑伯奇、冯雪峰、钱杏郭、田汉、洪深、彭康、朱镜我、丁九(应修人)、丁玲、潘汉年、郝达夫、戴平万等,还有许多进步作家如胡愈之、邹韬奋、杜重运、王统照、叶圣陶、郑振铎、杨杏佛、潘梓年、黎烈文、施蛟存、曹聚仁等,达数十人之多,可见其仇恨光明与进步的疯狂。",148,416b570dc6cae75d7263bb5cbf6d82cf4d4043d8b4f92cca9e16aac74550ca30,300770,300918,D:\1大创\左联知识库项目\data\processed\runtime_sources\左联史.txt,A=达夫;B=杨杏佛,,yes,no,pending_review,no,pending_cross_validation
REL-01368,ZLH-015,郁达夫,ZLH-139,陈望道,签名联署,low,medium,no,supported,左联词典,zuolian_cidian,480,左联词典 第480页,"1931年九一八事变一发生,编辑部立即组织人员走访鲁迅、郑伯奇、郯达夫、陈望道等知名作家,并开辟专栏,发表他们的谈话记录,揭穿日本帝国主义的侵略阴谋.",75,43bcdbc907828a53fed3956079714c902835f67224982a5ddedfb2a31623835a,363704,363779,D:\1大创\左联知识库项目\data\processed\runtime_sources\左联词典.txt,A=达夫;B=陈望道,组织,no,no,supported,yes,pending_cross_validation
REL-01369,ZLH-015,郁达夫,ZLH-141,高尔基,交游,low,medium,no,inferred,左联史,zuolian_shi,685,左联史 第685页,"N-托尔斯泰诞生百年纪念增刊“(1928年12月30日出版),但郁达夫只译了杂记的前半部,后半部是高尔基《关于托尔斯泰的一封信》,当时却没有诉。",72,8bb2507b58e6fca20b34815cbe407b868ec3da2ea48f3ba686537516b2bf0e4a,1068606,1068678,D:\1大创\左联知识库项目\data\processed\runtime_sources\左联史.txt,A=郁达夫;B=高尔基,,no,no,supported,yes,pending_cross_validation
REL-01372,ZLH-015,郁达夫,ZLH-145,萧伯纳,签名联署,low,medium,no,inferred,左联史,zuolian_shi,192,左联史 第192页,"自由谈》先后刊出郁达夫的文章《萧伯纳与高尔斯华绿》和茅盾的文章《萧伯纳来游中国》(署名玄),引起进步文艺界的关注。",57,d7e4bf9d1b884ebb2beee5cfe08aba985d5a1c88fe569de5c14004c0342efaab,287480,287537,D:\1大创\左联知识库项目\data\processed\runtime_sources\左联史.txt,A=郁达夫;B=萧伯纳,,no,no,supported,yes,pending_cross_validation
REL-01375,ZLH-016,柔石,ZLH-017,胡也频,交游,low,medium,no,inferred,左联史,zuolian_shi,22,左联史 第22页,"柔石和胡也频也有工作关系,他们曾共同筹划编辑通俗文艺读物等事项。",32,2bed9d8bcb6e9a6f5b40b4d4ee3d53bd1d342eeb0b23710df17a8e090f5aae6f,22466,22498,D:\1大创\左联知识库项目\data\processed\runtime_sources\左联史.txt,A=柔石;B=胡也频,共同,no,no,supported,yes,pending_cross_validation
REL-01376,ZLH-016,柔石,ZLH-018,冯铿,交游,low,medium,no,inferred,左联词典,zuolian_cidian,211,左联词典 第211页,"会后,柔石、冯铿带领她和马纪纲去闸北景云里拜访鲁迅先生。",28,dc86b2bcb3a1901472e6d0c6fd592edae7f191c32fc92887e4c371841daf65dd,131095,131123,D:\1大创\左联知识库项目\data\processed\runtime_sources\左联词典.txt,A=柔石;B=冯铿,拜访,no,no,supported,yes,pending_cross_validation
REL-01377,ZLH-016,柔石,ZLH-019,殷夫,交游,low,medium,no,inferred,左联词典,zuolian_cidian,344,左联词典 第344页,"为抗议国民党反动派屠杀李伟森、胡也频、柔石、殷夫、冯铿、宗晋等左翼作家和左翼艺术家的暴行,在鲁迅、冯雪峰领导下,参加左联机关刊(前哨3刑编辑.",71,060d3acc87fd83c1ea3ab4315929ea44aed217a40e0a626365ba60b1d1ae22a4,248567,248638,D:\1大创\左联知识库项目\data\processed\runtime_sources\左联词典.txt,A=柔石;B=殷夫,参加,no,no,supported,yes,pending_cross_validation
REL-01378,ZLH-016,柔石,ZLH-020,李求实,交游,low,medium,no,inferred,左联史,zuolian_shi,15,左联史 第15页,"荣命互济会的负责人王望平,还有李伟森、柔石、冯雪峰、韩侍桁、马宁等进步青年作家也多次拜访过先生,柔石、冯雪峰后来还成为鲁迅最忠诚的学生和战友。",71,91cf89eac607cddf34b3cc273012e91fb4d077a6182e94648c5959af77330983,12383,12454,D:\1大创\左联知识库项目\data\processed\runtime_sources\左联史.txt,A=柔石;B=李伟森,拜访,no,no,supported,yes,pending_cross_validation
REL-01379,ZLH-016,柔石,ZLH-021,丁玲,交游,low,medium,no,inferred,左联史,zuolian_shi,213,左联史 第213页,"时隔月余,3月2日上海又焚毁大批左翼书籍,3月3日,鲁迅致函左联驻国外代表萧三说:“昨天大烧书,将柔石的《希望》,丁玲的《水》,全都烧掉了。",70,eb0931c6c951fe51810ea4d9e269693f2fade74a76b08ca29ce9161d41f84b4a,320332,320402,D:\1大创\左联知识库项目\data\processed\runtime_sources\左联史.txt,A=柔石;B=丁玲,致函,no,no,supported,yes,pending_cross_validation
REL-01380,ZLH-016,柔石,ZLH-022,张天翼,交游,low,medium,no,inferred,左联词典,zuolian_cidian,557,左联词典 第557页,"全书分两部分:第一部分是《鲁迅生平》和《药》、《一件小事》、《孔乙已》、《祝福》、《风筝)《论“他妈的“!1)、《离婚》等鲁迅作品7篇;第二部分是其他中国作家的小说17篇:《为奴隶的母亲》(柔石)、《自杀》(茅盾)、《拗汊》(茅盾)、《水》(丁玲)、《消息》(丁玲)、《狗》(巴金)、《柏子》(沈从文)、《阿娥》(孙席珍)、《在“大连号“轮船上》(田军)、《第三支枪》(田军)、《狗肉将军》(林语堂)、《皈依》(萧乾)、《紫藤与茵葡》(郁达夫)、《移行》(张天翼)、《十字架》(郭沫若)、《一部遗失了的日记片断》(失名)、《法律外的航线(沙汀)书后有附录两种,《现代中国文学运动》(尼姆,威尔士)和参考书目。",304,61010ef89ba6b2d0ea6003b4e257b22656db069d7ab697e4b0e74d4c3f643459,428626,428930,D:\1大创\左联知识库项目\data\processed\runtime_sources\左联词典.txt,A=柔石;B=张天翼,,no,no,supported,yes,pending_cross_validation
REL-01381,ZLH-016,柔石,ZLH-023,叶紫,交游,low,medium,no,inferred,左联史,zuolian_shi,602,左联史 第602页,“最优秀的左翼作家有(鲁迅)茅盾、叶紫、艾芜、沙汀、周1文、柔石、郭沫若“。,38,2ba5eb3c303e8ad588061609332c5976893506f93d675cd6f0a7a03f2fd92c40,946602,946640,D:\1大创\左联知识库项目\data\processed\runtime_sources\左联史.txt,A=柔石;B=叶紫,,no,no,supported,yes,pending_cross_validation
REL-01382,ZLH-016,柔石,ZLH-024,艾芜,交游,low,medium,no,inferred,左联史,zuolian_shi,602,左联史 第602页,“最优秀的左翼作家有(鲁迅)茅盾、叶紫、艾芜、沙汀、周1文、柔石、郭沫若“。,38,2ba5eb3c303e8ad588061609332c5976893506f93d675cd6f0a7a03f2fd92c40,946602,946640,D:\1大创\左联知识库项目\data\processed\runtime_sources\左联史.txt,A=柔石;B=艾芜,,no,no,supported,yes,pending_cross_validation
REL-01383,ZLH-016,柔石,ZLH-025,沙汀,交游,low,medium,no,inferred,左联史,zuolian_shi,602,左联史 第602页,“最优秀的左翼作家有(鲁迅)茅盾、叶紫、艾芜、沙汀、周1文、柔石、郭沫若“。,38,2ba5eb3c303e8ad588061609332c5976893506f93d675cd6f0a7a03f2fd92c40,946602,946640,D:\1大创\左联知识库项目\data\processed\runtime_sources\左联史.txt,A=柔石;B=沙汀,,no,no,supported,yes,pending_cross_validation
REL-01384,ZLH-016,柔石,ZLH-026,胡风,同属组织,critical,low,no,pending_review,左联词典,zuolian_cidian,104,左联词典 第104页,"左联拥有一批贡献卓著、德高望重的老作家如鲁迅、茅盾、翔秋日、蒋光慈、田汉、洪深,左联诣生前已从事创作和翻译的柔石、洪灵菲、应修人、潘漠华、郑伯奇、王任叔、阳翰笙、阿英、丁玲、张天翼、冯雪峰、夏衍、周扬、胡风、周立波、穆木天、杨骚、白薇等,又培养了一批思想活既、颇具才华的文学新人如冯铿、沙汀、艾莅、欧阳山、草明、李辉英、周文、柏山、东平、征农、荒煤、葛琴、徐盈、叶紫、罗烽、舒群、端木蕻良、王西彦、王尘无、蒲风、田间、于伶、凌鹤、徐懋庸、聂绀弩、廖沫沙等,他们都为左翼文学奉献了自己的佳作,如鲁迅、瞿秋白、徐懋庸、聂绀弩、廖沫沙的杂文,茅盾的《于夜》蒋光意《咆哮了的土地》,胡也频《光明在我们的前面9,柔石、冯铿、丁玲、阳翰笙、沙汀、艾芜、欧阳山、草明、李辉英、周文、柏山、东平、征农、荒煤、葛琴、徐盈、叶紫、罗烽、舒群、端木蕻良、王西彦的小说.",373,38fb7f84d392c56ebfb19f4ba45e46afdcb5c041c850ce800ec1de1ef46653dc,39205,39578,D:\1大创\左联知识库项目\data\processed\runtime_sources\左联词典.txt,A=柔石;B=胡风,,yes,no,pending_review,no,pending_cross_validation
REL-01390,ZLH-016,柔石,ZLH-032,徐懋庸,同属组织,critical,low,no,pending_review,左联词典,zuolian_cidian,104,左联词典 第104页,"左联拥有一批贡献卓著、德高望重的老作家如鲁迅、茅盾、翔秋日、蒋光慈、田汉、洪深,左联诣生前已从事创作和翻译的柔石、洪灵菲、应修人、潘漠华、郑伯奇、王任叔、阳翰笙、阿英、丁玲、张天翼、冯雪峰、夏衍、周扬、胡风、周立波、穆木天、杨骚、白薇等,又培养了一批思想活既、颇具才华的文学新人如冯铿、沙汀、艾莅、欧阳山、草明、李辉英、周文、柏山、东平、征农、荒煤、葛琴、徐盈、叶紫、罗烽、舒群、端木蕻良、王西彦、王尘无、蒲风、田间、于伶、凌鹤、徐懋庸、聂绀弩、廖沫沙等,他们都为左翼文学奉献了自己的佳作,如鲁迅、瞿秋白、徐懋庸、聂绀弩、廖沫沙的杂文,茅盾的《于夜》蒋光意《咆哮了的土地》,胡也频《光明在我们的前面9,柔石、冯铿、丁玲、阳翰笙、沙汀、艾芜、欧阳山、草明、李辉英、周文、柏山、东平、征农、荒煤、葛琴、徐盈、叶紫、罗烽、舒群、端木蕻良、王西彦的小说.",373,38fb7f84d392c56ebfb19f4ba45e46afdcb5c041c850ce800ec1de1ef46653dc,39205,39578,D:\1大创\左联知识库项目\data\processed\runtime_sources\左联词典.txt,A=柔石;B=徐懋庸,,yes,no,pending_review,no,pending_cross_validation
REL-01391,ZLH-016,柔石,ZLH-034,彭康,待核验,critical,low,yes,pending_review,左联史,zuolian_shi,98,左联史 第98页,名单如下:冯乃超华_汉_龚冰庐沈叶沉孟超俞_怀_邱韵铎沈端先潘汉年“王洁予冯润璋_顾凤城彭康许峻冯铿王任桐周全平_洪灵菲_戴平万“钱杏邵冯宪章鲁迅杜衡埕子柔石侍桁画室吴贯中黄_素郑伯奇鲁_史朱镜我_田汉王一榴_蒋光慈刘锡五_叶灵凤_郁达夫陶晶孙_戴望舒李初梨_林伯修殴_夫_徐迅雷_程少怀_陈正道_许幸之_郭沫若_沈起予被介绍加人的:仲_豪“徐耘阡_魏金枝届文泳涛丁锐人马宁_孙孟涛王润甫_卢苍雁张璞无产阶级文艺俱乐部的发起人李_平胡忠信阿细余惠“萧歌强其他各反动组织之名单不明。,240,451607e392e76506863cb80a4c973cbf07385569c9884fdd80d90b1d3fb68d03,141748,141988,D:\1大创\左联知识库项目\data\processed\runtime_sources\左联史.txt,A=柔石;B=彭康,介绍,no,no,pending_review,no,pending_cross_validation
REL-01392,ZLH-016,柔石,ZLH-035,李辉英,同属组织,critical,low,no,pending_review,左联词典,zuolian_cidian,107,左联词典 第107页,已矫担任过巨联执行委哗职务的人员有鲁迅、沈端先(夏街3、冯乃超、钱枪邱、囚汉、郑伯奇、洪灵芸、周全平、蒋光慈、胡也频、柔石、姚蓬子、阳翰笙、茅眉、周扬、周文、朗风、丁玲、楼适夷、华蒂(叶以群)、李辉英、汪金厂沙汀、艾草、夏征农、任臼戈等。,119,929d4ac647a93d4df7f93cc9dc7d6aa852b63758c4245152376e23630faf3a8b,41729,41848,D:\1大创\左联知识库项目\data\processed\runtime_sources\左联词典.txt,A=柔石;B=李辉英,,yes,no,pending_review,no,pending_cross_validation
REL-01393,ZLH-016,柔石,ZLH-036,穆木天,同属组织,critical,low,no,pending_review,左联史,zuolian_shi,158,左联史 第158页,"为了使《大众文艺》这个刊物真正面向大众,改进编辑工作,《大众文艺》社又举办过两次“我希望于大众文艺的“笔谈,郭沫若、郁达夫、柔石、冯乃超、潘汉年、戴平万、洪灵菲、王一槛、孟超、周绍仪(立波)、冯涧璋、华汉(阳翰笙)、钱杏郭(阿英)、画室(冯雪峰)、穆木天、沈端先(夏衍)等参加笔谈,各抒己见。",146,5275ef307fbeec81a9c18a592931bee36e9e246cba18da040b995109dcd5f349,230025,230171,D:\1大创\左联知识库项目\data\processed\runtime_sources\左联史.txt,A=柔石;B=穆木天,参加,yes,no,pending_review,no,pending_cross_validation
REL-01394,ZLH-016,柔石,ZLH-037,楼适夷,交游,low,medium,no,inferred,左联史,zuolian_shi,493,左联史 第493页,"这时,李伟森、柔石、胡也频、殷夫、冯铿5位左联盟员作家逼害已两月余,左联筹备出版机关刊《前哨》,创刊号为悼念5烈士的“纪念战死者专号“,在冯雪峰领导下,适夷负责该刊出版工作。",87,0bb1fd283abf4d8af719b16ef2625034b9f4167d3c794ce899da1a6089289445,764478,764565,D:\1大创\左联知识库项目\data\processed\runtime_sources\左联史.txt,A=柔石;B=适夷,,no,no,supported,yes,pending_cross_validation
REL-01397,ZLH-016,柔石,ZLH-042,魏金枝,交游,low,medium,no,inferred,鲁迅日记,luxun_diary,,鲁迅日记 页码未识别,魏金枝自杭来，夜同往兴亚夜餐，同坐又有柔石、雪峰及其夫人，归途有形似学生者三人，追踪甚久。,45,279ab8137113e9fb0db9eaa90c356cbc208e2cc3c48ea8da106ec134c57d6e11,69594,69639,D:\1大创\左联知识库项目\research\raw_texts\日记全编：全2册 (鲁迅 著) (Z-Library).txt,A=柔石;B=魏金枝,同往,no,no,supported,yes,pending_cross_validation
REL-01399,ZLH-016,柔石,ZLH-045,周立波,同属组织,critical,low,no,pending_review,左联史,zuolian_shi,158,左联史 第158页,"为了使《大众文艺》这个刊物真正面向大众,改进编辑工作,《大众文艺》社又举办过两次“我希望于大众文艺的“笔谈,郭沫若、郁达夫、柔石、冯乃超、潘汉年、戴平万、洪灵菲、王一槛、孟超、周绍仪(立波)、冯涧璋、华汉(阳翰笙)、钱杏郭(阿英)、画室(冯雪峰)、穆木天、沈端先(夏衍)等参加笔谈,各抒己见。",146,5275ef307fbeec81a9c18a592931bee36e9e246cba18da040b995109dcd5f349,230025,230171,D:\1大创\左联知识库项目\data\processed\runtime_sources\左联史.txt,A=柔石;B=周绍仪,参加,yes,no,pending_review,no,pending_cross_validation
REL-01400,ZLH-016,柔石,ZLH-047,林淡秋,同属组织,critical,low,no,pending_review,左联史,zuolian_shi,91,左联史 第91页,"2-柔石曾出版中篇小说《三妲妹》,长篇小说《旧时代之死》、《二月》,短篇小说集《希望》,译有苏联卢那卡尔斯基的剧本《浮士德与城》、高尔基的长篇小说《颓废》(即《阿尔泰莫诺夫之事业》),此外又和鲁迅、梅川、真吾合译《奇剑及其他》、《在沙漠上》两部外国小说集,又和林淡秋合译《丹麦短篇小说集》,短篇小说《为奴隶的母亲》是柔石后期的代表作,几十年间广受读者欢迎,后由美国作家斯诺译成英文,介绍给欧美读者。",199,5fe314a8487b5178b9065424f7394fc0d8d884e9afe2cbd590090cfcd01b2bb1,130308,130507,D:\1大创\左联知识库项目\data\processed\runtime_sources\左联史.txt,A=柔石;B=林淡秋,介绍,no,no,pending_review,no,pending_cross_validation
REL-01401,ZLH-016,柔石,ZLH-048,王任叔,合作,critical,medium,no,pending_review,左联史,zuolian_shi,475,左联史 第475页,"这时左联为揭露、抗议国民党反动派杀害李伟森、柔石、胡也频、殴夫、冯铿5位盟员作家,发布了《中国左翼作家联盟为国民党屠杀大批革命作家致各国革命文学和文化团体及一切为人类进步而工作的著作家思想家书》,这个文件也对国民党当局逸捕王任叔提出抗议。",119,55944a063b4437ca5037eafdb4cf99393730ba8020a5b288a6ebc41f08cbd82a,732768,732887,D:\1大创\左联知识库项目\data\processed\runtime_sources\左联史.txt,A=柔石;B=王任叔,,no,no,pending_review,no,pending_cross_validation
REL-01403,ZLH-016,柔石,ZLH-054,许幸之,同属组织,critical,low,no,pending_review,左联史,zuolian_shi,98,左联史 第98页,名单如下:冯乃超华_汉_龚冰庐沈叶沉孟超俞_怀_邱韵铎沈端先潘汉年“王洁予冯润璋_顾凤城彭康许峻冯铿王任桐周全平_洪灵菲_戴平万“钱杏邵冯宪章鲁迅杜衡埕子柔石侍桁画室吴贯中黄_素郑伯奇鲁_史朱镜我_田汉王一榴_蒋光慈刘锡五_叶灵凤_郁达夫陶晶孙_戴望舒李初梨_林伯修殴_夫_徐迅雷_程少怀_陈正道_许幸之_郭沫若_沈起予被介绍加人的:仲_豪“徐耘阡_魏金枝届文泳涛丁锐人马宁_孙孟涛王润甫_卢苍雁张璞无产阶级文艺俱乐部的发起人李_平胡忠信阿细余惠“萧歌强其他各反动组织之名单不明。,240,451607e392e76506863cb80a4c973cbf07385569c9884fdd80d90b1d3fb68d03,141748,141988,D:\1大创\左联知识库项目\data\processed\runtime_sources\左联史.txt,A=柔石;B=许幸之,介绍,no,no,pending_review,no,pending_cross_validation
REL-01404,ZLH-016,柔石,ZLH-058,郭沫若,交游,low,medium,no,inferred,左联史,zuolian_shi,8,左联史 第8页,"“那么中国人吴,在20世纪30年代的上海、北平乃至日本东京,一个中国人会思考,两个中国人会密议,三个中国人就会结社团、办杂志、呐喊、抗议!郭沫若、成仿吾、冯乃超碰在一起就结成新一轮的“创造社“,出版新一轮的《创造月刊》和《文化批判3;鲁迅、冯雪峰、柔石碰在一起就出版《朝花》周刊和《萧芽月刊》;蒋光慈、钱杏邺、蛋超碰在一起就组织“太阳社“,出版《太阳月刊》;杜国库、洪灵菲、戴平万碰在一起就组织“我们社“,出版《我们月刊》。",212,02d01971454700a72a32ac966e3c8f1f10b0b68e4638ff1cb60f081baf6b76e8,4799,5011,D:\1大创\左联知识库项目\data\processed\runtime_sources\左联史.txt,A=柔石;B=郭沫若,一起,no,no,supported,yes,pending_cross_validation
REL-01405,ZLH-016,柔石,ZLH-059,白薇,同属组织,critical,low,no,pending_review,左联史,zuolian_shi,16,左联史 第16页,"鲁迅组织朝华社,发行《朝华周刊》与《朝华旬刊》,介绍欧洲弱小民族国家刚健清新的文学和比亚兹菜、蕊谷虹儿的木刻版画;编辑《语丝5》、《奔流》、《萌芽月刊》,发掘培养了白薇、杨骚、侍桁、柔石、张天翼、魏金枝、李守章、雪峰、白荻、王余杞、沈端先、陈正道、楼适夷、冯宪章、方之中、龚冰庐等一批青年作家。",147,09afe421d1c21acdae3e7aa2a939f4c9a4bec9d59decdfd6130b544d05f4dc08,13016,13163,D:\1大创\左联知识库项目\data\processed\runtime_sources\左联史.txt,A=柔石;B=白薇,介绍,yes,no,pending_review,no,pending_cross_validation
REL-01406,ZLH-016,柔石,ZLH-061,朱镜我,待核验,critical,low,no,pending_review,左联史,zuolian_shi,98,左联史 第98页,名单如下:冯乃超华_汉_龚冰庐沈叶沉孟超俞_怀_邱韵铎沈端先潘汉年“王洁予冯润璋_顾凤城彭康许峻冯铿王任桐周全平_洪灵菲_戴平万“钱杏邵冯宪章鲁迅杜衡埕子柔石侍桁画室吴贯中黄_素郑伯奇鲁_史朱镜我_田汉王一榴_蒋光慈刘锡五_叶灵凤_郁达夫陶晶孙_戴望舒李初梨_林伯修殴_夫_徐迅雷_程少怀_陈正道_许幸之_郭沫若_沈起予被介绍加人的:仲_豪“徐耘阡_魏金枝届文泳涛丁锐人马宁_孙孟涛王润甫_卢苍雁张璞无产阶级文艺俱乐部的发起人李_平胡忠信阿细余惠“萧歌强其他各反动组织之名单不明。,240,451607e392e76506863cb80a4c973cbf07385569c9884fdd80d90b1d3fb68d03,141748,141988,D:\1大创\左联知识库项目\data\processed\runtime_sources\左联史.txt,A=柔石;B=朱镜我,介绍,no,no,pending_review,no,pending_cross_validation
REL-01409,ZLH-016,柔石,ZLH-067,任钧,交游,low,medium,no,inferred,左联史,zuolian_shi,139,左联史 第139页,"高尔基也是中国人民热爱的革命作家,从1907年起,《东方杂志》、《小说海》、《小说月报》上就不时有中译的高尔基作品出现;左联成立前后,他的名著《母亲》由沈端先译成中文由大江书铺及开明书店先后出版,另一著名长篇小说《阿尔泰套诺夫家的事业》由柔石译成中文,1934年改题《颓废》由商务印书馆出版,译者署名赵璜;鲁迅编辑出版过《高尔基文录》(1930年8月光华书局初版时题名《戈理基文录》,再版时改现名);左联作家华蒂(叶以群)、森堡(任钧)、洪灵菲、蓬子也译过高尔基的小说:华蒂、森堡合译过短篇集《隐秘的爱》,洪灵菲和蓬子则分别译过他的自传体小说《我的童年》。",278,4158c4718c1be6165ce598e32ecbf3aa701ceeaf8f3bbb8e94915b9e60043cb2,202796,203074,D:\1大创\左联知识库项目\data\processed\runtime_sources\左联史.txt,A=柔石;B=任钧,编辑,no,no,supported,yes,pending_cross_validation
REL-01420,ZLH-016,柔石,ZLH-091,叶以群,待核验,critical,low,no,pending_review,左联史,zuolian_shi,139,左联史 第139页,"高尔基也是中国人民热爱的革命作家,从1907年起,《东方杂志》、《小说海》、《小说月报》上就不时有中译的高尔基作品出现;左联成立前后,他的名著《母亲》由沈端先译成中文由大江书铺及开明书店先后出版,另一著名长篇小说《阿尔泰套诺夫家的事业》由柔石译成中文,1934年改题《颓废》由商务印书馆出版,译者署名赵璜;鲁迅编辑出版过《高尔基文录》(1930年8月光华书局初版时题名《戈理基文录》,再版时改现名);左联作家华蒂(叶以群)、森堡(任钧)、洪灵菲、蓬子也译过高尔基的小说:华蒂、森堡合译过短篇集《隐秘的爱》,洪灵菲和蓬子则分别译过他的自传体小说《我的童年》。",278,4158c4718c1be6165ce598e32ecbf3aa701ceeaf8f3bbb8e94915b9e60043cb2,202796,203074,D:\1大创\左联知识库项目\data\processed\runtime_sources\左联史.txt,A=柔石;B=叶以群,编辑,no,no,pending_review,no,pending_cross_validation
REL-01423,ZLH-016,柔石,ZLH-097,王西彦,同属组织,critical,low,no,pending_review,左联词典,zuolian_cidian,104,左联词典 第104页,"左联拥有一批贡献卓著、德高望重的老作家如鲁迅、茅盾、翔秋日、蒋光慈、田汉、洪深,左联诣生前已从事创作和翻译的柔石、洪灵菲、应修人、潘漠华、郑伯奇、王任叔、阳翰笙、阿英、丁玲、张天翼、冯雪峰、夏衍、周扬、胡风、周立波、穆木天、杨骚、白薇等,又培养了一批思想活既、颇具才华的文学新人如冯铿、沙汀、艾莅、欧阳山、草明、李辉英、周文、柏山、东平、征农、荒煤、葛琴、徐盈、叶紫、罗烽、舒群、端木蕻良、王西彦、王尘无、蒲风、田间、于伶、凌鹤、徐懋庸、聂绀弩、廖沫沙等,他们都为左翼文学奉献了自己的佳作,如鲁迅、瞿秋白、徐懋庸、聂绀弩、廖沫沙的杂文,茅盾的《于夜》蒋光意《咆哮了的土地》,胡也频《光明在我们的前面9,柔石、冯铿、丁玲、阳翰笙、沙汀、艾芜、欧阳山、草明、李辉英、周文、柏山、东平、征农、荒煤、葛琴、徐盈、叶紫、罗烽、舒群、端木蕻良、王西彦的小说.",373,38fb7f84d392c56ebfb19f4ba45e46afdcb5c041c850ce800ec1de1ef46653dc,39205,39578,D:\1大创\左联知识库项目\data\processed\runtime_sources\左联词典.txt,A=柔石;B=王西彦,,yes,no,pending_review,no,pending_cross_validation
REL-01424,ZLH-016,柔石,ZLH-098,沈从文,亲属关系,high,medium,no,pending_review,左联词典,zuolian_cidian,557,左联词典 第557页,"全书分两部分:第一部分是《鲁迅生平》和《药》、《一件小事》、《孔乙已》、《祝福》、《风筝)《论“他妈的“!1)、《离婚》等鲁迅作品7篇;第二部分是其他中国作家的小说17篇:《为奴隶的母亲》(柔石)、《自杀》(茅盾)、《拗汊》(茅盾)、《水》(丁玲)、《消息》(丁玲)、《狗》(巴金)、《柏子》(沈从文)、《阿娥》(孙席珍)、《在“大连号“轮船上》(田军)、《第三支枪》(田军)、《狗肉将军》(林语堂)、《皈依》(萧乾)、《紫藤与茵葡》(郁达夫)、《移行》(张天翼)、《十字架》(郭沫若)、《一部遗失了的日记片断》(失名)、《法律外的航线(沙汀)书后有附录两种,《现代中国文学运动》(尼姆,威尔士)和参考书目。",304,61010ef89ba6b2d0ea6003b4e257b22656db069d7ab697e4b0e74d4c3f643459,428626,428930,D:\1大创\左联知识库项目\data\processed\runtime_sources\左联词典.txt,A=柔石;B=沈从文,,no,no,pending_review,no,pending_cross_validation
REL-01426,ZLH-016,柔石,ZLH-100,姚蓬子,交游,low,medium,no,inferred,鲁迅日记,luxun_diary,,鲁迅日记 页码未识别,上午得小峰信并书五本，即转赠侍桁、柔石、雪峰、蓬子、广平。,29,9802372b97beaf071990056c9cd121b45136e728c06f56c3e3639f3591d4d2fe,71583,71612,D:\1大创\左联知识库项目\research\raw_texts\日记全编：全2册 (鲁迅 著) (Z-Library).txt,A=柔石;B=蓬子,赠,no,no,supported,yes,pending_cross_validation
REL-01427,ZLH-016,柔石,ZLH-104,叶灵凤,待核验,critical,low,no,pending_review,左联史,zuolian_shi,98,左联史 第98页,名单如下:冯乃超华_汉_龚冰庐沈叶沉孟超俞_怀_邱韵铎沈端先潘汉年“王洁予冯润璋_顾凤城彭康许峻冯铿王任桐周全平_洪灵菲_戴平万“钱杏邵冯宪章鲁迅杜衡埕子柔石侍桁画室吴贯中黄_素郑伯奇鲁_史朱镜我_田汉王一榴_蒋光慈刘锡五_叶灵凤_郁达夫陶晶孙_戴望舒李初梨_林伯修殴_夫_徐迅雷_程少怀_陈正道_许幸之_郭沫若_沈起予被介绍加人的:仲_豪“徐耘阡_魏金枝届文泳涛丁锐人马宁_孙孟涛王润甫_卢苍雁张璞无产阶级文艺俱乐部的发起人李_平胡忠信阿细余惠“萧歌强其他各反动组织之名单不明。,240,451607e392e76506863cb80a4c973cbf07385569c9884fdd80d90b1d3fb68d03,141748,141988,D:\1大创\左联知识库项目\data\processed\runtime_sources\左联史.txt,A=柔石;B=叶灵凤,介绍,no,no,pending_review,no,pending_cross_validation
REL-01428,ZLH-016,柔石,ZLH-105,沈起予,交游,low,medium,no,inferred,左联史,zuolian_shi,98,左联史 第98页,名单如下:冯乃超华_汉_龚冰庐沈叶沉孟超俞_怀_邱韵铎沈端先潘汉年“王洁予冯润璋_顾凤城彭康许峻冯铿王任桐周全平_洪灵菲_戴平万“钱杏邵冯宪章鲁迅杜衡埕子柔石侍桁画室吴贯中黄_素郑伯奇鲁_史朱镜我_田汉王一榴_蒋光慈刘锡五_叶灵凤_郁达夫陶晶孙_戴望舒李初梨_林伯修殴_夫_徐迅雷_程少怀_陈正道_许幸之_郭沫若_沈起予被介绍加人的:仲_豪“徐耘阡_魏金枝届文泳涛丁锐人马宁_孙孟涛王润甫_卢苍雁张璞无产阶级文艺俱乐部的发起人李_平胡忠信阿细余惠“萧歌强其他各反动组织之名单不明。,240,451607e392e76506863cb80a4c973cbf07385569c9884fdd80d90b1d3fb68d03,141748,141988,D:\1大创\左联知识库项目\data\processed\runtime_sources\左联史.txt,A=柔石;B=沈起予,介绍,no,no,supported,yes,pending_cross_validation
REL-01429,ZLH-016,柔石,ZLH-112,戴望舒,创作合作,low,medium,no,inferred,左联史,zuolian_shi,98,左联史 第98页,名单如下:冯乃超华_汉_龚冰庐沈叶沉孟超俞_怀_邱韵铎沈端先潘汉年“王洁予冯润璋_顾凤城彭康许峻冯铿王任桐周全平_洪灵菲_戴平万“钱杏邵冯宪章鲁迅杜衡埕子柔石侍桁画室吴贯中黄_素郑伯奇鲁_史朱镜我_田汉王一榴_蒋光慈刘锡五_叶灵凤_郁达夫陶晶孙_戴望舒李初梨_林伯修殴_夫_徐迅雷_程少怀_陈正道_许幸之_郭沫若_沈起予被介绍加人的:仲_豪“徐耘阡_魏金枝届文泳涛丁锐人马宁_孙孟涛王润甫_卢苍雁张璞无产阶级文艺俱乐部的发起人李_平胡忠信阿细余惠“萧歌强其他各反动组织之名单不明。,240,451607e392e76506863cb80a4c973cbf07385569c9884fdd80d90b1d3fb68d03,141748,141988,D:\1大创\左联知识库项目\data\processed\runtime_sources\左联史.txt,A=柔石;B=戴望舒,介绍,no,no,supported,yes,pending_cross_validation
REL-01432,ZLH-016,柔石,ZLH-116,孙席珍,交游,low,medium,no,inferred,左联词典,zuolian_cidian,557,左联词典 第557页,"全书分两部分:第一部分是《鲁迅生平》和《药》、《一件小事》、《孔乙已》、《祝福》、《风筝)《论“他妈的“!1)、《离婚》等鲁迅作品7篇;第二部分是其他中国作家的小说17篇:《为奴隶的母亲》(柔石)、《自杀》(茅盾)、《拗汊》(茅盾)、《水》(丁玲)、《消息》(丁玲)、《狗》(巴金)、《柏子》(沈从文)、《阿娥》(孙席珍)、《在“大连号“轮船上》(田军)、《第三支枪》(田军)、《狗肉将军》(林语堂)、《皈依》(萧乾)、《紫藤与茵葡》(郁达夫)、《移行》(张天翼)、《十字架》(郭沫若)、《一部遗失了的日记片断》(失名)、《法律外的航线(沙汀)书后有附录两种,《现代中国文学运动》(尼姆,威尔士)和参考书目。",304,61010ef89ba6b2d0ea6003b4e257b22656db069d7ab697e4b0e74d4c3f643459,428626,428930,D:\1大创\左联知识库项目\data\processed\runtime_sources\左联词典.txt,A=柔石;B=孙席珍,,no,no,supported,yes,pending_cross_validation
REL-01434,ZLH-016,柔石,ZLH-120,夏征农,待核验,critical,low,no,pending_review,左联词典,zuolian_cidian,561,左联词典 第561页,"收左联回忆录4篇,《关于(文艺界的统一战线问题〉一文发表始末》(夏征农)《野火烧不尽,春风吹又生一一东京左联活动的回顾》(蔡北华)、《大夏旧事》(陈大戈)《回首忆当年一一我参加左联的前前后后》(龚川琨);论文10篇:《对殷夫〈孩儿塔〉的一些理解》(朱金顺)、《略谈柔石小说所受鲁迅的影响》(潘颂德)《十月先开“岭上梅“一一论冯锂的创作思想》(卫公),《简论胡也频的文艺思想(余仁凯)、《左联时期;马克思主义文艺理论的传播和理解》(陈鸣树).",220,eba0b20b991e03b3caee33aa52f8dd24716db2ff4cc6e41d691140a6ba5ae89e,432692,432912,D:\1大创\左联知识库项目\data\processed\runtime_sources\左联词典.txt,A=柔石;B=夏征农,参加,no,yes,pending_review,no,pending_cross_validation
REL-01436,ZLH-016,柔石,ZLH-122,许广平,亲属关系,critical,medium,no,pending_review,左联史,zuolian_shi,34,左联史 第34页,"1930年9月25日恰好是鲁迅的50岁寿辰,柔石、画室(冯雪峰)、冯乃超、董绍明和蔡咏裁等人,联络了许广平,共同发起庆祝。",61,e7f5c54b9c1b03c09f9488e086c83c314629d8eff7702435812bf6b5d9676f8e,41889,41950,D:\1大创\左联知识库项目\data\processed\runtime_sources\左联史.txt,A=柔石;B=许广平,共同,no,no,pending_review,no,pending_cross_validation
REL-01439,ZLH-016,柔石,ZLH-127,曹靖华,交游,low,medium,no,inferred,左联史,zuolian_shi,697,左联史 第697页,凯泰耶夫《物事》为柔石译;B拉甫列涅夫《星花》为曹靖华译。,29,242535702bd0beb9a24c2e36217057a40bb7792969de68691d1f5d70ae80907c,1089612,1089641,D:\1大创\左联知识库项目\data\processed\runtime_sources\左联史.txt,A=柔石;B=曹靖华,,no,no,supported,yes,pending_cross_validation
REL-01440,ZLH-016,柔石,ZLH-128,林语堂,亲属关系,high,medium,no,pending_review,左联词典,zuolian_cidian,557,左联词典 第557页,"全书分两部分:第一部分是《鲁迅生平》和《药》、《一件小事》、《孔乙已》、《祝福》、《风筝)《论“他妈的“!1)、《离婚》等鲁迅作品7篇;第二部分是其他中国作家的小说17篇:《为奴隶的母亲》(柔石)、《自杀》(茅盾)、《拗汊》(茅盾)、《水》(丁玲)、《消息》(丁玲)、《狗》(巴金)、《柏子》(沈从文)、《阿娥》(孙席珍)、《在“大连号“轮船上》(田军)、《第三支枪》(田军)、《狗肉将军》(林语堂)、《皈依》(萧乾)、《紫藤与茵葡》(郁达夫)、《移行》(张天翼)、《十字架》(郭沫若)、《一部遗失了的日记片断》(失名)、《法律外的航线(沙汀)书后有附录两种,《现代中国文学运动》(尼姆,威尔士)和参考书目。",304,61010ef89ba6b2d0ea6003b4e257b22656db069d7ab697e4b0e74d4c3f643459,428626,428930,D:\1大创\左联知识库项目\data\processed\runtime_sources\左联词典.txt,A=柔石;B=林语堂,,no,no,pending_review,no,pending_cross_validation
REL-01450,ZLH-016,柔石,ZLH-141,高尔基,交游,low,medium,no,inferred,左联史,zuolian_shi,453,左联史 第453页,"他们的爱情以共产主义理想为基础,在生活上相互关心照顾,在文学事业上相互鼓励、共同磋商,彼此都作出了成绩:柔石写出了报告文学《一个伟大的印象》、诗《血在沸),翻译了高尔基的长篇小说《颓庚》(即《阿尔泰莫诺夫之事业》),冯铿写了小说《小阿强》。",120,7b1097947f967d1aa567fb0163d36b2272999c1746c6bddc23d89ea0f5f4088b,694825,694945,D:\1大创\左联知识库项目\data\processed\runtime_sources\左联史.txt,A=柔石;B=高尔基,共同,no,no,supported,yes,pending_cross_validation
REL-01456,ZLH-016,柔石,ZLH-150,萧三,文学论战,low,medium,no,inferred,左联史,zuolian_shi,213,左联史 第213页,"时隔月余,3月2日上海又焚毁大批左翼书籍,3月3日,鲁迅致函左联驻国外代表萧三说:“昨天大烧书,将柔石的《希望》,丁玲的《水》,全都烧掉了。",70,eb0931c6c951fe51810ea4d9e269693f2fade74a76b08ca29ce9161d41f84b4a,320332,320402,D:\1大创\左联知识库项目\data\processed\runtime_sources\左联史.txt,A=柔石;B=萧三,致函,no,no,supported,yes,pending_cross_validation
REL-01457,ZLH-017,胡也频,ZLH-018,冯铿,交游,low,medium,no,inferred,左联词典,zuolian_cidian,344,左联词典 第344页,"为抗议国民党反动派屠杀李伟森、胡也频、柔石、殷夫、冯铿、宗晋等左翼作家和左翼艺术家的暴行,在鲁迅、冯雪峰领导下,参加左联机关刊(前哨3刑编辑.",71,060d3acc87fd83c1ea3ab4315929ea44aed217a40e0a626365ba60b1d1ae22a4,248567,248638,D:\1大创\左联知识库项目\data\processed\runtime_sources\左联词典.txt,A=胡也频;B=冯铿,参加,no,no,supported,yes,pending_cross_validation
REL-01458,ZLH-017,胡也频,ZLH-019,殷夫,交游,low,medium,no,inferred,左联史,zuolian_shi,491,左联史 第491页,"为纪念左联作家李伟森、柔石、胡也频、殷夫、冯健殉难周年,以“普罗诗社“名义编辑出版诗集《血在沸》(张秀中、窦隐夫著)和《擎旗手》(张秀中著)。",71,7c3af9ba2d917a3581dc370d28c7a929f41fb8aa84c398a8b50c796e6d4515f0,760017,760088,D:\1大创\左联知识库项目\data\processed\runtime_sources\左联史.txt,A=胡也频;B=殷夫,编辑,no,no,supported,yes,pending_cross_validation
REL-01459,ZLH-017,胡也频,ZLH-020,李求实,交游,low,medium,no,inferred,左联词典,zuolian_cidian,344,左联词典 第344页,"为抗议国民党反动派屠杀李伟森、胡也频、柔石、殷夫、冯铿、宗晋等左翼作家和左翼艺术家的暴行,在鲁迅、冯雪峰领导下,参加左联机关刊(前哨3刑编辑.",71,060d3acc87fd83c1ea3ab4315929ea44aed217a40e0a626365ba60b1d1ae22a4,248567,248638,D:\1大创\左联知识库项目\data\processed\runtime_sources\左联词典.txt,A=胡也频;B=李伟森,参加,no,no,supported,yes,pending_cross_validation
REL-01460,ZLH-017,胡也频,ZLH-021,丁玲,交游,low,medium,no,inferred,左联史,zuolian_shi,106,左联史 第106页,"“8胡也频被捕后,丁玲、沈从文积极进行营救。",22,a650ebfda5e58a9e9a886878d2a722de0bc6ec3202608b0c25ec5050d3531fdf,154317,154339,D:\1大创\左联知识库项目\data\processed\runtime_sources\左联史.txt,A=胡也频;B=丁玲,营救,no,no,supported,yes,pending_cross_validation
REL-01461,ZLH-017,胡也频,ZLH-022,张天翼,同属组织,critical,low,no,pending_review,左联史,zuolian_shi,215,左联史 第215页,"1934年2月1日上海《出版消息》刊出署名“滨“的《北平出版界简讯》,报道北平两种主要文学期刊《文学杂志》、《文艺月报》被祯(它们都是北方左联的机关刊),西北书局、立达书局等6家书店被搜查,搜去各种进步书籍170余种,其中69种被禁,左翼文学被禁的有《文艺政策》(鲁迅译)、《创作的经验》(适夷编)、《蒋光慈全集》、《芩盾散文集》、《平林泰子集》(沈端先译)、《--周间》(蒋光慈译)、《土敏土》(蔡咏裳、董绍明译)、《母亲》(沈端先译)、《铁流》(曹靖华译)、《光明在我们前面》(胡也频)、《两种不同的人类》(蒋光慈编)、《韦护》(丁玲)、《建塔者》(台静农)、《沉醉的太阳》(沈端先译)、《夜会》(丁玲)、《法律外的航线》(沙汀)、《大林和小林》(张天翼)等。",332,dc6e2249905bde4fb5201b10ecf08c22c325f3c074d46f6d95dcdd07861e1c76,323630,323962,D:\1大创\左联知识库项目\data\processed\runtime_sources\左联史.txt,A=胡也频;B=张天翼,,yes,no,pending_review,no,pending_cross_validation
REL-01473,ZLH-017,胡也频,ZLH-035,李辉英,待核验,critical,low,no,pending_review,左联词典,zuolian_cidian,550,左联词典 第550页,"对胡也频在小说《光明在我们的前面)中力图使女主人公白华“政治上“再生““,蒋光慈在小说《田野的风》中表明革命者李杰“感情逻辑“的“合理“、洪灵菲《流亡》、《在木筏上》等小说中显示的“特异的光彩“作了中肯分析和较高评价,449认为他们为我们的新文学带来了“一批新的文学形象,一股清新健爽之气“|左联与文学新人论文.",156,146924546d647317dd4ec734687da3372f1b1c93dc1949d3bcfc68f21b5036c7,422976,423132,D:\1大创\左联知识库项目\data\processed\runtime_sources\左联词典.txt,A=胡也频;B=公白,,no,yes,pending_review,no,pending_cross_validation
REL-01474,ZLH-017,胡也频,ZLH-036,穆木天,交游,medium,medium,no,inferred,左联史,zuolian_shi,476,左联史 第476页,"在他主持下,现代书局出版了一大批左翼文学创作如郭沫若《创造十年》,蒋光慈《菊芬》、《最后的微笑》、《异邝与故国》,洪灵菲《流亡》、《归家》,楼建南(适夷)《挣扎》,朐也频《诗稿》,森堡《爱与仇》,白薇《炸弹与征鸟》,外国文学则有《文凭》(茅盾译)、《平林泰子集》(沈端先译)、《林房雄集》(林伯修译),《新俄文学中的男女》(周起应译)、《初恋》(穆木天译)等,为30年代左翼文学运动的发展壮大做出重要贡献。",203,6d2158ed7dc969b7747d3e2957eda4b6354d49e5a1c0cf1e688faac7e12766c1,733939,734142,D:\1大创\左联知识库项目\data\processed\runtime_sources\左联史.txt,A=也频;B=穆木天,,no,no,supported,yes,pending_cross_validation
REL-01475,ZLH-017,胡也频,ZLH-037,楼适夷,交游,low,medium,no,inferred,左联史,zuolian_shi,493,左联史 第493页,"这时,李伟森、柔石、胡也频、殷夫、冯铿5位左联盟员作家逼害已两月余,左联筹备出版机关刊《前哨》,创刊号为悼念5烈士的“纪念战死者专号“,在冯雪峰领导下,适夷负责该刊出版工作。",87,0bb1fd283abf4d8af719b16ef2625034b9f4167d3c794ce899da1a6089289445,764478,764565,D:\1大创\左联知识库项目\data\processed\runtime_sources\左联史.txt,A=胡也频;B=适夷,,no,no,supported,yes,pending_cross_validation
REL-01478,ZLH-017,胡也频,ZLH-042,魏金枝,论战,critical,medium,no,pending_review,左联史,zuolian_shi,473,左联史 第473页,"1931年1月,柔石、李伟森、胡也频、殷夫、冯铿等左联作家被捕,魏金枝离沪去杭州暂避,在杭州财务学校任职。",53,23eeabe3eed8ebe3554bf97c6f5178dc693d0c356fe7bdb29beeae922526d8c3,729347,729400,D:\1大创\左联知识库项目\data\processed\runtime_sources\左联史.txt,A=胡也频;B=魏金枝,,no,no,pending_review,no,pending_cross_validation
REL-01482,ZLH-017,胡也频,ZLH-048,王任叔,合作,critical,medium,no,pending_review,左联史,zuolian_shi,475,左联史 第475页,"这时左联为揭露、抗议国民党反动派杀害李伟森、柔石、胡也频、殴夫、冯铿5位盟员作家,发布了《中国左翼作家联盟为国民党屠杀大批革命作家致各国革命文学和文化团体及一切为人类进步而工作的著作家思想家书》,这个文件也对国民党当局逸捕王任叔提出抗议。",119,55944a063b4437ca5037eafdb4cf99393730ba8020a5b288a6ebc41f08cbd82a,732768,732887,D:\1大创\左联知识库项目\data\processed\runtime_sources\左联史.txt,A=胡也频;B=王任叔,,no,no,pending_review,no,pending_cross_validation
REL-01484,ZLH-017,胡也频,ZLH-058,郭沫若,地下通讯,low,medium,no,inferred,左联史,zuolian_shi,476,左联史 第476页,"在他主持下,现代书局出版了一大批左翼文学创作如郭沫若《创造十年》,蒋光慈《菊芬》、《最后的微笑》、《异邝与故国》,洪灵菲《流亡》、《归家》,楼建南(适夷)《挣扎》,朐也频《诗稿》,森堡《爱与仇》,白薇《炸弹与征鸟》,外国文学则有《文凭》(茅盾译)、《平林泰子集》(沈端先译)、《林房雄集》(林伯修译),《新俄文学中的男女》(周起应译)、《初恋》(穆木天译)等,为30年代左翼文学运动的发展壮大做出重要贡献。",203,6d2158ed7dc969b7747d3e2957eda4b6354d49e5a1c0cf1e688faac7e12766c1,733939,734142,D:\1大创\左联知识库项目\data\processed\runtime_sources\左联史.txt,A=也频;B=郭沫若,,no,no,supported,yes,pending_cross_validation
REL-01485,ZLH-017,胡也频,ZLH-059,白薇,待核验,critical,low,no,pending_review,左联史,zuolian_shi,476,左联史 第476页,"在他主持下,现代书局出版了一大批左翼文学创作如郭沫若《创造十年》,蒋光慈《菊芬》、《最后的微笑》、《异邝与故国》,洪灵菲《流亡》、《归家》,楼建南(适夷)《挣扎》,朐也频《诗稿》,森堡《爱与仇》,白薇《炸弹与征鸟》,外国文学则有《文凭》(茅盾译)、《平林泰子集》(沈端先译)、《林房雄集》(林伯修译),《新俄文学中的男女》(周起应译)、《初恋》(穆木天译)等,为30年代左翼文学运动的发展壮大做出重要贡献。",203,6d2158ed7dc969b7747d3e2957eda4b6354d49e5a1c0cf1e688faac7e12766c1,733939,734142,D:\1大创\左联知识库项目\data\processed\runtime_sources\左联史.txt,A=也频;B=白薇,,no,no,pending_review,no,pending_cross_validation
REL-01502,ZLH-017,胡也频,ZLH-097,王西彦,同属组织,critical,low,no,pending_review,左联词典,zuolian_cidian,104,左联词典 第104页,"左联拥有一批贡献卓著、德高望重的老作家如鲁迅、茅盾、翔秋日、蒋光慈、田汉、洪深,左联诣生前已从事创作和翻译的柔石、洪灵菲、应修人、潘漠华、郑伯奇、王任叔、阳翰笙、阿英、丁玲、张天翼、冯雪峰、夏衍、周扬、胡风、周立波、穆木天、杨骚、白薇等,又培养了一批思想活既、颇具才华的文学新人如冯铿、沙汀、艾莅、欧阳山、草明、李辉英、周文、柏山、东平、征农、荒煤、葛琴、徐盈、叶紫、罗烽、舒群、端木蕻良、王西彦、王尘无、蒲风、田间、于伶、凌鹤、徐懋庸、聂绀弩、廖沫沙等,他们都为左翼文学奉献了自己的佳作,如鲁迅、瞿秋白、徐懋庸、聂绀弩、廖沫沙的杂文,茅盾的《于夜》蒋光意《咆哮了的土地》,胡也频《光明在我们的前面9,柔石、冯铿、丁玲、阳翰笙、沙汀、艾芜、欧阳山、草明、李辉英、周文、柏山、东平、征农、荒煤、葛琴、徐盈、叶紫、罗烽、舒群、端木蕻良、王西彦的小说.",373,38fb7f84d392c56ebfb19f4ba45e46afdcb5c041c850ce800ec1de1ef46653dc,39205,39578,D:\1大创\左联知识库项目\data\processed\runtime_sources\左联词典.txt,A=胡也频;B=王西彦,,yes,no,pending_review,no,pending_cross_validation
REL-01503,ZLH-017,胡也频,ZLH-098,沈从文,文学论战,low,medium,no,inferred,左联史,zuolian_shi,106,左联史 第106页,"“8胡也频被捕后,丁玲、沈从文积极进行营救。",22,a650ebfda5e58a9e9a886878d2a722de0bc6ec3202608b0c25ec5050d3531fdf,154317,154339,D:\1大创\左联知识库项目\data\processed\runtime_sources\左联史.txt,A=胡也频;B=沈从文,营救,no,no,supported,yes,pending_cross_validation
REL-01506,ZLH-017,胡也频,ZLH-104,叶灵凤,待核验,critical,low,no,pending_review,左联史,zuolian_shi,17,左联史 第17页,"林伯修(杜国库)、洪灵菲、戴平万等的“我们社“和《我们月刊》,胡也频、丁玲的“《红黑》社“以及《现代小说》(叶灵凤编)、《无轨列车》(施蛟存等编)、《新文艺》(戴望舒、施蛰存等编)、《南国月刊》(田汉编)等,也都积极提倡无产阶级革命文学;此外还有一些小型文艺杂志如《洪荒》、《泰东月刊》、《戈壁》、《山雨》、《白露》等,也都属于《创造月刊》、《太阳月刊》的队列,做出了各自的努力,这些文艺社团的不少成员,后来也加人了左联。",211,09fce5d977522d996612573a2ffa0273c37d9272774844ebffce487d225480a6,15243,15454,D:\1大创\左联知识库项目\data\processed\runtime_sources\左联史.txt,A=胡也频;B=叶灵凤,,no,no,pending_review,no,pending_cross_validation
REL-01509,ZLH-017,胡也频,ZLH-112,戴望舒,创作合作,low,medium,no,inferred,左联史,zuolian_shi,17,左联史 第17页,"林伯修(杜国库)、洪灵菲、戴平万等的“我们社“和《我们月刊》,胡也频、丁玲的“《红黑》社“以及《现代小说》(叶灵凤编)、《无轨列车》(施蛟存等编)、《新文艺》(戴望舒、施蛰存等编)、《南国月刊》(田汉编)等,也都积极提倡无产阶级革命文学;此外还有一些小型文艺杂志如《洪荒》、《泰东月刊》、《戈壁》、《山雨》、《白露》等,也都属于《创造月刊》、《太阳月刊》的队列,做出了各自的努力,这些文艺社团的不少成员,后来也加人了左联。",211,09fce5d977522d996612573a2ffa0273c37d9272774844ebffce487d225480a6,15243,15454,D:\1大创\左联知识库项目\data\processed\runtime_sources\左联史.txt,A=胡也频;B=戴望舒,,no,no,supported,yes,pending_cross_validation
REL-01510,ZLH-017,胡也频,ZLH-113,施蛰存,同属组织,critical,low,yes,pending_review,左联史,zuolian_shi,17,左联史 第17页,"林伯修(杜国库)、洪灵菲、戴平万等的“我们社“和《我们月刊》,胡也频、丁玲的“《红黑》社“以及《现代小说》(叶灵凤编)、《无轨列车》(施蛟存等编)、《新文艺》(戴望舒、施蛰存等编)、《南国月刊》(田汉编)等,也都积极提倡无产阶级革命文学;此外还有一些小型文艺杂志如《洪荒》、《泰东月刊》、《戈壁》、《山雨》、《白露》等,也都属于《创造月刊》、《太阳月刊》的队列,做出了各自的努力,这些文艺社团的不少成员,后来也加人了左联。",211,09fce5d977522d996612573a2ffa0273c37d9272774844ebffce487d225480a6,15243,15454,D:\1大创\左联知识库项目\data\processed\runtime_sources\左联史.txt,A=胡也频;B=施蛰存,,no,no,pending_review,no,pending_cross_validation
REL-01513,ZLH-017,胡也频,ZLH-120,夏征农,待核验,critical,low,no,pending_review,左联词典,zuolian_cidian,561,左联词典 第561页,"收左联回忆录4篇,《关于(文艺界的统一战线问题〉一文发表始末》(夏征农)《野火烧不尽,春风吹又生一一东京左联活动的回顾》(蔡北华)、《大夏旧事》(陈大戈)《回首忆当年一一我参加左联的前前后后》(龚川琨);论文10篇:《对殷夫〈孩儿塔〉的一些理解》(朱金顺)、《略谈柔石小说所受鲁迅的影响》(潘颂德)《十月先开“岭上梅“一一论冯锂的创作思想》(卫公),《简论胡也频的文艺思想(余仁凯)、《左联时期;马克思主义文艺理论的传播和理解》(陈鸣树).",220,eba0b20b991e03b3caee33aa52f8dd24716db2ff4cc6e41d691140a6ba5ae89e,432692,432912,D:\1大创\左联知识库项目\data\processed\runtime_sources\左联词典.txt,A=胡也频;B=夏征农,参加,no,yes,pending_review,no,pending_cross_validation
REL-01528,ZLH-017,胡也频,ZLH-141,高尔基,交游,low,medium,no,inferred,左联词典,zuolian_cidian,321,左联词典 第321页,"1931年2月,李伟森、胡也频、柔石、殷夫、冯铿等中国左翼作家惨遭国民党反动派杀害,萧三利用一切机会问世界各国文乃界人士包括高尔基控诉和揭霁蒋介石集团屠杀中国人民、摧残革命文化的暴行,从而使处在严重日色恢怖中的中国左翼文学获得了厂泛的国际声援。",122,335546daf21f334c42dc93c2f3bfe02420f36a041c658b860a9f5a948b1c8b90,228097,228219,D:\1大创\左联知识库项目\data\processed\runtime_sources\左联词典.txt,A=胡也频;B=高尔基,,no,no,supported,yes,pending_cross_validation
REL-01532,ZLH-017,胡也频,ZLH-150,萧三,待核验,critical,low,yes,pending_review,左联词典,zuolian_cidian,321,左联词典 第321页,"1931年2月,李伟森、胡也频、柔石、殷夫、冯铿等中国左翼作家惨遭国民党反动派杀害,萧三利用一切机会问世界各国文乃界人士包括高尔基控诉和揭霁蒋介石集团屠杀中国人民、摧残革命文化的暴行,从而使处在严重日色恢怖中的中国左翼文学获得了厂泛的国际声援。",122,335546daf21f334c42dc93c2f3bfe02420f36a041c658b860a9f5a948b1c8b90,228097,228219,D:\1大创\左联知识库项目\data\processed\runtime_sources\左联词典.txt,A=胡也频;B=萧三,,no,no,pending_review,no,pending_cross_validation
REL-01533,ZLH-018,冯铿,ZLH-019,殷夫,交游,low,medium,no,inferred,左联词典,zuolian_cidian,344,左联词典 第344页,"为抗议国民党反动派屠杀李伟森、胡也频、柔石、殷夫、冯铿、宗晋等左翼作家和左翼艺术家的暴行,在鲁迅、冯雪峰领导下,参加左联机关刊(前哨3刑编辑.",71,060d3acc87fd83c1ea3ab4315929ea44aed217a40e0a626365ba60b1d1ae22a4,248567,248638,D:\1大创\左联知识库项目\data\processed\runtime_sources\左联词典.txt,A=冯铿;B=殷夫,参加,no,no,supported,yes,pending_cross_validation
REL-01534,ZLH-018,冯铿,ZLH-020,李求实,交游,low,medium,no,inferred,左联词典,zuolian_cidian,344,左联词典 第344页,"为抗议国民党反动派屠杀李伟森、胡也频、柔石、殷夫、冯铿、宗晋等左翼作家和左翼艺术家的暴行,在鲁迅、冯雪峰领导下,参加左联机关刊(前哨3刑编辑.",71,060d3acc87fd83c1ea3ab4315929ea44aed217a40e0a626365ba60b1d1ae22a4,248567,248638,D:\1大创\左联知识库项目\data\processed\runtime_sources\左联词典.txt,A=冯铿;B=李伟森,参加,no,no,supported,yes,pending_cross_validation
REL-01535,ZLH-018,冯铿,ZLH-021,丁玲,地下通讯,low,medium,no,inferred,左联史,zuolian_shi,104,左联史 第104页,"大家在捕房拘留所就改用了化名、编好口供,柔石用外人不大知道的原名赵少雄,殷夫改名徐英,胡也频怀念丁玲,改姓蒋,名文翰,冯锋原名岭梅,她就Q〇夏衍《檗寻旧梦录》185页。",84,856ab9505282674dc0b47fa89d50fc6b7ef9dfedd2150e353e6909d4081518cd,151654,151738,D:\1大创\左联知识库项目\data\processed\runtime_sources\左联史.txt,A=岭梅;B=丁玲,,no,no,supported,yes,pending_cross_validation
REL-01536,ZLH-018,冯铿,ZLH-022,张天翼,同属组织,critical,low,no,pending_review,左联史,zuolian_shi,719,左联史 第719页,"小说还有冯铿《小阿强》、丁玲《给孩子们》、张天翼《大林和小林》、金《袁》的广告丁《孩子们》、征农《孩子的想头》,童话有白兮《---个巨人的诞生》、屈轶《猫的权威》,剧本有穆木天《K镇的某日午后》、许幸之《最后一课》和《古庙钟声》、尤兜《蹄下》,故事有沈西苓《电影是个snzeacssas|EAsqAtxexhni1Ap-ptacehsies探t直nnEEE3LEILZJ〇“更聚仁《文坛新控诉》,1936年1月1日《时事新报青光3。",216,a9ba27d26dcbee1445f0151bec9f900b0a4b92db8962a00811feee24951b76da,1120805,1121021,D:\1大创\左联知识库项目\data\processed\runtime_sources\左联史.txt,A=冯铿;B=张天翼,,no,no,pending_review,no,pending_cross_validation
REL-01537,ZLH-018,冯铿,ZLH-023,叶紫,同属组织,critical,low,no,pending_review,左联史,zuolian_shi,727,左联史 第727页,"“李伟森、柔石、胡也频、殷夫、冯铿牺牲后,人民群众没有一刻忘记过他们;还有被敌人杀害、在抗日战场为国捐躯和在贫病中倒下的左联作家如瞿秋白、应修人、潘漠华、洪灵菲、东平、叶紫、蒙风等。",91,2cd210e28f80aef39c53db9c6bdc62b14f665a9fd4123e8194168f32a39abfee,1129685,1129776,D:\1大创\左联知识库项目\data\processed\runtime_sources\左联史.txt,A=冯铿;B=叶紫,,yes,no,pending_review,no,pending_cross_validation
REL-01541,ZLH-018,冯铿,ZLH-028,萧红,待核验,critical,low,no,pending_review,左联词典,zuolian_cidian,549,左联词典 第549页,"论述丁玲、白薇、冯铿以及萧红、罗淑等女无联研究资料简介作家在创作题材方面的新开拓、新变化,认为三十年代的左翼女性义学具有女性意识的“无性化“、同中国社会现实关系的深化等独特形态,展现了独具的风木,是五四时期女性文学“个性女性意识“合乎逻辑的延伸。",123,10338e3856f28b37363d50eaa4e28f27cf5c04cf8fede60216497fa7009efc6c,422208,422331,D:\1大创\左联知识库项目\data\processed\runtime_sources\左联词典.txt,A=冯铿;B=萧红,,no,yes,pending_review,no,pending_cross_validation
REL-01546,ZLH-018,冯铿,ZLH-034,彭康,待核验,critical,low,yes,pending_review,左联史,zuolian_shi,98,左联史 第98页,名单如下:冯乃超华_汉_龚冰庐沈叶沉孟超俞_怀_邱韵铎沈端先潘汉年“王洁予冯润璋_顾凤城彭康许峻冯铿王任桐周全平_洪灵菲_戴平万“钱杏邵冯宪章鲁迅杜衡埕子柔石侍桁画室吴贯中黄_素郑伯奇鲁_史朱镜我_田汉王一榴_蒋光慈刘锡五_叶灵凤_郁达夫陶晶孙_戴望舒李初梨_林伯修殴_夫_徐迅雷_程少怀_陈正道_许幸之_郭沫若_沈起予被介绍加人的:仲_豪“徐耘阡_魏金枝届文泳涛丁锐人马宁_孙孟涛王润甫_卢苍雁张璞无产阶级文艺俱乐部的发起人李_平胡忠信阿细余惠“萧歌强其他各反动组织之名单不明。,240,451607e392e76506863cb80a4c973cbf07385569c9884fdd80d90b1d3fb68d03,141748,141988,D:\1大创\左联知识库项目\data\processed\runtime_sources\左联史.txt,A=冯铿;B=彭康,介绍,no,no,pending_review,no,pending_cross_validation
REL-01548,ZLH-018,冯铿,ZLH-036,穆木天,纪念/悼念,critical,medium,no,pending_review,左联史,zuolian_shi,719,左联史 第719页,"小说还有冯铿《小阿强》、丁玲《给孩子们》、张天翼《大林和小林》、金《袁》的广告丁《孩子们》、征农《孩子的想头》,童话有白兮《---个巨人的诞生》、屈轶《猫的权威》,剧本有穆木天《K镇的某日午后》、许幸之《最后一课》和《古庙钟声》、尤兜《蹄下》,故事有沈西苓《电影是个snzeacssas|EAsqAtxexhni1Ap-ptacehsies探t直nnEEE3LEILZJ〇“更聚仁《文坛新控诉》,1936年1月1日《时事新报青光3。",216,a9ba27d26dcbee1445f0151bec9f900b0a4b92db8962a00811feee24951b76da,1120805,1121021,D:\1大创\左联知识库项目\data\processed\runtime_sources\左联史.txt,A=冯铿;B=穆木天,,no,no,pending_review,no,pending_cross_validation
REL-01549,ZLH-018,冯铿,ZLH-037,楼适夷,交游,low,medium,no,inferred,左联史,zuolian_shi,493,左联史 第493页,"这时,李伟森、柔石、胡也频、殷夫、冯铿5位左联盟员作家逼害已两月余,左联筹备出版机关刊《前哨》,创刊号为悼念5烈士的“纪念战死者专号“,在冯雪峰领导下,适夷负责该刊出版工作。",87,0bb1fd283abf4d8af719b16ef2625034b9f4167d3c794ce899da1a6089289445,764478,764565,D:\1大创\左联知识库项目\data\processed\runtime_sources\左联史.txt,A=冯铿;B=适夷,,no,no,supported,yes,pending_cross_validation
REL-01551,ZLH-018,冯铿,ZLH-042,魏金枝,论战,critical,medium,no,pending_review,左联史,zuolian_shi,98,左联史 第98页,名单如下:冯乃超华_汉_龚冰庐沈叶沉孟超俞_怀_邱韵铎沈端先潘汉年“王洁予冯润璋_顾凤城彭康许峻冯铿王任桐周全平_洪灵菲_戴平万“钱杏邵冯宪章鲁迅杜衡埕子柔石侍桁画室吴贯中黄_素郑伯奇鲁_史朱镜我_田汉王一榴_蒋光慈刘锡五_叶灵凤_郁达夫陶晶孙_戴望舒李初梨_林伯修殴_夫_徐迅雷_程少怀_陈正道_许幸之_郭沫若_沈起予被介绍加人的:仲_豪“徐耘阡_魏金枝届文泳涛丁锐人马宁_孙孟涛王润甫_卢苍雁张璞无产阶级文艺俱乐部的发起人李_平胡忠信阿细余惠“萧歌强其他各反动组织之名单不明。,240,451607e392e76506863cb80a4c973cbf07385569c9884fdd80d90b1d3fb68d03,141748,141988,D:\1大创\左联知识库项目\data\processed\runtime_sources\左联史.txt,A=冯铿;B=魏金枝,介绍,no,no,pending_review,no,pending_cross_validation
REL-01555,ZLH-018,冯铿,ZLH-048,王任叔,地下通讯,low,medium,no,inferred,左联史,zuolian_shi,475,左联史 第475页,"这时左联为揭露、抗议国民党反动派杀害李伟森、柔石、胡也频、殴夫、冯铿5位盟员作家,发布了《中国左翼作家联盟为国民党屠杀大批革命作家致各国革命文学和文化团体及一切为人类进步而工作的著作家思想家书》,这个文件也对国民党当局逸捕王任叔提出抗议。",119,55944a063b4437ca5037eafdb4cf99393730ba8020a5b288a6ebc41f08cbd82a,732768,732887,D:\1大创\左联知识库项目\data\processed\runtime_sources\左联史.txt,A=冯铿;B=王任叔,,no,no,supported,yes,pending_cross_validation
REL-01557,ZLH-018,冯铿,ZLH-054,许幸之,纪念/悼念,critical,medium,no,pending_review,左联史,zuolian_shi,98,左联史 第98页,名单如下:冯乃超华_汉_龚冰庐沈叶沉孟超俞_怀_邱韵铎沈端先潘汉年“王洁予冯润璋_顾凤城彭康许峻冯铿王任桐周全平_洪灵菲_戴平万“钱杏邵冯宪章鲁迅杜衡埕子柔石侍桁画室吴贯中黄_素郑伯奇鲁_史朱镜我_田汉王一榴_蒋光慈刘锡五_叶灵凤_郁达夫陶晶孙_戴望舒李初梨_林伯修殴_夫_徐迅雷_程少怀_陈正道_许幸之_郭沫若_沈起予被介绍加人的:仲_豪“徐耘阡_魏金枝届文泳涛丁锐人马宁_孙孟涛王润甫_卢苍雁张璞无产阶级文艺俱乐部的发起人李_平胡忠信阿细余惠“萧歌强其他各反动组织之名单不明。,240,451607e392e76506863cb80a4c973cbf07385569c9884fdd80d90b1d3fb68d03,141748,141988,D:\1大创\左联知识库项目\data\processed\runtime_sources\左联史.txt,A=冯铿;B=许幸之,介绍,no,no,pending_review,no,pending_cross_validation
REL-01558,ZLH-018,冯铿,ZLH-058,郭沫若,交游,low,medium,no,inferred,左联史,zuolian_shi,98,左联史 第98页,名单如下:冯乃超华_汉_龚冰庐沈叶沉孟超俞_怀_邱韵铎沈端先潘汉年“王洁予冯润璋_顾凤城彭康许峻冯铿王任桐周全平_洪灵菲_戴平万“钱杏邵冯宪章鲁迅杜衡埕子柔石侍桁画室吴贯中黄_素郑伯奇鲁_史朱镜我_田汉王一榴_蒋光慈刘锡五_叶灵凤_郁达夫陶晶孙_戴望舒李初梨_林伯修殴_夫_徐迅雷_程少怀_陈正道_许幸之_郭沫若_沈起予被介绍加人的:仲_豪“徐耘阡_魏金枝届文泳涛丁锐人马宁_孙孟涛王润甫_卢苍雁张璞无产阶级文艺俱乐部的发起人李_平胡忠信阿细余惠“萧歌强其他各反动组织之名单不明。,240,451607e392e76506863cb80a4c973cbf07385569c9884fdd80d90b1d3fb68d03,141748,141988,D:\1大创\左联知识库项目\data\processed\runtime_sources\左联史.txt,A=冯铿;B=郭沫若,介绍,no,no,supported,yes,pending_cross_validation
REL-01559,ZLH-018,冯铿,ZLH-059,白薇,待核验,critical,low,no,pending_review,左联词典,zuolian_cidian,549,左联词典 第549页,"论述丁玲、白薇、冯铿以及萧红、罗淑等女无联研究资料简介作家在创作题材方面的新开拓、新变化,认为三十年代的左翼女性义学具有女性意识的“无性化“、同中国社会现实关系的深化等独特形态,展现了独具的风木,是五四时期女性文学“个性女性意识“合乎逻辑的延伸。",123,10338e3856f28b37363d50eaa4e28f27cf5c04cf8fede60216497fa7009efc6c,422208,422331,D:\1大创\左联知识库项目\data\processed\runtime_sources\左联词典.txt,A=冯铿;B=白薇,,no,yes,pending_review,no,pending_cross_validation
REL-01560,ZLH-018,冯铿,ZLH-061,朱镜我,待核验,critical,low,yes,pending_review,左联史,zuolian_shi,98,左联史 第98页,名单如下:冯乃超华_汉_龚冰庐沈叶沉孟超俞_怀_邱韵铎沈端先潘汉年“王洁予冯润璋_顾凤城彭康许峻冯铿王任桐周全平_洪灵菲_戴平万“钱杏邵冯宪章鲁迅杜衡埕子柔石侍桁画室吴贯中黄_素郑伯奇鲁_史朱镜我_田汉王一榴_蒋光慈刘锡五_叶灵凤_郁达夫陶晶孙_戴望舒李初梨_林伯修殴_夫_徐迅雷_程少怀_陈正道_许幸之_郭沫若_沈起予被介绍加人的:仲_豪“徐耘阡_魏金枝届文泳涛丁锐人马宁_孙孟涛王润甫_卢苍雁张璞无产阶级文艺俱乐部的发起人李_平胡忠信阿细余惠“萧歌强其他各反动组织之名单不明。,240,451607e392e76506863cb80a4c973cbf07385569c9884fdd80d90b1d3fb68d03,141748,141988,D:\1大创\左联知识库项目\data\processed\runtime_sources\左联史.txt,A=冯铿;B=朱镜我,介绍,no,no,pending_review,no,pending_cross_validation
REL-01570,ZLH-018,冯铿,ZLH-097,王西彦,同属组织,critical,low,no,pending_review,左联词典,zuolian_cidian,104,左联词典 第104页,"左联拥有一批贡献卓著、德高望重的老作家如鲁迅、茅盾、翔秋日、蒋光慈、田汉、洪深,左联诣生前已从事创作和翻译的柔石、洪灵菲、应修人、潘漠华、郑伯奇、王任叔、阳翰笙、阿英、丁玲、张天翼、冯雪峰、夏衍、周扬、胡风、周立波、穆木天、杨骚、白薇等,又培养了一批思想活既、颇具才华的文学新人如冯铿、沙汀、艾莅、欧阳山、草明、李辉英、周文、柏山、东平、征农、荒煤、葛琴、徐盈、叶紫、罗烽、舒群、端木蕻良、王西彦、王尘无、蒲风、田间、于伶、凌鹤、徐懋庸、聂绀弩、廖沫沙等,他们都为左翼文学奉献了自己的佳作,如鲁迅、瞿秋白、徐懋庸、聂绀弩、廖沫沙的杂文,茅盾的《于夜》蒋光意《咆哮了的土地》,胡也频《光明在我们的前面9,柔石、冯铿、丁玲、阳翰笙、沙汀、艾芜、欧阳山、草明、李辉英、周文、柏山、东平、征农、荒煤、葛琴、徐盈、叶紫、罗烽、舒群、端木蕻良、王西彦的小说.",373,38fb7f84d392c56ebfb19f4ba45e46afdcb5c041c850ce800ec1de1ef46653dc,39205,39578,D:\1大创\左联知识库项目\data\processed\runtime_sources\左联词典.txt,A=冯铿;B=王西彦,,yes,no,pending_review,no,pending_cross_validation
REL-01574,ZLH-018,冯铿,ZLH-104,叶灵凤,待核验,critical,low,yes,pending_review,左联史,zuolian_shi,98,左联史 第98页,名单如下:冯乃超华_汉_龚冰庐沈叶沉孟超俞_怀_邱韵铎沈端先潘汉年“王洁予冯润璋_顾凤城彭康许峻冯铿王任桐周全平_洪灵菲_戴平万“钱杏邵冯宪章鲁迅杜衡埕子柔石侍桁画室吴贯中黄_素郑伯奇鲁_史朱镜我_田汉王一榴_蒋光慈刘锡五_叶灵凤_郁达夫陶晶孙_戴望舒李初梨_林伯修殴_夫_徐迅雷_程少怀_陈正道_许幸之_郭沫若_沈起予被介绍加人的:仲_豪“徐耘阡_魏金枝届文泳涛丁锐人马宁_孙孟涛王润甫_卢苍雁张璞无产阶级文艺俱乐部的发起人李_平胡忠信阿细余惠“萧歌强其他各反动组织之名单不明。,240,451607e392e76506863cb80a4c973cbf07385569c9884fdd80d90b1d3fb68d03,141748,141988,D:\1大创\左联知识库项目\data\processed\runtime_sources\左联史.txt,A=冯铿;B=叶灵凤,介绍,no,no,pending_review,no,pending_cross_validation
REL-01575,ZLH-018,冯铿,ZLH-105,沈起予,交游,low,medium,no,inferred,左联史,zuolian_shi,98,左联史 第98页,名单如下:冯乃超华_汉_龚冰庐沈叶沉孟超俞_怀_邱韵铎沈端先潘汉年“王洁予冯润璋_顾凤城彭康许峻冯铿王任桐周全平_洪灵菲_戴平万“钱杏邵冯宪章鲁迅杜衡埕子柔石侍桁画室吴贯中黄_素郑伯奇鲁_史朱镜我_田汉王一榴_蒋光慈刘锡五_叶灵凤_郁达夫陶晶孙_戴望舒李初梨_林伯修殴_夫_徐迅雷_程少怀_陈正道_许幸之_郭沫若_沈起予被介绍加人的:仲_豪“徐耘阡_魏金枝届文泳涛丁锐人马宁_孙孟涛王润甫_卢苍雁张璞无产阶级文艺俱乐部的发起人李_平胡忠信阿细余惠“萧歌强其他各反动组织之名单不明。,240,451607e392e76506863cb80a4c973cbf07385569c9884fdd80d90b1d3fb68d03,141748,141988,D:\1大创\左联知识库项目\data\processed\runtime_sources\左联史.txt,A=冯铿;B=沈起予,介绍,no,no,supported,yes,pending_cross_validation
REL-01576,ZLH-018,冯铿,ZLH-112,戴望舒,创作合作,low,medium,no,inferred,左联史,zuolian_shi,98,左联史 第98页,名单如下:冯乃超华_汉_龚冰庐沈叶沉孟超俞_怀_邱韵铎沈端先潘汉年“王洁予冯润璋_顾凤城彭康许峻冯铿王任桐周全平_洪灵菲_戴平万“钱杏邵冯宪章鲁迅杜衡埕子柔石侍桁画室吴贯中黄_素郑伯奇鲁_史朱镜我_田汉王一榴_蒋光慈刘锡五_叶灵凤_郁达夫陶晶孙_戴望舒李初梨_林伯修殴_夫_徐迅雷_程少怀_陈正道_许幸之_郭沫若_沈起予被介绍加人的:仲_豪“徐耘阡_魏金枝届文泳涛丁锐人马宁_孙孟涛王润甫_卢苍雁张璞无产阶级文艺俱乐部的发起人李_平胡忠信阿细余惠“萧歌强其他各反动组织之名单不明。,240,451607e392e76506863cb80a4c973cbf07385569c9884fdd80d90b1d3fb68d03,141748,141988,D:\1大创\左联知识库项目\data\processed\runtime_sources\左联史.txt,A=冯铿;B=戴望舒,介绍,no,no,supported,yes,pending_cross_validation
REL-01579,ZLH-018,冯铿,ZLH-120,夏征农,待核验,critical,low,no,pending_review,左联史,zuolian_shi,719,左联史 第719页,"小说还有冯铿《小阿强》、丁玲《给孩子们》、张天翼《大林和小林》、金《袁》的广告丁《孩子们》、征农《孩子的想头》,童话有白兮《---个巨人的诞生》、屈轶《猫的权威》,剧本有穆木天《K镇的某日午后》、许幸之《最后一课》和《古庙钟声》、尤兜《蹄下》,故事有沈西苓《电影是个snzeacssas|EAsqAtxexhni1Ap-ptacehsies探t直nnEEE3LEILZJ〇“更聚仁《文坛新控诉》,1936年1月1日《时事新报青光3。",216,a9ba27d26dcbee1445f0151bec9f900b0a4b92db8962a00811feee24951b76da,1120805,1121021,D:\1大创\左联知识库项目\data\processed\runtime_sources\左联史.txt,A=冯铿;B=征农,,no,no,pending_review,no,pending_cross_validation
REL-01589,ZLH-018,冯铿,ZLH-141,高尔基,交游,low,medium,no,inferred,左联史,zuolian_shi,453,左联史 第453页,"他们的爱情以共产主义理想为基础,在生活上相互关心照顾,在文学事业上相互鼓励、共同磋商,彼此都作出了成绩:柔石写出了报告文学《一个伟大的印象》、诗《血在沸),翻译了高尔基的长篇小说《颓庚》(即《阿尔泰莫诺夫之事业》),冯铿写了小说《小阿强》。",120,7b1097947f967d1aa567fb0163d36b2272999c1746c6bddc23d89ea0f5f4088b,694825,694945,D:\1大创\左联知识库项目\data\processed\runtime_sources\左联史.txt,A=冯铿;B=高尔基,共同,no,no,supported,yes,pending_cross_validation
REL-01594,ZLH-018,冯铿,ZLH-150,萧三,待核验,critical,low,yes,pending_review,左联词典,zuolian_cidian,321,左联词典 第321页,"1931年2月,李伟森、胡也频、柔石、殷夫、冯铿等中国左翼作家惨遭国民党反动派杀害,萧三利用一切机会问世界各国文乃界人士包括高尔基控诉和揭霁蒋介石集团屠杀中国人民、摧残革命文化的暴行,从而使处在严重日色恢怖中的中国左翼文学获得了厂泛的国际声援。",122,335546daf21f334c42dc93c2f3bfe02420f36a041c658b860a9f5a948b1c8b90,228097,228219,D:\1大创\左联知识库项目\data\processed\runtime_sources\左联词典.txt,A=冯铿;B=萧三,,no,no,pending_review,no,pending_cross_validation
REL-01595,ZLH-019,殷夫,ZLH-020,李求实,交游,low,medium,no,inferred,左联史,zuolian_shi,491,左联史 第491页,"为纪念左联作家李伟森、柔石、胡也频、殷夫、冯健殉难周年,以“普罗诗社“名义编辑出版诗集《血在沸》(张秀中、窦隐夫著)和《擎旗手》(张秀中著)。",71,7c3af9ba2d917a3581dc370d28c7a929f41fb8aa84c398a8b50c796e6d4515f0,760017,760088,D:\1大创\左联知识库项目\data\processed\runtime_sources\左联史.txt,A=殷夫;B=李伟森,编辑,no,no,supported,yes,pending_cross_validation
REL-01596,ZLH-019,殷夫,ZLH-021,丁玲,地下通讯,low,medium,no,inferred,左联词典,zuolian_cidian,147,左联词典 第147页,"1931年春,李伟森、柔石、胡也频、殷夫、冯锏5位左翼青年作家被害,参与宣传、组织有上十同学参加的大会,请丁玲作报告,轿动全校,是对国民党反动派的一次有力的控诉.",81,f1a3d9120b51509ca13c13b1cc1b54e4d1a31c3df26817381be65bc75692e3f4,74381,74462,D:\1大创\左联知识库项目\data\processed\runtime_sources\左联词典.txt,A=殷夫;B=丁玲,组织,no,no,supported,yes,pending_cross_validation
REL-01606,ZLH-019,殷夫,ZLH-032,徐懋庸,同属组织,critical,low,no,pending_review,左联史,zuolian_shi,15,左联史 第15页,殷夫和徐懋庸也到上海来了。,13,b81a6fa597122bb1bf4a4ef453c9737de62d273d2aa32e76a1f0655750156426,12043,12056,D:\1大创\左联知识库项目\data\processed\runtime_sources\左联史.txt,A=殷夫;B=徐懋庸,,no,no,pending_review,no,pending_cross_validation
REL-01610,ZLH-019,殷夫,ZLH-037,楼适夷,交游,low,medium,no,inferred,左联史,zuolian_shi,123,左联史 第123页,"悼念殷夫殷夫殉难不久,5月25日出版的《文艺新闻》第11期发表适夷的文章《白葳印象记》(署名林萄)。",50,c9a26edf98f42f5649246f6185d5c936cfdcd20f21849c85fe2d0afd602ef683,181383,181433,D:\1大创\左联知识库项目\data\processed\runtime_sources\左联史.txt,A=殷夫;B=适夷,,no,no,supported,yes,pending_cross_validation
REL-01613,ZLH-019,殷夫,ZLH-042,魏金枝,文学论战,low,medium,no,inferred,左联史,zuolian_shi,473,左联史 第473页,"1931年1月,柔石、李伟森、胡也频、殷夫、冯铿等左联作家被捕,魏金枝离沪去杭州暂避,在杭州财务学校任职。",53,23eeabe3eed8ebe3554bf97c6f5178dc693d0c356fe7bdb29beeae922526d8c3,729347,729400,D:\1大创\左联知识库项目\data\processed\runtime_sources\左联史.txt,A=殷夫;B=魏金枝,,no,no,supported,yes,pending_cross_validation
REL-01615,ZLH-019,殷夫,ZLH-045,周立波,同属组织,critical,low,no,pending_review,左联词典,zuolian_cidian,239,左联词典 第239页,"10月,又任中国左翼文化总同盟常委、宣传部长,分工货货联系十余所大学的文艺社团,常与周立波、殷夫、任钧等盟员去复旦大学等校开展活动,鲁迅、蔡和森等都被他请来作过报告.",83,2bacc7bf51807726a893aec56e8ca8423757c325759d2932e96b94a8c7b7f93d,155741,155824,D:\1大创\左联知识库项目\data\processed\runtime_sources\左联词典.txt,A=殷夫;B=周立波,,no,no,pending_review,no,pending_cross_validation
REL-01617,ZLH-019,殷夫,ZLH-048,王任叔,合作,high,medium,no,pending_review,左联词典,zuolian_cidian,141,左联词典 第141页,"不久中国左翼作家联盟为李伟森、朐也频、柔石、殷夫、冯筹被害和王任叔的被捕发表《中国左翼作家联盟为国民党屠杀大批革命作完致各国革命文学和文化团体及一切为人类进步而工作的著作家思想家的信》(载同年6月美国《新群众37卷7期),问国际进步文化界揭露图民兑反动派的暴行。",131,fb12e5970b7615ada6d1601d61c619a3c8cbe8dd067753065b3ce9169f1ea560,69054,69185,D:\1大创\左联知识库项目\data\processed\runtime_sources\左联词典.txt,A=殷夫;B=王任叔,,no,no,pending_review,no,pending_cross_validation
REL-01619,ZLH-019,殷夫,ZLH-054,许幸之,同属组织,critical,low,no,pending_review,左联史,zuolian_shi,20,左联史 第20页,"这天下午2时,在上海虹口窦乐安路233号(今多伦路201弄2号)中华艺术大学一间教室里,秘密举行中国左翼作家联盟成立大会,鲁迅和潘汉年、冯乃超、沈端先、冯雪峰、田汉、钱杏郫、郑伯奇、阳翰笙、彭康、周全平、柔石、李伟森、徐殷夫、冯铿、朱镜我、林伯修、王一榴、王任叔、许幸之、陶晶孙、邱韵铎、沈叶沉、冯宪章、孟超、黄素、洪灵菲、戴平万、沈起予、龚冰庐、徐迅雷、庞大恩、童长荣、杜衡、叶灵凤、戴望舒、蔡子、王洁予、顾凤城、莞尔、许峨、韩侍桁、侯鲁史、吴贯中、刘锡五、丁锐爪、程少怀、杨纤如、陈正道、石哥鹤、周伯勋、李初梨史等50余人出席.",266,ca284cb68e5ff4363bafcc4000caf28289f5100982544c97ce696d4b024d81a7,19283,19549,D:\1大创\左联知识库项目\data\processed\runtime_sources\左联史.txt,A=殷夫;B=许幸之,,yes,no,pending_review,no,pending_cross_validation
REL-01620,ZLH-019,殷夫,ZLH-058,郭沫若,交游,low,medium,no,inferred,左联史,zuolian_shi,548,左联史 第548页,"1936年4月,左翼文学月刊《文学丛报》创刊,王元亨、马子华主编,由于他和同志们的努力,得到了鲁迅、郭沫若的大力支持,从4月1日诞生号到7月1日的第4期,每期都发表一篇鲁迅的文章:《白葳遗诗序》、《关于〈白莽遗诗序〉的声明》、《我要骗人》、《答托洛斯基派的信》,后来该刊被当局查禁,罪名便是“每期都有鲁迅的文章“。",157,4b42ed6e27caaedbe1885575a8872f8462b5c70303d3373362c4f8bb64f3804b,861554,861711,D:\1大创\左联知识库项目\data\processed\runtime_sources\左联史.txt,A=白莽;B=郭沫若,主编,no,no,supported,yes,pending_cross_validation
REL-01625,ZLH-019,殷夫,ZLH-067,任钧,合作,critical,medium,no,pending_review,左联词典,zuolian_cidian,239,左联词典 第239页,"10月,又任中国左翼文化总同盟常委、宣传部长,分工货货联系十余所大学的文艺社团,常与周立波、殷夫、任钧等盟员去复旦大学等校开展活动,鲁迅、蔡和森等都被他请来作过报告.",83,2bacc7bf51807726a893aec56e8ca8423757c325759d2932e96b94a8c7b7f93d,155741,155824,D:\1大创\左联知识库项目\data\processed\runtime_sources\左联词典.txt,A=殷夫;B=任钧,,no,no,pending_review,no,pending_cross_validation
REL-01644,ZLH-019,殷夫,ZLH-120,夏征农,纪念/悼念,critical,medium,no,pending_review,左联词典,zuolian_cidian,561,左联词典 第561页,"收左联回忆录4篇,《关于(文艺界的统一战线问题〉一文发表始末》(夏征农)《野火烧不尽,春风吹又生一一东京左联活动的回顾》(蔡北华)、《大夏旧事》(陈大戈)《回首忆当年一一我参加左联的前前后后》(龚川琨);论文10篇:《对殷夫〈孩儿塔〉的一些理解》(朱金顺)、《略谈柔石小说所受鲁迅的影响》(潘颂德)《十月先开“岭上梅“一一论冯锂的创作思想》(卫公),《简论胡也频的文艺思想(余仁凯)、《左联时期;马克思主义文艺理论的传播和理解》(陈鸣树).",220,eba0b20b991e03b3caee33aa52f8dd24716db2ff4cc6e41d691140a6ba5ae89e,432692,432912,D:\1大创\左联知识库项目\data\processed\runtime_sources\左联词典.txt,A=殷夫;B=夏征农,参加,no,yes,pending_review,no,pending_cross_validation
REL-01657,ZLH-019,殷夫,ZLH-141,高尔基,交游,low,medium,no,inferred,左联词典,zuolian_cidian,321,左联词典 第321页,"1931年2月,李伟森、胡也频、柔石、殷夫、冯铿等中国左翼作家惨遭国民党反动派杀害,萧三利用一切机会问世界各国文乃界人士包括高尔基控诉和揭霁蒋介石集团屠杀中国人民、摧残革命文化的暴行,从而使处在严重日色恢怖中的中国左翼文学获得了厂泛的国际声援。",122,335546daf21f334c42dc93c2f3bfe02420f36a041c658b860a9f5a948b1c8b90,228097,228219,D:\1大创\左联知识库项目\data\processed\runtime_sources\左联词典.txt,A=殷夫;B=高尔基,,no,no,supported,yes,pending_cross_validation
REL-01662,ZLH-019,殷夫,ZLH-150,萧三,待核验,critical,low,yes,pending_review,左联词典,zuolian_cidian,321,左联词典 第321页,"1931年2月,李伟森、胡也频、柔石、殷夫、冯铿等中国左翼作家惨遭国民党反动派杀害,萧三利用一切机会问世界各国文乃界人士包括高尔基控诉和揭霁蒋介石集团屠杀中国人民、摧残革命文化的暴行,从而使处在严重日色恢怖中的中国左翼文学获得了厂泛的国际声援。",122,335546daf21f334c42dc93c2f3bfe02420f36a041c658b860a9f5a948b1c8b90,228097,228219,D:\1大创\左联知识库项目\data\processed\runtime_sources\左联词典.txt,A=殷夫;B=萧三,,no,no,pending_review,no,pending_cross_validation
REL-01663,ZLH-020,李求实,ZLH-021,丁玲,地下通讯,low,medium,no,inferred,左联词典,zuolian_cidian,147,左联词典 第147页,"1931年春,李伟森、柔石、胡也频、殷夫、冯锏5位左翼青年作家被害,参与宣传、组织有上十同学参加的大会,请丁玲作报告,轿动全校,是对国民党反动派的一次有力的控诉.",81,f1a3d9120b51509ca13c13b1cc1b54e4d1a31c3df26817381be65bc75692e3f4,74381,74462,D:\1大创\左联知识库项目\data\processed\runtime_sources\左联词典.txt,A=李伟森;B=丁玲,组织,no,no,supported,yes,pending_cross_validation
REL-01678,ZLH-020,李求实,ZLH-037,楼适夷,交游,low,medium,no,inferred,左联史,zuolian_shi,493,左联史 第493页,"这时,李伟森、柔石、胡也频、殷夫、冯铿5位左联盟员作家逼害已两月余,左联筹备出版机关刊《前哨》,创刊号为悼念5烈士的“纪念战死者专号“,在冯雪峰领导下,适夷负责该刊出版工作。",87,0bb1fd283abf4d8af719b16ef2625034b9f4167d3c794ce899da1a6089289445,764478,764565,D:\1大创\左联知识库项目\data\processed\runtime_sources\左联史.txt,A=李伟森;B=适夷,,no,no,supported,yes,pending_cross_validation
REL-01681,ZLH-020,李求实,ZLH-042,魏金枝,交游,low,medium,no,inferred,左联史,zuolian_shi,473,左联史 第473页,"1931年1月,柔石、李伟森、胡也频、殷夫、冯铿等左联作家被捕,魏金枝离沪去杭州暂避,在杭州财务学校任职。",53,23eeabe3eed8ebe3554bf97c6f5178dc693d0c356fe7bdb29beeae922526d8c3,729347,729400,D:\1大创\左联知识库项目\data\processed\runtime_sources\左联史.txt,A=李伟森;B=魏金枝,,no,no,supported,yes,pending_cross_validation
REL-01685,ZLH-020,李求实,ZLH-048,王任叔,交游,low,medium,no,inferred,左联史,zuolian_shi,475,左联史 第475页,"这时左联为揭露、抗议国民党反动派杀害李伟森、柔石、胡也频、殴夫、冯铿5位盟员作家,发布了《中国左翼作家联盟为国民党屠杀大批革命作家致各国革命文学和文化团体及一切为人类进步而工作的著作家思想家书》,这个文件也对国民党当局逸捕王任叔提出抗议。",119,55944a063b4437ca5037eafdb4cf99393730ba8020a5b288a6ebc41f08cbd82a,732768,732887,D:\1大创\左联知识库项目\data\processed\runtime_sources\左联史.txt,A=李伟森;B=王任叔,,no,no,supported,yes,pending_cross_validation
REL-01686,ZLH-020,李求实,ZLH-054,许幸之,同属组织,critical,low,no,pending_review,左联史,zuolian_shi,20,左联史 第20页,"这天下午2时,在上海虹口窦乐安路233号(今多伦路201弄2号)中华艺术大学一间教室里,秘密举行中国左翼作家联盟成立大会,鲁迅和潘汉年、冯乃超、沈端先、冯雪峰、田汉、钱杏郫、郑伯奇、阳翰笙、彭康、周全平、柔石、李伟森、徐殷夫、冯铿、朱镜我、林伯修、王一榴、王任叔、许幸之、陶晶孙、邱韵铎、沈叶沉、冯宪章、孟超、黄素、洪灵菲、戴平万、沈起予、龚冰庐、徐迅雷、庞大恩、童长荣、杜衡、叶灵凤、戴望舒、蔡子、王洁予、顾凤城、莞尔、许峨、韩侍桁、侯鲁史、吴贯中、刘锡五、丁锐爪、程少怀、杨纤如、陈正道、石哥鹤、周伯勋、李初梨史等50余人出席.",266,ca284cb68e5ff4363bafcc4000caf28289f5100982544c97ce696d4b024d81a7,19283,19549,D:\1大创\左联知识库项目\data\processed\runtime_sources\左联史.txt,A=李伟森;B=许幸之,,yes,no,pending_review,no,pending_cross_validation
REL-01703,ZLH-020,李求实,ZLH-097,王西彦,同属组织,critical,low,no,pending_review,左联词典,zuolian_cidian,520,左联词典 第520页,“部份盟员“左联“时期活动篓介“介绍了丁玲、于伶、马宁、王西彦、王志之、王蕹嘉、方殷、艾芜、叶紫、田汉、田间、白曙、冯乃超、冯雪峰、冯锂、任白戈、任钧、阳翰笙、孙席珍、李伟森、吴奚如、应修人、沙汀、沈起子、张天翼、张松如、阿英、陈沂、林焕平、茅盾、郁达夫等31位盟员作家在左联时期的活动。,144,1c54b7552e43a916ff2acc15b4d28af1b87a832afae6bd45b668809cf99f7340,397549,397693,D:\1大创\左联知识库项目\data\processed\runtime_sources\左联词典.txt,A=李伟森;B=王西彦,介绍,yes,no,pending_review,no,pending_cross_validation
REL-01705,ZLH-020,李求实,ZLH-100,姚蓬子,同属组织,critical,low,no,pending_review,左联史,zuolian_shi,36,左联史 第36页,"-暮色苍茫,前来祝寿的人们渐渐散去,留下的22位各界代表和外宾参加祝寿晚宴,他们是:许广平、柔石、画室(冯雪峰)、冯乃超、华汉(阳翰笙)、蔡咏裳、董绍明、茅眉、叶圣陶、田汉、洪深、姚蓬子、杨邮人、魏金枝、李伟森、胡也频、冯铿、傅东华、石民以及外国友人史沫特莱和罗佛(又译乐芬,塔斯社驻上海记者)。",148,6f48d450320c798ddb5bbce66dbf0fafa96edfe71032031f923ddc8a5b7ffead,44379,44527,D:\1大创\左联知识库项目\data\processed\runtime_sources\左联史.txt,A=李伟森;B=姚蓬子,参加,yes,no,pending_review,no,pending_cross_validation
REL-01706,ZLH-020,李求实,ZLH-104,叶灵凤,同属组织,critical,low,no,pending_review,左联史,zuolian_shi,20,左联史 第20页,"这天下午2时,在上海虹口窦乐安路233号(今多伦路201弄2号)中华艺术大学一间教室里,秘密举行中国左翼作家联盟成立大会,鲁迅和潘汉年、冯乃超、沈端先、冯雪峰、田汉、钱杏郫、郑伯奇、阳翰笙、彭康、周全平、柔石、李伟森、徐殷夫、冯铿、朱镜我、林伯修、王一榴、王任叔、许幸之、陶晶孙、邱韵铎、沈叶沉、冯宪章、孟超、黄素、洪灵菲、戴平万、沈起予、龚冰庐、徐迅雷、庞大恩、童长荣、杜衡、叶灵凤、戴望舒、蔡子、王洁予、顾凤城、莞尔、许峨、韩侍桁、侯鲁史、吴贯中、刘锡五、丁锐爪、程少怀、杨纤如、陈正道、石哥鹤、周伯勋、李初梨史等50余人出席.",266,ca284cb68e5ff4363bafcc4000caf28289f5100982544c97ce696d4b024d81a7,19283,19549,D:\1大创\左联知识库项目\data\processed\runtime_sources\左联史.txt,A=李伟森;B=叶灵凤,,yes,no,pending_review,no,pending_cross_validation
REL-01725,ZLH-020,李求实,ZLH-141,高尔基,交游,low,medium,no,inferred,左联词典,zuolian_cidian,321,左联词典 第321页,"1931年2月,李伟森、胡也频、柔石、殷夫、冯铿等中国左翼作家惨遭国民党反动派杀害,萧三利用一切机会问世界各国文乃界人士包括高尔基控诉和揭霁蒋介石集团屠杀中国人民、摧残革命文化的暴行,从而使处在严重日色恢怖中的中国左翼文学获得了厂泛的国际声援。",122,335546daf21f334c42dc93c2f3bfe02420f36a041c658b860a9f5a948b1c8b90,228097,228219,D:\1大创\左联知识库项目\data\processed\runtime_sources\左联词典.txt,A=李伟森;B=高尔基,,no,no,supported,yes,pending_cross_validation
REL-01729,ZLH-020,李求实,ZLH-150,萧三,待核验,critical,low,yes,pending_review,左联词典,zuolian_cidian,321,左联词典 第321页,"1931年2月,李伟森、胡也频、柔石、殷夫、冯铿等中国左翼作家惨遭国民党反动派杀害,萧三利用一切机会问世界各国文乃界人士包括高尔基控诉和揭霁蒋介石集团屠杀中国人民、摧残革命文化的暴行,从而使处在严重日色恢怖中的中国左翼文学获得了厂泛的国际声援。",122,335546daf21f334c42dc93c2f3bfe02420f36a041c658b860a9f5a948b1c8b90,228097,228219,D:\1大创\左联知识库项目\data\processed\runtime_sources\左联词典.txt,A=李伟森;B=萧三,,no,no,pending_review,no,pending_cross_validation
REL-01730,ZLH-021,丁玲,ZLH-022,张天翼,交游,low,medium,no,inferred,左联史,zuolian_shi,497,左联史 第497页,"此后,张天翼又根据中共地下党的安排,参与营救丁玲的工作,使她得以逃离南京到上海。",40,ddcc9af1b710d056ca0e65f4adc51596e3400c403fccf640d0ef48ac013b28af,771442,771482,D:\1大创\左联知识库项目\data\processed\runtime_sources\左联史.txt,A=丁玲;B=张天翼,营救,no,no,supported,yes,pending_cross_validation
REL-01731,ZLH-021,丁玲,ZLH-023,叶紫,交游,low,medium,no,inferred,左联词典,zuolian_cidian,550,左联词典 第550页,"具体评述了丁玲的《水》,茅盾《农村三部曲》,叶紫《丰收3、《火》,汹汀《老人》,夏征农《禾场上》,徐盈《旱》,王任叛《乡长先生》等左联乡土文学作品。",74,ca5760dbfa3486de09aadc1bc0b5dc019a57ec0571e29aa65a7adca64e5854cb,422783,422857,D:\1大创\左联知识库项目\data\processed\runtime_sources\左联词典.txt,A=丁玲;B=叶紫,,no,no,supported,yes,pending_cross_validation
REL-01732,ZLH-021,丁玲,ZLH-024,艾芜,纪念/悼念,high,medium,no,pending_review,左联词典,zuolian_cidian,214,左联词典 第214页,"不久应丁玲之邀出席《北斗》杂志召开的作者座谈会,结识艾芜、沙汀、穆木天等左翼作家.",41,ff10879571ada46d2b79e95dcccd8c33cb69bfeba645fb692416ef790cf8eeef,133815,133856,D:\1大创\左联知识库项目\data\processed\runtime_sources\左联词典.txt,A=丁玲;B=艾芜,邀,no,no,pending_review,no,pending_cross_validation
REL-01733,ZLH-021,丁玲,ZLH-025,沙汀,纪念/悼念,high,medium,no,pending_review,左联词典,zuolian_cidian,214,左联词典 第214页,"不久应丁玲之邀出席《北斗》杂志召开的作者座谈会,结识艾芜、沙汀、穆木天等左翼作家.",41,ff10879571ada46d2b79e95dcccd8c33cb69bfeba645fb692416ef790cf8eeef,133815,133856,D:\1大创\左联知识库项目\data\processed\runtime_sources\左联词典.txt,A=丁玲;B=沙汀,邀,no,no,pending_review,no,pending_cross_validation
REL-01734,ZLH-021,丁玲,ZLH-026,胡风,交游,low,medium,no,inferred,左联史,zuolian_shi,72,左联史 第72页,"在上海期间,胡风会见了文总党团书记冯雪峰,也见到了中国左联党团书记丁玲和《文学月报》主编周起应(周扬),这些会见都很愉快,给胡风留下很好的印象。",72,b73001fc2252a6be3ffaf86168fc30e5905a68b7260669c7dd25820187b43da7,101370,101442,D:\1大创\左联知识库项目\data\processed\runtime_sources\左联史.txt,A=丁玲;B=胡风,会见,no,no,supported,yes,pending_cross_validation
REL-01736,ZLH-021,丁玲,ZLH-028,萧红,同属组织,critical,low,no,pending_review,左联词典,zuolian_cidian,549,左联词典 第549页,"论述丁玲、白薇、冯铿以及萧红、罗淑等女无联研究资料简介作家在创作题材方面的新开拓、新变化,认为三十年代的左翼女性义学具有女性意识的“无性化“、同中国社会现实关系的深化等独特形态,展现了独具的风木,是五四时期女性文学“个性女性意识“合乎逻辑的延伸。",123,10338e3856f28b37363d50eaa4e28f27cf5c04cf8fede60216497fa7009efc6c,422208,422331,D:\1大创\左联知识库项目\data\processed\runtime_sources\左联词典.txt,A=丁玲;B=萧红,,no,yes,pending_review,no,pending_cross_validation
REL-01737,ZLH-021,丁玲,ZLH-029,聂绀弩,同属组织,critical,low,no,pending_review,左联史,zuolian_shi,448,左联史 第448页,"10月中旬,作家聂绀弩奉命护送丁玲化装去西安,等待机会进苏区。",31,0e4e70555da42a8ca1ca2a45b0bd43a6f9dc67d0c9387196f10e6a4ae067b6ec,685905,685936,D:\1大创\左联知识库项目\data\processed\runtime_sources\左联史.txt,A=丁玲;B=聂绀弩,,no,no,pending_review,no,pending_cross_validation
REL-01738,ZLH-021,丁玲,ZLH-030,吴奚如,交游,low,medium,no,inferred,左联史,zuolian_shi,169,左联史 第169页,"《最后一课》发表后,丁玲函邀李辉英出席“《北斗》读者座试会“,他准时到会,在会上,他结识了也是正开始文学创作的青年作家艾芜、沙汀,认识了东北籍前辈作家穆木天,也结识了《北斗》主D艾芜《一十年代的一帽剪影》@吴奚如《左联大众化工作委员会的活动》。",122,1dbd57414b47923acc1f5f41cf9c5583936111f6bfe7681e9926c128ea96cb6b,249213,249335,D:\1大创\左联知识库项目\data\processed\runtime_sources\左联史.txt,A=丁玲;B=吴奚如,邀,no,no,supported,yes,pending_cross_validation
REL-01739,ZLH-021,丁玲,ZLH-031,葛琴,交游,low,medium,no,inferred,左联词典,zuolian_cidian,680,左联词典 第680页,"小说二集)、丁玲的《母亲》、周文的《父子之间)、葛琴的《总退却》、曹靖华《苏联作家七人集》等书的编辑出版情况,也谈及作者本人在鲁迅精神鼓彗下,出版《中国版画史)、《英国版画集》等图籍的经过。",95,9e273689475bd2028d8735195e10456d90a94884f01e02e1203ac07a45d670a9,533457,533552,D:\1大创\左联知识库项目\data\processed\runtime_sources\左联词典.txt,A=丁玲;B=葛琴,编辑,no,no,supported,yes,pending_cross_validation
REL-01742,ZLH-021,丁玲,ZLH-035,李辉英,待核验,critical,low,no,pending_review,左联史,zuolian_shi,169,左联史 第169页,"《最后一课》发表后,丁玲函邀李辉英出席“《北斗》读者座试会“,他准时到会,在会上,他结识了也是正开始文学创作的青年作家艾芜、沙汀,认识了东北籍前辈作家穆木天,也结识了《北斗》主D艾芜《一十年代的一帽剪影》@吴奚如《左联大众化工作委员会的活动》。",122,1dbd57414b47923acc1f5f41cf9c5583936111f6bfe7681e9926c128ea96cb6b,249213,249335,D:\1大创\左联知识库项目\data\processed\runtime_sources\左联史.txt,A=丁玲;B=李辉英,邀,no,no,pending_review,no,pending_cross_validation
REL-01743,ZLH-021,丁玲,ZLH-036,穆木天,交游,medium,medium,no,inferred,左联词典,zuolian_cidian,214,左联词典 第214页,"不久应丁玲之邀出席《北斗》杂志召开的作者座谈会,结识艾芜、沙汀、穆木天等左翼作家.",41,ff10879571ada46d2b79e95dcccd8c33cb69bfeba645fb692416ef790cf8eeef,133815,133856,D:\1大创\左联知识库项目\data\processed\runtime_sources\左联词典.txt,A=丁玲;B=穆木天,邀,no,no,supported,yes,pending_cross_validation
REL-01744,ZLH-021,丁玲,ZLH-037,楼适夷,同属组织,high,low,yes,pending_review,左联词典,zuolian_cidian,132,左联词典 第132页,"贺词由鲁迅、茅盾、丁玲、曹靖华、洛扬(汞雪峰)、奕如(夏衍),适夷联名签署.",38,b75ddb557750af72b6b6d81e3b7328651334dc85d3fd8fa2dbd5f123788140bd,60999,61037,D:\1大创\左联知识库项目\data\processed\runtime_sources\左联词典.txt,A=丁玲;B=适夷,联名,no,no,pending_review,no,pending_cross_validation
REL-01746,ZLH-021,丁玲,ZLH-039,欧阳山,交游,low,medium,no,inferred,左联史,zuolian_shi,431,左联史 第431页,"1934一1935年,另一位美国记者伊罗生也要编译一部现代中国小说选,名为《草鞋脚》,请鲁迅、茅盾推荐作品,他们推荐了一批左翼作家的佳作,如征农《禾场上》、欧阳山《水棚里的清道夫》、草明《倾跌》、张天翼《一件寻常事》、葛琴《总退却》、艾芜《咆哮的许家屯》、东平《通讯员》、沙汀《老人》、丁九(应修人)《金宝塔银宝塔》、适夷《死》、何谷天《雪地》、魏金枝《制服》、茅盾《大泽乡》、丁玲《莎菲女士的日记》和《水》等。",206,7e0e0e073542393c83d8bfab925e55864ef687ea04814aa8627a51a9fe12baa1,656372,656578,D:\1大创\左联知识库项目\data\processed\runtime_sources\左联史.txt,A=丁玲;B=欧阳山,推荐,no,no,supported,yes,pending_cross_validation
REL-01747,ZLH-021,丁玲,ZLH-042,魏金枝,地下通讯,low,medium,no,inferred,左联史,zuolian_shi,562,左联史 第562页,"与戴望舒合编“现代创作丛刊“,收左联作家张天翼、丁玲、魏金枝、何家槐、穆木天等的作品9种。",45,9f0ad809b4abd1d4079dec77d69b4f3754cf3c9901c2e859591ae1d8464bc96e,884903,884948,D:\1大创\左联知识库项目\data\processed\runtime_sources\左联史.txt,A=丁玲;B=魏金枝,合编,no,no,supported,yes,pending_cross_validation
REL-01754,ZLH-021,丁玲,ZLH-054,许幸之,待核验,critical,low,yes,pending_review,左联史,zuolian_shi,719,左联史 第719页,"小说还有冯铿《小阿强》、丁玲《给孩子们》、张天翼《大林和小林》、金《袁》的广告丁《孩子们》、征农《孩子的想头》,童话有白兮《---个巨人的诞生》、屈轶《猫的权威》,剧本有穆木天《K镇的某日午后》、许幸之《最后一课》和《古庙钟声》、尤兜《蹄下》,故事有沈西苓《电影是个snzeacssas|EAsqAtxexhni1Ap-ptacehsies探t直nnEEE3LEILZJ〇“更聚仁《文坛新控诉》,1936年1月1日《时事新报青光3。",216,a9ba27d26dcbee1445f0151bec9f900b0a4b92db8962a00811feee24951b76da,1120805,1121021,D:\1大创\左联知识库项目\data\processed\runtime_sources\左联史.txt,A=丁玲;B=许幸之,,no,no,pending_review,no,pending_cross_validation
REL-01756,ZLH-021,丁玲,ZLH-058,郭沫若,交游,low,medium,no,inferred,左联史,zuolian_shi,465,左联史 第465页,"1934年,他在《国际文学》发表《十五年来的中国革命文学》一文,热情评价鲁迅、郭沫若、茅盾、蒋光慈、丁玲、适夷等左联作家以及《子夜》、《田家冲》等作品,介绍了左联的巩固壮大及在文学战线上取得的一系列重要成就。",104,30eb1c8a2d3cce39ea8297c469d03fbdf53f80208a3013eab78c55b3f34f943a,714594,714698,D:\1大创\左联知识库项目\data\processed\runtime_sources\左联史.txt,A=丁玲;B=郭沫若,介绍,no,no,supported,yes,pending_cross_validation
REL-01757,ZLH-021,丁玲,ZLH-059,白薇,待核验,critical,low,no,pending_review,左联史,zuolian_shi,500,左联史 第500页,"回到上海后,她参加中国左翼作家联盟的活动,结识了白薇、丁玲、穆木天等盟员作家,与一些盟员成为好朋友,甚至还跟一位盟员作家顾凤城结了婚。",67,9aa86b5b4d83b5e675b7c6e11ec4d6f0e46e8305744233c8b4ab8490907f1246,777031,777098,D:\1大创\左联知识库项目\data\processed\runtime_sources\左联史.txt,A=丁玲;B=白薇,参加,no,no,pending_review,no,pending_cross_validation
REL-01762,ZLH-021,丁玲,ZLH-067,任钧,纪念/悼念,high,medium,no,pending_review,左联史,zuolian_shi,537,左联史 第537页,"1932年2月初,接《北斗》杂志社通知,参加《北斗》作者座谈会,他第一次见到丁玲,结识了左联盟员作家穆木天、沙汀、艾莅,后来又结识左联诗人蒲风、任钧等。",76,4d00d93bef3bc9ed28f8a6e18abf23ef60e79fc0425f67ff36d3a4df2570490d,842191,842267,D:\1大创\左联知识库项目\data\processed\runtime_sources\左联史.txt,A=丁玲;B=任钧,参加,no,no,pending_review,no,pending_cross_validation
REL-01765,ZLH-021,丁玲,ZLH-074,严文井,同属组织,high,low,yes,pending_review,左联史,zuolian_shi,440,左联史 第440页,周扬、巴金、叶圣陶、丁玲、欧阳山、冰心、艾青、沈兹九、周海婴、邓力群、冯文彬、周蟹峙、贺敬之、杨秀峰、陈翰伯、严文井、韦君宜及全国文艺界知名人士和冯雪峰同志生前友好等共一千余人参加追悼会。,94,6d945bcadbf5466ec7561b83b7448d8dc732e94d16e9fa3e48827e8ac01ebbdd,672380,672474,D:\1大创\左联知识库项目\data\processed\runtime_sources\左联史.txt,A=丁玲;B=严文井,参加,yes,no,pending_review,no,pending_cross_validation
REL-01767,ZLH-021,丁玲,ZLH-080,陈企霞,交游,low,medium,no,inferred,左联史,zuolian_shi,71,左联史 第71页,"1957年,在批判所谓“丁玲、陈企霞反党集团“的政治运动中,周扬在9月17日召开的中国作家协会党组扩大会议上公开宣布:“丁玲早在1933年在南京向国民党自首,从特务机关的阶下囚一变而为他们的座上客,背叛了共产党和工人阶级….",112,1afd753d8684a627245c4e391ff47379b340f951acf73c9949b93e468d920904,361920,362032,D:\1大创\左联知识库项目\data\processed\runtime_sources\左联史.txt,A=丁玲;B=陈企霞,批判,no,no,supported,yes,pending_cross_validation
REL-01769,ZLH-021,丁玲,ZLH-083,林焕平,同属组织,critical,low,no,pending_review,左联词典,zuolian_cidian,520,左联词典 第520页,“部份盟员“左联“时期活动篓介“介绍了丁玲、于伶、马宁、王西彦、王志之、王蕹嘉、方殷、艾芜、叶紫、田汉、田间、白曙、冯乃超、冯雪峰、冯锂、任白戈、任钧、阳翰笙、孙席珍、李伟森、吴奚如、应修人、沙汀、沈起子、张天翼、张松如、阿英、陈沂、林焕平、茅盾、郁达夫等31位盟员作家在左联时期的活动。,144,1c54b7552e43a916ff2acc15b4d28af1b87a832afae6bd45b668809cf99f7340,397549,397693,D:\1大创\左联知识库项目\data\processed\runtime_sources\左联词典.txt,A=丁玲;B=林焕平,介绍,yes,no,pending_review,no,pending_cross_validation
REL-01771,ZLH-021,丁玲,ZLH-091,叶以群,待核验,critical,low,no,pending_review,左联词典,zuolian_cidian,193,左联词典 第193页,"1932年春和田汉、丁玲、叶以群、李岫石一起参加入党仪式,会上,聆昕了瞿秋白的长篇讲话,深受教育鼓舞。",51,1f2babbd34ba5c9f7b698744c5121df0a03cfc3b9529336395242882cb842255,114780,114831,D:\1大创\左联知识库项目\data\processed\runtime_sources\左联词典.txt,A=丁玲;B=叶以群,一起,no,no,pending_review,no,pending_cross_validation
REL-01773,ZLH-021,丁玲,ZLH-096,王统照,交游,low,medium,no,inferred,左联史,zuolian_shi,433,左联史 第433页,"他先后发表了《徐志摩论)《庐隐论》、《冰心论》、《落华生论3》、《王统照的〈山雨)》、《西柳集》、《诗人与〈夜)》等,还在《文艺月报》、《文学》发表一系列评论,涉及我国当代文学的方方面面,重点是论述左翼作家作品及左翼报刊,如《女作家丁玲》、《丁玲的〈母亲3》、《关于〈禾场上33》、《“九.",145,0eed341872ad92848d993f52360f1d7f677b505019e9f03c2e561e5afb01f97c,659298,659443,D:\1大创\左联知识库项目\data\processed\runtime_sources\左联史.txt,A=丁玲;B=王统照,,no,no,supported,yes,pending_cross_validation
REL-01774,ZLH-021,丁玲,ZLH-097,王西彦,同属组织,critical,low,no,pending_review,左联词典,zuolian_cidian,520,左联词典 第520页,“部份盟员“左联“时期活动篓介“介绍了丁玲、于伶、马宁、王西彦、王志之、王蕹嘉、方殷、艾芜、叶紫、田汉、田间、白曙、冯乃超、冯雪峰、冯锂、任白戈、任钧、阳翰笙、孙席珍、李伟森、吴奚如、应修人、沙汀、沈起子、张天翼、张松如、阿英、陈沂、林焕平、茅盾、郁达夫等31位盟员作家在左联时期的活动。,144,1c54b7552e43a916ff2acc15b4d28af1b87a832afae6bd45b668809cf99f7340,397549,397693,D:\1大创\左联知识库项目\data\processed\runtime_sources\左联词典.txt,A=丁玲;B=王西彦,介绍,yes,no,pending_review,no,pending_cross_validation
REL-01775,ZLH-021,丁玲,ZLH-098,沈从文,创作合作,low,medium,no,inferred,左联史,zuolian_shi,106,左联史 第106页,"“8胡也频被捕后,丁玲、沈从文积极进行营救。",22,a650ebfda5e58a9e9a886878d2a722de0bc6ec3202608b0c25ec5050d3531fdf,154317,154339,D:\1大创\左联知识库项目\data\processed\runtime_sources\左联史.txt,A=丁玲;B=沈从文,营救,no,no,supported,yes,pending_cross_validation
REL-01777,ZLH-021,丁玲,ZLH-100,姚蓬子,交游,low,medium,no,inferred,左联史,zuolian_shi,186,左联史 第186页,“左联作家丁玲、陶晶孙、蓬子名列其中。,19,2f6c153ecdfc61e4792198711a9986ef4b2a0ea005cd9a7bfccf6c30317f3e9d,277957,277976,D:\1大创\左联知识库项目\data\processed\runtime_sources\左联史.txt,A=丁玲;B=蓬子,,no,no,supported,yes,pending_cross_validation
REL-01778,ZLH-021,丁玲,ZLH-104,叶灵凤,地下通讯,low,medium,no,inferred,左联史,zuolian_shi,17,左联史 第17页,"林伯修(杜国库)、洪灵菲、戴平万等的“我们社“和《我们月刊》,胡也频、丁玲的“《红黑》社“以及《现代小说》(叶灵凤编)、《无轨列车》(施蛟存等编)、《新文艺》(戴望舒、施蛰存等编)、《南国月刊》(田汉编)等,也都积极提倡无产阶级革命文学;此外还有一些小型文艺杂志如《洪荒》、《泰东月刊》、《戈壁》、《山雨》、《白露》等,也都属于《创造月刊》、《太阳月刊》的队列,做出了各自的努力,这些文艺社团的不少成员,后来也加人了左联。",211,09fce5d977522d996612573a2ffa0273c37d9272774844ebffce487d225480a6,15243,15454,D:\1大创\左联知识库项目\data\processed\runtime_sources\左联史.txt,A=丁玲;B=叶灵凤,,no,no,supported,yes,pending_cross_validation
REL-01779,ZLH-021,丁玲,ZLH-105,沈起予,同属组织,critical,low,no,pending_review,左联史,zuolian_shi,143,左联史 第143页,"在这里发表的重要作品有鲁迅的名文《我们不再受骗了》,陈笑峰(瞿秋白)的系列杂文《笑峰酯弹》,丁玲的中篇《水》,葛植的《总退却》,李辉英的《最后一课》,张天翼的《大林和小林》,姚蓬子的《一幅剪影》、《一侍女》,沈起予的《虚脚楼》,何典(茅盾〉的《喜剧》,耶林的《村中》,文君(杨之华)的《豆腐阿姐》,慧中(彭慧)的《米》等小说;适夷的剧本《S.",171,ec534df916fa7c1d763d4b3a6a18d016e9c712e200c2c4fa5c7607dc1f75d3ba,209255,209426,D:\1大创\左联知识库项目\data\processed\runtime_sources\左联史.txt,A=丁玲;B=沈起予,,no,no,pending_review,no,pending_cross_validation
REL-01781,ZLH-021,丁玲,ZLH-112,戴望舒,交游,medium,medium,no,inferred,左联史,zuolian_shi,562,左联史 第562页,"与戴望舒合编“现代创作丛刊“,收左联作家张天翼、丁玲、魏金枝、何家槐、穆木天等的作品9种。",45,9f0ad809b4abd1d4079dec77d69b4f3754cf3c9901c2e859591ae1d8464bc96e,884903,884948,D:\1大创\左联知识库项目\data\processed\runtime_sources\左联史.txt,A=丁玲;B=戴望舒,合编,no,no,supported,yes,pending_cross_validation
REL-01782,ZLH-021,丁玲,ZLH-113,施蛰存,同属组织,critical,low,yes,pending_review,左联史,zuolian_shi,17,左联史 第17页,"林伯修(杜国库)、洪灵菲、戴平万等的“我们社“和《我们月刊》,胡也频、丁玲的“《红黑》社“以及《现代小说》(叶灵凤编)、《无轨列车》(施蛟存等编)、《新文艺》(戴望舒、施蛰存等编)、《南国月刊》(田汉编)等,也都积极提倡无产阶级革命文学;此外还有一些小型文艺杂志如《洪荒》、《泰东月刊》、《戈壁》、《山雨》、《白露》等,也都属于《创造月刊》、《太阳月刊》的队列,做出了各自的努力,这些文艺社团的不少成员,后来也加人了左联。",211,09fce5d977522d996612573a2ffa0273c37d9272774844ebffce487d225480a6,15243,15454,D:\1大创\左联知识库项目\data\processed\runtime_sources\左联史.txt,A=丁玲;B=施蛰存,,no,no,pending_review,no,pending_cross_validation
REL-01784,ZLH-021,丁玲,ZLH-116,孙席珍,地下通讯,low,medium,no,inferred,左联词典,zuolian_cidian,557,左联词典 第557页,"全书分两部分:第一部分是《鲁迅生平》和《药》、《一件小事》、《孔乙已》、《祝福》、《风筝)《论“他妈的“!1)、《离婚》等鲁迅作品7篇;第二部分是其他中国作家的小说17篇:《为奴隶的母亲》(柔石)、《自杀》(茅盾)、《拗汊》(茅盾)、《水》(丁玲)、《消息》(丁玲)、《狗》(巴金)、《柏子》(沈从文)、《阿娥》(孙席珍)、《在“大连号“轮船上》(田军)、《第三支枪》(田军)、《狗肉将军》(林语堂)、《皈依》(萧乾)、《紫藤与茵葡》(郁达夫)、《移行》(张天翼)、《十字架》(郭沫若)、《一部遗失了的日记片断》(失名)、《法律外的航线(沙汀)书后有附录两种,《现代中国文学运动》(尼姆,威尔士)和参考书目。",304,61010ef89ba6b2d0ea6003b4e257b22656db069d7ab697e4b0e74d4c3f643459,428626,428930,D:\1大创\左联知识库项目\data\processed\runtime_sources\左联词典.txt,A=丁玲;B=孙席珍,,no,no,supported,yes,pending_cross_validation
REL-01785,ZLH-021,丁玲,ZLH-119,何家槐,地下通讯,low,medium,no,inferred,左联史,zuolian_shi,562,左联史 第562页,"与戴望舒合编“现代创作丛刊“,收左联作家张天翼、丁玲、魏金枝、何家槐、穆木天等的作品9种。",45,9f0ad809b4abd1d4079dec77d69b4f3754cf3c9901c2e859591ae1d8464bc96e,884903,884948,D:\1大创\左联知识库项目\data\processed\runtime_sources\左联史.txt,A=丁玲;B=何家槐,合编,no,no,supported,yes,pending_cross_validation
REL-01786,ZLH-021,丁玲,ZLH-120,夏征农,交游,low,medium,no,inferred,左联史,zuolian_shi,431,左联史 第431页,"1934一1935年,另一位美国记者伊罗生也要编译一部现代中国小说选,名为《草鞋脚》,请鲁迅、茅盾推荐作品,他们推荐了一批左翼作家的佳作,如征农《禾场上》、欧阳山《水棚里的清道夫》、草明《倾跌》、张天翼《一件寻常事》、葛琴《总退却》、艾芜《咆哮的许家屯》、东平《通讯员》、沙汀《老人》、丁九(应修人)《金宝塔银宝塔》、适夷《死》、何谷天《雪地》、魏金枝《制服》、茅盾《大泽乡》、丁玲《莎菲女士的日记》和《水》等。",206,7e0e0e073542393c83d8bfab925e55864ef687ea04814aa8627a51a9fe12baa1,656372,656578,D:\1大创\左联知识库项目\data\processed\runtime_sources\左联史.txt,A=丁玲;B=征农,推荐,no,no,supported,yes,pending_cross_validation
REL-01788,ZLH-021,丁玲,ZLH-122,许广平,交游,low,medium,no,inferred,左联史,zuolian_shi,448,左联史 第448页,"10月20日,惊悉鲁迅不幸病逝上海,悲痛万分的丁玲化名“耀高伊“给许广平发去唁函,表示沉痛哀悼。",48,f5b1ede5f4f4301e8c552d1e55d2ba77f6e380440cae88de5c3601fa9361582e,685936,685984,D:\1大创\左联知识库项目\data\processed\runtime_sources\左联史.txt,A=丁玲;B=许广平,,no,no,supported,yes,pending_cross_validation
REL-01790,ZLH-021,丁玲,ZLH-127,曹靖华,交游,low,medium,no,inferred,左联词典,zuolian_cidian,132,左联词典 第132页,"贺词由鲁迅、茅盾、丁玲、曹靖华、洛扬(汞雪峰)、奕如(夏衍),适夷联名签署.",38,b75ddb557750af72b6b6d81e3b7328651334dc85d3fd8fa2dbd5f123788140bd,60999,61037,D:\1大创\左联知识库项目\data\processed\runtime_sources\左联词典.txt,A=丁玲;B=曹靖华,联名,no,no,supported,yes,pending_cross_validation
REL-01791,ZLH-021,丁玲,ZLH-128,林语堂,文学论战,low,medium,no,inferred,左联史,zuolian_shi,186,左联史 第186页,"1932年7月12日,松庆龄发起组织“牛兰夫妇营救委员会“,左联有鲁迅、丁玲参加,柳亚子、蔡元培、林语堂、埃德加.",57,333b47345620485c4bdf6e90f168fc2c44bb02336c00fb034d8675274564ddb2,277976,278033,D:\1大创\左联知识库项目\data\processed\runtime_sources\左联史.txt,A=丁玲;B=林语堂,发起,no,no,supported,yes,pending_cross_validation
REL-01793,ZLH-021,丁玲,ZLH-130,杨杏佛,同属组织,high,low,yes,pending_review,左联史,zuolian_shi,239,左联史 第239页,"“杨杏佛之死,丁玲的失踪,在鲁迅心里,也在一切有正义感的人民心中留下了巨大的哀痛。",41,03c1ef7e737005fddbd92fc832026c4e6689fcf4f0f57d9edc25a9cb24744842,355206,355247,D:\1大创\左联知识库项目\data\processed\runtime_sources\左联史.txt,A=丁玲;B=杨杏佛,,no,no,pending_review,no,pending_cross_validation
REL-01799,ZLH-021,丁玲,ZLH-137,蔡元培,地下通讯,low,medium,no,inferred,左联史,zuolian_shi,186,左联史 第186页,"1932年7月12日,松庆龄发起组织“牛兰夫妇营救委员会“,左联有鲁迅、丁玲参加,柳亚子、蔡元培、林语堂、埃德加.",57,333b47345620485c4bdf6e90f168fc2c44bb02336c00fb034d8675274564ddb2,277976,278033,D:\1大创\左联知识库项目\data\processed\runtime_sources\左联史.txt,A=丁玲;B=蔡元培,发起,no,no,supported,yes,pending_cross_validation
REL-01800,ZLH-021,丁玲,ZLH-139,陈望道,创作合作,low,medium,no,inferred,左联史,zuolian_shi,142,左联史 第142页,"二八“战争期间,该会成员丁玲、白薇、何畏、陈望道、漆琪生等假座中社举行会议,决议援助神州国光社印刷所工人的姑工斗争及失业工人,慰劳前线将土等。",71,c398a306a5e25c272df39fe0c809a36adcbbd24599cb5d0b2e9274adba08ad62,207874,207945,D:\1大创\左联知识库项目\data\processed\runtime_sources\左联史.txt,A=丁玲;B=陈望道,援助,no,no,supported,yes,pending_cross_validation
REL-01801,ZLH-021,丁玲,ZLH-141,高尔基,交游,low,medium,no,inferred,左联史,zuolian_shi,445,左联史 第445页,"1931年11月是苏联作家高尔基文学创作40周年纪念,左联发表贺词《高尔基的四十年创作生活一一我们的庆祝》,鲁迅、茅盾、丁玲、曹靖华、洛扬(冯雪峰)、突如(夏衍)、适夷联名签署,对高尔基的思想与创作作了峄高评价。",106,af115319a1acedc5f54c556919509b731d438b1c19671e77973076e6c448c94d,681410,681516,D:\1大创\左联知识库项目\data\processed\runtime_sources\左联史.txt,A=丁玲;B=高尔基,联名,no,no,supported,yes,pending_cross_validation
REL-01804,ZLH-021,丁玲,ZLH-144,巴比塞,地下通讯,low,medium,no,inferred,左联史,zuolian_shi,562,左联史 第562页,"但也参加了一些重要的社会政治活动,如1932年部分左翰及进步作家发表《中国著作家为中苏复交致苏联电》,1933年《为横死之小林遗族募捐启》,为营救丁玲致南京国民党政府电,《中国著作家欢迎巴比塞代表团启事》等,他都签名表态。",111,d8851015bd2dbdb20d3112611581bfc6830baca9f51900ba9f33357be9b7079e,884792,884903,D:\1大创\左联知识库项目\data\processed\runtime_sources\左联史.txt,A=丁玲;B=巴比塞,签名,no,no,supported,yes,pending_cross_validation
REL-01805,ZLH-021,丁玲,ZLH-145,萧伯纳,交游,low,medium,no,inferred,左联史,zuolian_shi,88,左联史 第88页,"“(文中未提瞿秋白的名字和《东洋人出兵》的书名)作者向全世界关注中国的人们介绍了1933年问世的一些中国左耀文学作品:茅盾的长篇小说《子夜》,短篇小说集《春蚕》,丁玲的长篇小说《母亲》,短篇小说集《夜会》,沙汀的短篇集《法律外的航线》,李辉英的长篇小说《万宝山》,张天翼的短篇小说集《蜜蜂》,长篇小说《一年》,蓬子的短篇集《剪影集》,还有《萧伯纳在上海》(也没有提编者鲁迅、乐雯),其中对《子夜》评价最高,认为它“以其伟大的力量,高妙的艺术手腕而出名,且被视为过去十年以至十五年来中国文学中之最大的成就。",252,1ca19985bad8d5ea9add2e930af80749a52c80e3f4535f1e57f4430acc3b4c03,124588,124840,D:\1大创\左联知识库项目\data\processed\runtime_sources\左联史.txt,A=丁玲;B=萧伯纳,介绍,no,yes,supported,yes,pending_cross_validation
REL-01807,ZLH-021,丁玲,ZLH-150,萧三,纪念/悼念,high,medium,no,pending_review,左联史,zuolian_shi,213,左联史 第213页,"时隔月余,3月2日上海又焚毁大批左翼书籍,3月3日,鲁迅致函左联驻国外代表萧三说:“昨天大烧书,将柔石的《希望》,丁玲的《水》,全都烧掉了。",70,eb0931c6c951fe51810ea4d9e269693f2fade74a76b08ca29ce9161d41f84b4a,320332,320402,D:\1大创\左联知识库项目\data\processed\runtime_sources\左联史.txt,A=丁玲;B=萧三,致函,no,no,pending_review,no,pending_cross_validation
REL-01808,ZLH-022,张天翼,ZLH-023,叶紫,待核验,critical,low,no,pending_review,左联史,zuolian_shi,529,左联史 第529页,"1936年,庄启东为上海新钟书局主编过一套“新钟创作丛刊“,收有张天翼《洋泾浜奇侠》、穆木天《平凡集》、王任叔《三〇集》、何家槐《木匠》、朐依凡《烟圈笔下》、庄启东《自杀者》、郭沫若《历史小品集》、李辉英《再生集》、叶紫《古渡头》、欧阳山《粥渣》、雷石榆《惨别》、侯枫《牺牲)马子华《路线》等左联作家作品13种,这是丛书的第1辑,他原计划还要编辑出版第2辑、第3辑,可是时局动荡,复加书报审查制度之严酷,后来各辑就被扼杀在摄篮里了。",216,57033aeff0021b67233ea871e6f6b2226298f31c818370c04d022774e53fbe8e,827077,827293,D:\1大创\左联知识库项目\data\processed\runtime_sources\左联史.txt,A=张天翼;B=叶紫,编辑,no,no,pending_review,no,pending_cross_validation
REL-01809,ZLH-022,张天翼,ZLH-024,艾芜,交游,low,medium,no,inferred,左联史,zuolian_shi,431,左联史 第431页,"1934一1935年,另一位美国记者伊罗生也要编译一部现代中国小说选,名为《草鞋脚》,请鲁迅、茅盾推荐作品,他们推荐了一批左翼作家的佳作,如征农《禾场上》、欧阳山《水棚里的清道夫》、草明《倾跌》、张天翼《一件寻常事》、葛琴《总退却》、艾芜《咆哮的许家屯》、东平《通讯员》、沙汀《老人》、丁九(应修人)《金宝塔银宝塔》、适夷《死》、何谷天《雪地》、魏金枝《制服》、茅盾《大泽乡》、丁玲《莎菲女士的日记》和《水》等。",206,7e0e0e073542393c83d8bfab925e55864ef687ea04814aa8627a51a9fe12baa1,656372,656578,D:\1大创\左联知识库项目\data\processed\runtime_sources\左联史.txt,A=张天翼;B=艾芜,推荐,no,no,supported,yes,pending_cross_validation
REL-01810,ZLH-022,张天翼,ZLH-025,沙汀,交游,low,medium,no,inferred,左联史,zuolian_shi,465,左联史 第465页,"萧三在苏联期间经常给鲁迅写信报告国际革命作家联盟情况,寄赠《国际文学)、《太平洋灯塔》、《萧三的诗》等书刊,鲁迅也将茅盾、周起应(周扬)、沈端先(夏衍)、张天翼、郑伯奇、周文、沙汀、白薇等左翼作家的作品寄给萧三。",106,8c99ec852386f446851d6dd8143a3dfdc157df6633ef6f3ddf2312cc42c83e8a,714747,714853,D:\1大创\左联知识库项目\data\processed\runtime_sources\左联史.txt,A=张天翼;B=沙汀,写信,no,no,supported,yes,pending_cross_validation
REL-01811,ZLH-022,张天翼,ZLH-026,胡风,交游,low,medium,no,inferred,左联史,zuolian_shi,509,左联史 第509页,"尹庚先去找胡风、聂绀弩、张天翼商量,随后又向冯雪峰、方之中、周文等盟员作家详谈了编辑设想,大家一致支持尹庚、白曜去编这份新刊物。",64,8ce8aabe9893de803920493e83174c7feefed57664d0b4945735257f3d9f5fdd,793131,793195,D:\1大创\左联知识库项目\data\processed\runtime_sources\左联史.txt,A=张天翼;B=胡风,编辑,no,no,supported,yes,pending_cross_validation
REL-01812,ZLH-022,张天翼,ZLH-027,萧军,交游,low,medium,no,inferred,左联词典,zuolian_cidian,505,左联词典 第505页,"图文并茂,重要作品大多有插靥,如鲁迅的译作《促狙鬼莱哥羌台奇》有马国亮的插靥,张天翼的创作《伙计》有黄苗于的插画,柯灵的《性羊》和曹根仁的《焚草之变》有万籁鸣的插画,萧军的《货船》有万古蜡的捍面,尤以李旭丹为立波的翻评小说《西里亚的白柠檬》所作白描插图最美。",129,40a944529d193240bbdbbbefde9d294042c25dc628f58b789d0484cd3ab5aed5,386077,386206,D:\1大创\左联知识库项目\data\processed\runtime_sources\左联词典.txt,A=张天翼;B=萧军,,no,no,supported,yes,pending_cross_validation
REL-01813,ZLH-022,张天翼,ZLH-028,萧红,待核验,critical,low,no,pending_review,左联史,zuolian_shi,582,左联史 第582页,"我们愿意和站在同一战线的一切争取民族自由的斗士热烈地揭手!(名次先后,依新文字拼音为准)巴夫巴金白_曙曹靖华草明曹禺齐_同“陈占元大戈东平_董纯才_方光熊_方之中俯拾靳以莲玛以群杨晟姚野_夫_叶薛士尹庚克夫黎烈文_丽尼_李溶华梁雯若路_丁芦“烹度_陆鲁_迅_陆少懿_龙_乙“马子华马宗融茌_盾孟式钩_孟十还螂绀弩欧阳山澎岛任文川萧军萧乾萧红辛人加成孙用_宋之的徐螺世弥唐弛田菲田_间_天_虚_万迪鹳“王余杞王元亩_吴景崔_吴组湘晚如胡风华沙荒煤黄源_许天虹_渡_波跃先艾_蒋牧良赵家壁张天翼张香山周彦_周而复_周_文钟石苇宣言草稿分别由巴金、黎烈文各起草一份初稿,完稿后由黎烈文送到鲁迅家请先生审阅,在鲁迅指导下,黎烈文将两份草稿合而为一,略加整理后誉清。",328,0fbabd450d37790cafdd79813a828347adffa27c16c41c209813a1073b5ccd20,915673,916001,D:\1大创\左联知识库项目\data\processed\runtime_sources\左联史.txt,A=张天翼;B=萧红,,no,no,pending_review,no,pending_cross_validation
REL-01814,ZLH-022,张天翼,ZLH-029,聂绀弩,待核验,critical,low,no,pending_review,左联史,zuolian_shi,509,左联史 第509页,"尹庚也分别约请张天翼、路丁(王尧山)、耳耶(聂绀弩)、艾淀(宋之的)撰写有关文章,支持《夜莺》。",48,0754245ec9cbb2d6c8d68ec0fdd69c063496c99c909f88e91357b7ec5f07ed35,793696,793744,D:\1大创\左联知识库项目\data\processed\runtime_sources\左联史.txt,A=张天翼;B=聂绀弩,约,no,no,pending_review,no,pending_cross_validation
REL-01815,ZLH-022,张天翼,ZLH-030,吴奚如,交游,low,medium,no,inferred,左联词典,zuolian_cidian,477,左联词典 第477页,"!卷!期发表《不平静的城》(谷斯范)、《古记》(蒋牧良)、《酒船》(约弯)、《饥馈的伙伴》(辛劳)、《单纯的遗噜》(草明)、《酶厉》(张天翼)、《教授和富人》(东平)、《姑饭》(周而复)、《苦斗》(欧阳山)等小说9篇,1卷2期为“哀悼鲁迅先生特辑“,发表陈烟桥、新波、绀弩、周文、东平、方之中、奚如的鲁迅悼文8篇和力群、烟桥、新波等的鲁迅像。",171,3368080e1bbb76e2775c73efdca27c7009c08d820fb35f0817d5828b907ded0f,361146,361317,D:\1大创\左联知识库项目\data\processed\runtime_sources\左联词典.txt,A=张天翼;B=奚如,约,no,no,supported,yes,pending_cross_validation
REL-01816,ZLH-022,张天翼,ZLH-031,葛琴,交游,low,medium,no,inferred,左联史,zuolian_shi,624,左联史 第624页,"为了让几位熟悉的左联作家及友人换个环境休息几天,也借此机会讨论一些创作问题,1937年2月间,葛琴邀请叶以群、张天翼到她的家乡一一江苏宜兴丁山镇去住些时日,不仁,邵荃麟、梁文若(叶以群夫人)、契萌(张天翼夫人)、刘白羽、王惰之等人也来到丁山。",121,d6f832c67f6dd08b68c2e4310e027af1f79c1a3292a4467524fffd2f13f35407,980169,980290,D:\1大创\左联知识库项目\data\processed\runtime_sources\左联史.txt,A=张天翼;B=葛琴,邀,no,no,supported,yes,pending_cross_validation
REL-01819,ZLH-022,张天翼,ZLH-035,李辉英,待核验,critical,low,no,pending_review,左联史,zuolian_shi,529,左联史 第529页,"1936年,庄启东为上海新钟书局主编过一套“新钟创作丛刊“,收有张天翼《洋泾浜奇侠》、穆木天《平凡集》、王任叔《三〇集》、何家槐《木匠》、朐依凡《烟圈笔下》、庄启东《自杀者》、郭沫若《历史小品集》、李辉英《再生集》、叶紫《古渡头》、欧阳山《粥渣》、雷石榆《惨别》、侯枫《牺牲)马子华《路线》等左联作家作品13种,这是丛书的第1辑,他原计划还要编辑出版第2辑、第3辑,可是时局动荡,复加书报审查制度之严酷,后来各辑就被扼杀在摄篮里了。",216,57033aeff0021b67233ea871e6f6b2226298f31c818370c04d022774e53fbe8e,827077,827293,D:\1大创\左联知识库项目\data\processed\runtime_sources\左联史.txt,A=张天翼;B=李辉英,编辑,no,no,pending_review,no,pending_cross_validation
REL-01820,ZLH-022,张天翼,ZLH-036,穆木天,合作,critical,medium,no,pending_review,左联词典,zuolian_cidian,482,左联词典 第482页,"撰稿人大多系工联盟员,有张天翼、沈起才、日薇、魏金枝、穆木天、侍桁、迈子等。",38,884e21067a6fd71d49fd55a82a9afbf4d159c0605dd77160801ef4896896c7a9,365631,365669,D:\1大创\左联知识库项目\data\processed\runtime_sources\左联词典.txt,A=张天翼;B=穆木天,撰稿,no,no,pending_review,no,pending_cross_validation
REL-01821,ZLH-022,张天翼,ZLH-037,楼适夷,交游,low,medium,no,inferred,左联史,zuolian_shi,497,左联史 第497页,"1932年1月17日,上海各界民众2万余人在南市体育场举行市民大会,动员市民群起抗日救国,张天翼和冯雪峰、丁玲、楼适夷、杨骚等数十位左联成员出席大会并参加了会后的示威游行。",86,5460c34d6028c153b380cd59c58acf990ad4e06017d56b193f27bca63df46433,770920,771006,D:\1大创\左联知识库项目\data\processed\runtime_sources\左联史.txt,A=张天翼;B=楼适夷,参加,no,no,supported,yes,pending_cross_validation
REL-01822,ZLH-022,张天翼,ZLH-038,陈荒煤,待核验,critical,low,no,pending_review,左联史,zuolian_shi,582,左联史 第582页,"我们愿意和站在同一战线的一切争取民族自由的斗士热烈地揭手!(名次先后,依新文字拼音为准)巴夫巴金白_曙曹靖华草明曹禺齐_同“陈占元大戈东平_董纯才_方光熊_方之中俯拾靳以莲玛以群杨晟姚野_夫_叶薛士尹庚克夫黎烈文_丽尼_李溶华梁雯若路_丁芦“烹度_陆鲁_迅_陆少懿_龙_乙“马子华马宗融茌_盾孟式钩_孟十还螂绀弩欧阳山澎岛任文川萧军萧乾萧红辛人加成孙用_宋之的徐螺世弥唐弛田菲田_间_天_虚_万迪鹳“王余杞王元亩_吴景崔_吴组湘晚如胡风华沙荒煤黄源_许天虹_渡_波跃先艾_蒋牧良赵家壁张天翼张香山周彦_周而复_周_文钟石苇宣言草稿分别由巴金、黎烈文各起草一份初稿,完稿后由黎烈文送到鲁迅家请先生审阅,在鲁迅指导下,黎烈文将两份草稿合而为一,略加整理后誉清。",328,0fbabd450d37790cafdd79813a828347adffa27c16c41c209813a1073b5ccd20,915673,916001,D:\1大创\左联知识库项目\data\processed\runtime_sources\左联史.txt,A=张天翼;B=荒煤,,no,no,pending_review,no,pending_cross_validation
REL-01823,ZLH-022,张天翼,ZLH-039,欧阳山,交游,low,medium,no,inferred,左联词典,zuolian_cidian,615,左联词典 第615页,"谈九一八之前欧阳山和张天翼、韩起的友谊,回忆《现实文学》的创刊和停刊,张天翼参加鲁迅葬礼,书与“鲁迅先生丧仪“、“鲁迅先生殡仪“的横幡等。",69,1a9415d4d7fdb98048f4361e456e85ea7a1b0f0d1336777b08c18cdf024b7ea7,477932,478001,D:\1大创\左联知识库项目\data\processed\runtime_sources\左联词典.txt,A=张天翼;B=欧阳山,参加,no,no,supported,yes,pending_cross_validation
REL-01824,ZLH-022,张天翼,ZLH-042,魏金枝,交游,low,medium,no,inferred,左联词典,zuolian_cidian,482,左联词典 第482页,"撰稿人大多系工联盟员,有张天翼、沈起才、日薇、魏金枝、穆木天、侍桁、迈子等。",38,884e21067a6fd71d49fd55a82a9afbf4d159c0605dd77160801ef4896896c7a9,365631,365669,D:\1大创\左联知识库项目\data\processed\runtime_sources\左联词典.txt,A=张天翼;B=魏金枝,撰稿,no,no,supported,yes,pending_cross_validation
REL-01826,ZLH-022,张天翼,ZLH-045,周立波,待核验,critical,low,no,pending_review,左联词典,zuolian_cidian,505,左联词典 第505页,"图文并茂,重要作品大多有插靥,如鲁迅的译作《促狙鬼莱哥羌台奇》有马国亮的插靥,张天翼的创作《伙计》有黄苗于的插画,柯灵的《性羊》和曹根仁的《焚草之变》有万籁鸣的插画,萧军的《货船》有万古蜡的捍面,尤以李旭丹为立波的翻评小说《西里亚的白柠檬》所作白描插图最美。",129,40a944529d193240bbdbbbefde9d294042c25dc628f58b789d0484cd3ab5aed5,386077,386206,D:\1大创\左联知识库项目\data\processed\runtime_sources\左联词典.txt,A=张天翼;B=立波,,no,no,pending_review,no,pending_cross_validation
REL-01827,ZLH-022,张天翼,ZLH-046,邵荃麟,交游,low,medium,no,inferred,左联史,zuolian_shi,624,左联史 第624页,"为了让几位熟悉的左联作家及友人换个环境休息几天,也借此机会讨论一些创作问题,1937年2月间,葛琴邀请叶以群、张天翼到她的家乡一一江苏宜兴丁山镇去住些时日,不仁,邵荃麟、梁文若(叶以群夫人)、契萌(张天翼夫人)、刘白羽、王惰之等人也来到丁山。",121,d6f832c67f6dd08b68c2e4310e027af1f79c1a3292a4467524fffd2f13f35407,980169,980290,D:\1大创\左联知识库项目\data\processed\runtime_sources\左联史.txt,A=张天翼;B=邵荃麟,邀,no,no,supported,yes,pending_cross_validation
REL-01829,ZLH-022,张天翼,ZLH-048,王任叔,交游,low,medium,no,inferred,左联词典,zuolian_cidian,151,左联词典 第151页,"同年,与盟员庄启东共同编辑出版“多样丛书“4种,交上涛新钟书局发行,它们是:《苏联的版画》(韦太白编)、《史太林》(卢特维绿著,陈汉年译)、《常识以下》(文艺短论,王任叔著)、《秃秃大王》(童话,张天翼著)。",104,7420dbb1f9f67dffc1e35b384b9de9f85b16c6b9e7e233f543578e32fca0d27a,78162,78266,D:\1大创\左联知识库项目\data\processed\runtime_sources\左联词典.txt,A=张天翼;B=王任叔,共同,no,no,supported,yes,pending_cross_validation
REL-01830,ZLH-022,张天翼,ZLH-053,黄源,交游,low,medium,no,inferred,左联史,zuolian_shi,582,左联史 第582页,"我们愿意和站在同一战线的一切争取民族自由的斗士热烈地揭手!(名次先后,依新文字拼音为准)巴夫巴金白_曙曹靖华草明曹禺齐_同“陈占元大戈东平_董纯才_方光熊_方之中俯拾靳以莲玛以群杨晟姚野_夫_叶薛士尹庚克夫黎烈文_丽尼_李溶华梁雯若路_丁芦“烹度_陆鲁_迅_陆少懿_龙_乙“马子华马宗融茌_盾孟式钩_孟十还螂绀弩欧阳山澎岛任文川萧军萧乾萧红辛人加成孙用_宋之的徐螺世弥唐弛田菲田_间_天_虚_万迪鹳“王余杞王元亩_吴景崔_吴组湘晚如胡风华沙荒煤黄源_许天虹_渡_波跃先艾_蒋牧良赵家壁张天翼张香山周彦_周而复_周_文钟石苇宣言草稿分别由巴金、黎烈文各起草一份初稿,完稿后由黎烈文送到鲁迅家请先生审阅,在鲁迅指导下,黎烈文将两份草稿合而为一,略加整理后誉清。",328,0fbabd450d37790cafdd79813a828347adffa27c16c41c209813a1073b5ccd20,915673,916001,D:\1大创\左联知识库项目\data\processed\runtime_sources\左联史.txt,A=张天翼;B=黄源,,no,no,supported,yes,pending_cross_validation
REL-01831,ZLH-022,张天翼,ZLH-054,许幸之,同属组织,critical,low,no,pending_review,左联史,zuolian_shi,719,左联史 第719页,"小说还有冯铿《小阿强》、丁玲《给孩子们》、张天翼《大林和小林》、金《袁》的广告丁《孩子们》、征农《孩子的想头》,童话有白兮《---个巨人的诞生》、屈轶《猫的权威》,剧本有穆木天《K镇的某日午后》、许幸之《最后一课》和《古庙钟声》、尤兜《蹄下》,故事有沈西苓《电影是个snzeacssas|EAsqAtxexhni1Ap-ptacehsies探t直nnEEE3LEILZJ〇“更聚仁《文坛新控诉》,1936年1月1日《时事新报青光3。",216,a9ba27d26dcbee1445f0151bec9f900b0a4b92db8962a00811feee24951b76da,1120805,1121021,D:\1大创\左联知识库项目\data\processed\runtime_sources\左联史.txt,A=张天翼;B=许幸之,,no,no,pending_review,no,pending_cross_validation
REL-01833,ZLH-022,张天翼,ZLH-058,郭沫若,交游,low,medium,no,inferred,左联史,zuolian_shi,458,左联史 第458页,"同年,文艺界21位不同流派的作家联名发表《文艺界同人为团结御侮与言论自由宣言》,其中有鲁迅、苟盾、郭沫若、郑伯奇、张天翼、洪深等。",65,edbcc78e742520f729ad87fe15f5c9bb6455000af45949fb0535bc395b58ac27,702954,703019,D:\1大创\左联知识库项目\data\processed\runtime_sources\左联史.txt,A=张天翼;B=郭沫若,联名,no,no,supported,yes,pending_cross_validation
REL-01834,ZLH-022,张天翼,ZLH-059,白薇,待核验,critical,low,no,pending_review,左联史,zuolian_shi,465,左联史 第465页,"萧三在苏联期间经常给鲁迅写信报告国际革命作家联盟情况,寄赠《国际文学)、《太平洋灯塔》、《萧三的诗》等书刊,鲁迅也将茅盾、周起应(周扬)、沈端先(夏衍)、张天翼、郑伯奇、周文、沙汀、白薇等左翼作家的作品寄给萧三。",106,8c99ec852386f446851d6dd8143a3dfdc157df6633ef6f3ddf2312cc42c83e8a,714747,714853,D:\1大创\左联知识库项目\data\processed\runtime_sources\左联史.txt,A=张天翼;B=白薇,写信,no,no,pending_review,no,pending_cross_validation
REL-01835,ZLH-022,张天翼,ZLH-060,鲁彦,同属组织,critical,low,no,pending_review,左联史,zuolian_shi,233,左联史 第233页,"编委会人员是郁达夫、茅盾、胡愈之、洪深、陈望道、徐调孚、傅东华、叶绍钩、郑振铎;“特约撰稿员“中有丁玲、方光焘、田汉、白薇、沈起予、张天翼、郑伯奇、鲁迅、适夷、谢冰苔、穆木天等左联盟员作家,还有冰心、王统照、王鲁彦、巴金、朱自清、老舍、周建人、周作人、施蛟存、俞平伯、胡秋原、耿济之、夏丐尊、梁宗岱、许地山、郭绍虞、黎烈文、谢六逸、丰子恺、顾颉刚等知名作家、学者,阵容坚强,未来刊物的高水平高质量是有保证的。",204,f73be0713b65cd4268db6e76f069511ba9c200e0e2a7ed553d74c0360ecffbb8,346179,346383,D:\1大创\左联知识库项目\data\processed\runtime_sources\左联史.txt,A=张天翼;B=鲁彦,撰稿,yes,no,pending_review,no,pending_cross_validation
REL-01838,ZLH-022,张天翼,ZLH-065,柯仲平,待核验,critical,low,yes,pending_review,左联词典,zuolian_cidian,337,左联词典 第337页,"1930年前后在南京中央大学做旁听生,与张天翼、胡风、胡楣、欧阳山、柯仲平等过从八密。",43,a1390f6a98d821fa6927122de3db9b45bb892075add3efa380e47c664024caf4,242514,242557,D:\1大创\左联知识库项目\data\processed\runtime_sources\左联词典.txt,A=张天翼;B=柯仲平,,no,no,pending_review,no,pending_cross_validation
REL-01839,ZLH-022,张天翼,ZLH-067,任钧,待核验,critical,low,no,pending_review,左联史,zuolian_shi,626,左联史 第626页,"他在《作家间需要什么一种运动0的长文中讽刺道;“差不多,差不多,先生的头脑差不多失掉作用了啊“他用强硬的语气正告炯之先生:“你想一笔把中国文学的若于成绩差不多剿灭,究竟是不可能的!“他问道:“一个细心的读者,会分辨不出不同作品的内容,相异的作者的相异的风格来么?有谁说《八月的乡村》和《生死场》是差不多的?7《没有祖国的孩子》及舒群的其他短篇创作都差不多?艾芜和沙汀,张天翼和欧阳山是差不多?杨骚的《福建三唱》和洪道的《流亡者的独唱》差不多?任钧、蒙风、柳倩的诗都差不多?丽尼的散文和炯之先生所推荐的何其芳的散文,难道也差不多么?差不多,差不多,差不多是梦呕啊,废话啊,收拾吧.",289,014e9c729b4ccd8d196435b56de49fad383cfce0ce0128ef68768b4900458827,983568,983857,D:\1大创\左联知识库项目\data\processed\runtime_sources\左联史.txt,A=张天翼;B=任钧,推荐,no,yes,pending_review,no,pending_cross_validation
REL-01843,ZLH-022,张天翼,ZLH-073,王余杞,同属组织,critical,low,no,pending_review,左联史,zuolian_shi,582,左联史 第582页,"我们愿意和站在同一战线的一切争取民族自由的斗士热烈地揭手!(名次先后,依新文字拼音为准)巴夫巴金白_曙曹靖华草明曹禺齐_同“陈占元大戈东平_董纯才_方光熊_方之中俯拾靳以莲玛以群杨晟姚野_夫_叶薛士尹庚克夫黎烈文_丽尼_李溶华梁雯若路_丁芦“烹度_陆鲁_迅_陆少懿_龙_乙“马子华马宗融茌_盾孟式钩_孟十还螂绀弩欧阳山澎岛任文川萧军萧乾萧红辛人加成孙用_宋之的徐螺世弥唐弛田菲田_间_天_虚_万迪鹳“王余杞王元亩_吴景崔_吴组湘晚如胡风华沙荒煤黄源_许天虹_渡_波跃先艾_蒋牧良赵家壁张天翼张香山周彦_周而复_周_文钟石苇宣言草稿分别由巴金、黎烈文各起草一份初稿,完稿后由黎烈文送到鲁迅家请先生审阅,在鲁迅指导下,黎烈文将两份草稿合而为一,略加整理后誉清。",328,0fbabd450d37790cafdd79813a828347adffa27c16c41c209813a1073b5ccd20,915673,916001,D:\1大创\左联知识库项目\data\processed\runtime_sources\左联史.txt,A=张天翼;B=王余杞,,no,no,pending_review,no,pending_cross_validation
REL-01845,ZLH-022,张天翼,ZLH-077,柳倩,待核验,critical,low,no,pending_review,左联史,zuolian_shi,626,左联史 第626页,"他在《作家间需要什么一种运动0的长文中讽刺道;“差不多,差不多,先生的头脑差不多失掉作用了啊“他用强硬的语气正告炯之先生:“你想一笔把中国文学的若于成绩差不多剿灭,究竟是不可能的!“他问道:“一个细心的读者,会分辨不出不同作品的内容,相异的作者的相异的风格来么?有谁说《八月的乡村》和《生死场》是差不多的?7《没有祖国的孩子》及舒群的其他短篇创作都差不多?艾芜和沙汀,张天翼和欧阳山是差不多?杨骚的《福建三唱》和洪道的《流亡者的独唱》差不多?任钧、蒙风、柳倩的诗都差不多?丽尼的散文和炯之先生所推荐的何其芳的散文,难道也差不多么?差不多,差不多,差不多是梦呕啊,废话啊,收拾吧.",289,014e9c729b4ccd8d196435b56de49fad383cfce0ce0128ef68768b4900458827,983568,983857,D:\1大创\左联知识库项目\data\processed\runtime_sources\左联史.txt,A=张天翼;B=柳倩,推荐,no,yes,pending_review,no,pending_cross_validation
REL-01846,ZLH-022,张天翼,ZLH-080,陈企霞,待核验,critical,low,yes,pending_review,左联史,zuolian_shi,50,左联史 第50页,"该刊也发表中国左联作家的作品,如鲁迅《听说梦》,茅盾《“杂志办人“》,张天翼《我的幼年生活》,艾芜《在茅草地》,陈企霞《夜醒》,尹庚译《初春的风》(日本中野重治作)等,努力保持与中国左联的文学联系,不断提高刊物的质量。",109,f328b3b0e0e8af3290c2a0372b61115c36ce66c8b69aaa58ef92272fb6fbb88d,66887,66996,D:\1大创\左联知识库项目\data\processed\runtime_sources\左联史.txt,A=张天翼;B=陈企霞,,no,no,pending_review,no,pending_cross_validation
REL-01848,ZLH-022,张天翼,ZLH-082,宋之的,待核验,high,low,yes,pending_review,左联史,zuolian_shi,509,左联史 第509页,"尹庚也分别约请张天翼、路丁(王尧山)、耳耶(聂绀弩)、艾淀(宋之的)撰写有关文章,支持《夜莺》。",48,0754245ec9cbb2d6c8d68ec0fdd69c063496c99c909f88e91357b7ec5f07ed35,793696,793744,D:\1大创\左联知识库项目\data\processed\runtime_sources\左联史.txt,A=张天翼;B=宋之的,约,no,no,pending_review,no,pending_cross_validation
REL-01851,ZLH-022,张天翼,ZLH-091,叶以群,地下通讯,low,medium,no,inferred,左联史,zuolian_shi,624,左联史 第624页,"为了让几位熟悉的左联作家及友人换个环境休息几天,也借此机会讨论一些创作问题,1937年2月间,葛琴邀请叶以群、张天翼到她的家乡一一江苏宜兴丁山镇去住些时日,不仁,邵荃麟、梁文若(叶以群夫人)、契萌(张天翼夫人)、刘白羽、王惰之等人也来到丁山。",121,d6f832c67f6dd08b68c2e4310e027af1f79c1a3292a4467524fffd2f13f35407,980169,980290,D:\1大创\左联知识库项目\data\processed\runtime_sources\左联史.txt,A=张天翼;B=叶以群,邀,no,no,supported,yes,pending_cross_validation
REL-01854,ZLH-022,张天翼,ZLH-097,王西彦,同属组织,critical,low,no,pending_review,左联词典,zuolian_cidian,520,左联词典 第520页,“部份盟员“左联“时期活动篓介“介绍了丁玲、于伶、马宁、王西彦、王志之、王蕹嘉、方殷、艾芜、叶紫、田汉、田间、白曙、冯乃超、冯雪峰、冯锂、任白戈、任钧、阳翰笙、孙席珍、李伟森、吴奚如、应修人、沙汀、沈起子、张天翼、张松如、阿英、陈沂、林焕平、茅盾、郁达夫等31位盟员作家在左联时期的活动。,144,1c54b7552e43a916ff2acc15b4d28af1b87a832afae6bd45b668809cf99f7340,397549,397693,D:\1大创\左联知识库项目\data\processed\runtime_sources\左联词典.txt,A=张天翼;B=王西彦,介绍,yes,no,pending_review,no,pending_cross_validation
REL-01855,ZLH-022,张天翼,ZLH-098,沈从文,交游,low,medium,no,inferred,左联词典,zuolian_cidian,557,左联词典 第557页,"全书分两部分:第一部分是《鲁迅生平》和《药》、《一件小事》、《孔乙已》、《祝福》、《风筝)《论“他妈的“!1)、《离婚》等鲁迅作品7篇;第二部分是其他中国作家的小说17篇:《为奴隶的母亲》(柔石)、《自杀》(茅盾)、《拗汊》(茅盾)、《水》(丁玲)、《消息》(丁玲)、《狗》(巴金)、《柏子》(沈从文)、《阿娥》(孙席珍)、《在“大连号“轮船上》(田军)、《第三支枪》(田军)、《狗肉将军》(林语堂)、《皈依》(萧乾)、《紫藤与茵葡》(郁达夫)、《移行》(张天翼)、《十字架》(郭沫若)、《一部遗失了的日记片断》(失名)、《法律外的航线(沙汀)书后有附录两种,《现代中国文学运动》(尼姆,威尔士)和参考书目。",304,61010ef89ba6b2d0ea6003b4e257b22656db069d7ab697e4b0e74d4c3f643459,428626,428930,D:\1大创\左联知识库项目\data\processed\runtime_sources\左联词典.txt,A=张天翼;B=沈从文,,no,no,supported,yes,pending_cross_validation
REL-01856,ZLH-022,张天翼,ZLH-100,姚蓬子,交游,low,medium,no,inferred,左联史,zuolian_shi,153,左联史 第153页,"创刊号发表的小说有《二十一个》(张天翼)、《碑》(沈起予)、《天地之死》(白薇)、《自由在垃圾桶里》(魏金枝)、《胆怯列车》(巴比塞作蓬子译)、《鹿》(Rarga作穆木天译),诗《奉天驿中》(穆木天)、《雪夜》(蓬子),评论《--个空虚的作者》(侍桁)、《建塔者》(侍柬)。",137,170ed38255e5366c5dc6722d67381848abac6077c4e9f987127deedca01e1791,221738,221875,D:\1大创\左联知识库项目\data\processed\runtime_sources\左联史.txt,A=张天翼;B=蓬子,,no,no,supported,yes,pending_cross_validation
REL-01858,ZLH-022,张天翼,ZLH-105,沈起予,待核验,critical,low,yes,pending_review,左联史,zuolian_shi,596,左联史 第596页,签名者:巴_金_王统煌包天笑_沈起予_林语堂_洪深周瘦鹃茅盾陈望道_郭沫若夏丐尊_张天翼伟东华_叶绍钩“郑振铁郑伯奇赵家壁_黎烈文_鲁_迅谢冰心“丰子恺在宜言上签名的这21位作家包括两个口号论战双方及其他各流派的代表作家。,111,7545a05e2aead4e760582f22a1f168d40a4d5a45e9d4371354f7ce72a30a9ce2,938355,938466,D:\1大创\左联知识库项目\data\processed\runtime_sources\左联史.txt,A=张天翼;B=沈起予,签名,no,no,pending_review,no,pending_cross_validation
REL-01861,ZLH-022,张天翼,ZLH-112,戴望舒,创作合作,low,medium,no,inferred,左联史,zuolian_shi,562,左联史 第562页,"与戴望舒合编“现代创作丛刊“,收左联作家张天翼、丁玲、魏金枝、何家槐、穆木天等的作品9种。",45,9f0ad809b4abd1d4079dec77d69b4f3754cf3c9901c2e859591ae1d8464bc96e,884903,884948,D:\1大创\左联知识库项目\data\processed\runtime_sources\左联史.txt,A=张天翼;B=戴望舒,合编,no,no,supported,yes,pending_cross_validation
REL-01863,ZLH-022,张天翼,ZLH-116,孙席珍,交游,low,medium,no,inferred,左联词典,zuolian_cidian,557,左联词典 第557页,"全书分两部分:第一部分是《鲁迅生平》和《药》、《一件小事》、《孔乙已》、《祝福》、《风筝)《论“他妈的“!1)、《离婚》等鲁迅作品7篇;第二部分是其他中国作家的小说17篇:《为奴隶的母亲》(柔石)、《自杀》(茅盾)、《拗汊》(茅盾)、《水》(丁玲)、《消息》(丁玲)、《狗》(巴金)、《柏子》(沈从文)、《阿娥》(孙席珍)、《在“大连号“轮船上》(田军)、《第三支枪》(田军)、《狗肉将军》(林语堂)、《皈依》(萧乾)、《紫藤与茵葡》(郁达夫)、《移行》(张天翼)、《十字架》(郭沫若)、《一部遗失了的日记片断》(失名)、《法律外的航线(沙汀)书后有附录两种,《现代中国文学运动》(尼姆,威尔士)和参考书目。",304,61010ef89ba6b2d0ea6003b4e257b22656db069d7ab697e4b0e74d4c3f643459,428626,428930,D:\1大创\左联知识库项目\data\processed\runtime_sources\左联词典.txt,A=张天翼;B=孙席珍,,no,no,supported,yes,pending_cross_validation
REL-01864,ZLH-022,张天翼,ZLH-117,陈波儿,同属组织,critical,low,no,pending_review,左联史,zuolian_shi,623,左联史 第623页,"为了争取沈钧儒等7位救国会领导人早日恢复自由,促进全民抗战,宋庆龄等16人发起“救国人狱运动“,左联作家张天翼是发起人之一,其余发起人还有何香凝、胡愈之、诸青来、张定夫、王统照、潘大造、沈兹九、陈波儿、胡子婴、刘良模、彭文应、潘仰山、张宗麟、汪馥炎等。",126,6c8a931a2b4d9aafeecdaa1e514ff82383c8d98712f9acb1be2b3ee2f7c16940,978714,978840,D:\1大创\左联知识库项目\data\processed\runtime_sources\左联史.txt,A=张天翼;B=陈波儿,发起,yes,no,pending_review,no,pending_cross_validation
REL-01865,ZLH-022,张天翼,ZLH-119,何家槐,文学论战,low,medium,no,inferred,左联史,zuolian_shi,562,左联史 第562页,"与戴望舒合编“现代创作丛刊“,收左联作家张天翼、丁玲、魏金枝、何家槐、穆木天等的作品9种。",45,9f0ad809b4abd1d4079dec77d69b4f3754cf3c9901c2e859591ae1d8464bc96e,884903,884948,D:\1大创\左联知识库项目\data\processed\runtime_sources\左联史.txt,A=张天翼;B=何家槐,合编,no,no,supported,yes,pending_cross_validation
REL-01866,ZLH-022,张天翼,ZLH-120,夏征农,合作,critical,medium,no,pending_review,左联史,zuolian_shi,431,左联史 第431页,"1934一1935年,另一位美国记者伊罗生也要编译一部现代中国小说选,名为《草鞋脚》,请鲁迅、茅盾推荐作品,他们推荐了一批左翼作家的佳作,如征农《禾场上》、欧阳山《水棚里的清道夫》、草明《倾跌》、张天翼《一件寻常事》、葛琴《总退却》、艾芜《咆哮的许家屯》、东平《通讯员》、沙汀《老人》、丁九(应修人)《金宝塔银宝塔》、适夷《死》、何谷天《雪地》、魏金枝《制服》、茅盾《大泽乡》、丁玲《莎菲女士的日记》和《水》等。",206,7e0e0e073542393c83d8bfab925e55864ef687ea04814aa8627a51a9fe12baa1,656372,656578,D:\1大创\左联知识库项目\data\processed\runtime_sources\左联史.txt,A=张天翼;B=征农,推荐,no,no,pending_review,no,pending_cross_validation
REL-01870,ZLH-022,张天翼,ZLH-127,曹靖华,交游,low,medium,no,inferred,左联史,zuolian_shi,440,左联史 第440页,"这年夏,在冯雪峰、鲁迅、曹靖华、张天翼等人周密策划、共同营救下,被软禁在南京3年多的著名女作家丁玲,终于逃出敌人的魔掌,来到上海,最后前往陕北党中央所在地保安。",80,37890dd24f9ac5567e7e747957c19818eb41f91a6787b0ce6a32b4e1dd3072ea,671310,671390,D:\1大创\左联知识库项目\data\processed\runtime_sources\左联史.txt,A=张天翼;B=曹靖华,共同,no,no,supported,yes,pending_cross_validation
REL-01871,ZLH-022,张天翼,ZLH-128,林语堂,交游,low,medium,no,inferred,左联史,zuolian_shi,596,左联史 第596页,签名者:巴_金_王统煌包天笑_沈起予_林语堂_洪深周瘦鹃茅盾陈望道_郭沫若夏丐尊_张天翼伟东华_叶绍钩“郑振铁郑伯奇赵家壁_黎烈文_鲁_迅谢冰心“丰子恺在宜言上签名的这21位作家包括两个口号论战双方及其他各流派的代表作家。,111,7545a05e2aead4e760582f22a1f168d40a4d5a45e9d4371354f7ce72a30a9ce2,938355,938466,D:\1大创\左联知识库项目\data\processed\runtime_sources\左联史.txt,A=张天翼;B=林语堂,签名,no,no,supported,yes,pending_cross_validation
REL-01872,ZLH-022,张天翼,ZLH-129,胡愈之,同属组织,critical,low,no,pending_review,左联史,zuolian_shi,623,左联史 第623页,"为了争取沈钧儒等7位救国会领导人早日恢复自由,促进全民抗战,宋庆龄等16人发起“救国人狱运动“,左联作家张天翼是发起人之一,其余发起人还有何香凝、胡愈之、诸青来、张定夫、王统照、潘大造、沈兹九、陈波儿、胡子婴、刘良模、彭文应、潘仰山、张宗麟、汪馥炎等。",126,6c8a931a2b4d9aafeecdaa1e514ff82383c8d98712f9acb1be2b3ee2f7c16940,978714,978840,D:\1大创\左联知识库项目\data\processed\runtime_sources\左联史.txt,A=张天翼;B=胡愈之,发起,yes,no,pending_review,no,pending_cross_validation
REL-01877,ZLH-022,张天翼,ZLH-136,宋庆龄,交游,medium,medium,no,inferred,左联史,zuolian_shi,498,左联史 第498页,"义愤填膺的张天翼忠实地追随宋庆龄,决心和“七君孙“站在一起,并营救他们出狱。",38,455b7602dac7845f186db06394bc31e758cfe1597c6a6c16010d490d83b74bb6,772307,772345,D:\1大创\左联知识库项目\data\processed\runtime_sources\左联史.txt,A=张天翼;B=宋庆龄,一起,no,no,supported,yes,pending_cross_validation
REL-01879,ZLH-022,张天翼,ZLH-138,何香凝,同属组织,critical,low,no,pending_review,左联史,zuolian_shi,623,左联史 第623页,"为了争取沈钧儒等7位救国会领导人早日恢复自由,促进全民抗战,宋庆龄等16人发起“救国人狱运动“,左联作家张天翼是发起人之一,其余发起人还有何香凝、胡愈之、诸青来、张定夫、王统照、潘大造、沈兹九、陈波儿、胡子婴、刘良模、彭文应、潘仰山、张宗麟、汪馥炎等。",126,6c8a931a2b4d9aafeecdaa1e514ff82383c8d98712f9acb1be2b3ee2f7c16940,978714,978840,D:\1大创\左联知识库项目\data\processed\runtime_sources\左联史.txt,A=张天翼;B=何香凝,发起,yes,no,pending_review,no,pending_cross_validation
REL-01880,ZLH-022,张天翼,ZLH-139,陈望道,纪念/悼念,critical,medium,no,pending_review,左联史,zuolian_shi,596,左联史 第596页,签名者:巴_金_王统煌包天笑_沈起予_林语堂_洪深周瘦鹃茅盾陈望道_郭沫若夏丐尊_张天翼伟东华_叶绍钩“郑振铁郑伯奇赵家壁_黎烈文_鲁_迅谢冰心“丰子恺在宜言上签名的这21位作家包括两个口号论战双方及其他各流派的代表作家。,111,7545a05e2aead4e760582f22a1f168d40a4d5a45e9d4371354f7ce72a30a9ce2,938355,938466,D:\1大创\左联知识库项目\data\processed\runtime_sources\左联史.txt,A=张天翼;B=陈望道,签名,no,no,pending_review,no,pending_cross_validation
REL-01881,ZLH-022,张天翼,ZLH-141,高尔基,交游,low,medium,no,inferred,左联词典,zuolian_cidian,559,左联词典 第559页,"回忆1931年编辑出版《一角丛书》的经过,其中述及左联成员为从书所写的如下作品:周扬《苏联的音乐》、欧阳山《马可尼传六沈起子《巴比塞评传》、沈端先(夏衍)《高尔基评传》、丁玲《法网》,郑伯奇《宽城子大将》、钱杏邮(阿英)《创作与生活、徐衍存(阿英)《炜色之家》张天翼《脊背与奶子》、何家槐《恶行、蓬子《浮世绘}彭家煌《在潮神府》等。",166,9bfeae48ae7766ca2004c78d033e64a53e8f9cfde0da136e34d93a8ac1752084,430434,430600,D:\1大创\左联知识库项目\data\processed\runtime_sources\左联词典.txt,A=张天翼;B=高尔基,编辑,no,yes,supported,yes,pending_cross_validation
REL-01884,ZLH-022,张天翼,ZLH-144,巴比塞,创作合作,low,medium,no,inferred,左联史,zuolian_shi,153,左联史 第153页,"创刊号发表的小说有《二十一个》(张天翼)、《碑》(沈起予)、《天地之死》(白薇)、《自由在垃圾桶里》(魏金枝)、《胆怯列车》(巴比塞作蓬子译)、《鹿》(Rarga作穆木天译),诗《奉天驿中》(穆木天)、《雪夜》(蓬子),评论《--个空虚的作者》(侍桁)、《建塔者》(侍柬)。",137,170ed38255e5366c5dc6722d67381848abac6077c4e9f987127deedca01e1791,221738,221875,D:\1大创\左联知识库项目\data\processed\runtime_sources\左联史.txt,A=张天翼;B=巴比塞,,no,no,supported,yes,pending_cross_validation
REL-01885,ZLH-022,张天翼,ZLH-145,萧伯纳,交游,low,medium,no,inferred,左联史,zuolian_shi,88,左联史 第88页,"“(文中未提瞿秋白的名字和《东洋人出兵》的书名)作者向全世界关注中国的人们介绍了1933年问世的一些中国左耀文学作品:茅盾的长篇小说《子夜》,短篇小说集《春蚕》,丁玲的长篇小说《母亲》,短篇小说集《夜会》,沙汀的短篇集《法律外的航线》,李辉英的长篇小说《万宝山》,张天翼的短篇小说集《蜜蜂》,长篇小说《一年》,蓬子的短篇集《剪影集》,还有《萧伯纳在上海》(也没有提编者鲁迅、乐雯),其中对《子夜》评价最高,认为它“以其伟大的力量,高妙的艺术手腕而出名,且被视为过去十年以至十五年来中国文学中之最大的成就。",252,1ca19985bad8d5ea9add2e930af80749a52c80e3f4535f1e57f4430acc3b4c03,124588,124840,D:\1大创\左联知识库项目\data\processed\runtime_sources\左联史.txt,A=张天翼;B=萧伯纳,介绍,no,yes,supported,yes,pending_cross_validation
REL-01887,ZLH-022,张天翼,ZLH-150,萧三,合作,critical,medium,no,pending_review,左联史,zuolian_shi,465,左联史 第465页,"萧三在苏联期间经常给鲁迅写信报告国际革命作家联盟情况,寄赠《国际文学)、《太平洋灯塔》、《萧三的诗》等书刊,鲁迅也将茅盾、周起应(周扬)、沈端先(夏衍)、张天翼、郑伯奇、周文、沙汀、白薇等左翼作家的作品寄给萧三。",106,8c99ec852386f446851d6dd8143a3dfdc157df6633ef6f3ddf2312cc42c83e8a,714747,714853,D:\1大创\左联知识库项目\data\processed\runtime_sources\左联史.txt,A=张天翼;B=萧三,写信,no,no,pending_review,no,pending_cross_validation
REL-01888,ZLH-023,叶紫,ZLH-024,艾芜,待核验,critical,low,no,pending_review,左联史,zuolian_shi,23,左联史 第23页,"欧阳山、聂绀弩负责,成员有何谷天(周文)、草明、沙汀、艾芜、叶紫、杨潮等人。",38,aff995131e6fa27632e2ead5570d065d02091c2933f3f904c2c68c39980eaf2d,23235,23273,D:\1大创\左联知识库项目\data\processed\runtime_sources\左联史.txt,A=叶紫;B=艾芜,,no,no,pending_review,no,pending_cross_validation
REL-01889,ZLH-023,叶紫,ZLH-025,沙汀,待核验,critical,low,no,pending_review,左联史,zuolian_shi,23,左联史 第23页,"欧阳山、聂绀弩负责,成员有何谷天(周文)、草明、沙汀、艾芜、叶紫、杨潮等人。",38,aff995131e6fa27632e2ead5570d065d02091c2933f3f904c2c68c39980eaf2d,23235,23273,D:\1大创\左联知识库项目\data\processed\runtime_sources\左联史.txt,A=叶紫;B=沙汀,,no,no,pending_review,no,pending_cross_validation
REL-01890,ZLH-023,叶紫,ZLH-026,胡风,交游,low,medium,no,inferred,左联史,zuolian_shi,231,左联史 第231页,"其他左联作家被禁的著译还有:戴平万《陆阿六》,杨郫人《狂澜》与《苍闷》,孙席珍《战场上》、《辛克莱译传》,冯宪章《梦后》、《叶山嘉树集》,何畏《文学方法论者蒲列哈诺夫》,戴望舒《啪物史观的文学论》,顾凤城《新兴文学概论》和《没落的灵魂》,王余杞《朋友与敌人》,健尼(高云览)《前夜》,周全平《残兵》,森堡(任钧)《藤森成吉集》、《爱与仇》、《隐秘的爱》,龚冰庐《炭矿夫》、《黎明之前》,潘汉年《离婚》,李辉英《万宝山》,沙汀《法律外的航线》,蒲风《茫茫夜》、《六月流火》,白特(杜谈)《还乡集》,台静农《建塔者》,侍桁《文学评论集》和《铁甲列车》,魏金枝《奶妈》,华蒂(叶以群)《文艺创作概论》,白薇《打出幽灵塔》,谷非(胡风)《洋鬼》,柳倩《生命的微突》,祝秀侠《巴比塞短篇作》,叶紫《丰收》,马宁《新恋》,陈子鹄《守宙之歌》,田间《中国.",371,cf16afb36df85da3a017fd88ec86667fa0b69a7c110e817a8221ad8ac0379430,343302,343673,D:\1大创\左联知识库项目\data\processed\runtime_sources\左联史.txt,A=叶紫;B=胡风,,no,no,supported,yes,pending_cross_validation
REL-01891,ZLH-023,叶紫,ZLH-027,萧军,交游,low,medium,no,inferred,左联史,zuolian_shi,543,左联史 第543页,"于是在鲁迅先生支持下,他们组织了一个小小的团体“奴隶社“,1935年3月5日,鲁迅和叶紫、萧军、萧红还共同商议出版“奴隶丛书“的事,随后还由叶紫起草了两份小小的文件:双隶社小启(一)我们陷在“娟隶“和“准奴隶“这样地位,最低我们也应该作点奴隶的呼史,尽所有的力量,所有的忍酒。",138,fd3d0ddba1208540fd846f125a99770dfbac2e522cc3bbd9be01130c0eccf48d,852489,852627,D:\1大创\左联知识库项目\data\processed\runtime_sources\左联史.txt,A=叶紫;B=萧军,共同,no,no,supported,yes,pending_cross_validation
REL-01892,ZLH-023,叶紫,ZLH-028,萧红,交游,low,medium,no,inferred,左联史,zuolian_shi,543,左联史 第543页,"于是在鲁迅先生支持下,他们组织了一个小小的团体“奴隶社“,1935年3月5日,鲁迅和叶紫、萧军、萧红还共同商议出版“奴隶丛书“的事,随后还由叶紫起草了两份小小的文件:双隶社小启(一)我们陷在“娟隶“和“准奴隶“这样地位,最低我们也应该作点奴隶的呼史,尽所有的力量,所有的忍酒。",138,fd3d0ddba1208540fd846f125a99770dfbac2e522cc3bbd9be01130c0eccf48d,852489,852627,D:\1大创\左联知识库项目\data\processed\runtime_sources\左联史.txt,A=叶紫;B=萧红,共同,no,no,supported,yes,pending_cross_validation
REL-01893,ZLH-023,叶紫,ZLH-029,聂绀弩,交游,low,medium,no,inferred,左联史,zuolian_shi,542,左联史 第542页,"也是1934年,经周建人先生引荐和聂绀弩介绍,叶紫结识鲁迅先生。",32,8ba59d8a161e41f2d18e3b5277ff5877410f7f12342b6023c61ab8fff6729df7,851213,851245,D:\1大创\左联知识库项目\data\processed\runtime_sources\左联史.txt,A=叶紫;B=聂绀弩,介绍,no,no,supported,yes,pending_cross_validation
REL-01894,ZLH-023,叶紫,ZLH-030,吴奚如,论战,critical,medium,no,pending_review,左联史,zuolian_shi,552,左联史 第552页,"加人左联后,叶紫、陈企霞和聂绀弩、吴奚如等编为一个小组。",28,8354dcef9311935ffb5918c467643125c0218fda00f754ff2aaa264313437608,867615,867643,D:\1大创\左联知识库项目\data\processed\runtime_sources\左联史.txt,A=叶紫;B=吴奚如,,no,no,pending_review,no,pending_cross_validation
REL-01898,ZLH-023,叶紫,ZLH-035,李辉英,待核验,critical,low,no,pending_review,左联史,zuolian_shi,538,左联史 第538页,"1935年2月!日,李辉英主编的《生生》文学杂志创刊号出版,编人其中的鲁迅杂文《脸谱腱测》被书报审查官抽出、不准发表,原稿还被划上许多红杠杠,有16句话的114字被删去,于是,李辉英只得请叶紫将此稿送还鲁迅先生。",106,515a26e203a8cc887b886d1c603c4dc30cf4c1dc5c77dbc069bc35cb59755916,842983,843089,D:\1大创\左联知识库项目\data\processed\runtime_sources\左联史.txt,A=叶紫;B=李辉英,主编,no,no,pending_review,no,pending_cross_validation
REL-01899,ZLH-023,叶紫,ZLH-036,穆木天,交游,low,medium,no,inferred,左联史,zuolian_shi,529,左联史 第529页,"1936年,庄启东为上海新钟书局主编过一套“新钟创作丛刊“,收有张天翼《洋泾浜奇侠》、穆木天《平凡集》、王任叔《三〇集》、何家槐《木匠》、朐依凡《烟圈笔下》、庄启东《自杀者》、郭沫若《历史小品集》、李辉英《再生集》、叶紫《古渡头》、欧阳山《粥渣》、雷石榆《惨别》、侯枫《牺牲)马子华《路线》等左联作家作品13种,这是丛书的第1辑,他原计划还要编辑出版第2辑、第3辑,可是时局动荡,复加书报审查制度之严酷,后来各辑就被扼杀在摄篮里了。",216,57033aeff0021b67233ea871e6f6b2226298f31c818370c04d022774e53fbe8e,827077,827293,D:\1大创\左联知识库项目\data\processed\runtime_sources\左联史.txt,A=叶紫;B=穆木天,编辑,no,no,supported,yes,pending_cross_validation
REL-01901,ZLH-023,叶紫,ZLH-038,陈荒煤,待核验,critical,low,yes,pending_review,左联史,zuolian_shi,584,左联史 第584页,"(3)《文学界》“国防文学特辑“1936年8月10日《文学界》第1卷第3号出版了一个大型的“国防文学“特辑,发表论文17篇,其中15篇是原左联成员写的,它们是:荒煤《国防文学是不是创作口号》、征农《我对于国防文学的一点浅见》、艾芜《关于国防文学》、魏金枝《国防文学的任务等等》、罗烽《我对于国防文学的意见》、林娜《国防与国防文学》、舒群《我的意见》、戴平万《对于国防文学的我见》、叶紫《国防文学的随感二则》、沙汀《一点意见》、杨骚《看了两个特辑以后》、梅雨《评两个口号》、茅盾《关于引起纠纷的两个口号》、凡海(欧阳凡海)《国防文学与现实主义》。",272,aac01a0ed7c46805776493376ee255f041a356797321e79e07c9962c112d0d96,918796,919068,D:\1大创\左联知识库项目\data\processed\runtime_sources\左联史.txt,A=叶紫;B=荒煤,,no,yes,pending_review,no,pending_cross_validation
REL-01902,ZLH-023,叶紫,ZLH-039,欧阳山,待核验,critical,low,no,pending_review,左联史,zuolian_shi,529,左联史 第529页,"1936年,庄启东为上海新钟书局主编过一套“新钟创作丛刊“,收有张天翼《洋泾浜奇侠》、穆木天《平凡集》、王任叔《三〇集》、何家槐《木匠》、朐依凡《烟圈笔下》、庄启东《自杀者》、郭沫若《历史小品集》、李辉英《再生集》、叶紫《古渡头》、欧阳山《粥渣》、雷石榆《惨别》、侯枫《牺牲)马子华《路线》等左联作家作品13种,这是丛书的第1辑,他原计划还要编辑出版第2辑、第3辑,可是时局动荡,复加书报审查制度之严酷,后来各辑就被扼杀在摄篮里了。",216,57033aeff0021b67233ea871e6f6b2226298f31c818370c04d022774e53fbe8e,827077,827293,D:\1大创\左联知识库项目\data\processed\runtime_sources\左联史.txt,A=叶紫;B=欧阳山,编辑,no,no,pending_review,no,pending_cross_validation
REL-01903,ZLH-023,叶紫,ZLH-042,魏金枝,合作,critical,medium,no,pending_review,左联史,zuolian_shi,231,左联史 第231页,"其他左联作家被禁的著译还有:戴平万《陆阿六》,杨郫人《狂澜》与《苍闷》,孙席珍《战场上》、《辛克莱译传》,冯宪章《梦后》、《叶山嘉树集》,何畏《文学方法论者蒲列哈诺夫》,戴望舒《啪物史观的文学论》,顾凤城《新兴文学概论》和《没落的灵魂》,王余杞《朋友与敌人》,健尼(高云览)《前夜》,周全平《残兵》,森堡(任钧)《藤森成吉集》、《爱与仇》、《隐秘的爱》,龚冰庐《炭矿夫》、《黎明之前》,潘汉年《离婚》,李辉英《万宝山》,沙汀《法律外的航线》,蒲风《茫茫夜》、《六月流火》,白特(杜谈)《还乡集》,台静农《建塔者》,侍桁《文学评论集》和《铁甲列车》,魏金枝《奶妈》,华蒂(叶以群)《文艺创作概论》,白薇《打出幽灵塔》,谷非(胡风)《洋鬼》,柳倩《生命的微突》,祝秀侠《巴比塞短篇作》,叶紫《丰收》,马宁《新恋》,陈子鹄《守宙之歌》,田间《中国.",371,cf16afb36df85da3a017fd88ec86667fa0b69a7c110e817a8221ad8ac0379430,343302,343673,D:\1大创\左联知识库项目\data\processed\runtime_sources\左联史.txt,A=叶紫;B=魏金枝,,no,no,pending_review,no,pending_cross_validation
REL-01907,ZLH-023,叶紫,ZLH-048,王任叔,待核验,critical,low,no,pending_review,左联史,zuolian_shi,529,左联史 第529页,"1936年,庄启东为上海新钟书局主编过一套“新钟创作丛刊“,收有张天翼《洋泾浜奇侠》、穆木天《平凡集》、王任叔《三〇集》、何家槐《木匠》、朐依凡《烟圈笔下》、庄启东《自杀者》、郭沫若《历史小品集》、李辉英《再生集》、叶紫《古渡头》、欧阳山《粥渣》、雷石榆《惨别》、侯枫《牺牲)马子华《路线》等左联作家作品13种,这是丛书的第1辑,他原计划还要编辑出版第2辑、第3辑,可是时局动荡,复加书报审查制度之严酷,后来各辑就被扼杀在摄篮里了。",216,57033aeff0021b67233ea871e6f6b2226298f31c818370c04d022774e53fbe8e,827077,827293,D:\1大创\左联知识库项目\data\processed\runtime_sources\左联史.txt,A=叶紫;B=王任叔,编辑,no,no,pending_review,no,pending_cross_validation
REL-01909,ZLH-023,叶紫,ZLH-058,郭沫若,同属组织,critical,low,no,pending_review,左联词典,zuolian_cidian,698,左联词典 第698页,"回忆加入左联的经过,同鲁迅和叶紫等的交往,东京左联的活动,鲁迅、郭沫若对《杂文》的支持,“两个口号“论争在东京左联的反响以及鲁迅为叶紫修改文稿等。",73,60e0bf2ac9592aca0304e474e6a8e0a75fc502e7acf3c49aed887a8ef65a9a3a,548205,548278,D:\1大创\左联知识库项目\data\processed\runtime_sources\左联词典.txt,A=叶紫;B=郭沫若,支持,no,no,pending_review,no,pending_cross_validation
REL-01910,ZLH-023,叶紫,ZLH-059,白薇,交游,low,medium,no,inferred,左联史,zuolian_shi,231,左联史 第231页,"其他左联作家被禁的著译还有:戴平万《陆阿六》,杨郫人《狂澜》与《苍闷》,孙席珍《战场上》、《辛克莱译传》,冯宪章《梦后》、《叶山嘉树集》,何畏《文学方法论者蒲列哈诺夫》,戴望舒《啪物史观的文学论》,顾凤城《新兴文学概论》和《没落的灵魂》,王余杞《朋友与敌人》,健尼(高云览)《前夜》,周全平《残兵》,森堡(任钧)《藤森成吉集》、《爱与仇》、《隐秘的爱》,龚冰庐《炭矿夫》、《黎明之前》,潘汉年《离婚》,李辉英《万宝山》,沙汀《法律外的航线》,蒲风《茫茫夜》、《六月流火》,白特(杜谈)《还乡集》,台静农《建塔者》,侍桁《文学评论集》和《铁甲列车》,魏金枝《奶妈》,华蒂(叶以群)《文艺创作概论》,白薇《打出幽灵塔》,谷非(胡风)《洋鬼》,柳倩《生命的微突》,祝秀侠《巴比塞短篇作》,叶紫《丰收》,马宁《新恋》,陈子鹄《守宙之歌》,田间《中国.",371,cf16afb36df85da3a017fd88ec86667fa0b69a7c110e817a8221ad8ac0379430,343302,343673,D:\1大创\左联知识库项目\data\processed\runtime_sources\左联史.txt,A=叶紫;B=白薇,,no,no,supported,yes,pending_cross_validation
REL-01913,ZLH-023,叶紫,ZLH-063,任白戈,同属组织,critical,low,no,pending_review,左联词典,zuolian_cidian,520,左联词典 第520页,“部份盟员“左联“时期活动篓介“介绍了丁玲、于伶、马宁、王西彦、王志之、王蕹嘉、方殷、艾芜、叶紫、田汉、田间、白曙、冯乃超、冯雪峰、冯锂、任白戈、任钧、阳翰笙、孙席珍、李伟森、吴奚如、应修人、沙汀、沈起子、张天翼、张松如、阿英、陈沂、林焕平、茅盾、郁达夫等31位盟员作家在左联时期的活动。,144,1c54b7552e43a916ff2acc15b4d28af1b87a832afae6bd45b668809cf99f7340,397549,397693,D:\1大创\左联知识库项目\data\processed\runtime_sources\左联词典.txt,A=叶紫;B=任白戈,介绍,yes,no,pending_review,no,pending_cross_validation
REL-01917,ZLH-023,叶紫,ZLH-077,柳倩,交游,low,medium,no,inferred,左联史,zuolian_shi,231,左联史 第231页,"其他左联作家被禁的著译还有:戴平万《陆阿六》,杨郫人《狂澜》与《苍闷》,孙席珍《战场上》、《辛克莱译传》,冯宪章《梦后》、《叶山嘉树集》,何畏《文学方法论者蒲列哈诺夫》,戴望舒《啪物史观的文学论》,顾凤城《新兴文学概论》和《没落的灵魂》,王余杞《朋友与敌人》,健尼(高云览)《前夜》,周全平《残兵》,森堡(任钧)《藤森成吉集》、《爱与仇》、《隐秘的爱》,龚冰庐《炭矿夫》、《黎明之前》,潘汉年《离婚》,李辉英《万宝山》,沙汀《法律外的航线》,蒲风《茫茫夜》、《六月流火》,白特(杜谈)《还乡集》,台静农《建塔者》,侍桁《文学评论集》和《铁甲列车》,魏金枝《奶妈》,华蒂(叶以群)《文艺创作概论》,白薇《打出幽灵塔》,谷非(胡风)《洋鬼》,柳倩《生命的微突》,祝秀侠《巴比塞短篇作》,叶紫《丰收》,马宁《新恋》,陈子鹄《守宙之歌》,田间《中国.",371,cf16afb36df85da3a017fd88ec86667fa0b69a7c110e817a8221ad8ac0379430,343302,343673,D:\1大创\左联知识库项目\data\processed\runtime_sources\左联史.txt,A=叶紫;B=柳倩,,no,no,supported,yes,pending_cross_validation
REL-01918,ZLH-023,叶紫,ZLH-080,陈企霞,交游,low,medium,no,inferred,左联词典,zuolian_cidian,488,左联词典 第488页,"编辑人叶紫、陈企霞,出版者无名文艺社。",19,b3a1a3b02c901165e9571e201da04eb63e4b4f46e6b695221f2bb22ee7e1fd00,371382,371401,D:\1大创\左联知识库项目\data\processed\runtime_sources\左联词典.txt,A=叶紫;B=陈企霞,编辑,no,no,supported,yes,pending_cross_validation
REL-01920,ZLH-023,叶紫,ZLH-082,宋之的,交游,low,medium,no,inferred,左联词典,zuolian_cidian,591,左联词典 第591页,"共10节,其中“试飞““摇篮曲““花与刺““巨匠语录“、禁书“各节,回忆参加左联后的思想、生活和诗歌创作,叙述同聂绀弩和眠颧夫妇、宋之的和王苹夫妇、叶紫、丘东平、曹日等的友谊。",88,bd18eddf5796d3112ea0f234d9074ed008e75b2bf8fc2c5d013ec7d4ee6068d4,457783,457871,D:\1大创\左联知识库项目\data\processed\runtime_sources\左联词典.txt,A=叶紫;B=宋之的,参加,no,no,supported,yes,pending_cross_validation
REL-01924,ZLH-023,叶紫,ZLH-091,叶以群,同属组织,critical,low,no,pending_review,左联史,zuolian_shi,231,左联史 第231页,"其他左联作家被禁的著译还有:戴平万《陆阿六》,杨郫人《狂澜》与《苍闷》,孙席珍《战场上》、《辛克莱译传》,冯宪章《梦后》、《叶山嘉树集》,何畏《文学方法论者蒲列哈诺夫》,戴望舒《啪物史观的文学论》,顾凤城《新兴文学概论》和《没落的灵魂》,王余杞《朋友与敌人》,健尼(高云览)《前夜》,周全平《残兵》,森堡(任钧)《藤森成吉集》、《爱与仇》、《隐秘的爱》,龚冰庐《炭矿夫》、《黎明之前》,潘汉年《离婚》,李辉英《万宝山》,沙汀《法律外的航线》,蒲风《茫茫夜》、《六月流火》,白特(杜谈)《还乡集》,台静农《建塔者》,侍桁《文学评论集》和《铁甲列车》,魏金枝《奶妈》,华蒂(叶以群)《文艺创作概论》,白薇《打出幽灵塔》,谷非(胡风)《洋鬼》,柳倩《生命的微突》,祝秀侠《巴比塞短篇作》,叶紫《丰收》,马宁《新恋》,陈子鹄《守宙之歌》,田间《中国.",371,cf16afb36df85da3a017fd88ec86667fa0b69a7c110e817a8221ad8ac0379430,343302,343673,D:\1大创\左联知识库项目\data\processed\runtime_sources\左联史.txt,A=叶紫;B=叶以群,,no,no,pending_review,no,pending_cross_validation
REL-01926,ZLH-023,叶紫,ZLH-097,王西彦,同属组织,critical,low,no,pending_review,左联词典,zuolian_cidian,520,左联词典 第520页,“部份盟员“左联“时期活动篓介“介绍了丁玲、于伶、马宁、王西彦、王志之、王蕹嘉、方殷、艾芜、叶紫、田汉、田间、白曙、冯乃超、冯雪峰、冯锂、任白戈、任钧、阳翰笙、孙席珍、李伟森、吴奚如、应修人、沙汀、沈起子、张天翼、张松如、阿英、陈沂、林焕平、茅盾、郁达夫等31位盟员作家在左联时期的活动。,144,1c54b7552e43a916ff2acc15b4d28af1b87a832afae6bd45b668809cf99f7340,397549,397693,D:\1大创\左联知识库项目\data\processed\runtime_sources\左联词典.txt,A=叶紫;B=王西彦,介绍,yes,no,pending_review,no,pending_cross_validation
REL-01930,ZLH-023,叶紫,ZLH-105,沈起予,同属组织,critical,low,yes,pending_review,左联词典,zuolian_cidian,109,左联词典 第109页,“(任钧:《关于左联的一些情况矣成员有沈起予、金奎光、汪金丁、鲁迅、苟盾、周扬、胡风、任钧、沙汀、杨骚叶紫、何家槐、艾芜、欧阳山、吴奚如等也参加过委员会。,77,15739e49a6173f4e3363e0d9e7848580fe4b054f2a1e3351f322b9d41f9e6db9,43128,43205,D:\1大创\左联知识库项目\data\processed\runtime_sources\左联词典.txt,A=叶紫;B=沈起予,参加,yes,no,pending_review,no,pending_cross_validation
REL-01934,ZLH-023,叶紫,ZLH-119,何家槐,论战,critical,medium,no,pending_review,左联史,zuolian_shi,529,左联史 第529页,"1936年,庄启东为上海新钟书局主编过一套“新钟创作丛刊“,收有张天翼《洋泾浜奇侠》、穆木天《平凡集》、王任叔《三〇集》、何家槐《木匠》、朐依凡《烟圈笔下》、庄启东《自杀者》、郭沫若《历史小品集》、李辉英《再生集》、叶紫《古渡头》、欧阳山《粥渣》、雷石榆《惨别》、侯枫《牺牲)马子华《路线》等左联作家作品13种,这是丛书的第1辑,他原计划还要编辑出版第2辑、第3辑,可是时局动荡,复加书报审查制度之严酷,后来各辑就被扼杀在摄篮里了。",216,57033aeff0021b67233ea871e6f6b2226298f31c818370c04d022774e53fbe8e,827077,827293,D:\1大创\左联知识库项目\data\processed\runtime_sources\左联史.txt,A=叶紫;B=何家槐,编辑,no,no,pending_review,no,pending_cross_validation
REL-01935,ZLH-023,叶紫,ZLH-120,夏征农,待核验,critical,low,no,pending_review,左联词典,zuolian_cidian,550,左联词典 第550页,"具体评述了丁玲的《水》,茅盾《农村三部曲》,叶紫《丰收3、《火》,汹汀《老人》,夏征农《禾场上》,徐盈《旱》,王任叛《乡长先生》等左联乡土文学作品。",74,ca5760dbfa3486de09aadc1bc0b5dc019a57ec0571e29aa65a7adca64e5854cb,422783,422857,D:\1大创\左联知识库项目\data\processed\runtime_sources\左联词典.txt,A=叶紫;B=夏征农,,no,no,pending_review,no,pending_cross_validation
REL-01945,ZLH-023,叶紫,ZLH-141,高尔基,地下通讯,low,medium,no,inferred,左联史,zuolian_shi,542,左联史 第542页,"1930一1932年间,叶紫如饥似渴地自学文学,中国文学是创造社、太阳社作家的,外国文学则是托尔斯泰、屠格涅夫、契诃夫、高尔基作品的中译本,以及新出版的《毁灭》、《铁流》等苏联文学名著,这些中外文学名著不仅提高了他的文化水准、为他日后的文学创作打下基础,还帮助他理解生活、思考人生。",141,0cd6e033dd7a6a34ab86588c6775114c49f126f04b4bda9f5a9f946540f96f7a,850783,850924,D:\1大创\左联知识库项目\data\processed\runtime_sources\左联史.txt,A=叶紫;B=高尔基,,no,no,supported,yes,pending_cross_validation
REL-01947,ZLH-023,叶紫,ZLH-144,巴比塞,签名联署,low,medium,no,inferred,左联史,zuolian_shi,231,左联史 第231页,"其他左联作家被禁的著译还有:戴平万《陆阿六》,杨郫人《狂澜》与《苍闷》,孙席珍《战场上》、《辛克莱译传》,冯宪章《梦后》、《叶山嘉树集》,何畏《文学方法论者蒲列哈诺夫》,戴望舒《啪物史观的文学论》,顾凤城《新兴文学概论》和《没落的灵魂》,王余杞《朋友与敌人》,健尼(高云览)《前夜》,周全平《残兵》,森堡(任钧)《藤森成吉集》、《爱与仇》、《隐秘的爱》,龚冰庐《炭矿夫》、《黎明之前》,潘汉年《离婚》,李辉英《万宝山》,沙汀《法律外的航线》,蒲风《茫茫夜》、《六月流火》,白特(杜谈)《还乡集》,台静农《建塔者》,侍桁《文学评论集》和《铁甲列车》,魏金枝《奶妈》,华蒂(叶以群)《文艺创作概论》,白薇《打出幽灵塔》,谷非(胡风)《洋鬼》,柳倩《生命的微突》,祝秀侠《巴比塞短篇作》,叶紫《丰收》,马宁《新恋》,陈子鹄《守宙之歌》,田间《中国.",371,cf16afb36df85da3a017fd88ec86667fa0b69a7c110e817a8221ad8ac0379430,343302,343673,D:\1大创\左联知识库项目\data\processed\runtime_sources\左联史.txt,A=叶紫;B=巴比塞,,no,no,supported,yes,pending_cross_validation
REL-01950,ZLH-023,叶紫,ZLH-150,萧三,交游,low,medium,no,inferred,左联史,zuolian_shi,542,左联史 第542页,"除《丰收》外,又写了《火》、《王伯伯》、《夜晨线》、《乡导》《杨七公公过年》等篓,在《文艺》、《文学新地》、《当代文学》、《中华月报》等刊物发表,这些作品中有几篇经过鲁迅先生仔细修政、渗透着先生的心血,如《乡导》、《夜哨线》;先生又将小说《王伯伯》寄给远在国外的萧三,由萧三将此篇译成俄文,在国际革命作家联盟机关刊《世界革命文学》上发表,使叶紫作品冲砾文网走向世界。",183,b24270cc6e20c54ee4c14efee58deb99bb93dc97ed592d8fa1ea8a733ecb5551,851423,851606,D:\1大创\左联知识库项目\data\processed\runtime_sources\左联史.txt,A=叶紫;B=萧三,,no,no,supported,yes,pending_cross_validation
REL-01951,ZLH-024,艾芜,ZLH-026,胡风,交游,low,medium,no,inferred,左联词典,zuolian_cidian,328,左联词典 第328页,"1934年,左联执委会改选,鲁迅和茅227盾、周扬、何谷天(周文)、胡风、沙汀、艾芜、任白戈等当选为左联执委。",55,ea406c5b3811ce5501bb78d9f078a783e7f22fce0259e9bba6b16e1db83786e1,234437,234492,D:\1大创\左联知识库项目\data\processed\runtime_sources\左联词典.txt,A=艾芜;B=胡风,,no,no,supported,yes,pending_cross_validation
REL-01952,ZLH-024,艾芜,ZLH-027,萧军,交游,low,medium,no,inferred,左联词典,zuolian_cidian,283,左联词典 第283页,"鲁左联盟员简介迅写厂《〈中国杰作小说选〉小引y,并首先把萧军的《羊》译为日文,又作《萧军简介》,发表在《改造》上,后鲁迅因病将这一工作交托胡风,胡风先后将《崔边》(柏山)、《父子之间》(周文)、《明镜》(欧阳山)、《山峡中》(艾芜)、《老人》(沙汀)等译为日文并用日文撰写了各篇的作者小传,分别发表在《改造》月刊上,同年4月,第一部评论集《文艺笔谈》由生活书店出版,初步显示出作者作为马克思主义文艺批评家的杰出才能和战斗风格,得到左翼文艺界的好评。",224,ab68652b655481b5d705efd03d60fe78a5a5438dbf4de240da97de9e8936c269,194575,194799,D:\1大创\左联知识库项目\data\processed\runtime_sources\左联词典.txt,A=艾芜;B=萧军,,no,no,supported,yes,pending_cross_validation
REL-01953,ZLH-024,艾芜,ZLH-028,萧红,纪念/悼念,critical,medium,no,pending_review,左联词典,zuolian_cidian,442,左联词典 第442页,"评论1935年文化界出版界翻印旦书热、复古运动、《对于文化运动的意见》、手头字运动、通俗文运动、新文字运动和《太白》、《译文》的停刊等事件,肯定过去一年左翼文坛的创作成绩,推荐东平《沉郁的梅冷城),奚如《叶伯》,欧阳山《七年忌》、《梦一般的自由》,周文《父子之问》,张大翼《万休约》,荒煤《刘麻木》,草明《女人的故事》,艾芜《山中牧歌》,方之中《诗人的画像》,沙汀《爱),征农《结算》,巴金《神鬼人),靳以《落珠集》等作品,对田军《八月的乡村》和萧红《生死场》评价尤高,认为“是这--年来创作上最好的收获.",253,d8b941bdd43c27be7670b76b18a48486bc703b0f19ecdfa3aecd2db18a37e6a0,331826,332079,D:\1大创\左联知识库项目\data\processed\runtime_sources\左联词典.txt,A=艾芜;B=萧红,推荐,no,no,pending_review,no,pending_cross_validation
REL-01954,ZLH-024,艾芜,ZLH-029,聂绀弩,待核验,critical,low,no,pending_review,左联史,zuolian_shi,23,左联史 第23页,"欧阳山、聂绀弩负责,成员有何谷天(周文)、草明、沙汀、艾芜、叶紫、杨潮等人。",38,aff995131e6fa27632e2ead5570d065d02091c2933f3f904c2c68c39980eaf2d,23235,23273,D:\1大创\左联知识库项目\data\processed\runtime_sources\左联史.txt,A=艾芜;B=聂绀弩,,no,no,pending_review,no,pending_cross_validation
REL-01955,ZLH-024,艾芜,ZLH-030,吴奚如,交游,low,medium,no,inferred,左联史,zuolian_shi,169,左联史 第169页,"《最后一课》发表后,丁玲函邀李辉英出席“《北斗》读者座试会“,他准时到会,在会上,他结识了也是正开始文学创作的青年作家艾芜、沙汀,认识了东北籍前辈作家穆木天,也结识了《北斗》主D艾芜《一十年代的一帽剪影》@吴奚如《左联大众化工作委员会的活动》。",122,1dbd57414b47923acc1f5f41cf9c5583936111f6bfe7681e9926c128ea96cb6b,249213,249335,D:\1大创\左联知识库项目\data\processed\runtime_sources\左联史.txt,A=艾芜;B=吴奚如,邀,no,no,supported,yes,pending_cross_validation
REL-01956,ZLH-024,艾芜,ZLH-031,葛琴,交游,low,medium,no,inferred,左联史,zuolian_shi,431,左联史 第431页,"1934一1935年,另一位美国记者伊罗生也要编译一部现代中国小说选,名为《草鞋脚》,请鲁迅、茅盾推荐作品,他们推荐了一批左翼作家的佳作,如征农《禾场上》、欧阳山《水棚里的清道夫》、草明《倾跌》、张天翼《一件寻常事》、葛琴《总退却》、艾芜《咆哮的许家屯》、东平《通讯员》、沙汀《老人》、丁九(应修人)《金宝塔银宝塔》、适夷《死》、何谷天《雪地》、魏金枝《制服》、茅盾《大泽乡》、丁玲《莎菲女士的日记》和《水》等。",206,7e0e0e073542393c83d8bfab925e55864ef687ea04814aa8627a51a9fe12baa1,656372,656578,D:\1大创\左联知识库项目\data\processed\runtime_sources\左联史.txt,A=艾芜;B=葛琴,推荐,no,no,supported,yes,pending_cross_validation
REL-01959,ZLH-024,艾芜,ZLH-035,李辉英,待核验,critical,low,no,pending_review,左联史,zuolian_shi,169,左联史 第169页,"《最后一课》发表后,丁玲函邀李辉英出席“《北斗》读者座试会“,他准时到会,在会上,他结识了也是正开始文学创作的青年作家艾芜、沙汀,认识了东北籍前辈作家穆木天,也结识了《北斗》主D艾芜《一十年代的一帽剪影》@吴奚如《左联大众化工作委员会的活动》。",122,1dbd57414b47923acc1f5f41cf9c5583936111f6bfe7681e9926c128ea96cb6b,249213,249335,D:\1大创\左联知识库项目\data\processed\runtime_sources\左联史.txt,A=艾芜;B=李辉英,邀,no,no,pending_review,no,pending_cross_validation
REL-01960,ZLH-024,艾芜,ZLH-036,穆木天,同属组织,critical,low,no,pending_review,左联词典,zuolian_cidian,214,左联词典 第214页,"不久应丁玲之邀出席《北斗》杂志召开的作者座谈会,结识艾芜、沙汀、穆木天等左翼作家.",41,ff10879571ada46d2b79e95dcccd8c33cb69bfeba645fb692416ef790cf8eeef,133815,133856,D:\1大创\左联知识库项目\data\processed\runtime_sources\左联词典.txt,A=艾芜;B=穆木天,邀,no,no,pending_review,no,pending_cross_validation
REL-01961,ZLH-024,艾芜,ZLH-038,陈荒煤,同属组织,critical,low,no,pending_review,左联词典,zuolian_cidian,442,左联词典 第442页,"评论1935年文化界出版界翻印旦书热、复古运动、《对于文化运动的意见》、手头字运动、通俗文运动、新文字运动和《太白》、《译文》的停刊等事件,肯定过去一年左翼文坛的创作成绩,推荐东平《沉郁的梅冷城),奚如《叶伯》,欧阳山《七年忌》、《梦一般的自由》,周文《父子之问》,张大翼《万休约》,荒煤《刘麻木》,草明《女人的故事》,艾芜《山中牧歌》,方之中《诗人的画像》,沙汀《爱),征农《结算》,巴金《神鬼人),靳以《落珠集》等作品,对田军《八月的乡村》和萧红《生死场》评价尤高,认为“是这--年来创作上最好的收获.",253,d8b941bdd43c27be7670b76b18a48486bc703b0f19ecdfa3aecd2db18a37e6a0,331826,332079,D:\1大创\左联知识库项目\data\processed\runtime_sources\左联词典.txt,A=艾芜;B=荒煤,推荐,no,no,pending_review,no,pending_cross_validation
REL-01962,ZLH-024,艾芜,ZLH-039,欧阳山,交游,low,medium,no,inferred,左联史,zuolian_shi,431,左联史 第431页,"1934一1935年,另一位美国记者伊罗生也要编译一部现代中国小说选,名为《草鞋脚》,请鲁迅、茅盾推荐作品,他们推荐了一批左翼作家的佳作,如征农《禾场上》、欧阳山《水棚里的清道夫》、草明《倾跌》、张天翼《一件寻常事》、葛琴《总退却》、艾芜《咆哮的许家屯》、东平《通讯员》、沙汀《老人》、丁九(应修人)《金宝塔银宝塔》、适夷《死》、何谷天《雪地》、魏金枝《制服》、茅盾《大泽乡》、丁玲《莎菲女士的日记》和《水》等。",206,7e0e0e073542393c83d8bfab925e55864ef687ea04814aa8627a51a9fe12baa1,656372,656578,D:\1大创\左联知识库项目\data\processed\runtime_sources\左联史.txt,A=艾芜;B=欧阳山,推荐,no,no,supported,yes,pending_cross_validation
REL-01963,ZLH-024,艾芜,ZLH-042,魏金枝,交游,low,medium,no,inferred,左联史,zuolian_shi,431,左联史 第431页,"1934一1935年,另一位美国记者伊罗生也要编译一部现代中国小说选,名为《草鞋脚》,请鲁迅、茅盾推荐作品,他们推荐了一批左翼作家的佳作,如征农《禾场上》、欧阳山《水棚里的清道夫》、草明《倾跌》、张天翼《一件寻常事》、葛琴《总退却》、艾芜《咆哮的许家屯》、东平《通讯员》、沙汀《老人》、丁九(应修人)《金宝塔银宝塔》、适夷《死》、何谷天《雪地》、魏金枝《制服》、茅盾《大泽乡》、丁玲《莎菲女士的日记》和《水》等。",206,7e0e0e073542393c83d8bfab925e55864ef687ea04814aa8627a51a9fe12baa1,656372,656578,D:\1大创\左联知识库项目\data\processed\runtime_sources\左联史.txt,A=艾芜;B=魏金枝,推荐,no,no,supported,yes,pending_cross_validation
REL-01964,ZLH-024,艾芜,ZLH-043,端木蕻良,待核验,critical,low,no,pending_review,左联史,zuolian_shi,624,左联史 第624页,"为了让更多的左翼作家能有机会互相交流文坛信息、探讨创作问题,茅盾和冯雪峰等商议,欧定组织部分青年作家每两周举行一次聚餐会,时间在第二个星期日,故名“月曜会“,由茅盾作东,与会的有张天翰、泉汀、艾芜、王任叔、端木蕻良、陈白尘、蒋牧良等。",117,394541e705cfde75330c754a73c85b95b5fdeffd54653750b4ba24011c467133,980536,980653,D:\1大创\左联知识库项目\data\processed\runtime_sources\左联史.txt,A=艾芜;B=端木蕻良,组织,no,no,pending_review,no,pending_cross_validation
REL-01965,ZLH-024,艾芜,ZLH-045,周立波,待核验,critical,low,no,pending_review,左联词典,zuolian_cidian,583,左联词典 第583页,"共3节,其中第一节回忆三十年代在苏州国民党监狱中和艾芜同监,艾芸“几乎每天都在那闫热噜杂的牢房里写他的小说“等读《南行记》评论周立波作,载《读书生活》1936年3月25日3卷10期,系对三芜的短篇小说集《南行记》的评论,认为书中各篇充满“灰色阴郁的人生和恰悦的自然的诗意“的对照以及“自然的美和人生的丑的矛盾“。",156,5ba9d54c5c12aa1b0ae517a7a8695f0f90384016b153d59be41658094c626c69,451477,451633,D:\1大创\左联知识库项目\data\processed\runtime_sources\左联词典.txt,A=艾芜;B=周立波,,no,yes,pending_review,no,pending_cross_validation
REL-01968,ZLH-024,艾芜,ZLH-048,王任叔,交游,low,medium,no,inferred,左联史,zuolian_shi,624,左联史 第624页,"为了让更多的左翼作家能有机会互相交流文坛信息、探讨创作问题,茅盾和冯雪峰等商议,欧定组织部分青年作家每两周举行一次聚餐会,时间在第二个星期日,故名“月曜会“,由茅盾作东,与会的有张天翰、泉汀、艾芜、王任叔、端木蕻良、陈白尘、蒋牧良等。",117,394541e705cfde75330c754a73c85b95b5fdeffd54653750b4ba24011c467133,980536,980653,D:\1大创\左联知识库项目\data\processed\runtime_sources\左联史.txt,A=艾芜;B=王任叔,组织,no,no,supported,yes,pending_cross_validation
REL-01973,ZLH-024,艾芜,ZLH-058,郭沫若,交游,low,medium,no,inferred,左联史,zuolian_shi,602,左联史 第602页,“最优秀的左翼作家有(鲁迅)茅盾、叶紫、艾芜、沙汀、周1文、柔石、郭沫若“。,38,2ba5eb3c303e8ad588061609332c5976893506f93d675cd6f0a7a03f2fd92c40,946602,946640,D:\1大创\左联知识库项目\data\processed\runtime_sources\左联史.txt,A=艾芜;B=郭沫若,,no,no,supported,yes,pending_cross_validation
REL-01974,ZLH-024,艾芜,ZLH-059,白薇,同属组织,critical,low,no,pending_review,左联词典,zuolian_cidian,499,左联词典 第499页,"撰稿人中有许多左联盟员作家,如王任梓、白薇、王东平、沙汀、艾芜,何家槐、李辉英、郁达夫、征农、洪深、草明、许幸之、阿吴渊、张大翼、郑住奇、穆木天、魏金枝、魏猛克、冰山等。",85,94ff73b8015a4db2756330172fa325dcbe5cb52c6b917c95ed1046a62da4fada,380920,381005,D:\1大创\左联知识库项目\data\processed\runtime_sources\左联词典.txt,A=艾芜;B=白薇,撰稿,yes,no,pending_review,no,pending_cross_validation
REL-01975,ZLH-024,艾芜,ZLH-060,鲁彦,同属组织,critical,low,no,pending_review,左联史,zuolian_shi,528,左联史 第528页,"1934年3月1日《春光》创刊号问世,登载的特约撰稿人名单多达51位,其中左联盟员作家就有方光焊、方土人、王任叔、白薇、丘东平、沙汀、艾芜、何家槐、李辉英、郁达夫、征农、洪深、祝秀侠、草明、许幸之、张天翼、董每戡、黎锦明、郑伯奇、穆木天、魏金枝、魏猛克22位;其他作家有夏与尊、陈望道、巴金、王统照、老吴、叶圣陶、傅东华、曹聚仁、丰子恺、陈子展、沈从文、施蛭存、马彦祥、沉樱、徐调乍、鲁彦、靳以、赵景深、李又然等;叶灵凤虽已被左联开除,但庄启东依然让他做《春光》特约撰稿人;诗人戴望舒在一篇法国通信中说过纪德也是“第三种人“的话,因而受到非议,但是他仍旧被列人了特约揣稿人的名单,真是极一时之盛。",298,232ca7ca1db8856adab82e346b24a29740c52419e1749a7565828ee1e602e432,825687,825985,D:\1大创\左联知识库项目\data\processed\runtime_sources\左联史.txt,A=艾芜;B=鲁彦,通信,yes,no,pending_review,no,pending_cross_validation
REL-01977,ZLH-024,艾芜,ZLH-063,任白戈,交游,low,medium,no,inferred,左联词典,zuolian_cidian,227,左联词典 第227页,"1929年春在四川白色恐怡中流亡到上海,和先于他流亡上海的任白戈等四川同志组织李垦书店,1931年秋和同学汤道耕(艾芜)相逼,共同从事小说创作。",72,0a5d7b85cec6c0da35685c28445de9e133b08b7b06856e7a50fe8b6d581d125c,144730,144802,D:\1大创\左联知识库项目\data\processed\runtime_sources\左联词典.txt,A=艾芜;B=任白戈,共同,no,no,supported,yes,pending_cross_validation
REL-01979,ZLH-024,艾芜,ZLH-067,任钧,同属组织,high,low,yes,pending_review,左联词典,zuolian_cidian,287,左联词典 第287页,"同年9月,由艾芜介绍参加左联领导的中国诗歌会,并和穆木天、杨骚、森堡(任钧)、溶风等创办会刊《新诗歌》,他参与编辑。",58,9205e4c0604d1ad88b9d19d5d3db0facb4bf95c13228eac025ed8f395062f1a2,198423,198481,D:\1大创\左联知识库项目\data\processed\runtime_sources\左联词典.txt,A=艾芜;B=任钧,介绍,no,no,pending_review,no,pending_cross_validation
REL-01983,ZLH-024,艾芜,ZLH-073,王余杞,同属组织,critical,low,yes,pending_review,左联史,zuolian_shi,491,左联史 第491页,"上海的左翼作家们纷纷寄去文稿,王余杞收到聂绀弩的小说《金元爹》、翻译小说《为市民》,征农、东平、叶紫、李辉英、艾芜、蒋弼的小说《春天的故事》、《农村小景》、《夜哨线》、《动乱中》、《爸爸》、《纪家冲》,郁达夫、许幸之的散文《故都的秋》、《两个画家》,孟式钧、韩起、蒙风的评论《文学上的浪漫主义》、《约翰里德的创作方法》、《杨骚的诗》,还有艾青、林林的诗,陈君深的小品、陈疑秋的剧本,北方作家金丁、徐盈、子冈、芦萝等也寄来作品,门类繁多、美不胜收。",223,3a71442d292719bfa5f46d04fd558bff505b1def5b29306c22f561c01c1a6aba,760606,760829,D:\1大创\左联知识库项目\data\processed\runtime_sources\左联史.txt,A=艾芜;B=王余杞,约,yes,no,pending_review,no,pending_cross_validation
REL-01984,ZLH-024,艾芜,ZLH-077,柳倩,同属组织,high,low,yes,pending_review,左联史,zuolian_shi,626,左联史 第626页,"他在《作家间需要什么一种运动0的长文中讽刺道;“差不多,差不多,先生的头脑差不多失掉作用了啊“他用强硬的语气正告炯之先生:“你想一笔把中国文学的若于成绩差不多剿灭,究竟是不可能的!“他问道:“一个细心的读者,会分辨不出不同作品的内容,相异的作者的相异的风格来么?有谁说《八月的乡村》和《生死场》是差不多的?7《没有祖国的孩子》及舒群的其他短篇创作都差不多?艾芜和沙汀,张天翼和欧阳山是差不多?杨骚的《福建三唱》和洪道的《流亡者的独唱》差不多?任钧、蒙风、柳倩的诗都差不多?丽尼的散文和炯之先生所推荐的何其芳的散文,难道也差不多么?差不多,差不多,差不多是梦呕啊,废话啊,收拾吧.",289,014e9c729b4ccd8d196435b56de49fad383cfce0ce0128ef68768b4900458827,983568,983857,D:\1大创\左联知识库项目\data\processed\runtime_sources\左联史.txt,A=艾芜;B=柳倩,推荐,no,yes,pending_review,no,pending_cross_validation
REL-01985,ZLH-024,艾芜,ZLH-080,陈企霞,待核验,critical,low,yes,pending_review,左联史,zuolian_shi,50,左联史 第50页,"该刊也发表中国左联作家的作品,如鲁迅《听说梦》,茅盾《“杂志办人“》,张天翼《我的幼年生活》,艾芜《在茅草地》,陈企霞《夜醒》,尹庚译《初春的风》(日本中野重治作)等,努力保持与中国左联的文学联系,不断提高刊物的质量。",109,f328b3b0e0e8af3290c2a0372b61115c36ce66c8b69aaa58ef92272fb6fbb88d,66887,66996,D:\1大创\左联知识库项目\data\processed\runtime_sources\左联史.txt,A=艾芜;B=陈企霞,,no,no,pending_review,no,pending_cross_validation
REL-01986,ZLH-024,艾芜,ZLH-081,陈白尘,待核验,critical,low,no,pending_review,左联史,zuolian_shi,624,左联史 第624页,"为了让更多的左翼作家能有机会互相交流文坛信息、探讨创作问题,茅盾和冯雪峰等商议,欧定组织部分青年作家每两周举行一次聚餐会,时间在第二个星期日,故名“月曜会“,由茅盾作东,与会的有张天翰、泉汀、艾芜、王任叔、端木蕻良、陈白尘、蒋牧良等。",117,394541e705cfde75330c754a73c85b95b5fdeffd54653750b4ba24011c467133,980536,980653,D:\1大创\左联知识库项目\data\processed\runtime_sources\左联史.txt,A=艾芜;B=陈白尘,组织,no,no,pending_review,no,pending_cross_validation
REL-01991,ZLH-024,艾芜,ZLH-091,叶以群,待核验,critical,low,yes,pending_review,左联史,zuolian_shi,256,左联史 第256页,"几天后,左联就派叶以群、梁文若去南市拘留所探望艾芜。",26,2175151af8138cfe55feeb8d476a895a42cb5a1306eb3a9214f1940468437ef6,382153,382179,D:\1大创\左联知识库项目\data\processed\runtime_sources\左联史.txt,A=艾芜;B=叶以群,探望,no,no,pending_review,no,pending_cross_validation
REL-01994,ZLH-024,艾芜,ZLH-097,王西彦,同属组织,critical,low,no,pending_review,左联词典,zuolian_cidian,520,左联词典 第520页,“部份盟员“左联“时期活动篓介“介绍了丁玲、于伶、马宁、王西彦、王志之、王蕹嘉、方殷、艾芜、叶紫、田汉、田间、白曙、冯乃超、冯雪峰、冯锂、任白戈、任钧、阳翰笙、孙席珍、李伟森、吴奚如、应修人、沙汀、沈起子、张天翼、张松如、阿英、陈沂、林焕平、茅盾、郁达夫等31位盟员作家在左联时期的活动。,144,1c54b7552e43a916ff2acc15b4d28af1b87a832afae6bd45b668809cf99f7340,397549,397693,D:\1大创\左联知识库项目\data\processed\runtime_sources\左联词典.txt,A=艾芜;B=王西彦,介绍,yes,no,pending_review,no,pending_cross_validation
REL-01998,ZLH-024,艾芜,ZLH-105,沈起予,同属组织,critical,low,no,pending_review,左联词典,zuolian_cidian,109,左联词典 第109页,“(任钧:《关于左联的一些情况矣成员有沈起予、金奎光、汪金丁、鲁迅、苟盾、周扬、胡风、任钧、沙汀、杨骚叶紫、何家槐、艾芜、欧阳山、吴奚如等也参加过委员会。,77,15739e49a6173f4e3363e0d9e7848580fe4b054f2a1e3351f322b9d41f9e6db9,43128,43205,D:\1大创\左联知识库项目\data\processed\runtime_sources\左联词典.txt,A=艾芜;B=沈起予,参加,yes,no,pending_review,no,pending_cross_validation
REL-02004,ZLH-024,艾芜,ZLH-119,何家槐,交游,low,medium,no,inferred,左联史,zuolian_shi,22,左联史 第22页,"又称大众文艺委员会,任务是研究文艺大众化的理论,创造大众化的文艺作品,开展对反动大众文艺的批判,组织领导工人夜校和群众读书会、读书班,推进文艺大众化运动,郑佑奇、吴要如、何家槐曾先后担任该会主任,王为雄(徐平羽)、陈大戈、(陈天霓)、彭柏山、艾芜等曾参加有关工作。",132,5f66ef87c39398d3f370a2f18ea22e14e241c963a6d88b6c781e7ea12f1ba214,22708,22840,D:\1大创\左联知识库项目\data\processed\runtime_sources\左联史.txt,A=艾芜;B=何家槐,组织,no,no,supported,yes,pending_cross_validation
REL-02005,ZLH-024,艾芜,ZLH-120,夏征农,交游,low,medium,no,inferred,左联史,zuolian_shi,431,左联史 第431页,"1934一1935年,另一位美国记者伊罗生也要编译一部现代中国小说选,名为《草鞋脚》,请鲁迅、茅盾推荐作品,他们推荐了一批左翼作家的佳作,如征农《禾场上》、欧阳山《水棚里的清道夫》、草明《倾跌》、张天翼《一件寻常事》、葛琴《总退却》、艾芜《咆哮的许家屯》、东平《通讯员》、沙汀《老人》、丁九(应修人)《金宝塔银宝塔》、适夷《死》、何谷天《雪地》、魏金枝《制服》、茅盾《大泽乡》、丁玲《莎菲女士的日记》和《水》等。",206,7e0e0e073542393c83d8bfab925e55864ef687ea04814aa8627a51a9fe12baa1,656372,656578,D:\1大创\左联知识库项目\data\processed\runtime_sources\左联史.txt,A=艾芜;B=征农,推荐,no,no,supported,yes,pending_cross_validation
REL-02011,ZLH-024,艾芜,ZLH-129,胡愈之,同属组织,critical,low,no,pending_review,左联史,zuolian_shi,295,左联史 第295页,"创刊号上公布了特约撰述68人名单,其中有左联成员艾芜、方光焘、佛朗(祝秀侠)、高滔、何谷天(周文)、洪深、黄芝冈、张天翼、李辉英、廖堆容(廖沫沙)、聂绀弩、欧阳山、任白戈、家征农、沈起予、草明、魏猛克、杨骚,其他还有巴金、冰心、沉模、杜重远、丰子恺、风子(唐弛)、耿济之、顾均正、黄源、胡仲持、朐愈之、金仲华、靳以、榴奋、周木斋、周予同、赵元任、朱光湛、克士(周建人)、老舍、李健吾、落华生、马宗融、孟斯根(孟十还)、夏七尊、陈子展、谢六逸、孙伏园、陶行知、蔡慕晖、蔡希陶、王鲁彦、王伯祥、王统炜、吴组编、吴文祺、叶籁士、乐嗣炳等,还有谷人(郭沫若)。",276,6e425e030fe453965626c318fb25af618fc77bd3bcdd8eaa9ef12cb435231ada,442288,442564,D:\1大创\左联知识库项目\data\processed\runtime_sources\左联史.txt,A=艾芜;B=愈之,约,yes,no,pending_review,no,pending_cross_validation
REL-02026,ZLH-025,沙汀,ZLH-024,艾芜,同属组织,high,low,yes,pending_review,左联词典,zuolian_cidian,214,左联词典 第214页,"不久应丁玲之邀出席《北斗》杂志召开的作者座谈会,结识艾芜、沙汀、穆木天等左翼作家.",41,ff10879571ada46d2b79e95dcccd8c33cb69bfeba645fb692416ef790cf8eeef,133815,133856,D:\1大创\左联知识库项目\data\processed\runtime_sources\左联词典.txt,A=沙汀;B=艾芜,邀,no,no,pending_review,no,pending_cross_validation
REL-02027,ZLH-025,沙汀,ZLH-026,胡风,交游,low,medium,no,inferred,左联史,zuolian_shi,22,左联史 第22页,担任过这一职务的还有沙汀、胡风、任白戈、徐懋庸等人。,26,73038784829f7fca3b3e7e62de70acc6f43de7947aba457013f3abe8c1111e62,22137,22163,D:\1大创\左联知识库项目\data\processed\runtime_sources\左联史.txt,A=沙汀;B=胡风,,no,no,supported,yes,pending_cross_validation
REL-02028,ZLH-025,沙汀,ZLH-027,萧军,交游,low,medium,no,inferred,左联词典,zuolian_cidian,283,左联词典 第283页,"鲁左联盟员简介迅写厂《〈中国杰作小说选〉小引y,并首先把萧军的《羊》译为日文,又作《萧军简介》,发表在《改造》上,后鲁迅因病将这一工作交托胡风,胡风先后将《崔边》(柏山)、《父子之间》(周文)、《明镜》(欧阳山)、《山峡中》(艾芜)、《老人》(沙汀)等译为日文并用日文撰写了各篇的作者小传,分别发表在《改造》月刊上,同年4月,第一部评论集《文艺笔谈》由生活书店出版,初步显示出作者作为马克思主义文艺批评家的杰出才能和战斗风格,得到左翼文艺界的好评。",224,ab68652b655481b5d705efd03d60fe78a5a5438dbf4de240da97de9e8936c269,194575,194799,D:\1大创\左联知识库项目\data\processed\runtime_sources\左联词典.txt,A=沙汀;B=萧军,,no,no,supported,yes,pending_cross_validation
REL-02029,ZLH-025,沙汀,ZLH-028,萧红,纪念/悼念,critical,medium,no,pending_review,左联词典,zuolian_cidian,442,左联词典 第442页,"评论1935年文化界出版界翻印旦书热、复古运动、《对于文化运动的意见》、手头字运动、通俗文运动、新文字运动和《太白》、《译文》的停刊等事件,肯定过去一年左翼文坛的创作成绩,推荐东平《沉郁的梅冷城),奚如《叶伯》,欧阳山《七年忌》、《梦一般的自由》,周文《父子之问》,张大翼《万休约》,荒煤《刘麻木》,草明《女人的故事》,艾芜《山中牧歌》,方之中《诗人的画像》,沙汀《爱),征农《结算》,巴金《神鬼人),靳以《落珠集》等作品,对田军《八月的乡村》和萧红《生死场》评价尤高,认为“是这--年来创作上最好的收获.",253,d8b941bdd43c27be7670b76b18a48486bc703b0f19ecdfa3aecd2db18a37e6a0,331826,332079,D:\1大创\左联知识库项目\data\processed\runtime_sources\左联词典.txt,A=沙汀;B=萧红,推荐,no,no,pending_review,no,pending_cross_validation
REL-02030,ZLH-025,沙汀,ZLH-029,聂绀弩,同属组织,critical,low,no,pending_review,左联史,zuolian_shi,23,左联史 第23页,"欧阳山、聂绀弩负责,成员有何谷天(周文)、草明、沙汀、艾芜、叶紫、杨潮等人。",38,aff995131e6fa27632e2ead5570d065d02091c2933f3f904c2c68c39980eaf2d,23235,23273,D:\1大创\左联知识库项目\data\processed\runtime_sources\左联史.txt,A=沙汀;B=聂绀弩,,no,no,pending_review,no,pending_cross_validation
REL-02031,ZLH-025,沙汀,ZLH-030,吴奚如,交游,low,medium,no,inferred,左联史,zuolian_shi,169,左联史 第169页,"《最后一课》发表后,丁玲函邀李辉英出席“《北斗》读者座试会“,他准时到会,在会上,他结识了也是正开始文学创作的青年作家艾芜、沙汀,认识了东北籍前辈作家穆木天,也结识了《北斗》主D艾芜《一十年代的一帽剪影》@吴奚如《左联大众化工作委员会的活动》。",122,1dbd57414b47923acc1f5f41cf9c5583936111f6bfe7681e9926c128ea96cb6b,249213,249335,D:\1大创\左联知识库项目\data\processed\runtime_sources\左联史.txt,A=沙汀;B=吴奚如,邀,no,no,supported,yes,pending_cross_validation
REL-02032,ZLH-025,沙汀,ZLH-031,葛琴,交游,low,medium,no,inferred,左联史,zuolian_shi,431,左联史 第431页,"1934一1935年,另一位美国记者伊罗生也要编译一部现代中国小说选,名为《草鞋脚》,请鲁迅、茅盾推荐作品,他们推荐了一批左翼作家的佳作,如征农《禾场上》、欧阳山《水棚里的清道夫》、草明《倾跌》、张天翼《一件寻常事》、葛琴《总退却》、艾芜《咆哮的许家屯》、东平《通讯员》、沙汀《老人》、丁九(应修人)《金宝塔银宝塔》、适夷《死》、何谷天《雪地》、魏金枝《制服》、茅盾《大泽乡》、丁玲《莎菲女士的日记》和《水》等。",206,7e0e0e073542393c83d8bfab925e55864ef687ea04814aa8627a51a9fe12baa1,656372,656578,D:\1大创\左联知识库项目\data\processed\runtime_sources\左联史.txt,A=沙汀;B=葛琴,推荐,no,no,supported,yes,pending_cross_validation
REL-02033,ZLH-025,沙汀,ZLH-032,徐懋庸,交游,low,medium,no,inferred,左联词典,zuolian_cidian,486,左联词典 第486页,"主编周渊(系一虑名,实系戴平万、杨骚、徐懋庸、邱韵铎、沙汀共同编辑)。",35,095582273bb401c8acfc23829a9e84d2f19795f5a99183166bef52c452df8cd6,369482,369517,D:\1大创\左联知识库项目\data\processed\runtime_sources\左联词典.txt,A=沙汀;B=徐懋庸,共同,no,no,supported,yes,pending_cross_validation
REL-02035,ZLH-025,沙汀,ZLH-035,李辉英,交游,low,medium,no,inferred,左联史,zuolian_shi,169,左联史 第169页,"《最后一课》发表后,丁玲函邀李辉英出席“《北斗》读者座试会“,他准时到会,在会上,他结识了也是正开始文学创作的青年作家艾芜、沙汀,认识了东北籍前辈作家穆木天,也结识了《北斗》主D艾芜《一十年代的一帽剪影》@吴奚如《左联大众化工作委员会的活动》。",122,1dbd57414b47923acc1f5f41cf9c5583936111f6bfe7681e9926c128ea96cb6b,249213,249335,D:\1大创\左联知识库项目\data\processed\runtime_sources\左联史.txt,A=沙汀;B=李辉英,邀,no,no,supported,yes,pending_cross_validation
REL-02036,ZLH-025,沙汀,ZLH-036,穆木天,合作,critical,medium,no,pending_review,左联词典,zuolian_cidian,214,左联词典 第214页,"不久应丁玲之邀出席《北斗》杂志召开的作者座谈会,结识艾芜、沙汀、穆木天等左翼作家.",41,ff10879571ada46d2b79e95dcccd8c33cb69bfeba645fb692416ef790cf8eeef,133815,133856,D:\1大创\左联知识库项目\data\processed\runtime_sources\左联词典.txt,A=沙汀;B=穆木天,邀,no,no,pending_review,no,pending_cross_validation
REL-02037,ZLH-025,沙汀,ZLH-038,陈荒煤,待核验,critical,low,no,pending_review,左联词典,zuolian_cidian,442,左联词典 第442页,"评论1935年文化界出版界翻印旦书热、复古运动、《对于文化运动的意见》、手头字运动、通俗文运动、新文字运动和《太白》、《译文》的停刊等事件,肯定过去一年左翼文坛的创作成绩,推荐东平《沉郁的梅冷城),奚如《叶伯》,欧阳山《七年忌》、《梦一般的自由》,周文《父子之问》,张大翼《万休约》,荒煤《刘麻木》,草明《女人的故事》,艾芜《山中牧歌》,方之中《诗人的画像》,沙汀《爱),征农《结算》,巴金《神鬼人),靳以《落珠集》等作品,对田军《八月的乡村》和萧红《生死场》评价尤高,认为“是这--年来创作上最好的收获.",253,d8b941bdd43c27be7670b76b18a48486bc703b0f19ecdfa3aecd2db18a37e6a0,331826,332079,D:\1大创\左联知识库项目\data\processed\runtime_sources\左联词典.txt,A=沙汀;B=荒煤,推荐,no,no,pending_review,no,pending_cross_validation
REL-02038,ZLH-025,沙汀,ZLH-039,欧阳山,交游,low,medium,no,inferred,左联史,zuolian_shi,431,左联史 第431页,"1934一1935年,另一位美国记者伊罗生也要编译一部现代中国小说选,名为《草鞋脚》,请鲁迅、茅盾推荐作品,他们推荐了一批左翼作家的佳作,如征农《禾场上》、欧阳山《水棚里的清道夫》、草明《倾跌》、张天翼《一件寻常事》、葛琴《总退却》、艾芜《咆哮的许家屯》、东平《通讯员》、沙汀《老人》、丁九(应修人)《金宝塔银宝塔》、适夷《死》、何谷天《雪地》、魏金枝《制服》、茅盾《大泽乡》、丁玲《莎菲女士的日记》和《水》等。",206,7e0e0e073542393c83d8bfab925e55864ef687ea04814aa8627a51a9fe12baa1,656372,656578,D:\1大创\左联知识库项目\data\processed\runtime_sources\左联史.txt,A=沙汀;B=欧阳山,推荐,no,no,supported,yes,pending_cross_validation
REL-02039,ZLH-025,沙汀,ZLH-042,魏金枝,交游,low,medium,no,inferred,左联史,zuolian_shi,431,左联史 第431页,"1934一1935年,另一位美国记者伊罗生也要编译一部现代中国小说选,名为《草鞋脚》,请鲁迅、茅盾推荐作品,他们推荐了一批左翼作家的佳作,如征农《禾场上》、欧阳山《水棚里的清道夫》、草明《倾跌》、张天翼《一件寻常事》、葛琴《总退却》、艾芜《咆哮的许家屯》、东平《通讯员》、沙汀《老人》、丁九(应修人)《金宝塔银宝塔》、适夷《死》、何谷天《雪地》、魏金枝《制服》、茅盾《大泽乡》、丁玲《莎菲女士的日记》和《水》等。",206,7e0e0e073542393c83d8bfab925e55864ef687ea04814aa8627a51a9fe12baa1,656372,656578,D:\1大创\左联知识库项目\data\processed\runtime_sources\左联史.txt,A=沙汀;B=魏金枝,推荐,no,no,supported,yes,pending_cross_validation
REL-02043,ZLH-025,沙汀,ZLH-048,王任叔,交游,low,medium,no,inferred,左联史,zuolian_shi,555,左联史 第555页,"在上海儿年间,他结识了聂绀訾、王任叔、张天鬟、欧阳山、艾芜、沙汀、周文、叶以群等一批左联盟员作家,受到鼓舞影响,更积极地投身左翼文学事业,他在《文学丛报》、《东方文艺》、《人民文学》、《天地人)V《大晚报.",103,297c3f5403abc933897c072289b18ae9f57fb69ec57a0199183b8a6e6af52206,873553,873656,D:\1大创\左联知识库项目\data\processed\runtime_sources\左联史.txt,A=沙汀;B=王任叔,,no,no,supported,yes,pending_cross_validation
REL-02048,ZLH-025,沙汀,ZLH-058,郭沫若,交游,low,medium,no,inferred,左联史,zuolian_shi,602,左联史 第602页,“最优秀的左翼作家有(鲁迅)茅盾、叶紫、艾芜、沙汀、周1文、柔石、郭沫若“。,38,2ba5eb3c303e8ad588061609332c5976893506f93d675cd6f0a7a03f2fd92c40,946602,946640,D:\1大创\左联知识库项目\data\processed\runtime_sources\左联史.txt,A=沙汀;B=郭沫若,,no,no,supported,yes,pending_cross_validation
REL-02049,ZLH-025,沙汀,ZLH-059,白薇,待核验,critical,low,no,pending_review,左联史,zuolian_shi,465,左联史 第465页,"萧三在苏联期间经常给鲁迅写信报告国际革命作家联盟情况,寄赠《国际文学)、《太平洋灯塔》、《萧三的诗》等书刊,鲁迅也将茅盾、周起应(周扬)、沈端先(夏衍)、张天翼、郑伯奇、周文、沙汀、白薇等左翼作家的作品寄给萧三。",106,8c99ec852386f446851d6dd8143a3dfdc157df6633ef6f3ddf2312cc42c83e8a,714747,714853,D:\1大创\左联知识库项目\data\processed\runtime_sources\左联史.txt,A=沙汀;B=白薇,写信,no,no,pending_review,no,pending_cross_validation
REL-02052,ZLH-025,沙汀,ZLH-063,任白戈,交游,low,medium,no,inferred,左联史,zuolian_shi,22,左联史 第22页,担任过这一职务的还有沙汀、胡风、任白戈、徐懋庸等人。,26,73038784829f7fca3b3e7e62de70acc6f43de7947aba457013f3abe8c1111e62,22137,22163,D:\1大创\左联知识库项目\data\processed\runtime_sources\左联史.txt,A=沙汀;B=任白戈,,no,no,supported,yes,pending_cross_validation
REL-02054,ZLH-025,沙汀,ZLH-067,任钧,同属组织,high,low,yes,pending_review,左联史,zuolian_shi,537,左联史 第537页,"1932年2月初,接《北斗》杂志社通知,参加《北斗》作者座谈会,他第一次见到丁玲,结识了左联盟员作家穆木天、沙汀、艾莅,后来又结识左联诗人蒲风、任钧等。",76,4d00d93bef3bc9ed28f8a6e18abf23ef60e79fc0425f67ff36d3a4df2570490d,842191,842267,D:\1大创\左联知识库项目\data\processed\runtime_sources\左联史.txt,A=沙汀;B=任钧,参加,no,no,pending_review,no,pending_cross_validation
REL-02055,ZLH-025,沙汀,ZLH-069,张庚,待核验,critical,low,no,pending_review,左联词典,zuolian_cidian,229,左联词典 第229页,"1936年初,和洪深、夏衍、沙汀、“凌鹤、于伶、宋之的、张庚等伊办《光朋》半月刊。",41,0570fa80bfcc7485877515ae3c30cf69af292fd78254b0338445278f1c90d457,146637,146678,D:\1大创\左联知识库项目\data\processed\runtime_sources\左联词典.txt,A=沙汀;B=张庚,,no,no,pending_review,no,pending_cross_validation
REL-02056,ZLH-025,沙汀,ZLH-073,王余杞,同属组织,critical,low,yes,pending_review,左联史,zuolian_shi,231,左联史 第231页,"其他左联作家被禁的著译还有:戴平万《陆阿六》,杨郫人《狂澜》与《苍闷》,孙席珍《战场上》、《辛克莱译传》,冯宪章《梦后》、《叶山嘉树集》,何畏《文学方法论者蒲列哈诺夫》,戴望舒《啪物史观的文学论》,顾凤城《新兴文学概论》和《没落的灵魂》,王余杞《朋友与敌人》,健尼(高云览)《前夜》,周全平《残兵》,森堡(任钧)《藤森成吉集》、《爱与仇》、《隐秘的爱》,龚冰庐《炭矿夫》、《黎明之前》,潘汉年《离婚》,李辉英《万宝山》,沙汀《法律外的航线》,蒲风《茫茫夜》、《六月流火》,白特(杜谈)《还乡集》,台静农《建塔者》,侍桁《文学评论集》和《铁甲列车》,魏金枝《奶妈》,华蒂(叶以群)《文艺创作概论》,白薇《打出幽灵塔》,谷非(胡风)《洋鬼》,柳倩《生命的微突》,祝秀侠《巴比塞短篇作》,叶紫《丰收》,马宁《新恋》,陈子鹄《守宙之歌》,田间《中国.",371,cf16afb36df85da3a017fd88ec86667fa0b69a7c110e817a8221ad8ac0379430,343302,343673,D:\1大创\左联知识库项目\data\processed\runtime_sources\左联史.txt,A=沙汀;B=王余杞,,no,no,pending_review,no,pending_cross_validation
REL-02057,ZLH-025,沙汀,ZLH-077,柳倩,同属组织,high,low,yes,pending_review,左联史,zuolian_shi,231,左联史 第231页,"其他左联作家被禁的著译还有:戴平万《陆阿六》,杨郫人《狂澜》与《苍闷》,孙席珍《战场上》、《辛克莱译传》,冯宪章《梦后》、《叶山嘉树集》,何畏《文学方法论者蒲列哈诺夫》,戴望舒《啪物史观的文学论》,顾凤城《新兴文学概论》和《没落的灵魂》,王余杞《朋友与敌人》,健尼(高云览)《前夜》,周全平《残兵》,森堡(任钧)《藤森成吉集》、《爱与仇》、《隐秘的爱》,龚冰庐《炭矿夫》、《黎明之前》,潘汉年《离婚》,李辉英《万宝山》,沙汀《法律外的航线》,蒲风《茫茫夜》、《六月流火》,白特(杜谈)《还乡集》,台静农《建塔者》,侍桁《文学评论集》和《铁甲列车》,魏金枝《奶妈》,华蒂(叶以群)《文艺创作概论》,白薇《打出幽灵塔》,谷非(胡风)《洋鬼》,柳倩《生命的微突》,祝秀侠《巴比塞短篇作》,叶紫《丰收》,马宁《新恋》,陈子鹄《守宙之歌》,田间《中国.",371,cf16afb36df85da3a017fd88ec86667fa0b69a7c110e817a8221ad8ac0379430,343302,343673,D:\1大创\左联知识库项目\data\processed\runtime_sources\左联史.txt,A=沙汀;B=柳倩,,no,no,pending_review,no,pending_cross_validation
REL-02060,ZLH-025,沙汀,ZLH-082,宋之的,同属组织,critical,low,no,pending_review,左联词典,zuolian_cidian,229,左联词典 第229页,"1936年初,和洪深、夏衍、沙汀、“凌鹤、于伶、宋之的、张庚等伊办《光朋》半月刊。",41,0570fa80bfcc7485877515ae3c30cf69af292fd78254b0338445278f1c90d457,146637,146678,D:\1大创\左联知识库项目\data\processed\runtime_sources\左联词典.txt,A=沙汀;B=宋之的,,no,no,pending_review,no,pending_cross_validation
REL-02063,ZLH-025,沙汀,ZLH-091,叶以群,合作,critical,medium,no,pending_review,左联史,zuolian_shi,555,左联史 第555页,"在上海儿年间,他结识了聂绀訾、王任叔、张天鬟、欧阳山、艾芜、沙汀、周文、叶以群等一批左联盟员作家,受到鼓舞影响,更积极地投身左翼文学事业,他在《文学丛报》、《东方文艺》、《人民文学》、《天地人)V《大晚报.",103,297c3f5403abc933897c072289b18ae9f57fb69ec57a0199183b8a6e6af52206,873553,873656,D:\1大创\左联知识库项目\data\processed\runtime_sources\左联史.txt,A=沙汀;B=叶以群,,no,no,pending_review,no,pending_cross_validation
REL-02066,ZLH-025,沙汀,ZLH-097,王西彦,同属组织,critical,low,no,pending_review,左联词典,zuolian_cidian,520,左联词典 第520页,“部份盟员“左联“时期活动篓介“介绍了丁玲、于伶、马宁、王西彦、王志之、王蕹嘉、方殷、艾芜、叶紫、田汉、田间、白曙、冯乃超、冯雪峰、冯锂、任白戈、任钧、阳翰笙、孙席珍、李伟森、吴奚如、应修人、沙汀、沈起子、张天翼、张松如、阿英、陈沂、林焕平、茅盾、郁达夫等31位盟员作家在左联时期的活动。,144,1c54b7552e43a916ff2acc15b4d28af1b87a832afae6bd45b668809cf99f7340,397549,397693,D:\1大创\左联知识库项目\data\processed\runtime_sources\左联词典.txt,A=沙汀;B=王西彦,介绍,yes,no,pending_review,no,pending_cross_validation
REL-02067,ZLH-025,沙汀,ZLH-098,沈从文,交游,low,medium,no,inferred,左联词典,zuolian_cidian,557,左联词典 第557页,"全书分两部分:第一部分是《鲁迅生平》和《药》、《一件小事》、《孔乙已》、《祝福》、《风筝)《论“他妈的“!1)、《离婚》等鲁迅作品7篇;第二部分是其他中国作家的小说17篇:《为奴隶的母亲》(柔石)、《自杀》(茅盾)、《拗汊》(茅盾)、《水》(丁玲)、《消息》(丁玲)、《狗》(巴金)、《柏子》(沈从文)、《阿娥》(孙席珍)、《在“大连号“轮船上》(田军)、《第三支枪》(田军)、《狗肉将军》(林语堂)、《皈依》(萧乾)、《紫藤与茵葡》(郁达夫)、《移行》(张天翼)、《十字架》(郭沫若)、《一部遗失了的日记片断》(失名)、《法律外的航线(沙汀)书后有附录两种,《现代中国文学运动》(尼姆,威尔士)和参考书目。",304,61010ef89ba6b2d0ea6003b4e257b22656db069d7ab697e4b0e74d4c3f643459,428626,428930,D:\1大创\左联知识库项目\data\processed\runtime_sources\左联词典.txt,A=沙汀;B=沈从文,,no,no,supported,yes,pending_cross_validation
REL-02069,ZLH-025,沙汀,ZLH-100,姚蓬子,合作,critical,medium,no,pending_review,左联史,zuolian_shi,88,左联史 第88页,"“(文中未提瞿秋白的名字和《东洋人出兵》的书名)作者向全世界关注中国的人们介绍了1933年问世的一些中国左耀文学作品:茅盾的长篇小说《子夜》,短篇小说集《春蚕》,丁玲的长篇小说《母亲》,短篇小说集《夜会》,沙汀的短篇集《法律外的航线》,李辉英的长篇小说《万宝山》,张天翼的短篇小说集《蜜蜂》,长篇小说《一年》,蓬子的短篇集《剪影集》,还有《萧伯纳在上海》(也没有提编者鲁迅、乐雯),其中对《子夜》评价最高,认为它“以其伟大的力量,高妙的艺术手腕而出名,且被视为过去十年以至十五年来中国文学中之最大的成就。",252,1ca19985bad8d5ea9add2e930af80749a52c80e3f4535f1e57f4430acc3b4c03,124588,124840,D:\1大创\左联知识库项目\data\processed\runtime_sources\左联史.txt,A=沙汀;B=蓬子,介绍,no,yes,pending_review,no,pending_cross_validation
REL-02074,ZLH-025,沙汀,ZLH-112,戴望舒,同属组织,critical,low,no,pending_review,左联史,zuolian_shi,231,左联史 第231页,"其他左联作家被禁的著译还有:戴平万《陆阿六》,杨郫人《狂澜》与《苍闷》,孙席珍《战场上》、《辛克莱译传》,冯宪章《梦后》、《叶山嘉树集》,何畏《文学方法论者蒲列哈诺夫》,戴望舒《啪物史观的文学论》,顾凤城《新兴文学概论》和《没落的灵魂》,王余杞《朋友与敌人》,健尼(高云览)《前夜》,周全平《残兵》,森堡(任钧)《藤森成吉集》、《爱与仇》、《隐秘的爱》,龚冰庐《炭矿夫》、《黎明之前》,潘汉年《离婚》,李辉英《万宝山》,沙汀《法律外的航线》,蒲风《茫茫夜》、《六月流火》,白特(杜谈)《还乡集》,台静农《建塔者》,侍桁《文学评论集》和《铁甲列车》,魏金枝《奶妈》,华蒂(叶以群)《文艺创作概论》,白薇《打出幽灵塔》,谷非(胡风)《洋鬼》,柳倩《生命的微突》,祝秀侠《巴比塞短篇作》,叶紫《丰收》,马宁《新恋》,陈子鹄《守宙之歌》,田间《中国.",371,cf16afb36df85da3a017fd88ec86667fa0b69a7c110e817a8221ad8ac0379430,343302,343673,D:\1大创\左联知识库项目\data\processed\runtime_sources\左联史.txt,A=沙汀;B=戴望舒,,no,no,pending_review,no,pending_cross_validation
REL-02075,ZLH-025,沙汀,ZLH-116,孙席珍,交游,low,medium,no,inferred,左联词典,zuolian_cidian,557,左联词典 第557页,"全书分两部分:第一部分是《鲁迅生平》和《药》、《一件小事》、《孔乙已》、《祝福》、《风筝)《论“他妈的“!1)、《离婚》等鲁迅作品7篇;第二部分是其他中国作家的小说17篇:《为奴隶的母亲》(柔石)、《自杀》(茅盾)、《拗汊》(茅盾)、《水》(丁玲)、《消息》(丁玲)、《狗》(巴金)、《柏子》(沈从文)、《阿娥》(孙席珍)、《在“大连号“轮船上》(田军)、《第三支枪》(田军)、《狗肉将军》(林语堂)、《皈依》(萧乾)、《紫藤与茵葡》(郁达夫)、《移行》(张天翼)、《十字架》(郭沫若)、《一部遗失了的日记片断》(失名)、《法律外的航线(沙汀)书后有附录两种,《现代中国文学运动》(尼姆,威尔士)和参考书目。",304,61010ef89ba6b2d0ea6003b4e257b22656db069d7ab697e4b0e74d4c3f643459,428626,428930,D:\1大创\左联知识库项目\data\processed\runtime_sources\左联词典.txt,A=沙汀;B=孙席珍,,no,no,supported,yes,pending_cross_validation
REL-02078,ZLH-025,沙汀,ZLH-120,夏征农,交游,low,medium,no,inferred,左联史,zuolian_shi,431,左联史 第431页,"1934一1935年,另一位美国记者伊罗生也要编译一部现代中国小说选,名为《草鞋脚》,请鲁迅、茅盾推荐作品,他们推荐了一批左翼作家的佳作,如征农《禾场上》、欧阳山《水棚里的清道夫》、草明《倾跌》、张天翼《一件寻常事》、葛琴《总退却》、艾芜《咆哮的许家屯》、东平《通讯员》、沙汀《老人》、丁九(应修人)《金宝塔银宝塔》、适夷《死》、何谷天《雪地》、魏金枝《制服》、茅盾《大泽乡》、丁玲《莎菲女士的日记》和《水》等。",206,7e0e0e073542393c83d8bfab925e55864ef687ea04814aa8627a51a9fe12baa1,656372,656578,D:\1大创\左联知识库项目\data\processed\runtime_sources\左联史.txt,A=沙汀;B=征农,推荐,no,no,supported,yes,pending_cross_validation
REL-02083,ZLH-025,沙汀,ZLH-128,林语堂,交游,low,medium,no,inferred,左联词典,zuolian_cidian,557,左联词典 第557页,"全书分两部分:第一部分是《鲁迅生平》和《药》、《一件小事》、《孔乙已》、《祝福》、《风筝)《论“他妈的“!1)、《离婚》等鲁迅作品7篇;第二部分是其他中国作家的小说17篇:《为奴隶的母亲》(柔石)、《自杀》(茅盾)、《拗汊》(茅盾)、《水》(丁玲)、《消息》(丁玲)、《狗》(巴金)、《柏子》(沈从文)、《阿娥》(孙席珍)、《在“大连号“轮船上》(田军)、《第三支枪》(田军)、《狗肉将军》(林语堂)、《皈依》(萧乾)、《紫藤与茵葡》(郁达夫)、《移行》(张天翼)、《十字架》(郭沫若)、《一部遗失了的日记片断》(失名)、《法律外的航线(沙汀)书后有附录两种,《现代中国文学运动》(尼姆,威尔士)和参考书目。",304,61010ef89ba6b2d0ea6003b4e257b22656db069d7ab697e4b0e74d4c3f643459,428626,428930,D:\1大创\左联知识库项目\data\processed\runtime_sources\左联词典.txt,A=沙汀;B=林语堂,,no,no,supported,yes,pending_cross_validation
REL-02096,ZLH-025,沙汀,ZLH-144,巴比塞,合作,critical,medium,no,pending_review,左联史,zuolian_shi,231,左联史 第231页,"其他左联作家被禁的著译还有:戴平万《陆阿六》,杨郫人《狂澜》与《苍闷》,孙席珍《战场上》、《辛克莱译传》,冯宪章《梦后》、《叶山嘉树集》,何畏《文学方法论者蒲列哈诺夫》,戴望舒《啪物史观的文学论》,顾凤城《新兴文学概论》和《没落的灵魂》,王余杞《朋友与敌人》,健尼(高云览)《前夜》,周全平《残兵》,森堡(任钧)《藤森成吉集》、《爱与仇》、《隐秘的爱》,龚冰庐《炭矿夫》、《黎明之前》,潘汉年《离婚》,李辉英《万宝山》,沙汀《法律外的航线》,蒲风《茫茫夜》、《六月流火》,白特(杜谈)《还乡集》,台静农《建塔者》,侍桁《文学评论集》和《铁甲列车》,魏金枝《奶妈》,华蒂(叶以群)《文艺创作概论》,白薇《打出幽灵塔》,谷非(胡风)《洋鬼》,柳倩《生命的微突》,祝秀侠《巴比塞短篇作》,叶紫《丰收》,马宁《新恋》,陈子鹄《守宙之歌》,田间《中国.",371,cf16afb36df85da3a017fd88ec86667fa0b69a7c110e817a8221ad8ac0379430,343302,343673,D:\1大创\左联知识库项目\data\processed\runtime_sources\左联史.txt,A=沙汀;B=巴比塞,,no,no,pending_review,no,pending_cross_validation
REL-02097,ZLH-025,沙汀,ZLH-145,萧伯纳,交游,low,medium,no,inferred,左联史,zuolian_shi,88,左联史 第88页,"“(文中未提瞿秋白的名字和《东洋人出兵》的书名)作者向全世界关注中国的人们介绍了1933年问世的一些中国左耀文学作品:茅盾的长篇小说《子夜》,短篇小说集《春蚕》,丁玲的长篇小说《母亲》,短篇小说集《夜会》,沙汀的短篇集《法律外的航线》,李辉英的长篇小说《万宝山》,张天翼的短篇小说集《蜜蜂》,长篇小说《一年》,蓬子的短篇集《剪影集》,还有《萧伯纳在上海》(也没有提编者鲁迅、乐雯),其中对《子夜》评价最高,认为它“以其伟大的力量,高妙的艺术手腕而出名,且被视为过去十年以至十五年来中国文学中之最大的成就。",252,1ca19985bad8d5ea9add2e930af80749a52c80e3f4535f1e57f4430acc3b4c03,124588,124840,D:\1大创\左联知识库项目\data\processed\runtime_sources\左联史.txt,A=沙汀;B=萧伯纳,介绍,no,yes,supported,yes,pending_cross_validation
REL-02099,ZLH-026,胡风,ZLH-027,萧军,交游,low,medium,no,inferred,左联词典,zuolian_cidian,328,左联词典 第328页,"9月12日,致胡风信,谈及萧军参加左联问题,认为“现在不必进去….",33,53b46f7ede3e0335b08ea210967bd321ba817c3283770668e5bf27cd5717fd77,234585,234618,D:\1大创\左联知识库项目\data\processed\runtime_sources\左联词典.txt,A=胡风;B=萧军,参加,no,no,supported,yes,pending_cross_validation
REL-02100,ZLH-026,胡风,ZLH-028,萧红,待核验,critical,low,no,pending_review,左联词典,zuolian_cidian,501,左联词典 第501页,携稿人鲁迅、胡风、沪生(荣左联报州简介煤)、奚如、田军、萧红、路丁、罗烽、周文、欧阳山等。,45,3020c705ff9e2c1e231576fa46120cc69adb1f9dd16496b71b796b7aee6285d3,382317,382362,D:\1大创\左联知识库项目\data\processed\runtime_sources\左联词典.txt,A=胡风;B=萧红,,no,no,pending_review,no,pending_cross_validation
REL-02101,ZLH-026,胡风,ZLH-029,聂绀弩,交游,low,medium,no,inferred,鲁迅日记,luxun_diary,,鲁迅日记 页码未识别,邀胡风及耳耶夫妇夜饭于梁园。,14,813935f8ca5d9b1cae64f0591f951cd85eaa54befac1142c7c71a06c85de0403,201934,201948,D:\1大创\左联知识库项目\research\raw_texts\日记全编：全2册 (鲁迅 著) (Z-Library).txt,A=胡风;B=耳耶,邀,no,no,supported,yes,pending_cross_validation
REL-02102,ZLH-026,胡风,ZLH-030,吴奚如,交游,low,medium,no,inferred,左联史,zuolian_shi,509,左联史 第509页,"6月15日,方之中主编的《夜莺》第1卷第4期出了一个“民族革命战争的大众文学特辑“,发表了鲁迅、龙贡公(欧阳山)、绀弩、奚如、胡风等人的6箭文章,引起很大反响。",80,11934f43e57f64e81553b8ec7d8755cfe5f7c93f01d3e729aac88d481647351e,793616,793696,D:\1大创\左联知识库项目\data\processed\runtime_sources\左联史.txt,A=胡风;B=奚如,主编,no,no,supported,yes,pending_cross_validation
REL-02104,ZLH-026,胡风,ZLH-032,徐懋庸,交游,low,medium,no,inferred,左联史,zuolian_shi,586,左联史 第586页,"就在8月1日这天,鲁迅收到徐懋庸当天的一封来信,攻击鲁迅“最近半年来的言行,是无意地助长着恶劣的倾向“,“对于现在的基本的政策没有了解“,还说鲁迅正支持着胡风、黄源们的“分离运动“一一“从他们的野心出发的分离运动“-.",109,21f08c0ebcde9f4b909455c3aefaf487b40bd7a95c0a3c2346938834aea04bbc,921834,921943,D:\1大创\左联知识库项目\data\processed\runtime_sources\左联史.txt,A=胡风;B=徐懋庸,来信,no,no,supported,yes,pending_cross_validation
REL-02106,ZLH-026,胡风,ZLH-035,李辉英,待核验,critical,low,no,pending_review,左联史,zuolian_shi,296,左联史 第296页,"《小品文和漫画》全书收57位作家的38篇文章(鲁迅两篇,其余每人1篇),其中左联作家的作品是:鲁迅《漫谈漫画》、《漫画而又漫画》,茅盾《小品文和气运》,许幸之《漫画与多弥哀,冶鹤《漫画与卡通影片》,郁达夫《小品文杂感》,佛朗(祝秀侠)《对“小品文“的意见》,王任叔《小品文的前途》,李辉英《“写点小品文罢“》,何谷天(周文)《小品文对于我》,徐懋庸《大处人手》,洪深《混》,沈起予《“小品“的小品》,聂绀弩《我对于小品文的意见》,胡风《略谈“小品文“与“漕画“》,王淑明《我们需要怎样的小品文》,孙席珍《关于小品文和漫画》,叶綦《我们需要小品文和漫画》,郑伯奇《小品文问答》,大家对小品文和漫画一一尤其是对小品文发表了许多精辟的见解:茅盾说:“我不相信“小品文“应该以自我中心,个人笔调,性灵,闲适为主。",352,103559ce8cec8769d14167f9c5e5de211f3af6a1aa21ef7b81bf4e3ade8e54ef,443874,444226,D:\1大创\左联知识库项目\data\processed\runtime_sources\左联史.txt,A=胡风;B=李辉英,,no,no,pending_review,no,pending_cross_validation
REL-02108,ZLH-026,胡风,ZLH-037,楼适夷,交游,low,medium,no,inferred,左联史,zuolian_shi,72,左联史 第72页,"到东京后,文总代表楼适夷秘密会见了一本共产党领导人池田寿夫,胡风、方瀚也参加了在郊外井之头公园某处的预备会议。",55,5f79d08b7bf6508ca80974e254c536fc9a0cf93d82432a24c06ceb760271d248,101557,101612,D:\1大创\左联知识库项目\data\processed\runtime_sources\左联史.txt,A=胡风;B=楼适夷,会见,no,no,supported,yes,pending_cross_validation
REL-02109,ZLH-026,胡风,ZLH-038,陈荒煤,待核验,critical,low,yes,pending_review,左联史,zuolian_shi,336,左联史 第336页,"散文散文作品中有代表性的是沪生(荒煤)《记十一月二十四日南京路3和《十二月二十四日续记》(《海燕》第1期及第2期),胡风《文艺界风习一景》(《海燕》第1期),路丁(王尧山)《一.",89,168ba42ec4eec1f96d51b68f0224088e5a5c251bf8be61e6787689a6003d206d,506624,506713,D:\1大创\左联知识库项目\data\processed\runtime_sources\左联史.txt,A=胡风;B=荒煤,,no,no,pending_review,no,pending_cross_validation
REL-02110,ZLH-026,胡风,ZLH-039,欧阳山,交游,low,medium,no,inferred,左联史,zuolian_shi,509,左联史 第509页,"6月15日,方之中主编的《夜莺》第1卷第4期出了一个“民族革命战争的大众文学特辑“,发表了鲁迅、龙贡公(欧阳山)、绀弩、奚如、胡风等人的6箭文章,引起很大反响。",80,11934f43e57f64e81553b8ec7d8755cfe5f7c93f01d3e729aac88d481647351e,793616,793696,D:\1大创\左联知识库项目\data\processed\runtime_sources\左联史.txt,A=胡风;B=欧阳山,主编,no,no,supported,yes,pending_cross_validation
REL-02111,ZLH-026,胡风,ZLH-042,魏金枝,同属组织,critical,low,no,pending_review,左联史,zuolian_shi,231,左联史 第231页,"其他左联作家被禁的著译还有:戴平万《陆阿六》,杨郫人《狂澜》与《苍闷》,孙席珍《战场上》、《辛克莱译传》,冯宪章《梦后》、《叶山嘉树集》,何畏《文学方法论者蒲列哈诺夫》,戴望舒《啪物史观的文学论》,顾凤城《新兴文学概论》和《没落的灵魂》,王余杞《朋友与敌人》,健尼(高云览)《前夜》,周全平《残兵》,森堡(任钧)《藤森成吉集》、《爱与仇》、《隐秘的爱》,龚冰庐《炭矿夫》、《黎明之前》,潘汉年《离婚》,李辉英《万宝山》,沙汀《法律外的航线》,蒲风《茫茫夜》、《六月流火》,白特(杜谈)《还乡集》,台静农《建塔者》,侍桁《文学评论集》和《铁甲列车》,魏金枝《奶妈》,华蒂(叶以群)《文艺创作概论》,白薇《打出幽灵塔》,谷非(胡风)《洋鬼》,柳倩《生命的微突》,祝秀侠《巴比塞短篇作》,叶紫《丰收》,马宁《新恋》,陈子鹄《守宙之歌》,田间《中国.",371,cf16afb36df85da3a017fd88ec86667fa0b69a7c110e817a8221ad8ac0379430,343302,343673,D:\1大创\左联知识库项目\data\processed\runtime_sources\左联史.txt,A=胡风;B=魏金枝,,no,no,pending_review,no,pending_cross_validation
REL-02112,ZLH-026,胡风,ZLH-043,端木蕻良,同属组织,critical,low,no,pending_review,左联史,zuolian_shi,430,左联史 第430页,"作为左联盟主的鲁迅,对一切积极有为的左翼文艺战士都倾注了深沉的爱与关怀,丁玲、胡风、叶紫、楼适夷、柏山、葛琴、白薇、徐懋庸、张天翼、王任叔、郑伯奇、聂绀弩、沙汀、艾芜、周文、李辉英、端木蕻良、欧阳山、草朋、魏金枝、白曙、魏猛克、王志之、金肇野、黄新波、韩白罗….",131,55cdbcf070070270338140498216dc59dfba157c19442bab16f6d6e4c36abbfe,655539,655670,D:\1大创\左联知识库项目\data\processed\runtime_sources\左联史.txt,A=胡风;B=端木蕻良,,yes,no,pending_review,no,pending_cross_validation
REL-02113,ZLH-026,胡风,ZLH-045,周立波,交游,low,medium,no,inferred,左联史,zuolian_shi,523,左联史 第523页,"1936年,左翰文艺界周扬、立波等提出“国防文学“口号,徐懋庸积极支持这一口号,当胡风发表《“人民大众向文学要求什么“》一文,提出鲁迅等共同商议的“民族革命战争的大众文学“口号时,他首先发表《“人民大众向文学要求什么“》的文章进行反驳与抵制,由此引起“两个口号“的论争。",135,3bcd0de6da2d48a775ec20950e298f5b795c317af5dfd60445dddd28d39b6ad1,816978,817113,D:\1大创\左联知识库项目\data\processed\runtime_sources\左联史.txt,A=胡风;B=立波,共同,no,no,supported,yes,pending_cross_validation
REL-02115,ZLH-026,胡风,ZLH-048,王任叔,交游,low,medium,no,inferred,左联词典,zuolian_cidian,303,左联词典 第303页,"10月19日鲁迅逝世,在《生活星期刊》和《大众论坛》发表悼文《鲁迅先生是没有死的)《纪念中的鲁迅先生),沉痛悼念鲁迅,1937年4月1日在《中华月报》5卷4期发表他和王任叔、欧阳山、雪韦、任钧、东平、立波、胡风等的笔谈《对于文艺界统一运动的我见》,认为中国文艺家协会应该制定文艺纲领,左联盟员简丫“根绝门户成见“,“提高文艺的独立性“,指出“文艺和政治是有关系的,“侄文艺并不就是政治,决不能常常是政治的尾巴,是政治的直接的留声机“。",217,d9222aa9d20012d89574a6f8a722ea7a410af0b17899003141f4be05f65518cc,212100,212317,D:\1大创\左联知识库项目\data\processed\runtime_sources\左联词典.txt,A=胡风;B=王任叔,,no,no,supported,yes,pending_cross_validation
REL-02117,ZLH-026,胡风,ZLH-053,黄源,交游,low,medium,no,inferred,鲁迅日记,luxun_diary,,鲁迅日记 页码未识别,晚河清来并携赠《文学丛刊》六种，即邀之往陶陶居夜饭，并邀胡风、周文二君，广平亦携海婴去。,44,87df00ceeac3dbca5b6dc62c52ea52254ee673c9b9187c4fb01f74736e8c6500,223703,223747,D:\1大创\左联知识库项目\research\raw_texts\日记全编：全2册 (鲁迅 著) (Z-Library).txt,A=胡风;B=河清,邀,no,no,supported,yes,pending_cross_validation
REL-02118,ZLH-026,胡风,ZLH-054,许幸之,待核验,critical,low,no,pending_review,左联史,zuolian_shi,296,左联史 第296页,"《小品文和漫画》全书收57位作家的38篇文章(鲁迅两篇,其余每人1篇),其中左联作家的作品是:鲁迅《漫谈漫画》、《漫画而又漫画》,茅盾《小品文和气运》,许幸之《漫画与多弥哀,冶鹤《漫画与卡通影片》,郁达夫《小品文杂感》,佛朗(祝秀侠)《对“小品文“的意见》,王任叔《小品文的前途》,李辉英《“写点小品文罢“》,何谷天(周文)《小品文对于我》,徐懋庸《大处人手》,洪深《混》,沈起予《“小品“的小品》,聂绀弩《我对于小品文的意见》,胡风《略谈“小品文“与“漕画“》,王淑明《我们需要怎样的小品文》,孙席珍《关于小品文和漫画》,叶綦《我们需要小品文和漫画》,郑伯奇《小品文问答》,大家对小品文和漫画一一尤其是对小品文发表了许多精辟的见解:茅盾说:“我不相信“小品文“应该以自我中心,个人笔调,性灵,闲适为主。",352,103559ce8cec8769d14167f9c5e5de211f3af6a1aa21ef7b81bf4e3ade8e54ef,443874,444226,D:\1大创\左联知识库项目\data\processed\runtime_sources\左联史.txt,A=胡风;B=许幸之,,no,no,pending_review,no,pending_cross_validation
REL-02119,ZLH-026,胡风,ZLH-058,郭沫若,纪念/悼念,critical,medium,no,pending_review,左联词典,zuolian_cidian,585,左联词典 第585页,"全文共5节,介绍东平的--生,其中第2节“在坎坷的人生道路上探索“,以较多箭幅写他在左联和后来在东京左联的活动及文学创作,跟胡风、吴奚如、聂绀弩、郭沫若等左翼作家的交往,描绘这位爱国者和革命作家的风采.",101,a7ce75014ae4625071802e57dfb6e8fa305ab43e5c2ae84701c231f71cf6108e,452593,452694,D:\1大创\左联知识库项目\data\processed\runtime_sources\左联词典.txt,A=胡风;B=郭沫若,介绍,no,no,pending_review,no,pending_cross_validation
REL-02120,ZLH-026,胡风,ZLH-059,白薇,交游,low,medium,no,inferred,左联史,zuolian_shi,231,左联史 第231页,"其他左联作家被禁的著译还有:戴平万《陆阿六》,杨郫人《狂澜》与《苍闷》,孙席珍《战场上》、《辛克莱译传》,冯宪章《梦后》、《叶山嘉树集》,何畏《文学方法论者蒲列哈诺夫》,戴望舒《啪物史观的文学论》,顾凤城《新兴文学概论》和《没落的灵魂》,王余杞《朋友与敌人》,健尼(高云览)《前夜》,周全平《残兵》,森堡(任钧)《藤森成吉集》、《爱与仇》、《隐秘的爱》,龚冰庐《炭矿夫》、《黎明之前》,潘汉年《离婚》,李辉英《万宝山》,沙汀《法律外的航线》,蒲风《茫茫夜》、《六月流火》,白特(杜谈)《还乡集》,台静农《建塔者》,侍桁《文学评论集》和《铁甲列车》,魏金枝《奶妈》,华蒂(叶以群)《文艺创作概论》,白薇《打出幽灵塔》,谷非(胡风)《洋鬼》,柳倩《生命的微突》,祝秀侠《巴比塞短篇作》,叶紫《丰收》,马宁《新恋》,陈子鹄《守宙之歌》,田间《中国.",371,cf16afb36df85da3a017fd88ec86667fa0b69a7c110e817a8221ad8ac0379430,343302,343673,D:\1大创\左联知识库项目\data\processed\runtime_sources\左联史.txt,A=胡风;B=白薇,,no,no,supported,yes,pending_cross_validation
REL-02123,ZLH-026,胡风,ZLH-063,任白戈,交游,low,medium,no,inferred,左联史,zuolian_shi,22,左联史 第22页,担任过这一职务的还有沙汀、胡风、任白戈、徐懋庸等人。,26,73038784829f7fca3b3e7e62de70acc6f43de7947aba457013f3abe8c1111e62,22137,22163,D:\1大创\左联知识库项目\data\processed\runtime_sources\左联史.txt,A=胡风;B=任白戈,,no,no,supported,yes,pending_cross_validation
REL-02124,ZLH-026,胡风,ZLH-065,柯仲平,待核验,critical,low,no,pending_review,左联词典,zuolian_cidian,337,左联词典 第337页,"1930年前后在南京中央大学做旁听生,与张天翼、胡风、胡楣、欧阳山、柯仲平等过从八密。",43,a1390f6a98d821fa6927122de3db9b45bb892075add3efa380e47c664024caf4,242514,242557,D:\1大创\左联知识库项目\data\processed\runtime_sources\左联词典.txt,A=胡风;B=柯仲平,,no,no,pending_review,no,pending_cross_validation
REL-02125,ZLH-026,胡风,ZLH-067,任钧,交游,low,medium,no,inferred,左联史,zuolian_shi,70,左联史 第70页,"暑假结束,以群回到东京,立即与任钧、楼透夷、张光人(胡风)、谢冰苔等组织了“中国左翼作家联盟东京特别支部“。",54,332310ec7d33c05ccfa095b9f2a6499fa1462fad059f2afe60051b7db6578bd1,98081,98135,D:\1大创\左联知识库项目\data\processed\runtime_sources\左联史.txt,A=胡风;B=任钧,组织,no,no,supported,yes,pending_cross_validation
REL-02129,ZLH-026,胡风,ZLH-073,王余杞,合作,critical,medium,no,pending_review,左联史,zuolian_shi,582,左联史 第582页,"我们愿意和站在同一战线的一切争取民族自由的斗士热烈地揭手!(名次先后,依新文字拼音为准)巴夫巴金白_曙曹靖华草明曹禺齐_同“陈占元大戈东平_董纯才_方光熊_方之中俯拾靳以莲玛以群杨晟姚野_夫_叶薛士尹庚克夫黎烈文_丽尼_李溶华梁雯若路_丁芦“烹度_陆鲁_迅_陆少懿_龙_乙“马子华马宗融茌_盾孟式钩_孟十还螂绀弩欧阳山澎岛任文川萧军萧乾萧红辛人加成孙用_宋之的徐螺世弥唐弛田菲田_间_天_虚_万迪鹳“王余杞王元亩_吴景崔_吴组湘晚如胡风华沙荒煤黄源_许天虹_渡_波跃先艾_蒋牧良赵家壁张天翼张香山周彦_周而复_周_文钟石苇宣言草稿分别由巴金、黎烈文各起草一份初稿,完稿后由黎烈文送到鲁迅家请先生审阅,在鲁迅指导下,黎烈文将两份草稿合而为一,略加整理后誉清。",328,0fbabd450d37790cafdd79813a828347adffa27c16c41c209813a1073b5ccd20,915673,916001,D:\1大创\左联知识库项目\data\processed\runtime_sources\左联史.txt,A=胡风;B=王余杞,,no,no,pending_review,no,pending_cross_validation
REL-02131,ZLH-026,胡风,ZLH-077,柳倩,同属组织,critical,low,no,pending_review,左联史,zuolian_shi,231,左联史 第231页,"其他左联作家被禁的著译还有:戴平万《陆阿六》,杨郫人《狂澜》与《苍闷》,孙席珍《战场上》、《辛克莱译传》,冯宪章《梦后》、《叶山嘉树集》,何畏《文学方法论者蒲列哈诺夫》,戴望舒《啪物史观的文学论》,顾凤城《新兴文学概论》和《没落的灵魂》,王余杞《朋友与敌人》,健尼(高云览)《前夜》,周全平《残兵》,森堡(任钧)《藤森成吉集》、《爱与仇》、《隐秘的爱》,龚冰庐《炭矿夫》、《黎明之前》,潘汉年《离婚》,李辉英《万宝山》,沙汀《法律外的航线》,蒲风《茫茫夜》、《六月流火》,白特(杜谈)《还乡集》,台静农《建塔者》,侍桁《文学评论集》和《铁甲列车》,魏金枝《奶妈》,华蒂(叶以群)《文艺创作概论》,白薇《打出幽灵塔》,谷非(胡风)《洋鬼》,柳倩《生命的微突》,祝秀侠《巴比塞短篇作》,叶紫《丰收》,马宁《新恋》,陈子鹄《守宙之歌》,田间《中国.",371,cf16afb36df85da3a017fd88ec86667fa0b69a7c110e817a8221ad8ac0379430,343302,343673,D:\1大创\左联知识库项目\data\processed\runtime_sources\左联史.txt,A=胡风;B=柳倩,,no,no,pending_review,no,pending_cross_validation
REL-02132,ZLH-026,胡风,ZLH-080,陈企霞,同属组织,critical,low,no,pending_review,左联史,zuolian_shi,508,左联史 第508页,"1936年3月,主编纯文艺月刊《夜莺》,团结许多左翼作家,在这里发表作品的有鲁迅、呆文、欧阳山、王任叔、庄启东、东平、奚如、罗烽、雷石榆、辛人、谭林通、方土人、杨骚、以群、丽尼、张天鬟、胡风、白曙、绀弩、尹庚、葛琴、陈企霞、田间等以及方之中本人,儿乎嗣括了当时最有活力的左翼作家,这时左联虽已解散,但成员的创作活动仍不减以往,《夜莺》成为他们又一个园地。",177,6aa4b875a6e0814fc9bbc83f0a3e940183aed5c0863371207bc02e657862cc4b,791568,791745,D:\1大创\左联知识库项目\data\processed\runtime_sources\左联史.txt,A=胡风;B=陈企霞,主编,yes,no,pending_review,no,pending_cross_validation
REL-02134,ZLH-026,胡风,ZLH-082,宋之的,交游,low,medium,no,inferred,左联史,zuolian_shi,582,左联史 第582页,"我们愿意和站在同一战线的一切争取民族自由的斗士热烈地揭手!(名次先后,依新文字拼音为准)巴夫巴金白_曙曹靖华草明曹禺齐_同“陈占元大戈东平_董纯才_方光熊_方之中俯拾靳以莲玛以群杨晟姚野_夫_叶薛士尹庚克夫黎烈文_丽尼_李溶华梁雯若路_丁芦“烹度_陆鲁_迅_陆少懿_龙_乙“马子华马宗融茌_盾孟式钩_孟十还螂绀弩欧阳山澎岛任文川萧军萧乾萧红辛人加成孙用_宋之的徐螺世弥唐弛田菲田_间_天_虚_万迪鹳“王余杞王元亩_吴景崔_吴组湘晚如胡风华沙荒煤黄源_许天虹_渡_波跃先艾_蒋牧良赵家壁张天翼张香山周彦_周而复_周_文钟石苇宣言草稿分别由巴金、黎烈文各起草一份初稿,完稿后由黎烈文送到鲁迅家请先生审阅,在鲁迅指导下,黎烈文将两份草稿合而为一,略加整理后誉清。",328,0fbabd450d37790cafdd79813a828347adffa27c16c41c209813a1073b5ccd20,915673,916001,D:\1大创\左联知识库项目\data\processed\runtime_sources\左联史.txt,A=胡风;B=宋之的,,no,no,supported,yes,pending_cross_validation
REL-02135,ZLH-026,胡风,ZLH-083,林焕平,同属组织,critical,low,no,pending_review,左联史,zuolian_shi,73,左联史 第73页,"′林焕平到东京后,孟式钧曾带他去拜访日共党员、左翼老作家江口涣,江口介绍了日本国内形势,告诉中国客人:从1928年3月15日大逸捕以后,日共就濒于溃灭的状态,左翼文化团体很难活动,他【租十月十〖日才弃『版飞〇D日本近藤龙哉《胡风研究札记(一):从胡风的传记探讨其理论的形成》张汉英节译,《湖北作家论伊》1987年第1期,武汉大学出版社。",168,c0ea0c4ca2e73cfc3223a96f7639815d768f1254f678505172a05d2fb4ca828a,103515,103683,D:\1大创\左联知识库项目\data\processed\runtime_sources\左联史.txt,A=胡风;B=林焕平,拜访,no,no,pending_review,no,pending_cross_validation
REL-02137,ZLH-026,胡风,ZLH-091,叶以群,交游,low,medium,no,inferred,左联史,zuolian_shi,509,左联史 第509页,"这时留学东京的部分中国文学青年自发组织左联东京分盟(或称左联东京支部),成员有胡风、聂绀弩、叶以群、任钧、谢冰莹等,以群曾邀尹庚去参加过他们的一次会议。",76,5476bccb19463cd466cbf7327911a0cdbe93c0e198f7ea3094524491af2aeb7f,792202,792278,D:\1大创\左联知识库项目\data\processed\runtime_sources\左联史.txt,A=胡风;B=叶以群,组织,no,no,supported,yes,pending_cross_validation
REL-02140,ZLH-026,胡风,ZLH-097,王西彦,同属组织,critical,low,no,pending_review,左联词典,zuolian_cidian,104,左联词典 第104页,"左联拥有一批贡献卓著、德高望重的老作家如鲁迅、茅盾、翔秋日、蒋光慈、田汉、洪深,左联诣生前已从事创作和翻译的柔石、洪灵菲、应修人、潘漠华、郑伯奇、王任叔、阳翰笙、阿英、丁玲、张天翼、冯雪峰、夏衍、周扬、胡风、周立波、穆木天、杨骚、白薇等,又培养了一批思想活既、颇具才华的文学新人如冯铿、沙汀、艾莅、欧阳山、草明、李辉英、周文、柏山、东平、征农、荒煤、葛琴、徐盈、叶紫、罗烽、舒群、端木蕻良、王西彦、王尘无、蒲风、田间、于伶、凌鹤、徐懋庸、聂绀弩、廖沫沙等,他们都为左翼文学奉献了自己的佳作,如鲁迅、瞿秋白、徐懋庸、聂绀弩、廖沫沙的杂文,茅盾的《于夜》蒋光意《咆哮了的土地》,胡也频《光明在我们的前面9,柔石、冯铿、丁玲、阳翰笙、沙汀、艾芜、欧阳山、草明、李辉英、周文、柏山、东平、征农、荒煤、葛琴、徐盈、叶紫、罗烽、舒群、端木蕻良、王西彦的小说.",373,38fb7f84d392c56ebfb19f4ba45e46afdcb5c041c850ce800ec1de1ef46653dc,39205,39578,D:\1大创\左联知识库项目\data\processed\runtime_sources\左联词典.txt,A=胡风;B=王西彦,,yes,no,pending_review,no,pending_cross_validation
REL-02141,ZLH-026,胡风,ZLH-098,沈从文,同属组织,critical,low,no,pending_review,左联史,zuolian_shi,532,左联史 第532页,"尹庚陷他到上海,顺利找到沈从文,通过沈,又找到丁玲,在丁玲家又遏到冯雪峰,他们一起商讨建立左联东京支部的具体计划,决定由叶以群回东京负责建立这个支部,叶以群回东京后立即建立了东京左联,成员有张光人(胡风)、卢森堡(任钧)、聂绀弩、谢冰莹、叶以群等10余人。",128,e0b0c921773de2aa33c1a884e6f3f370e9de686a7719b42ab3bc84335a3219e6,833855,833983,D:\1大创\左联知识库项目\data\processed\runtime_sources\左联史.txt,A=胡风;B=沈从文,一起,yes,no,pending_review,no,pending_cross_validation
REL-02144,ZLH-026,胡风,ZLH-105,沈起予,同属组织,critical,low,no,pending_review,左联史,zuolian_shi,717,左联史 第717页,"白林斯基《论自然派》(周扬译)、S-昂德列益维奇《杜思退益夫斯基的特质》(沈起予译),F-梅凄格《狄更斯论》(胡风译)等,有力地支持了左联和左翼文学运动,开创了30年代我国文学翻译事业的新局面。",97,6ed42be1ec4f84b1840cb1e3d7de22663e3269738e9746ab25ae59c6a4290e0c,1117021,1117118,D:\1大创\左联知识库项目\data\processed\runtime_sources\左联史.txt,A=胡风;B=沈起予,支持,no,no,pending_review,no,pending_cross_validation
REL-02146,ZLH-026,胡风,ZLH-116,孙席珍,待核验,critical,low,yes,pending_review,左联史,zuolian_shi,594,左联史 第594页,"“这最后一点“错误“,是因为中共中央特派员禁止胡风发表任何论争文字,以免影响文艺界团结,孙席珍不解内情)。",53,f2a0f2149c014655d13849765f8fb65d8f2aebd8ad2bfb291f2aff2cd3680293,935472,935525,D:\1大创\左联知识库项目\data\processed\runtime_sources\左联史.txt,A=胡风;B=孙席珍,,no,no,pending_review,no,pending_cross_validation
REL-02148,ZLH-026,胡风,ZLH-120,夏征农,交游,low,medium,no,inferred,左联史,zuolian_shi,22,左联史 第22页,担任过部长的有徐懋庸、胡风、任白戈、夏征农、王淑明等人。,28,79bef6d7161d13f2cf21d124d214fb1ee40e49a140d434aa6937241d95366257,22225,22253,D:\1大创\左联知识库项目\data\processed\runtime_sources\左联史.txt,A=胡风;B=夏征农,,no,no,supported,yes,pending_cross_validation
REL-02149,ZLH-026,胡风,ZLH-121,内山完造,待核验,critical,low,no,pending_review,左联史,zuolian_shi,599,左联史 第599页,"2月6日,鹿地亘和鲁迅在内山完造家第一次相见,当时陪同鲁迅的是胡风,陪同鹿地亘的是一位日本尼者日高肩麽磋当l…{」f琵地亘E笺丨勺生r…、言工作尚无着落,鲁迅和内山完造正为之积极设法。",92,59560b1368606162d479ef2099ed25e013dc9438fe335d3047f686d808c648d9,942918,943010,D:\1大创\左联知识库项目\data\processed\runtime_sources\左联史.txt,A=胡风;B=内山完造,,no,no,pending_review,no,pending_cross_validation
REL-02152,ZLH-026,胡风,ZLH-127,曹靖华,论战,low,medium,no,inferred,左联史,zuolian_shi,606,左联史 第606页,"史沫特莱、沈钧儒、茅盾、萧参共9人,后增加曹靖华、许寿裳、胡愈之、胡风、周作人和周建人共15人。",48,df6e0260135c55864486a14f591b5e88f146827687e83b79ad46e763305fe4da,952800,952848,D:\1大创\左联知识库项目\data\processed\runtime_sources\左联史.txt,A=胡风;B=曹靖华,,no,no,supported,yes,pending_cross_validation
REL-02154,ZLH-026,胡风,ZLH-129,胡愈之,交游,low,medium,no,inferred,左联史,zuolian_shi,606,左联史 第606页,"史沫特莱、沈钧儒、茅盾、萧参共9人,后增加曹靖华、许寿裳、胡愈之、胡风、周作人和周建人共15人。",48,df6e0260135c55864486a14f591b5e88f146827687e83b79ad46e763305fe4da,952800,952848,D:\1大创\左联知识库项目\data\processed\runtime_sources\左联史.txt,A=胡风;B=胡愈之,,no,no,supported,yes,pending_cross_validation
REL-02158,ZLH-026,胡风,ZLH-134,鹿地亘,交游,low,medium,no,inferred,左联史,zuolian_shi,599,左联史 第599页,"胡风接受翻译任务后就请鹿地亘来一同从事,解决了他的工作与生活问题。",33,f67a6ae13d23b99e859a3f7ba45035660013754f31ba6a09cfa6c9237309155c,943010,943043,D:\1大创\左联知识库项目\data\processed\runtime_sources\左联史.txt,A=胡风;B=鹿地亘,一同,no,no,supported,yes,pending_cross_validation
REL-02162,ZLH-026,胡风,ZLH-141,高尔基,交游,low,medium,no,inferred,左联史,zuolian_shi,717,左联史 第717页,"从第1卷第4期到第2卷第6期的9期刊物,共发表俄国和苏联作品约30篇,还有新西腊、荷兰、克罗地、保加利亚、波兰等国进步作品,较重要的有果戈理《五月的夜》、普式庚《铲形的皇后》(均孟十还译),契诃夫的《奇闻》(共七则,鲁迅译)、M-高尔基《给青年作家》(绮雨译),《契诃夫:回忆底断片》(胡风译);马克思主义经典文论有恩格斯《与敲娜.",166,9cdea29d6741b74eda402c5a843a31ba94d464abff7854bb6598e487f1a44ba7,1116833,1116999,D:\1大创\左联知识库项目\data\processed\runtime_sources\左联史.txt,A=胡风;B=高尔基,约,no,no,supported,yes,pending_cross_validation
REL-02165,ZLH-026,胡风,ZLH-144,巴比塞,签名联署,low,medium,no,inferred,左联史,zuolian_shi,478,左联史 第478页,"后昕说巴比塞不来了,改由英国马莱爵士率团来上海开会,胡风又参与冯雪峰、楼适夷等筹备欢迎的事宜。",47,f96ee4f4e5883e574bcbd699db505f1f9c2f975a19880dbd101dcb9bfb33639c,736852,736899,D:\1大创\左联知识库项目\data\processed\runtime_sources\左联史.txt,A=胡风;B=巴比塞,,no,no,supported,yes,pending_cross_validation
REL-02166,ZLH-026,胡风,ZLH-145,萧伯纳,待核验,critical,low,no,pending_review,左联史,zuolian_shi,713,左联史 第713页,"动向》;仁《学习莎士比亚》,S-狄纳莫夫作魏猛克译,载《译文》伟《狄更斯论》,F「梅凄格作胡风译,载《译文》;令《萧伯纳断片》,M.",66,f86dbda2c9ee5320c6ee8bc63ce633c14e9cdbcf93aeb6d41dc3adc047736a83,1110582,1110648,D:\1大创\左联知识库项目\data\processed\runtime_sources\左联史.txt,A=胡风;B=萧伯纳,,no,yes,pending_review,no,pending_cross_validation
REL-02169,ZLH-027,萧军,ZLH-028,萧红,交游,low,medium,no,inferred,鲁迅日记,luxun_diary,,鲁迅日记 页码未识别,萧军、悄吟来访。,8,5f94608f8ca734865a6814eb7ebf52a31aaf410d8076f4a7669c1104a40c2126,185471,185479,D:\1大创\左联知识库项目\research\raw_texts\日记全编：全2册 (鲁迅 著) (Z-Library).txt,A=萧军;B=悄吟,访,no,no,supported,yes,pending_cross_validation
REL-02170,ZLH-027,萧军,ZLH-029,聂绀弩,交游,low,medium,no,inferred,左联词典,zuolian_cidian,283,左联词典 第283页,"同年底,在鲁迅支持下,与聂绀弩、萧军等共同编辑《海燕》文学月刊。",32,7c8baa2fccd5a258d7b1d629f339a9121c3bc65d426bcc1f27d1b03cb337bed3,194425,194457,D:\1大创\左联知识库项目\data\processed\runtime_sources\左联词典.txt,A=萧军;B=聂绀弩,共同,no,no,supported,yes,pending_cross_validation
REL-02173,ZLH-027,萧军,ZLH-032,徐懋庸,签名联署,medium,medium,no,inferred,左联史,zuolian_shi,521,左联史 第521页,"其实鲁迅写给他的那些信,所谈多是一般事务,如指导看书学习、创办刊物、投寄文稿之类,路鲁迅致曹靖华、萧军、萧红这些朋友的信有很大不同;跟他在咖啡店谈话,那是为左联的事;至于为《打杂集》作序,主要是为了反击杂文反对者林希隽之流,倡导、鼓励杂文创作,当然,对作为杂文作家的徐懋庸本人,鲁迅还是很器重的。",148,debae2d5c716450e20698b4f79a71394ceaabe2ad90915d059faf4285ae8a068,814180,814328,D:\1大创\左联知识库项目\data\processed\runtime_sources\左联史.txt,A=萧军;B=徐懋庸,,no,no,supported,yes,pending_cross_validation
REL-02175,ZLH-027,萧军,ZLH-036,穆木天,待核验,critical,low,yes,pending_review,左联词典,zuolian_cidian,505,左联词典 第505页,"刊载过《唯命论者》(郊达夫),、《一九二四一“世四》(张天鬓)、《乡闽的来客》(王任叔)、《责船》(萧军)《促狙兜莱歌羌台奇》(西班牙巴罗哈作,鲁迅译)、《两里亚的白柠檬》(意大利比朗德娄作,周立波译)、《列子手》(法国巴尔扎克作,穆木天译)等创作和翻译小说.",130,0c5ed90aa094e9c606e6261dae5f7558fab66c7eea14fafe8419312acb6301ac,385929,386059,D:\1大创\左联知识库项目\data\processed\runtime_sources\左联词典.txt,A=萧军;B=穆木天,,no,no,pending_review,no,pending_cross_validation
REL-02176,ZLH-027,萧军,ZLH-037,楼适夷,空间共现,low,medium,no,inferred,左联史,zuolian_shi,495,左联史 第495页,"1936年10月19日,鲁迅在上海不幸病逝,适夷在狱中得到噩耗,悲痛不已,他满怀深情地写下悼文《深渊下的哭声》,仍由这位教诲所长相助,寄往上海,后由萧军编人《鲁迅先生纪念集》,作者署名金三。",95,96b82ca89f4fe5e76b17f6c2cc9b881296757ce7ef7adb7cf57f0d1de67e4560,767002,767097,D:\1大创\左联知识库项目\data\processed\runtime_sources\左联史.txt,A=萧军;B=适夷,,no,no,inferred,no,pending_cross_validation
REL-02177,ZLH-027,萧军,ZLH-038,陈荒煤,待核验,high,low,yes,pending_review,左联史,zuolian_shi,582,左联史 第582页,"我们愿意和站在同一战线的一切争取民族自由的斗士热烈地揭手!(名次先后,依新文字拼音为准)巴夫巴金白_曙曹靖华草明曹禺齐_同“陈占元大戈东平_董纯才_方光熊_方之中俯拾靳以莲玛以群杨晟姚野_夫_叶薛士尹庚克夫黎烈文_丽尼_李溶华梁雯若路_丁芦“烹度_陆鲁_迅_陆少懿_龙_乙“马子华马宗融茌_盾孟式钩_孟十还螂绀弩欧阳山澎岛任文川萧军萧乾萧红辛人加成孙用_宋之的徐螺世弥唐弛田菲田_间_天_虚_万迪鹳“王余杞王元亩_吴景崔_吴组湘晚如胡风华沙荒煤黄源_许天虹_渡_波跃先艾_蒋牧良赵家壁张天翼张香山周彦_周而复_周_文钟石苇宣言草稿分别由巴金、黎烈文各起草一份初稿,完稿后由黎烈文送到鲁迅家请先生审阅,在鲁迅指导下,黎烈文将两份草稿合而为一,略加整理后誉清。",328,0fbabd450d37790cafdd79813a828347adffa27c16c41c209813a1073b5ccd20,915673,916001,D:\1大创\左联知识库项目\data\processed\runtime_sources\左联史.txt,A=萧军;B=荒煤,,no,no,pending_review,no,pending_cross_validation
REL-02178,ZLH-027,萧军,ZLH-039,欧阳山,交游,low,medium,no,inferred,左联史,zuolian_shi,265,左联史 第265页,"鲁迅先生译了萧军的一篇小说后,因病把这项工作托付给胡风,胡风按鲁迅指示选译了周文、欧阳山和柏山的作品。",51,ef91785dc43e46654fbb575b7ba647a26f7925cb85c1abc1eee4bb6c7c75d8d3,395335,395386,D:\1大创\左联知识库项目\data\processed\runtime_sources\左联史.txt,A=萧军;B=欧阳山,,no,no,supported,yes,pending_cross_validation
REL-02180,ZLH-027,萧军,ZLH-043,端木蕻良,待核验,critical,low,yes,pending_review,左联史,zuolian_shi,620,左联史 第620页,"布莱德尔作,克夫译)、端木蕻良的短篇《轭下》、鲁迅《病中通信》9封、艾青的诗《春与生命》,散文有曹白《歼音》和李霁野《一夕谈》,还有茅盾对周文两部长篇小说《烟苗季》《在白森镇》的评论和冬青对艾思奇哲学著作的评论《关于“思想方法“》,杂文栏名为“无花的蓝薇“刊出茅盾《读报有感》、朐风《由“人性“到“互利“》和《万乐声中一点哀》、萧军《刑》、须旅《苍蝇的故事》、惕生《“文人相重“》等。",192,ee04e3a27e6fd1a97b593bb8c9cc29d85d2d94bc61ccf9d28eee37bb72a92a5a,974424,974616,D:\1大创\左联知识库项目\data\processed\runtime_sources\左联史.txt,A=萧军;B=端木蕻良,通信,no,no,pending_review,no,pending_cross_validation
REL-02181,ZLH-027,萧军,ZLH-045,周立波,待核验,critical,low,no,pending_review,左联词典,zuolian_cidian,505,左联词典 第505页,"图文并茂,重要作品大多有插靥,如鲁迅的译作《促狙鬼莱哥羌台奇》有马国亮的插靥,张天翼的创作《伙计》有黄苗于的插画,柯灵的《性羊》和曹根仁的《焚草之变》有万籁鸣的插画,萧军的《货船》有万古蜡的捍面,尤以李旭丹为立波的翻评小说《西里亚的白柠檬》所作白描插图最美。",129,40a944529d193240bbdbbbefde9d294042c25dc628f58b789d0484cd3ab5aed5,386077,386206,D:\1大创\左联知识库项目\data\processed\runtime_sources\左联词典.txt,A=萧军;B=立波,,no,no,pending_review,no,pending_cross_validation
REL-02183,ZLH-027,萧军,ZLH-048,王任叔,交游,low,medium,no,inferred,左联词典,zuolian_cidian,505,左联词典 第505页,"刊载过《唯命论者》(郊达夫),、《一九二四一“世四》(张天鬓)、《乡闽的来客》(王任叔)、《责船》(萧军)《促狙兜莱歌羌台奇》(西班牙巴罗哈作,鲁迅译)、《两里亚的白柠檬》(意大利比朗德娄作,周立波译)、《列子手》(法国巴尔扎克作,穆木天译)等创作和翻译小说.",130,0c5ed90aa094e9c606e6261dae5f7558fab66c7eea14fafe8419312acb6301ac,385929,386059,D:\1大创\左联知识库项目\data\processed\runtime_sources\左联词典.txt,A=萧军;B=王任叔,,no,no,supported,yes,pending_cross_validation
REL-02184,ZLH-027,萧军,ZLH-053,黄源,交游,low,medium,no,inferred,鲁迅日记,luxun_diary,,鲁迅日记 页码未识别,晚约阿芷、萧军、悄吟往桥香夜饭，适河清来访，至内山书店又值聚仁来送《芒种》，遂皆同去，并广平携海婴。,50,2e7696e5ba0190607843f088daca18b04a8d34535f87724a7acbf0d2aa598009,197367,197417,D:\1大创\左联知识库项目\research\raw_texts\日记全编：全2册 (鲁迅 著) (Z-Library).txt,A=萧军;B=河清,约,no,no,supported,yes,pending_cross_validation
REL-02193,ZLH-027,萧军,ZLH-071,李霁野,交游,low,medium,no,inferred,左联史,zuolian_shi,620,左联史 第620页,"布莱德尔作,克夫译)、端木蕻良的短篇《轭下》、鲁迅《病中通信》9封、艾青的诗《春与生命》,散文有曹白《歼音》和李霁野《一夕谈》,还有茅盾对周文两部长篇小说《烟苗季》《在白森镇》的评论和冬青对艾思奇哲学著作的评论《关于“思想方法“》,杂文栏名为“无花的蓝薇“刊出茅盾《读报有感》、朐风《由“人性“到“互利“》和《万乐声中一点哀》、萧军《刑》、须旅《苍蝇的故事》、惕生《“文人相重“》等。",192,ee04e3a27e6fd1a97b593bb8c9cc29d85d2d94bc61ccf9d28eee37bb72a92a5a,974424,974616,D:\1大创\左联知识库项目\data\processed\runtime_sources\左联史.txt,A=萧军;B=李霁野,通信,no,no,supported,yes,pending_cross_validation
REL-02194,ZLH-027,萧军,ZLH-073,王余杞,待核验,critical,low,no,pending_review,左联史,zuolian_shi,582,左联史 第582页,"我们愿意和站在同一战线的一切争取民族自由的斗士热烈地揭手!(名次先后,依新文字拼音为准)巴夫巴金白_曙曹靖华草明曹禺齐_同“陈占元大戈东平_董纯才_方光熊_方之中俯拾靳以莲玛以群杨晟姚野_夫_叶薛士尹庚克夫黎烈文_丽尼_李溶华梁雯若路_丁芦“烹度_陆鲁_迅_陆少懿_龙_乙“马子华马宗融茌_盾孟式钩_孟十还螂绀弩欧阳山澎岛任文川萧军萧乾萧红辛人加成孙用_宋之的徐螺世弥唐弛田菲田_间_天_虚_万迪鹳“王余杞王元亩_吴景崔_吴组湘晚如胡风华沙荒煤黄源_许天虹_渡_波跃先艾_蒋牧良赵家壁张天翼张香山周彦_周而复_周_文钟石苇宣言草稿分别由巴金、黎烈文各起草一份初稿,完稿后由黎烈文送到鲁迅家请先生审阅,在鲁迅指导下,黎烈文将两份草稿合而为一,略加整理后誉清。",328,0fbabd450d37790cafdd79813a828347adffa27c16c41c209813a1073b5ccd20,915673,916001,D:\1大创\左联知识库项目\data\processed\runtime_sources\左联史.txt,A=萧军;B=王余杞,,no,no,pending_review,no,pending_cross_validation
REL-02198,ZLH-027,萧军,ZLH-082,宋之的,同属组织,critical,low,yes,pending_review,左联史,zuolian_shi,582,左联史 第582页,"我们愿意和站在同一战线的一切争取民族自由的斗士热烈地揭手!(名次先后,依新文字拼音为准)巴夫巴金白_曙曹靖华草明曹禺齐_同“陈占元大戈东平_董纯才_方光熊_方之中俯拾靳以莲玛以群杨晟姚野_夫_叶薛士尹庚克夫黎烈文_丽尼_李溶华梁雯若路_丁芦“烹度_陆鲁_迅_陆少懿_龙_乙“马子华马宗融茌_盾孟式钩_孟十还螂绀弩欧阳山澎岛任文川萧军萧乾萧红辛人加成孙用_宋之的徐螺世弥唐弛田菲田_间_天_虚_万迪鹳“王余杞王元亩_吴景崔_吴组湘晚如胡风华沙荒煤黄源_许天虹_渡_波跃先艾_蒋牧良赵家壁张天翼张香山周彦_周而复_周_文钟石苇宣言草稿分别由巴金、黎烈文各起草一份初稿,完稿后由黎烈文送到鲁迅家请先生审阅,在鲁迅指导下,黎烈文将两份草稿合而为一,略加整理后誉清。",328,0fbabd450d37790cafdd79813a828347adffa27c16c41c209813a1073b5ccd20,915673,916001,D:\1大创\左联知识库项目\data\processed\runtime_sources\左联史.txt,A=萧军;B=宋之的,,no,no,pending_review,no,pending_cross_validation
REL-02203,ZLH-027,萧军,ZLH-097,王西彦,同属组织,critical,low,no,pending_review,左联词典,zuolian_cidian,431,左联词典 第431页,"指出鲁迅、郭沫苷、茅盾、巴金、张天翼、靳以、沈起子、沙汀、艾芜、夏札、欧阳山、丽尼、齐同、屈轶、芹萝、蒋牧良、萧军等作家创作质量的丰富“,端木芷良、荒煤、舒群、宋之的、左联作品简介罗烽、姚雪垠、王西彦、吴奚如、刘日羽等新作家“数量的众多“,是1935年一大特色。",131,410197658b42917867a44cbcffc0fb178aa2d47459fb4a114efc8391d1c254ed,322354,322485,D:\1大创\左联知识库项目\data\processed\runtime_sources\左联词典.txt,A=萧军;B=王西彦,,yes,no,pending_review,no,pending_cross_validation
REL-02210,ZLH-027,萧军,ZLH-121,内山完造,交游,low,medium,no,inferred,左联史,zuolian_shi,605,左联史 第605页,"6时许,生前友好冯雪峰、黄源、萧军、内山完造、鹿地亘夫妇闻讯后即赶到鲁迅寓所。",39,65356ae76ec6a832fb0b061195cbb8dea1e2dd97e47eee426f3b7b85ba277c0b,952574,952613,D:\1大创\左联知识库项目\data\processed\runtime_sources\左联史.txt,A=萧军;B=内山完造,,no,no,supported,yes,pending_cross_validation
REL-02211,ZLH-027,萧军,ZLH-122,许广平,签名联署,low,medium,no,inferred,左联史,zuolian_shi,479,左联史 第479页,"他协助许广平料理丧事,在鲁迅先生灵前守护4天,22日下午参加鲁迅葬礼,和巴金、黄源、张天翼、欧阳山、聂绀弩、萧军、周文、靳以、萧乾、吴朗西、黎烈文、孟十还、曹白、鹿地亘等共同扶先生灵枢上车,前往万国公墓安营。",104,e253ec4efd60c24436e439956197ef71098c4c3f5673f3a954899e5176882f83,738505,738609,D:\1大创\左联知识库项目\data\processed\runtime_sources\左联史.txt,A=萧军;B=许广平,共同,yes,no,supported,yes,pending_cross_validation
REL-02213,ZLH-027,萧军,ZLH-127,曹靖华,交游,low,medium,no,inferred,左联史,zuolian_shi,230,左联史 第230页,"鲁迅编辑、推荐的两种苏联文学译作《不走正路的安德伦》和《烟袋》(均为曹靖华译)也被查禁,罪名分别是“普罗文艺“及“欠妥“;鲁迅作序的萧军《八月的乡村》也被查禁,罪名竟然是“鼓吹阶级才争“1人生派“小说家茅盾的作品主要描绘小资产阶级知识青年的生活,文风又不像鲁迅杂文那么尖锐淬利,因此1933年前,尚未引起书报检查官的注意。",161,a3f1e424d56b99de5e3aeec703e83f5e469c2969b6891be4e15be742f2a7facb,342222,342383,D:\1大创\左联知识库项目\data\processed\runtime_sources\左联史.txt,A=萧军;B=曹靖华,推荐,no,no,supported,yes,pending_cross_validation
REL-02219,ZLH-027,萧军,ZLH-134,鹿地亘,纪念/悼念,critical,medium,no,pending_review,左联史,zuolian_shi,605,左联史 第605页,"6时许,生前友好冯雪峰、黄源、萧军、内山完造、鹿地亘夫妇闻讯后即赶到鲁迅寓所。",39,65356ae76ec6a832fb0b061195cbb8dea1e2dd97e47eee426f3b7b85ba277c0b,952574,952613,D:\1大创\左联知识库项目\data\processed\runtime_sources\左联史.txt,A=萧军;B=鹿地亘,,no,no,pending_review,no,pending_cross_validation
REL-02222,ZLH-027,萧军,ZLH-139,陈望道,纪念/悼念,critical,medium,no,pending_review,鲁迅日记,luxun_diary,,鲁迅日记 页码未识别,上午寄望道信并稿一，又萧军稿一。,16,a22e6210fe556d3a7f5862529175a0a0aeb192e363283da75be6396b84f98579,197480,197496,D:\1大创\左联知识库项目\research\raw_texts\日记全编：全2册 (鲁迅 著) (Z-Library).txt,A=萧军;B=望道,,no,no,pending_review,no,pending_cross_validation
REL-02223,ZLH-027,萧军,ZLH-141,高尔基,交游,low,medium,no,inferred,左联史,zuolian_shi,328,左联史 第328页,"1935年底,在鲁迅指导下,胡风、聂绀弩、萧军等几位青年作家酝酿创办新的文学期刊《海燕》,1936年1月20日该刊创刊号又发表了秋白翻译的高尔基政论《论白党侨民的文学》(署陈节译)。",91,e1845a8ebb7b330a13b21e7e1da0431faabe17023a8d56082de7468222576800,494702,494793,D:\1大创\左联知识库项目\data\processed\runtime_sources\左联史.txt,A=萧军;B=高尔基,,no,no,supported,yes,pending_cross_validation
REL-02229,ZLH-028,萧红,ZLH-029,聂绀弩,交游,low,medium,no,inferred,左联词典,zuolian_cidian,587,左联词典 第587页,聂绀弩、周颖夫妇、萧军、萧红夫妇等的交往。,21,9e5e93e82afcddd0bbf36574b3f1b38728f13d3a8397ecbdb3725cd15ba7673f,454450,454471,D:\1大创\左联知识库项目\data\processed\runtime_sources\左联词典.txt,A=萧红;B=聂绀弩,,no,no,supported,yes,pending_cross_validation
REL-02230,ZLH-028,萧红,ZLH-030,吴奚如,签名联署,low,medium,no,inferred,左联词典,zuolian_cidian,442,左联词典 第442页,"评论1935年文化界出版界翻印旦书热、复古运动、《对于文化运动的意见》、手头字运动、通俗文运动、新文字运动和《太白》、《译文》的停刊等事件,肯定过去一年左翼文坛的创作成绩,推荐东平《沉郁的梅冷城),奚如《叶伯》,欧阳山《七年忌》、《梦一般的自由》,周文《父子之问》,张大翼《万休约》,荒煤《刘麻木》,草明《女人的故事》,艾芜《山中牧歌》,方之中《诗人的画像》,沙汀《爱),征农《结算》,巴金《神鬼人),靳以《落珠集》等作品,对田军《八月的乡村》和萧红《生死场》评价尤高,认为“是这--年来创作上最好的收获.",253,d8b941bdd43c27be7670b76b18a48486bc703b0f19ecdfa3aecd2db18a37e6a0,331826,332079,D:\1大创\左联知识库项目\data\processed\runtime_sources\左联词典.txt,A=萧红;B=奚如,推荐,no,no,supported,yes,pending_cross_validation
REL-02232,ZLH-028,萧红,ZLH-032,徐懋庸,签名联署,low,medium,no,inferred,左联史,zuolian_shi,521,左联史 第521页,"其实鲁迅写给他的那些信,所谈多是一般事务,如指导看书学习、创办刊物、投寄文稿之类,路鲁迅致曹靖华、萧军、萧红这些朋友的信有很大不同;跟他在咖啡店谈话,那是为左联的事;至于为《打杂集》作序,主要是为了反击杂文反对者林希隽之流,倡导、鼓励杂文创作,当然,对作为杂文作家的徐懋庸本人,鲁迅还是很器重的。",148,debae2d5c716450e20698b4f79a71394ceaabe2ad90915d059faf4285ae8a068,814180,814328,D:\1大创\左联知识库项目\data\processed\runtime_sources\左联史.txt,A=萧红;B=徐懋庸,,no,no,supported,yes,pending_cross_validation
REL-02235,ZLH-028,萧红,ZLH-039,欧阳山,待核验,critical,low,no,pending_review,左联词典,zuolian_cidian,442,左联词典 第442页,"评论1935年文化界出版界翻印旦书热、复古运动、《对于文化运动的意见》、手头字运动、通俗文运动、新文字运动和《太白》、《译文》的停刊等事件,肯定过去一年左翼文坛的创作成绩,推荐东平《沉郁的梅冷城),奚如《叶伯》,欧阳山《七年忌》、《梦一般的自由》,周文《父子之问》,张大翼《万休约》,荒煤《刘麻木》,草明《女人的故事》,艾芜《山中牧歌》,方之中《诗人的画像》,沙汀《爱),征农《结算》,巴金《神鬼人),靳以《落珠集》等作品,对田军《八月的乡村》和萧红《生死场》评价尤高,认为“是这--年来创作上最好的收获.",253,d8b941bdd43c27be7670b76b18a48486bc703b0f19ecdfa3aecd2db18a37e6a0,331826,332079,D:\1大创\左联知识库项目\data\processed\runtime_sources\左联词典.txt,A=萧红;B=欧阳山,推荐,no,no,pending_review,no,pending_cross_validation
REL-02241,ZLH-028,萧红,ZLH-053,黄源,纪念/悼念,critical,medium,no,pending_review,鲁迅日记,luxun_diary,,鲁迅日记 页码未识别,晚约阿芷、萧军、悄吟往桥香夜饭，适河清来访，至内山书店又值聚仁来送《芒种》，遂皆同去，并广平携海婴。,50,2e7696e5ba0190607843f088daca18b04a8d34535f87724a7acbf0d2aa598009,197367,197417,D:\1大创\左联知识库项目\research\raw_texts\日记全编：全2册 (鲁迅 著) (Z-Library).txt,A=悄吟;B=河清,约,no,no,pending_review,no,pending_cross_validation
REL-02244,ZLH-028,萧红,ZLH-058,郭沫若,签名联署,low,medium,no,inferred,左联词典,zuolian_cidian,553,左联词典 第553页,"对郭沫若、茅盾、丁玲、沙汀、田军、萧红、叶紫、艾药、周文、东平、欧阳山,楼适夷等左翼作家也作了适当的评价.",53,fbee963d28decb8e89ae5a6ceffc0b90da6135f455591bb6e80f5c9cc66de2b6,425272,425325,D:\1大创\左联知识库项目\data\processed\runtime_sources\左联词典.txt,A=萧红;B=郭沫若,,yes,no,supported,yes,pending_cross_validation
REL-02245,ZLH-028,萧红,ZLH-059,白薇,待核验,critical,low,yes,pending_review,左联词典,zuolian_cidian,549,左联词典 第549页,"论述丁玲、白薇、冯铿以及萧红、罗淑等女无联研究资料简介作家在创作题材方面的新开拓、新变化,认为三十年代的左翼女性义学具有女性意识的“无性化“、同中国社会现实关系的深化等独特形态,展现了独具的风木,是五四时期女性文学“个性女性意识“合乎逻辑的延伸。",123,10338e3856f28b37363d50eaa4e28f27cf5c04cf8fede60216497fa7009efc6c,422208,422331,D:\1大创\左联知识库项目\data\processed\runtime_sources\左联词典.txt,A=萧红;B=白薇,,no,yes,pending_review,no,pending_cross_validation
REL-02250,ZLH-028,萧红,ZLH-073,王余杞,待核验,critical,low,no,pending_review,左联史,zuolian_shi,582,左联史 第582页,"我们愿意和站在同一战线的一切争取民族自由的斗士热烈地揭手!(名次先后,依新文字拼音为准)巴夫巴金白_曙曹靖华草明曹禺齐_同“陈占元大戈东平_董纯才_方光熊_方之中俯拾靳以莲玛以群杨晟姚野_夫_叶薛士尹庚克夫黎烈文_丽尼_李溶华梁雯若路_丁芦“烹度_陆鲁_迅_陆少懿_龙_乙“马子华马宗融茌_盾孟式钩_孟十还螂绀弩欧阳山澎岛任文川萧军萧乾萧红辛人加成孙用_宋之的徐螺世弥唐弛田菲田_间_天_虚_万迪鹳“王余杞王元亩_吴景崔_吴组湘晚如胡风华沙荒煤黄源_许天虹_渡_波跃先艾_蒋牧良赵家壁张天翼张香山周彦_周而复_周_文钟石苇宣言草稿分别由巴金、黎烈文各起草一份初稿,完稿后由黎烈文送到鲁迅家请先生审阅,在鲁迅指导下,黎烈文将两份草稿合而为一,略加整理后誉清。",328,0fbabd450d37790cafdd79813a828347adffa27c16c41c209813a1073b5ccd20,915673,916001,D:\1大创\左联知识库项目\data\processed\runtime_sources\左联史.txt,A=萧红;B=王余杞,,no,no,pending_review,no,pending_cross_validation
REL-02254,ZLH-028,萧红,ZLH-082,宋之的,待核验,high,low,yes,pending_review,左联史,zuolian_shi,582,左联史 第582页,"我们愿意和站在同一战线的一切争取民族自由的斗士热烈地揭手!(名次先后,依新文字拼音为准)巴夫巴金白_曙曹靖华草明曹禺齐_同“陈占元大戈东平_董纯才_方光熊_方之中俯拾靳以莲玛以群杨晟姚野_夫_叶薛士尹庚克夫黎烈文_丽尼_李溶华梁雯若路_丁芦“烹度_陆鲁_迅_陆少懿_龙_乙“马子华马宗融茌_盾孟式钩_孟十还螂绀弩欧阳山澎岛任文川萧军萧乾萧红辛人加成孙用_宋之的徐螺世弥唐弛田菲田_间_天_虚_万迪鹳“王余杞王元亩_吴景崔_吴组湘晚如胡风华沙荒煤黄源_许天虹_渡_波跃先艾_蒋牧良赵家壁张天翼张香山周彦_周而复_周_文钟石苇宣言草稿分别由巴金、黎烈文各起草一份初稿,完稿后由黎烈文送到鲁迅家请先生审阅,在鲁迅指导下,黎烈文将两份草稿合而为一,略加整理后誉清。",328,0fbabd450d37790cafdd79813a828347adffa27c16c41c209813a1073b5ccd20,915673,916001,D:\1大创\左联知识库项目\data\processed\runtime_sources\左联史.txt,A=萧红;B=宋之的,,no,no,pending_review,no,pending_cross_validation
REL-02262,ZLH-028,萧红,ZLH-120,夏征农,待核验,critical,low,no,pending_review,左联词典,zuolian_cidian,442,左联词典 第442页,"评论1935年文化界出版界翻印旦书热、复古运动、《对于文化运动的意见》、手头字运动、通俗文运动、新文字运动和《太白》、《译文》的停刊等事件,肯定过去一年左翼文坛的创作成绩,推荐东平《沉郁的梅冷城),奚如《叶伯》,欧阳山《七年忌》、《梦一般的自由》,周文《父子之问》,张大翼《万休约》,荒煤《刘麻木》,草明《女人的故事》,艾芜《山中牧歌》,方之中《诗人的画像》,沙汀《爱),征农《结算》,巴金《神鬼人),靳以《落珠集》等作品,对田军《八月的乡村》和萧红《生死场》评价尤高,认为“是这--年来创作上最好的收获.",253,d8b941bdd43c27be7670b76b18a48486bc703b0f19ecdfa3aecd2db18a37e6a0,331826,332079,D:\1大创\左联知识库项目\data\processed\runtime_sources\左联词典.txt,A=萧红;B=征农,推荐,no,no,pending_review,no,pending_cross_validation
REL-02265,ZLH-028,萧红,ZLH-127,曹靖华,待核验,critical,low,no,pending_review,左联史,zuolian_shi,521,左联史 第521页,"其实鲁迅写给他的那些信,所谈多是一般事务,如指导看书学习、创办刊物、投寄文稿之类,路鲁迅致曹靖华、萧军、萧红这些朋友的信有很大不同;跟他在咖啡店谈话,那是为左联的事;至于为《打杂集》作序,主要是为了反击杂文反对者林希隽之流,倡导、鼓励杂文创作,当然,对作为杂文作家的徐懋庸本人,鲁迅还是很器重的。",148,debae2d5c716450e20698b4f79a71394ceaabe2ad90915d059faf4285ae8a068,814180,814328,D:\1大创\左联知识库项目\data\processed\runtime_sources\左联史.txt,A=萧红;B=曹靖华,,no,no,pending_review,no,pending_cross_validation
REL-02273,ZLH-028,萧红,ZLH-139,陈望道,纪念/悼念,critical,medium,no,pending_review,鲁迅日记,luxun_diary,,鲁迅日记 页码未识别,寄陈望道信并悄吟稿一篇。,12,18ce6595f5ba251fb1c7623d60b3161498b06a3eff0f2f3d788209d27b5e9e1c,195839,195851,D:\1大创\左联知识库项目\research\raw_texts\日记全编：全2册 (鲁迅 著) (Z-Library).txt,A=悄吟;B=陈望道,,no,no,pending_review,no,pending_cross_validation
REL-02279,ZLH-029,聂绀弩,ZLH-030,吴奚如,合作,critical,medium,no,pending_review,左联词典,zuolian_cidian,262,左联词典 第262页,"同年9月2日,和蒋牧良、王任叔、李溶华、陈日尘、周而复、奚如、聂绀弩一起参加第一次小说家座谈会,讨论创作“主题的积极性和真人真事“等问题。",69,290ed6c06183b2f841cc8b2809c41d073cf9251cd89a507397e443657fe5905b,175721,175790,D:\1大创\左联知识库项目\data\processed\runtime_sources\左联词典.txt,A=聂绀弩;B=奚如,一起,no,no,pending_review,no,pending_cross_validation
REL-02281,ZLH-029,聂绀弩,ZLH-032,徐懋庸,文学论战,low,medium,no,inferred,左联史,zuolian_shi,585,左联史 第585页,"聂绀弹先生也沿着胡风先生的错误,把这个只对前进文学者讲的口号,作为全国文学者抗日联合战线的口号,说“在民族革命战争的大众文学的口号之下联合起来“(《夜莺劣“1文未,茅盾重复强调:““民族革命战争的大众文学“应是现在左翼作家创作的口号1“““国防文学“是全国一切作家关系间的标帜1““我们对于少数的几个朋友,希望他们即速停止文艺界的“内战“,并丁放弃那种争文艺“正统「,以及以一个口号去规约别人,和自以为是天生的领导者要去领导别人的那种过于天真的意念“这最后几句话,既是对胡风、聂绀弩们说的,更是对周扬、徐懋庸们说的,它们对廓清进步文艺界内部的错误思愚、促使运动的健康发展起了积极的推动作用,显示了茅盾作为左翼文艺领导人之一驾取全局的杰出才能。",321,761b49d8a0372895275b100b56ad09a1043e5284c74ed29daea3b572e0039bbc,920652,920973,D:\1大创\左联知识库项目\data\processed\runtime_sources\左联史.txt,A=聂绀弩;B=徐懋庸,约,no,no,supported,yes,pending_cross_validation
REL-02283,ZLH-029,聂绀弩,ZLH-035,李辉英,同属组织,critical,low,no,pending_review,左联史,zuolian_shi,296,左联史 第296页,"《小品文和漫画》全书收57位作家的38篇文章(鲁迅两篇,其余每人1篇),其中左联作家的作品是:鲁迅《漫谈漫画》、《漫画而又漫画》,茅盾《小品文和气运》,许幸之《漫画与多弥哀,冶鹤《漫画与卡通影片》,郁达夫《小品文杂感》,佛朗(祝秀侠)《对“小品文“的意见》,王任叔《小品文的前途》,李辉英《“写点小品文罢“》,何谷天(周文)《小品文对于我》,徐懋庸《大处人手》,洪深《混》,沈起予《“小品“的小品》,聂绀弩《我对于小品文的意见》,胡风《略谈“小品文“与“漕画“》,王淑明《我们需要怎样的小品文》,孙席珍《关于小品文和漫画》,叶綦《我们需要小品文和漫画》,郑伯奇《小品文问答》,大家对小品文和漫画一一尤其是对小品文发表了许多精辟的见解:茅盾说:“我不相信“小品文“应该以自我中心,个人笔调,性灵,闲适为主。",352,103559ce8cec8769d14167f9c5e5de211f3af6a1aa21ef7b81bf4e3ade8e54ef,443874,444226,D:\1大创\左联知识库项目\data\processed\runtime_sources\左联史.txt,A=聂绀弩;B=李辉英,,no,no,pending_review,no,pending_cross_validation
REL-02284,ZLH-029,聂绀弩,ZLH-036,穆木天,同属组织,critical,low,no,pending_review,左联史,zuolian_shi,659,左联史 第659页,"四、左联诗歌丛书1936年,上海诗歌刊行社出版了一套“诗歌丛书“,共22种,其中左联诗人著译的诗集达17种,它们是:任钧编《诗歌论集》、王淑明《淑明诗论集》、田间《中国牧歌》、柳倩《柳倩诗钞》、白曙《雪天里》、马子华《骊山的夜》、蒲风《生活》、任钧《冷热集》、周而复《夜行集》、庄启东《流》、聂绀弩《空虚集》、杨骚《杨骚近作集》、许辛之《大板井》,还有穆木天译法国雨果的《海夜》,洪道编译《普式庚诗抄》,田间编译《休土诗抄》,周而复编译《马雅阑夫斯基诗抄。",228,eaa41adbdf8ae24565c2dde9435a8696b88eb767c4c565f9f716f084efd98c9f,1026894,1027122,D:\1大创\左联知识库项目\data\processed\runtime_sources\左联史.txt,A=聂绀弩;B=穆木天,,no,no,pending_review,no,pending_cross_validation
REL-02286,ZLH-029,聂绀弩,ZLH-038,陈荒煤,同属组织,critical,low,no,pending_review,左联史,zuolian_shi,317,左联史 第317页,"共发表约130篇各类文章,题材多样、内容丰富,其中有鲁迅《杂谈小品文》、《论新文字》(均署名旅隼),郭沫若《与其数、淑明论诗》、《论“幽默“一一序天虐〈铁轮?》,永修(何家槐)《与申去疾论杂文》、《国民文学与帮忙文学3》、《追念先烈》,淑明《论诗歌的特恺、《诗与生理变化》,沪生〔(陈荒煤)《十二月二十四昆一一南京路》,林彬(林淡秋)《伟大的印象》,辛人《关于现实主义问题的一点感想》,绀弩《天文学家是“不为什么“的么?}》,林娜(司马文森)《一夜》,邱韵铎《我们的作家缺乏些什么》等。",243,1b77386d6d7ead6fb25d906a7c04e90e302fdf542dba5a5d50f1eef9bf5e8607,476899,477142,D:\1大创\左联知识库项目\data\processed\runtime_sources\左联史.txt,A=绀弩;B=陈荒煤,约,no,no,pending_review,no,pending_cross_validation
REL-02287,ZLH-029,聂绀弩,ZLH-039,欧阳山,待核验,critical,low,no,pending_review,左联词典,zuolian_cidian,275,左联词典 第275页,"同年9月2日和蒋牧良、王任叔、陈白尘、欧阳山、奚如、聂绀弩参加第一次小说家座谈会,讨论“主题的积极性和真人真事“等问题,并为《小说家》月刊编委。",72,7fe12454791141097814fba8135f2da723f09ccbc9160b238b9d6beb6af73a8c,187664,187736,D:\1大创\左联知识库项目\data\processed\runtime_sources\左联词典.txt,A=聂绀弩;B=欧阳山,参加,no,no,pending_review,no,pending_cross_validation
REL-02288,ZLH-029,聂绀弩,ZLH-042,魏金枝,同属组织,critical,low,yes,pending_review,左联史,zuolian_shi,331,左联史 第331页,"这283位签名者中有左联盟员王淑明、白薇、立波、艾芜、何家槐、沈西苓、沈起予、沙汀、杜君慧、金奎光、林娜(司马文森)、周钢鸣、邱韵铎、荒煤、徐步、徐懋庸、许杰、许幸之、丽尼、关霁、钱亦石、戴平万、聂绀弩、魏金枝等24人,他们实质是左联代表,因而可说是左联后期一次重要社会政治活动。",140,44b80b95a3dda3e3c64529abcc4151d99ea86929ac7f9f08d20484be806d34a5,500420,500560,D:\1大创\左联知识库项目\data\processed\runtime_sources\左联史.txt,A=聂绀弩;B=魏金枝,签名,yes,no,pending_review,no,pending_cross_validation
REL-02289,ZLH-029,聂绀弩,ZLH-043,端木蕻良,待核验,critical,low,yes,pending_review,左联史,zuolian_shi,620,左联史 第620页,"加且夫作,克夫译),艾青的诗《黎明》(外三首),端木蕻良散文《腐蚀》,雪苇《从〈我的奋斗〉看希特勒》,楞斯《关于〈善恶家族)3》,“无花的蓝薇“栏发表马乃藩《“玉碎“》、荀盾《“思想测验“》和《知识饥荒》、青路《门》文江《“建设的文艺“》和《自己》、人凡《小对话》、绀弩《老子底全集》等。",144,1e7fc92790aa333a35100474093701313fa7173e554332dd32bf8a6f8c98a503,974732,974876,D:\1大创\左联知识库项目\data\processed\runtime_sources\左联史.txt,A=绀弩;B=端木蕻良,,no,no,pending_review,no,pending_cross_validation
REL-02291,ZLH-029,聂绀弩,ZLH-047,林淡秋,交游,low,medium,no,inferred,左联史,zuolian_shi,317,左联史 第317页,"共发表约130篇各类文章,题材多样、内容丰富,其中有鲁迅《杂谈小品文》、《论新文字》(均署名旅隼),郭沫若《与其数、淑明论诗》、《论“幽默“一一序天虐〈铁轮?》,永修(何家槐)《与申去疾论杂文》、《国民文学与帮忙文学3》、《追念先烈》,淑明《论诗歌的特恺、《诗与生理变化》,沪生〔(陈荒煤)《十二月二十四昆一一南京路》,林彬(林淡秋)《伟大的印象》,辛人《关于现实主义问题的一点感想》,绀弩《天文学家是“不为什么“的么?}》,林娜(司马文森)《一夜》,邱韵铎《我们的作家缺乏些什么》等。",243,1b77386d6d7ead6fb25d906a7c04e90e302fdf542dba5a5d50f1eef9bf5e8607,476899,477142,D:\1大创\左联知识库项目\data\processed\runtime_sources\左联史.txt,A=绀弩;B=林淡秋,约,no,no,supported,yes,pending_cross_validation
REL-02292,ZLH-029,聂绀弩,ZLH-048,王任叔,待核验,critical,low,no,pending_review,左联词典,zuolian_cidian,262,左联词典 第262页,"同年9月2日,和蒋牧良、王任叔、李溶华、陈日尘、周而复、奚如、聂绀弩一起参加第一次小说家座谈会,讨论创作“主题的积极性和真人真事“等问题。",69,290ed6c06183b2f841cc8b2809c41d073cf9251cd89a507397e443657fe5905b,175721,175790,D:\1大创\左联知识库项目\data\processed\runtime_sources\左联词典.txt,A=聂绀弩;B=王任叔,一起,no,no,pending_review,no,pending_cross_validation
REL-02294,ZLH-029,聂绀弩,ZLH-053,黄源,待核验,critical,low,no,pending_review,左联史,zuolian_shi,485,左联史 第485页,"22日下午举行鲁迅葬礼,启灵祭后,蚩绀弩和巴金、胡风、黄源、张天耀、欧阳山、周文等十几位中外青年作家扶鲁迅灵枚上车,去万国公墓安营。",66,7274eadf876e3526125afb9392adf7d9a90dd274ec05b43cfd2ab820891d755d,749397,749463,D:\1大创\左联知识库项目\data\processed\runtime_sources\左联史.txt,A=绀弩;B=黄源,,no,no,pending_review,no,pending_cross_validation
REL-02295,ZLH-029,聂绀弩,ZLH-054,许幸之,同属组织,critical,low,yes,pending_review,左联史,zuolian_shi,296,左联史 第296页,"《小品文和漫画》全书收57位作家的38篇文章(鲁迅两篇,其余每人1篇),其中左联作家的作品是:鲁迅《漫谈漫画》、《漫画而又漫画》,茅盾《小品文和气运》,许幸之《漫画与多弥哀,冶鹤《漫画与卡通影片》,郁达夫《小品文杂感》,佛朗(祝秀侠)《对“小品文“的意见》,王任叔《小品文的前途》,李辉英《“写点小品文罢“》,何谷天(周文)《小品文对于我》,徐懋庸《大处人手》,洪深《混》,沈起予《“小品“的小品》,聂绀弩《我对于小品文的意见》,胡风《略谈“小品文“与“漕画“》,王淑明《我们需要怎样的小品文》,孙席珍《关于小品文和漫画》,叶綦《我们需要小品文和漫画》,郑伯奇《小品文问答》,大家对小品文和漫画一一尤其是对小品文发表了许多精辟的见解:茅盾说:“我不相信“小品文“应该以自我中心,个人笔调,性灵,闲适为主。",352,103559ce8cec8769d14167f9c5e5de211f3af6a1aa21ef7b81bf4e3ade8e54ef,443874,444226,D:\1大创\左联知识库项目\data\processed\runtime_sources\左联史.txt,A=聂绀弩;B=许幸之,,no,no,pending_review,no,pending_cross_validation
REL-02297,ZLH-029,聂绀弩,ZLH-058,郭沫若,签名联署,low,medium,no,inferred,左联词典,zuolian_cidian,585,左联词典 第585页,"全文共5节,介绍东平的--生,其中第2节“在坎坷的人生道路上探索“,以较多箭幅写他在左联和后来在东京左联的活动及文学创作,跟胡风、吴奚如、聂绀弩、郭沫若等左翼作家的交往,描绘这位爱国者和革命作家的风采.",101,a7ce75014ae4625071802e57dfb6e8fa305ab43e5c2ae84701c231f71cf6108e,452593,452694,D:\1大创\左联知识库项目\data\processed\runtime_sources\左联词典.txt,A=聂绀弩;B=郭沫若,介绍,no,no,supported,yes,pending_cross_validation
REL-02302,ZLH-029,聂绀弩,ZLH-067,任钧,同属组织,critical,low,no,pending_review,左联史,zuolian_shi,509,左联史 第509页,"这时留学东京的部分中国文学青年自发组织左联东京分盟(或称左联东京支部),成员有胡风、聂绀弩、叶以群、任钧、谢冰莹等,以群曾邀尹庚去参加过他们的一次会议。",76,5476bccb19463cd466cbf7327911a0cdbe93c0e198f7ea3094524491af2aeb7f,792202,792278,D:\1大创\左联知识库项目\data\processed\runtime_sources\左联史.txt,A=聂绀弩;B=任钧,组织,no,no,pending_review,no,pending_cross_validation
REL-02305,ZLH-029,聂绀弩,ZLH-073,王余杞,交游,low,medium,no,inferred,左联史,zuolian_shi,582,左联史 第582页,"我们愿意和站在同一战线的一切争取民族自由的斗士热烈地揭手!(名次先后,依新文字拼音为准)巴夫巴金白_曙曹靖华草明曹禺齐_同“陈占元大戈东平_董纯才_方光熊_方之中俯拾靳以莲玛以群杨晟姚野_夫_叶薛士尹庚克夫黎烈文_丽尼_李溶华梁雯若路_丁芦“烹度_陆鲁_迅_陆少懿_龙_乙“马子华马宗融茌_盾孟式钩_孟十还螂绀弩欧阳山澎岛任文川萧军萧乾萧红辛人加成孙用_宋之的徐螺世弥唐弛田菲田_间_天_虚_万迪鹳“王余杞王元亩_吴景崔_吴组湘晚如胡风华沙荒煤黄源_许天虹_渡_波跃先艾_蒋牧良赵家壁张天翼张香山周彦_周而复_周_文钟石苇宣言草稿分别由巴金、黎烈文各起草一份初稿,完稿后由黎烈文送到鲁迅家请先生审阅,在鲁迅指导下,黎烈文将两份草稿合而为一,略加整理后誉清。",328,0fbabd450d37790cafdd79813a828347adffa27c16c41c209813a1073b5ccd20,915673,916001,D:\1大创\左联知识库项目\data\processed\runtime_sources\左联史.txt,A=绀弩;B=王余杞,,no,no,supported,yes,pending_cross_validation
REL-02306,ZLH-029,聂绀弩,ZLH-077,柳倩,合作,critical,medium,no,pending_review,左联史,zuolian_shi,659,左联史 第659页,"四、左联诗歌丛书1936年,上海诗歌刊行社出版了一套“诗歌丛书“,共22种,其中左联诗人著译的诗集达17种,它们是:任钧编《诗歌论集》、王淑明《淑明诗论集》、田间《中国牧歌》、柳倩《柳倩诗钞》、白曙《雪天里》、马子华《骊山的夜》、蒲风《生活》、任钧《冷热集》、周而复《夜行集》、庄启东《流》、聂绀弩《空虚集》、杨骚《杨骚近作集》、许辛之《大板井》,还有穆木天译法国雨果的《海夜》,洪道编译《普式庚诗抄》,田间编译《休土诗抄》,周而复编译《马雅阑夫斯基诗抄。",228,eaa41adbdf8ae24565c2dde9435a8696b88eb767c4c565f9f716f084efd98c9f,1026894,1027122,D:\1大创\左联知识库项目\data\processed\runtime_sources\左联史.txt,A=聂绀弩;B=柳倩,,no,no,pending_review,no,pending_cross_validation
REL-02307,ZLH-029,聂绀弩,ZLH-080,陈企霞,待核验,critical,low,no,pending_review,左联史,zuolian_shi,552,左联史 第552页,"加人左联后,叶紫、陈企霞和聂绀弩、吴奚如等编为一个小组。",28,8354dcef9311935ffb5918c467643125c0218fda00f754ff2aaa264313437608,867615,867643,D:\1大创\左联知识库项目\data\processed\runtime_sources\左联史.txt,A=聂绀弩;B=陈企霞,,no,no,pending_review,no,pending_cross_validation
REL-02308,ZLH-029,聂绀弩,ZLH-081,陈白尘,合作,critical,medium,no,pending_review,左联词典,zuolian_cidian,275,左联词典 第275页,"同年9月2日和蒋牧良、王任叔、陈白尘、欧阳山、奚如、聂绀弩参加第一次小说家座谈会,讨论“主题的积极性和真人真事“等问题,并为《小说家》月刊编委。",72,7fe12454791141097814fba8135f2da723f09ccbc9160b238b9d6beb6af73a8c,187664,187736,D:\1大创\左联知识库项目\data\processed\runtime_sources\左联词典.txt,A=聂绀弩;B=陈白尘,参加,no,no,pending_review,no,pending_cross_validation
REL-02309,ZLH-029,聂绀弩,ZLH-082,宋之的,待核验,critical,low,yes,pending_review,左联史,zuolian_shi,509,左联史 第509页,"尹庚也分别约请张天翼、路丁(王尧山)、耳耶(聂绀弩)、艾淀(宋之的)撰写有关文章,支持《夜莺》。",48,0754245ec9cbb2d6c8d68ec0fdd69c063496c99c909f88e91357b7ec5f07ed35,793696,793744,D:\1大创\左联知识库项目\data\processed\runtime_sources\左联史.txt,A=聂绀弩;B=宋之的,约,no,no,pending_review,no,pending_cross_validation
REL-02310,ZLH-029,聂绀弩,ZLH-083,林焕平,交游,low,medium,no,inferred,左联史,zuolian_shi,73,左联史 第73页,"“1933年6月,胡风、聂绀弩等回国后,9月,中国左联盟员林焕平和他的几位同志又来到东京。",45,1dd9645aff444a9f89b61095fcc39cca685278e5694ed9455cc7df877e6d5c61,103172,103217,D:\1大创\左联知识库项目\data\processed\runtime_sources\左联史.txt,A=聂绀弩;B=林焕平,,no,no,supported,yes,pending_cross_validation
REL-02312,ZLH-029,聂绀弩,ZLH-086,葛一虹,同属组织,critical,low,yes,pending_review,左联史,zuolian_shi,316,左联史 第316页,"这些作者中的耳耶、臧其人均为(聂绀弩)、何谷天(周文)、江弼(欧阳弼)、张天虚、溃波、胡楣(关露)、松寒衣、陈紫秋、洪道、白蓬(刘宗璜)、黄新波等都是左联盟员,穆复(葛一虹)是中国左翼戏剧家联盟成员,余不详。",104,e896dab1571f76e54df4a5faf4d7d0f8af1b0abf71c158fb29d9a39221cb9202,475727,475831,D:\1大创\左联知识库项目\data\processed\runtime_sources\左联史.txt,A=聂绀弩;B=葛一虹,,no,no,pending_review,no,pending_cross_validation
REL-02313,ZLH-029,聂绀弩,ZLH-091,叶以群,纪念/悼念,critical,medium,no,pending_review,左联史,zuolian_shi,509,左联史 第509页,"这时留学东京的部分中国文学青年自发组织左联东京分盟(或称左联东京支部),成员有胡风、聂绀弩、叶以群、任钧、谢冰莹等,以群曾邀尹庚去参加过他们的一次会议。",76,5476bccb19463cd466cbf7327911a0cdbe93c0e198f7ea3094524491af2aeb7f,792202,792278,D:\1大创\左联知识库项目\data\processed\runtime_sources\左联史.txt,A=聂绀弩;B=叶以群,组织,no,no,pending_review,no,pending_cross_validation
REL-02319,ZLH-029,聂绀弩,ZLH-105,沈起予,同属组织,critical,low,yes,pending_review,左联史,zuolian_shi,296,左联史 第296页,"《小品文和漫画》全书收57位作家的38篇文章(鲁迅两篇,其余每人1篇),其中左联作家的作品是:鲁迅《漫谈漫画》、《漫画而又漫画》,茅盾《小品文和气运》,许幸之《漫画与多弥哀,冶鹤《漫画与卡通影片》,郁达夫《小品文杂感》,佛朗(祝秀侠)《对“小品文“的意见》,王任叔《小品文的前途》,李辉英《“写点小品文罢“》,何谷天(周文)《小品文对于我》,徐懋庸《大处人手》,洪深《混》,沈起予《“小品“的小品》,聂绀弩《我对于小品文的意见》,胡风《略谈“小品文“与“漕画“》,王淑明《我们需要怎样的小品文》,孙席珍《关于小品文和漫画》,叶綦《我们需要小品文和漫画》,郑伯奇《小品文问答》,大家对小品文和漫画一一尤其是对小品文发表了许多精辟的见解:茅盾说:“我不相信“小品文“应该以自我中心,个人笔调,性灵,闲适为主。",352,103559ce8cec8769d14167f9c5e5de211f3af6a1aa21ef7b81bf4e3ade8e54ef,443874,444226,D:\1大创\左联知识库项目\data\processed\runtime_sources\左联史.txt,A=聂绀弩;B=沈起予,,no,no,pending_review,no,pending_cross_validation
REL-02324,ZLH-029,聂绀弩,ZLH-116,孙席珍,合作,high,medium,no,pending_review,左联史,zuolian_shi,296,左联史 第296页,"《小品文和漫画》全书收57位作家的38篇文章(鲁迅两篇,其余每人1篇),其中左联作家的作品是:鲁迅《漫谈漫画》、《漫画而又漫画》,茅盾《小品文和气运》,许幸之《漫画与多弥哀,冶鹤《漫画与卡通影片》,郁达夫《小品文杂感》,佛朗(祝秀侠)《对“小品文“的意见》,王任叔《小品文的前途》,李辉英《“写点小品文罢“》,何谷天(周文)《小品文对于我》,徐懋庸《大处人手》,洪深《混》,沈起予《“小品“的小品》,聂绀弩《我对于小品文的意见》,胡风《略谈“小品文“与“漕画“》,王淑明《我们需要怎样的小品文》,孙席珍《关于小品文和漫画》,叶綦《我们需要小品文和漫画》,郑伯奇《小品文问答》,大家对小品文和漫画一一尤其是对小品文发表了许多精辟的见解:茅盾说:“我不相信“小品文“应该以自我中心,个人笔调,性灵,闲适为主。",352,103559ce8cec8769d14167f9c5e5de211f3af6a1aa21ef7b81bf4e3ade8e54ef,443874,444226,D:\1大创\左联知识库项目\data\processed\runtime_sources\左联史.txt,A=聂绀弩;B=孙席珍,,no,no,pending_review,no,pending_cross_validation
REL-02325,ZLH-029,聂绀弩,ZLH-119,何家槐,合作,critical,medium,no,pending_review,左联史,zuolian_shi,317,左联史 第317页,"共发表约130篇各类文章,题材多样、内容丰富,其中有鲁迅《杂谈小品文》、《论新文字》(均署名旅隼),郭沫若《与其数、淑明论诗》、《论“幽默“一一序天虐〈铁轮?》,永修(何家槐)《与申去疾论杂文》、《国民文学与帮忙文学3》、《追念先烈》,淑明《论诗歌的特恺、《诗与生理变化》,沪生〔(陈荒煤)《十二月二十四昆一一南京路》,林彬(林淡秋)《伟大的印象》,辛人《关于现实主义问题的一点感想》,绀弩《天文学家是“不为什么“的么?}》,林娜(司马文森)《一夜》,邱韵铎《我们的作家缺乏些什么》等。",243,1b77386d6d7ead6fb25d906a7c04e90e302fdf542dba5a5d50f1eef9bf5e8607,476899,477142,D:\1大创\左联知识库项目\data\processed\runtime_sources\左联史.txt,A=绀弩;B=何家槐,约,no,no,pending_review,no,pending_cross_validation
REL-02326,ZLH-029,聂绀弩,ZLH-120,夏征农,签名联署,low,medium,no,inferred,左联词典,zuolian_cidian,490,左联词典 第490页,"鲁迅发表思想评论,聂绀弩、夏征农等进行社会批评,杜谈、大保、方之中发表诗歌.",38,2c4ca1fe0ac4a6da55ead0ca93b7dfbab8e68b3e4a89ce40a666d05e4c4ba61e,372604,372642,D:\1大创\左联知识库项目\data\processed\runtime_sources\左联词典.txt,A=聂绀弩;B=夏征农,,no,no,supported,yes,pending_cross_validation
REL-02329,ZLH-029,聂绀弩,ZLH-127,曹靖华,文学论战,low,medium,no,inferred,左联史,zuolian_shi,582,左联史 第582页,"我们愿意和站在同一战线的一切争取民族自由的斗士热烈地揭手!(名次先后,依新文字拼音为准)巴夫巴金白_曙曹靖华草明曹禺齐_同“陈占元大戈东平_董纯才_方光熊_方之中俯拾靳以莲玛以群杨晟姚野_夫_叶薛士尹庚克夫黎烈文_丽尼_李溶华梁雯若路_丁芦“烹度_陆鲁_迅_陆少懿_龙_乙“马子华马宗融茌_盾孟式钩_孟十还螂绀弩欧阳山澎岛任文川萧军萧乾萧红辛人加成孙用_宋之的徐螺世弥唐弛田菲田_间_天_虚_万迪鹳“王余杞王元亩_吴景崔_吴组湘晚如胡风华沙荒煤黄源_许天虹_渡_波跃先艾_蒋牧良赵家壁张天翼张香山周彦_周而复_周_文钟石苇宣言草稿分别由巴金、黎烈文各起草一份初稿,完稿后由黎烈文送到鲁迅家请先生审阅,在鲁迅指导下,黎烈文将两份草稿合而为一,略加整理后誉清。",328,0fbabd450d37790cafdd79813a828347adffa27c16c41c209813a1073b5ccd20,915673,916001,D:\1大创\左联知识库项目\data\processed\runtime_sources\左联史.txt,A=绀弩;B=曹靖华,,no,no,supported,yes,pending_cross_validation
REL-02330,ZLH-029,聂绀弩,ZLH-128,林语堂,交游,low,medium,no,inferred,左联史,zuolian_shi,289,左联史 第289页,"从创刊号至第26期由林语堂主编,此后分别由陶亢德、邵洵美编辑,专载小品散文,标榜“不谈政治“,提倡幽默,内容则“介乎革命与反革命之间“,各派作家作品兼收,发表过鲁迅《帮忙文学与帮闲文学》、《学生和玉佛》、《从讽刺到幽默》、《王化》、《现代史》、《由中国女人的脚,推定中国人的非中庸,又由此推定孔夫子有胃病》,茅盾《我们的文坛》、《老乡绅》,聂绀弩《插上一根草标》等左联作家的杂文与诗作,这是读者所欢迎的;但是它也刊出过大量插科打译、庸俗低级的所谓“幽默“笑料,例如下面的文字:….",240,d2321c8a4cba2628876599fcceb230786dc66d990b84d823e947d0162c19967b,433408,433648,D:\1大创\左联知识库项目\data\processed\runtime_sources\左联史.txt,A=聂绀弩;B=林语堂,编辑,no,no,supported,yes,pending_cross_validation
REL-02338,ZLH-029,聂绀弩,ZLH-141,高尔基,交游,low,medium,no,inferred,左联史,zuolian_shi,328,左联史 第328页,"1935年底,在鲁迅指导下,胡风、聂绀弩、萧军等几位青年作家酝酿创办新的文学期刊《海燕》,1936年1月20日该刊创刊号又发表了秋白翻译的高尔基政论《论白党侨民的文学》(署陈节译)。",91,e1845a8ebb7b330a13b21e7e1da0431faabe17023a8d56082de7468222576800,494702,494793,D:\1大创\左联知识库项目\data\processed\runtime_sources\左联史.txt,A=聂绀弩;B=高尔基,,no,no,supported,yes,pending_cross_validation
REL-02345,ZLH-030,吴奚如,ZLH-001,鲁迅,同属组织,high,low,yes,pending_review,左联史,zuolian_shi,509,左联史 第509页,"6月15日,方之中主编的《夜莺》第1卷第4期出了一个“民族革命战争的大众文学特辑“,发表了鲁迅、龙贡公(欧阳山)、绀弩、奚如、胡风等人的6箭文章,引起很大反响。",80,11934f43e57f64e81553b8ec7d8755cfe5f7c93f01d3e729aac88d481647351e,793616,793696,D:\1大创\左联知识库项目\data\processed\runtime_sources\左联史.txt,A=奚如;B=鲁迅,主编,no,no,pending_review,no,pending_cross_validation
REL-02346,ZLH-030,吴奚如,ZLH-009,郑伯奇,同属组织,high,low,yes,pending_review,左联史,zuolian_shi,276,左联史 第276页,"在这场“大众语“及“大众语文学“的大讨论中,祝秀侠、吴奚如、钟望阳、王任叔、许幸之、张天冀、穆木天、齐速、何家槐、廖沫论、江家为、蒋弼、凄鹅、周扬、张天虚、郑伯奇、周立波等左联盟员作家都积极参加讨论,发表文章各抒己见,既推进运动的发展,又扩大了左联的影响,进一步确立了左联在30年代中国文化界的中心地位。",152,91067e49d4fe738a7c16b6041939a34734a5bfecc3c582b7a15ad1e46918e608,415298,415450,D:\1大创\左联知识库项目\data\processed\runtime_sources\左联史.txt,A=吴奚如;B=郑伯奇,参加,yes,no,pending_review,no,pending_cross_validation
REL-02347,ZLH-030,吴奚如,ZLH-031,葛琴,同属组织,critical,low,yes,pending_review,左联史,zuolian_shi,508,左联史 第508页,"1936年3月,主编纯文艺月刊《夜莺》,团结许多左翼作家,在这里发表作品的有鲁迅、呆文、欧阳山、王任叔、庄启东、东平、奚如、罗烽、雷石榆、辛人、谭林通、方土人、杨骚、以群、丽尼、张天鬟、胡风、白曙、绀弩、尹庚、葛琴、陈企霞、田间等以及方之中本人,儿乎嗣括了当时最有活力的左翼作家,这时左联虽已解散,但成员的创作活动仍不减以往,《夜莺》成为他们又一个园地。",177,6aa4b875a6e0814fc9bbc83f0a3e940183aed5c0863371207bc02e657862cc4b,791568,791745,D:\1大创\左联知识库项目\data\processed\runtime_sources\左联史.txt,A=奚如;B=葛琴,主编,yes,no,pending_review,no,pending_cross_validation
REL-02348,ZLH-030,吴奚如,ZLH-032,徐懋庸,论战,critical,medium,no,pending_review,左联词典,zuolian_cidian,494,左联词典 第494页,"“文艺方面发表过《作家的主观与社会的客观六徐懋庸)等文艺理论,《送走》(奚如)等小说。",43,84028719cc7ee9d729eceac1944d85951f1ada997d2101bc39eae01e424218b4,376120,376163,D:\1大创\左联知识库项目\data\processed\runtime_sources\左联词典.txt,A=奚如;B=徐懋庸,,no,no,pending_review,no,pending_cross_validation
REL-02349,ZLH-030,吴奚如,ZLH-033,周文,同属组织,high,low,yes,pending_review,左联词典,zuolian_cidian,477,左联词典 第477页,"!卷!期发表《不平静的城》(谷斯范)、《古记》(蒋牧良)、《酒船》(约弯)、《饥馈的伙伴》(辛劳)、《单纯的遗噜》(草明)、《酶厉》(张天翼)、《教授和富人》(东平)、《姑饭》(周而复)、《苦斗》(欧阳山)等小说9篇,1卷2期为“哀悼鲁迅先生特辑“,发表陈烟桥、新波、绀弩、周文、东平、方之中、奚如的鲁迅悼文8篇和力群、烟桥、新波等的鲁迅像。",171,3368080e1bbb76e2775c73efdca27c7009c08d820fb35f0817d5828b907ded0f,361146,361317,D:\1大创\左联知识库项目\data\processed\runtime_sources\左联词典.txt,A=奚如;B=周文,约,no,no,pending_review,no,pending_cross_validation
REL-02351,ZLH-030,吴奚如,ZLH-035,李辉英,待核验,critical,low,no,pending_review,左联史,zuolian_shi,169,左联史 第169页,"《最后一课》发表后,丁玲函邀李辉英出席“《北斗》读者座试会“,他准时到会,在会上,他结识了也是正开始文学创作的青年作家艾芜、沙汀,认识了东北籍前辈作家穆木天,也结识了《北斗》主D艾芜《一十年代的一帽剪影》@吴奚如《左联大众化工作委员会的活动》。",122,1dbd57414b47923acc1f5f41cf9c5583936111f6bfe7681e9926c128ea96cb6b,249213,249335,D:\1大创\左联知识库项目\data\processed\runtime_sources\左联史.txt,A=吴奚如;B=李辉英,邀,no,no,pending_review,no,pending_cross_validation
REL-02352,ZLH-030,吴奚如,ZLH-036,穆木天,同属组织,critical,low,yes,pending_review,左联史,zuolian_shi,169,左联史 第169页,"《最后一课》发表后,丁玲函邀李辉英出席“《北斗》读者座试会“,他准时到会,在会上,他结识了也是正开始文学创作的青年作家艾芜、沙汀,认识了东北籍前辈作家穆木天,也结识了《北斗》主D艾芜《一十年代的一帽剪影》@吴奚如《左联大众化工作委员会的活动》。",122,1dbd57414b47923acc1f5f41cf9c5583936111f6bfe7681e9926c128ea96cb6b,249213,249335,D:\1大创\左联知识库项目\data\processed\runtime_sources\左联史.txt,A=吴奚如;B=穆木天,邀,no,no,pending_review,no,pending_cross_validation
REL-02353,ZLH-030,吴奚如,ZLH-037,楼适夷,同属组织,critical,low,no,pending_review,左联词典,zuolian_cidian,520,左联词典 第520页,"丁玲、王若望、刘芳松、孙席珍、李文甫、李俊民、吴奚如、张松如、徐盈、郭维城、韩劲风、楼适夷、雷渡波、潘应人等14位左联成员谈他们加入左联的经过,提供其他盟员的信息,指出别人回忆文章中的错误。",95,11203fb3f52cab54ace654bd3b891a358a2a85b7dcacc1e6d1524a295153521d,397906,398001,D:\1大创\左联知识库项目\data\processed\runtime_sources\左联词典.txt,A=吴奚如;B=楼适夷,,yes,no,pending_review,no,pending_cross_validation
REL-02354,ZLH-030,吴奚如,ZLH-038,陈荒煤,同属组织,high,low,yes,pending_review,左联词典,zuolian_cidian,442,左联词典 第442页,"评论1935年文化界出版界翻印旦书热、复古运动、《对于文化运动的意见》、手头字运动、通俗文运动、新文字运动和《太白》、《译文》的停刊等事件,肯定过去一年左翼文坛的创作成绩,推荐东平《沉郁的梅冷城),奚如《叶伯》,欧阳山《七年忌》、《梦一般的自由》,周文《父子之问》,张大翼《万休约》,荒煤《刘麻木》,草明《女人的故事》,艾芜《山中牧歌》,方之中《诗人的画像》,沙汀《爱),征农《结算》,巴金《神鬼人),靳以《落珠集》等作品,对田军《八月的乡村》和萧红《生死场》评价尤高,认为“是这--年来创作上最好的收获.",253,d8b941bdd43c27be7670b76b18a48486bc703b0f19ecdfa3aecd2db18a37e6a0,331826,332079,D:\1大创\左联知识库项目\data\processed\runtime_sources\左联词典.txt,A=奚如;B=荒煤,推荐,no,no,pending_review,no,pending_cross_validation
REL-02355,ZLH-030,吴奚如,ZLH-039,欧阳山,交游,low,medium,no,inferred,左联词典,zuolian_cidian,299,左联词典 第299页,"9月2日,和蒋牧良、王任叔、陈日尘、周而复、欧阳山、吴奚如等出席第一-次小说家座谈会,讨论“主题的积极性和真人真事“等问题,为小说家座谈会会员。",72,d87b6088158c4c929125503621bf9f23d0020b42bd50baa632dc05c3216de70e,208443,208515,D:\1大创\左联知识库项目\data\processed\runtime_sources\左联词典.txt,A=吴奚如;B=欧阳山,座谈,no,no,supported,yes,pending_cross_validation
REL-02356,ZLH-030,吴奚如,ZLH-040,草明,同属组织,high,low,yes,pending_review,左联词典,zuolian_cidian,477,左联词典 第477页,"!卷!期发表《不平静的城》(谷斯范)、《古记》(蒋牧良)、《酒船》(约弯)、《饥馈的伙伴》(辛劳)、《单纯的遗噜》(草明)、《酶厉》(张天翼)、《教授和富人》(东平)、《姑饭》(周而复)、《苦斗》(欧阳山)等小说9篇,1卷2期为“哀悼鲁迅先生特辑“,发表陈烟桥、新波、绀弩、周文、东平、方之中、奚如的鲁迅悼文8篇和力群、烟桥、新波等的鲁迅像。",171,3368080e1bbb76e2775c73efdca27c7009c08d820fb35f0817d5828b907ded0f,361146,361317,D:\1大创\左联知识库项目\data\processed\runtime_sources\左联词典.txt,A=奚如;B=草明,约,no,no,pending_review,no,pending_cross_validation
REL-02358,ZLH-030,吴奚如,ZLH-043,端木蕻良,同属组织,high,low,yes,pending_review,左联词典,zuolian_cidian,274,左联词典 第274页,"认为鲁迅的杂文和茅盾的小说是“新兴文学影响力最大的成就“;指出郭沫若,巴金、张天翼、靳以、沈起于、沙汀、艾芜、夏衍、欧阳山、丽尼、齐同、屈轶、卢萝、蒋牧良、萧军等*都在创作上尽了他们最善的努力“;“端木蕻良、荒煤、舒群、松之的、罗烽、姚雪垠、王西彦、吴奚如、刘白羽等,都有很高的成就“。",143,48c9ac54259e8005555e3c2703389f9de61e2369a9ee63829f6b41cb1214d385,186337,186480,D:\1大创\左联知识库项目\data\processed\runtime_sources\左联词典.txt,A=吴奚如;B=端木蕻良,,yes,no,pending_review,no,pending_cross_validation
REL-02359,ZLH-030,吴奚如,ZLH-045,周立波,论战,critical,medium,no,pending_review,左联史,zuolian_shi,509,左联史 第509页,"1935年,去天马书店任编辑,他编辑的作品有语文学著作《拉丁化概论》(叶籁士编)、《拉丁化检字》(应人编)、《门外文谈》(鲁迅著);文艺理论著作《写些什么?怎样的写?》(尹庚著)、《新诗歌创作方法》(石灵著)、《苏联作家的创作经验》(YK编)、《这样的主义、那样的主义》(即《从古典主义到现实主义》)(周扬著)、《创作的最高水准》(立波著)、《文艺批评论》(王淑明著)、《继承文学遗产问题》(林通著)、《给文学青年的三封信》(苏联文学顾问会著张仲实译);创作有《女人的故事》(草明著)、《梦一样的自由》(欧阳山著)、《叶伯》(奚如著)、《沉郁的梅冷城〉(东平著)。",282,e3730bff0be85eed69de04cf853c570894413daefb57c860a48e32e633a13fe4,792563,792845,D:\1大创\左联知识库项目\data\processed\runtime_sources\左联史.txt,A=奚如;B=立波,编辑,no,no,pending_review,no,pending_cross_validation
REL-02361,ZLH-030,吴奚如,ZLH-048,王任叔,交游,low,medium,no,inferred,左联词典,zuolian_cidian,262,左联词典 第262页,"同年9月2日,和蒋牧良、王任叔、李溶华、陈日尘、周而复、奚如、聂绀弩一起参加第一次小说家座谈会,讨论创作“主题的积极性和真人真事“等问题。",69,290ed6c06183b2f841cc8b2809c41d073cf9251cd89a507397e443657fe5905b,175721,175790,D:\1大创\左联知识库项目\data\processed\runtime_sources\左联词典.txt,A=奚如;B=王任叔,一起,no,no,supported,yes,pending_cross_validation
REL-02365,ZLH-030,吴奚如,ZLH-058,郭沫若,同属组织,critical,low,no,pending_review,左联词典,zuolian_cidian,585,左联词典 第585页,"全文共5节,介绍东平的--生,其中第2节“在坎坷的人生道路上探索“,以较多箭幅写他在左联和后来在东京左联的活动及文学创作,跟胡风、吴奚如、聂绀弩、郭沫若等左翼作家的交往,描绘这位爱国者和革命作家的风采.",101,a7ce75014ae4625071802e57dfb6e8fa305ab43e5c2ae84701c231f71cf6108e,452593,452694,D:\1大创\左联知识库项目\data\processed\runtime_sources\左联词典.txt,A=吴奚如;B=郭沫若,介绍,no,no,pending_review,no,pending_cross_validation
REL-02368,ZLH-030,吴奚如,ZLH-063,任白戈,同属组织,high,low,yes,pending_review,左联词典,zuolian_cidian,520,左联词典 第520页,“部份盟员“左联“时期活动篓介“介绍了丁玲、于伶、马宁、王西彦、王志之、王蕹嘉、方殷、艾芜、叶紫、田汉、田间、白曙、冯乃超、冯雪峰、冯锂、任白戈、任钧、阳翰笙、孙席珍、李伟森、吴奚如、应修人、沙汀、沈起子、张天翼、张松如、阿英、陈沂、林焕平、茅盾、郁达夫等31位盟员作家在左联时期的活动。,144,1c54b7552e43a916ff2acc15b4d28af1b87a832afae6bd45b668809cf99f7340,397549,397693,D:\1大创\左联知识库项目\data\processed\runtime_sources\左联词典.txt,A=吴奚如;B=任白戈,介绍,yes,no,pending_review,no,pending_cross_validation
REL-02373,ZLH-030,吴奚如,ZLH-077,柳倩,同属组织,critical,low,no,pending_review,左联词典,zuolian_cidian,494,左联词典 第494页,"所载大多为社会政治、经济类文章,文艺也占相当篇帽,为文乃栏撰稿的大多是左翼作家,如周钢鸣、徐意庸、关霁、周立波、聂绀弩、奚如、林娜、梅雨、柳倩、蒲几、舒群、林林、尘无、何家槐等。",89,ca1774f3c747f60feddff84d90c71d8ab835c43c7ca6dedacb45c868966d4884,375944,376033,D:\1大创\左联知识库项目\data\processed\runtime_sources\左联词典.txt,A=奚如;B=柳倩,撰稿,yes,no,pending_review,no,pending_cross_validation
REL-02374,ZLH-030,吴奚如,ZLH-080,陈企霞,待核验,critical,low,yes,pending_review,左联史,zuolian_shi,552,左联史 第552页,"加人左联后,叶紫、陈企霞和聂绀弩、吴奚如等编为一个小组。",28,8354dcef9311935ffb5918c467643125c0218fda00f754ff2aaa264313437608,867615,867643,D:\1大创\左联知识库项目\data\processed\runtime_sources\左联史.txt,A=吴奚如;B=陈企霞,,no,no,pending_review,no,pending_cross_validation
REL-02375,ZLH-030,吴奚如,ZLH-081,陈白尘,待核验,critical,low,yes,pending_review,左联词典,zuolian_cidian,275,左联词典 第275页,"同年9月2日和蒋牧良、王任叔、陈白尘、欧阳山、奚如、聂绀弩参加第一次小说家座谈会,讨论“主题的积极性和真人真事“等问题,并为《小说家》月刊编委。",72,7fe12454791141097814fba8135f2da723f09ccbc9160b238b9d6beb6af73a8c,187664,187736,D:\1大创\左联知识库项目\data\processed\runtime_sources\左联词典.txt,A=奚如;B=陈白尘,参加,no,no,pending_review,no,pending_cross_validation
REL-02376,ZLH-030,吴奚如,ZLH-082,宋之的,同属组织,critical,low,yes,pending_review,左联词典,zuolian_cidian,431,左联词典 第431页,"指出鲁迅、郭沫苷、茅盾、巴金、张天翼、靳以、沈起子、沙汀、艾芜、夏札、欧阳山、丽尼、齐同、屈轶、芹萝、蒋牧良、萧军等作家创作质量的丰富“,端木芷良、荒煤、舒群、宋之的、左联作品简介罗烽、姚雪垠、王西彦、吴奚如、刘日羽等新作家“数量的众多“,是1935年一大特色。",131,410197658b42917867a44cbcffc0fb178aa2d47459fb4a114efc8391d1c254ed,322354,322485,D:\1大创\左联知识库项目\data\processed\runtime_sources\左联词典.txt,A=吴奚如;B=宋之的,,yes,no,pending_review,no,pending_cross_validation
REL-02377,ZLH-030,吴奚如,ZLH-083,林焕平,同属组织,high,low,yes,pending_review,左联词典,zuolian_cidian,520,左联词典 第520页,“部份盟员“左联“时期活动篓介“介绍了丁玲、于伶、马宁、王西彦、王志之、王蕹嘉、方殷、艾芜、叶紫、田汉、田间、白曙、冯乃超、冯雪峰、冯锂、任白戈、任钧、阳翰笙、孙席珍、李伟森、吴奚如、应修人、沙汀、沈起子、张天翼、张松如、阿英、陈沂、林焕平、茅盾、郁达夫等31位盟员作家在左联时期的活动。,144,1c54b7552e43a916ff2acc15b4d28af1b87a832afae6bd45b668809cf99f7340,397549,397693,D:\1大创\左联知识库项目\data\processed\runtime_sources\左联词典.txt,A=吴奚如;B=林焕平,介绍,yes,no,pending_review,no,pending_cross_validation
REL-02379,ZLH-030,吴奚如,ZLH-085,方殷,同属组织,high,low,yes,pending_review,左联词典,zuolian_cidian,520,左联词典 第520页,“部份盟员“左联“时期活动篓介“介绍了丁玲、于伶、马宁、王西彦、王志之、王蕹嘉、方殷、艾芜、叶紫、田汉、田间、白曙、冯乃超、冯雪峰、冯锂、任白戈、任钧、阳翰笙、孙席珍、李伟森、吴奚如、应修人、沙汀、沈起子、张天翼、张松如、阿英、陈沂、林焕平、茅盾、郁达夫等31位盟员作家在左联时期的活动。,144,1c54b7552e43a916ff2acc15b4d28af1b87a832afae6bd45b668809cf99f7340,397549,397693,D:\1大创\左联知识库项目\data\processed\runtime_sources\左联词典.txt,A=吴奚如;B=方殷,介绍,yes,no,pending_review,no,pending_cross_validation
REL-02381,ZLH-030,吴奚如,ZLH-087,于伶,同属组织,high,low,yes,pending_review,左联词典,zuolian_cidian,308,左联词典 第308页,"1935年10月和沙千里共同编辑《生活知识》月刊,该刊文艺栏由左联女诗人关露编辑,左联成员周钢鸣、聂绀弩、徐懋庸、吴奚如、林娜(司马文森)、梅雨(梅益)、凌鹤、尤克(于伶)、柳倩、蒲风、舒群、欧阳凡海,何家槐、田间等均在此发表作品,从而使这一刊物成为左联的重要阵地。",133,809833f85127c9d27040c0e04891534c40395dc8911c5fd940a5f536e6a0db02,216946,217079,D:\1大创\左联知识库项目\data\processed\runtime_sources\左联词典.txt,A=吴奚如;B=于伶,共同,yes,no,pending_review,no,pending_cross_validation
REL-02382,ZLH-030,吴奚如,ZLH-091,叶以群,同属组织,critical,low,no,pending_review,左联史,zuolian_shi,608,左联史 第608页,"20日一23日,各界人士纷纷去胶州路万国殡仪馆大厅瞬仰鲁迅遗容,大厅内外满是挽联、花圈,前往吊唁和致送花圈、挽联、唁电、唁函的左联盟员有方之中、田间、聂绀弩、叶以群、白薇、欧查、王余杞、林娜(司马文森)、穆木天、彭慧、奚如、东平、马宁、耀高丘(丁玲)、郭沫若等。",131,ab350106c8827aea6c2a0ca72a388bbec10c910e357db54ed0bf6a025a1ec63a,955444,955575,D:\1大创\左联知识库项目\data\processed\runtime_sources\左联史.txt,A=奚如;B=叶以群,,yes,no,pending_review,no,pending_cross_validation
REL-02383,ZLH-030,吴奚如,ZLH-097,王西彦,同属组织,high,low,yes,pending_review,左联词典,zuolian_cidian,520,左联词典 第520页,“部份盟员“左联“时期活动篓介“介绍了丁玲、于伶、马宁、王西彦、王志之、王蕹嘉、方殷、艾芜、叶紫、田汉、田间、白曙、冯乃超、冯雪峰、冯锂、任白戈、任钧、阳翰笙、孙席珍、李伟森、吴奚如、应修人、沙汀、沈起子、张天翼、张松如、阿英、陈沂、林焕平、茅盾、郁达夫等31位盟员作家在左联时期的活动。,144,1c54b7552e43a916ff2acc15b4d28af1b87a832afae6bd45b668809cf99f7340,397549,397693,D:\1大创\左联知识库项目\data\processed\runtime_sources\左联词典.txt,A=吴奚如;B=王西彦,介绍,yes,no,pending_review,no,pending_cross_validation
REL-02390,ZLH-030,吴奚如,ZLH-116,孙席珍,同属组织,high,low,yes,pending_review,左联词典,zuolian_cidian,520,左联词典 第520页,“部份盟员“左联“时期活动篓介“介绍了丁玲、于伶、马宁、王西彦、王志之、王蕹嘉、方殷、艾芜、叶紫、田汉、田间、白曙、冯乃超、冯雪峰、冯锂、任白戈、任钧、阳翰笙、孙席珍、李伟森、吴奚如、应修人、沙汀、沈起子、张天翼、张松如、阿英、陈沂、林焕平、茅盾、郁达夫等31位盟员作家在左联时期的活动。,144,1c54b7552e43a916ff2acc15b4d28af1b87a832afae6bd45b668809cf99f7340,397549,397693,D:\1大创\左联知识库项目\data\processed\runtime_sources\左联词典.txt,A=吴奚如;B=孙席珍,介绍,yes,no,pending_review,no,pending_cross_validation
REL-02391,ZLH-030,吴奚如,ZLH-119,何家槐,合作,critical,medium,no,pending_review,左联词典,zuolian_cidian,109,左联词典 第109页,"成员有吴奚如、徐平羽、何家槐、陈大戈、彭柏山等,吴奚如、徐平羽,何家槐先后担任过委员会的召集人。",48,e8887aafbfc2a586fa2bcac3698b924e8a6a60db0ece0b10d7b2d4718536d359,42958,43006,D:\1大创\左联知识库项目\data\processed\runtime_sources\左联词典.txt,A=吴奚如;B=何家槐,,no,no,pending_review,no,pending_cross_validation
REL-02392,ZLH-030,吴奚如,ZLH-120,夏征农,待核验,critical,low,no,pending_review,左联词典,zuolian_cidian,442,左联词典 第442页,"评论1935年文化界出版界翻印旦书热、复古运动、《对于文化运动的意见》、手头字运动、通俗文运动、新文字运动和《太白》、《译文》的停刊等事件,肯定过去一年左翼文坛的创作成绩,推荐东平《沉郁的梅冷城),奚如《叶伯》,欧阳山《七年忌》、《梦一般的自由》,周文《父子之问》,张大翼《万休约》,荒煤《刘麻木》,草明《女人的故事》,艾芜《山中牧歌》,方之中《诗人的画像》,沙汀《爱),征农《结算》,巴金《神鬼人),靳以《落珠集》等作品,对田军《八月的乡村》和萧红《生死场》评价尤高,认为“是这--年来创作上最好的收获.",253,d8b941bdd43c27be7670b76b18a48486bc703b0f19ecdfa3aecd2db18a37e6a0,331826,332079,D:\1大创\左联知识库项目\data\processed\runtime_sources\左联词典.txt,A=奚如;B=征农,推荐,no,no,pending_review,no,pending_cross_validation
REL-02406,ZLH-031,葛琴,ZLH-035,李辉英,待核验,critical,low,no,pending_review,左联史,zuolian_shi,152,左联史 第152页,"这些人,我能够举出来的,有耶林、徐盈、汤艾芜、李辉英、沙汀、白苇、慧中和葛琴。",39,9c29ee209cf9d7e5cf0ce749654e7fd3f041190472fff6ffaf8870ce847d5624,220153,220192,D:\1大创\左联知识库项目\data\processed\runtime_sources\左联史.txt,A=葛琴;B=李辉英,,no,no,pending_review,no,pending_cross_validation
REL-02408,ZLH-031,葛琴,ZLH-037,楼适夷,交游,low,medium,no,inferred,左联史,zuolian_shi,431,左联史 第431页,"1934一1935年,另一位美国记者伊罗生也要编译一部现代中国小说选,名为《草鞋脚》,请鲁迅、茅盾推荐作品,他们推荐了一批左翼作家的佳作,如征农《禾场上》、欧阳山《水棚里的清道夫》、草明《倾跌》、张天翼《一件寻常事》、葛琴《总退却》、艾芜《咆哮的许家屯》、东平《通讯员》、沙汀《老人》、丁九(应修人)《金宝塔银宝塔》、适夷《死》、何谷天《雪地》、魏金枝《制服》、茅盾《大泽乡》、丁玲《莎菲女士的日记》和《水》等。",206,7e0e0e073542393c83d8bfab925e55864ef687ea04814aa8627a51a9fe12baa1,656372,656578,D:\1大创\左联知识库项目\data\processed\runtime_sources\左联史.txt,A=葛琴;B=适夷,推荐,no,no,supported,yes,pending_cross_validation
REL-02410,ZLH-031,葛琴,ZLH-039,欧阳山,交游,low,medium,no,inferred,左联史,zuolian_shi,431,左联史 第431页,"1934一1935年,另一位美国记者伊罗生也要编译一部现代中国小说选,名为《草鞋脚》,请鲁迅、茅盾推荐作品,他们推荐了一批左翼作家的佳作,如征农《禾场上》、欧阳山《水棚里的清道夫》、草明《倾跌》、张天翼《一件寻常事》、葛琴《总退却》、艾芜《咆哮的许家屯》、东平《通讯员》、沙汀《老人》、丁九(应修人)《金宝塔银宝塔》、适夷《死》、何谷天《雪地》、魏金枝《制服》、茅盾《大泽乡》、丁玲《莎菲女士的日记》和《水》等。",206,7e0e0e073542393c83d8bfab925e55864ef687ea04814aa8627a51a9fe12baa1,656372,656578,D:\1大创\左联知识库项目\data\processed\runtime_sources\左联史.txt,A=葛琴;B=欧阳山,推荐,no,no,supported,yes,pending_cross_validation
REL-02412,ZLH-031,葛琴,ZLH-042,魏金枝,交游,low,medium,no,inferred,左联史,zuolian_shi,431,左联史 第431页,"1934一1935年,另一位美国记者伊罗生也要编译一部现代中国小说选,名为《草鞋脚》,请鲁迅、茅盾推荐作品,他们推荐了一批左翼作家的佳作,如征农《禾场上》、欧阳山《水棚里的清道夫》、草明《倾跌》、张天翼《一件寻常事》、葛琴《总退却》、艾芜《咆哮的许家屯》、东平《通讯员》、沙汀《老人》、丁九(应修人)《金宝塔银宝塔》、适夷《死》、何谷天《雪地》、魏金枝《制服》、茅盾《大泽乡》、丁玲《莎菲女士的日记》和《水》等。",206,7e0e0e073542393c83d8bfab925e55864ef687ea04814aa8627a51a9fe12baa1,656372,656578,D:\1大创\左联知识库项目\data\processed\runtime_sources\左联史.txt,A=葛琴;B=魏金枝,推荐,no,no,supported,yes,pending_cross_validation
REL-02413,ZLH-031,葛琴,ZLH-043,端木蕻良,同属组织,critical,low,no,pending_review,左联史,zuolian_shi,430,左联史 第430页,"作为左联盟主的鲁迅,对一切积极有为的左翼文艺战士都倾注了深沉的爱与关怀,丁玲、胡风、叶紫、楼适夷、柏山、葛琴、白薇、徐懋庸、张天翼、王任叔、郑伯奇、聂绀弩、沙汀、艾芜、周文、李辉英、端木蕻良、欧阳山、草朋、魏金枝、白曙、魏猛克、王志之、金肇野、黄新波、韩白罗….",131,55cdbcf070070270338140498216dc59dfba157c19442bab16f6d6e4c36abbfe,655539,655670,D:\1大创\左联知识库项目\data\processed\runtime_sources\左联史.txt,A=葛琴;B=端木蕻良,,yes,no,pending_review,no,pending_cross_validation
REL-02415,ZLH-031,葛琴,ZLH-046,邵荃麟,待核验,high,low,yes,pending_review,左联词典,zuolian_cidian,685,左联词典 第685页,"记葛琴生平,同鲁迅先生的交往和鲁迅为小说《总退却》写的序言,还记下张天耀、叶以群、邵荃麟等左翼作家去宜兴丁山镇葛家柯堂聚会的经过。",65,c2f61b797e8191c7dcbf65a040fe19e377e905c1e126bbb1e25bfe1904b39af2,537345,537410,D:\1大创\左联知识库项目\data\processed\runtime_sources\左联词典.txt,A=葛琴;B=邵荃麟,聚会,no,no,pending_review,no,pending_cross_validation
REL-02422,ZLH-031,葛琴,ZLH-059,白薇,待核验,critical,low,no,pending_review,左联史,zuolian_shi,169,左联史 第169页,"二八“时期的抗日文学,随着东北三省的沧陷和国民党不抵抗主义的日益暴霁,广大左翼作家义愤填脖,纷纷拿起战斗的笔,对敌人口诛笔伐,出现了第一批反映东北人民和上海人民进行抗日斗争的作品,人们较为慧悉的有李辉英《最后一课》、《万宝山》,丁玲《多事之秋》,茅盾《右第二章》,葛琴《总退却》,林箐(华汉)《义勇军》,张天翼《最后列车》、《齿轮》,白薇《火信》、《北宁路某站》,森堡《我听见了飞机的爆音一一献给全月本的勤劳大众》,适夷《S.",213,21500b5ba9cc0a954ddc3a454bea6015ed197dc6f51befaf2fdb332e687a9a46,248265,248478,D:\1大创\左联知识库项目\data\processed\runtime_sources\左联史.txt,A=葛琴;B=白薇,,no,no,pending_review,no,pending_cross_validation
REL-02426,ZLH-031,葛琴,ZLH-067,任钧,同属组织,critical,low,no,pending_review,左联词典,zuolian_cidian,483,左联词典 第483页,许幸之、田汉、沈端先(夏衍)、陶晶孙、徐盈、方英、(钱枪邮)、森堡(任钧)、穆木天、适夷、华蒂(以群)、杨骚、风斯(刘芳松、东平、耶林、沙汀、谷菲(胡风)、何丹仁(冯雪峰)、沈起予、胡楣(关霹)、何左联报刊简丫菲(何小石)、文芜、柯琴(葛琴)、李辉英、祝秀侠等左联盟员作家以及巴金、芦萝(师陀)、叶圣陶等进步作家。,157,321055fd68b71a5f377f85d676bb5061950966fe06c04fe560423a180f1fd9b4,366558,366715,D:\1大创\左联知识库项目\data\processed\runtime_sources\左联词典.txt,A=葛琴;B=任钧,,yes,no,pending_review,no,pending_cross_validation
REL-02433,ZLH-031,葛琴,ZLH-091,叶以群,待核验,high,low,yes,pending_review,左联词典,zuolian_cidian,685,左联词典 第685页,"记葛琴生平,同鲁迅先生的交往和鲁迅为小说《总退却》写的序言,还记下张天耀、叶以群、邵荃麟等左翼作家去宜兴丁山镇葛家柯堂聚会的经过。",65,c2f61b797e8191c7dcbf65a040fe19e377e905c1e126bbb1e25bfe1904b39af2,537345,537410,D:\1大创\左联知识库项目\data\processed\runtime_sources\左联词典.txt,A=葛琴;B=叶以群,聚会,no,no,pending_review,no,pending_cross_validation
REL-02439,ZLH-031,葛琴,ZLH-105,沈起予,同属组织,critical,low,yes,pending_review,左联词典,zuolian_cidian,483,左联词典 第483页,许幸之、田汉、沈端先(夏衍)、陶晶孙、徐盈、方英、(钱枪邮)、森堡(任钧)、穆木天、适夷、华蒂(以群)、杨骚、风斯(刘芳松、东平、耶林、沙汀、谷菲(胡风)、何丹仁(冯雪峰)、沈起予、胡楣(关霹)、何左联报刊简丫菲(何小石)、文芜、柯琴(葛琴)、李辉英、祝秀侠等左联盟员作家以及巴金、芦萝(师陀)、叶圣陶等进步作家。,157,321055fd68b71a5f377f85d676bb5061950966fe06c04fe560423a180f1fd9b4,366558,366715,D:\1大创\左联知识库项目\data\processed\runtime_sources\左联词典.txt,A=葛琴;B=沈起予,,yes,no,pending_review,no,pending_cross_validation
REL-02445,ZLH-031,葛琴,ZLH-120,夏征农,合作,critical,medium,no,pending_review,左联史,zuolian_shi,431,左联史 第431页,"1934一1935年,另一位美国记者伊罗生也要编译一部现代中国小说选,名为《草鞋脚》,请鲁迅、茅盾推荐作品,他们推荐了一批左翼作家的佳作,如征农《禾场上》、欧阳山《水棚里的清道夫》、草明《倾跌》、张天翼《一件寻常事》、葛琴《总退却》、艾芜《咆哮的许家屯》、东平《通讯员》、沙汀《老人》、丁九(应修人)《金宝塔银宝塔》、适夷《死》、何谷天《雪地》、魏金枝《制服》、茅盾《大泽乡》、丁玲《莎菲女士的日记》和《水》等。",206,7e0e0e073542393c83d8bfab925e55864ef687ea04814aa8627a51a9fe12baa1,656372,656578,D:\1大创\左联知识库项目\data\processed\runtime_sources\左联史.txt,A=葛琴;B=征农,推荐,no,no,pending_review,no,pending_cross_validation
REL-02447,ZLH-031,葛琴,ZLH-127,曹靖华,交游,low,medium,no,inferred,左联词典,zuolian_cidian,680,左联词典 第680页,"小说二集)、丁玲的《母亲》、周文的《父子之间)、葛琴的《总退却》、曹靖华《苏联作家七人集》等书的编辑出版情况,也谈及作者本人在鲁迅精神鼓彗下,出版《中国版画史)、《英国版画集》等图籍的经过。",95,9e273689475bd2028d8735195e10456d90a94884f01e02e1203ac07a45d670a9,533457,533552,D:\1大创\左联知识库项目\data\processed\runtime_sources\左联词典.txt,A=葛琴;B=曹靖华,编辑,no,no,supported,yes,pending_cross_validation
REL-02457,ZLH-032,徐懋庸,ZLH-035,李辉英,待核验,critical,low,no,pending_review,左联史,zuolian_shi,315,左联史 第315页,"在左联遭受严重压迫的时候,他主编的《新生》杂志发表过公汗(鲁迅)、苟眉、小山(萧三)、屈轶(王任叔)、征农、力生(徐懋庸)、李辉英、佛朗(祝秀侠)、陈乃昌等左联作家的许多作品,有力地支持了左翼文艺运动,左联的同志们永远感谢他的善良与真诚。",119,343666923f5c93f260be5c1842873722b705bfcef24697c57cd275a1e411f121,474402,474521,D:\1大创\左联知识库项目\data\processed\runtime_sources\左联史.txt,A=徐懋庸;B=李辉英,主编,no,no,pending_review,no,pending_cross_validation
REL-02458,ZLH-032,徐懋庸,ZLH-036,穆木天,同属组织,critical,low,no,pending_review,左联史,zuolian_shi,687,左联史 第687页,"(8)其他左联作家的翻译左联作家华蒂、森堡合译过高尔基小说集《隐秘的爱》(湖风书局),穆木天译过高尔基的《初恋》(现代书局),钱谦吾编过高尔基小说集《劳动的音乐》(合众书店),丽尼译过高尔基的中篇小说《天蓝的生活》(文化生活出版社),徐懋庸也译过高尔基的短篇《一个女英雄》(载《时事类编》)。",146,ded608beaf8bf8bdfe469fe32a3f2550806dce51f484a01159b03d6f4766aeb3,1073273,1073419,D:\1大创\左联知识库项目\data\processed\runtime_sources\左联史.txt,A=徐懋庸;B=穆木天,,no,yes,pending_review,no,pending_cross_validation
REL-02461,ZLH-032,徐懋庸,ZLH-039,欧阳山,待核验,critical,low,no,pending_review,左联史,zuolian_shi,615,左联史 第615页,"鲁迅逝世后,他就分头约请左联的雪苇、徐懋庸、梅雨(梅益)、欧阳山,社联的艾思奇、周建人、章汉夫、胡绳,还有美术家曹白等人,撰写鲁迅研究论文。",70,5267157a084a1eae99ab0daeea2a111c631a36f58057555941812f83e5690c43,965856,965926,D:\1大创\左联知识库项目\data\processed\runtime_sources\左联史.txt,A=徐懋庸;B=欧阳山,约,no,yes,pending_review,no,pending_cross_validation
REL-02464,ZLH-032,徐懋庸,ZLH-045,周立波,交游,low,medium,no,inferred,左联史,zuolian_shi,22,左联史 第22页,"左联为深人研究,广泛宣传马克思主义文艺理论而立这一机构,主要任务是翻译介绍马克思主义文艺理论,传送有关信息,成员有韩起、周立波、任白戈、徐懋庸等。",73,5198bcb0fdd2fe34a4329b719cd74b2c3a9fc3e61ae3e13a919d43dc83690021,22540,22613,D:\1大创\左联知识库项目\data\processed\runtime_sources\左联史.txt,A=徐懋庸;B=周立波,介绍,no,no,supported,yes,pending_cross_validation
REL-02465,ZLH-032,徐懋庸,ZLH-047,林淡秋,创作合作,low,medium,no,inferred,左联史,zuolian_shi,22,左联史 第22页,"1935年以后的一年多时间,抱任过左联常委的有杨潮、彭慧、彭柏山、徐懋庸、何家槐、王淑明、林淡秋等。",50,4758241132b14ea2d6a5bbc7d1c66e92c3183340b79ffafad1a020fe0e5e6c04,21883,21933,D:\1大创\左联知识库项目\data\processed\runtime_sources\左联史.txt,A=徐懋庸;B=林淡秋,,no,no,supported,yes,pending_cross_validation
REL-02466,ZLH-032,徐懋庸,ZLH-048,王任叔,文学论战,low,medium,no,inferred,左联史,zuolian_shi,432,左联史 第432页,"他也是左联除鲁迅之外最重要的杂文作家,他和鲁迅、徐懋庸、廖沫沙、王任叔等左翼杂文家一起,把中国现代杂文推向了新的高峰,开创了我国杂文创作的新局面。",73,9040bdda711edeeb1019557bcfc2c58ed0f6cdedc59e4e85e2b72fa1d88a1b0b,658381,658454,D:\1大创\左联知识库项目\data\processed\runtime_sources\左联史.txt,A=徐懋庸;B=王任叔,一起,no,no,supported,yes,pending_cross_validation
REL-02468,ZLH-032,徐懋庸,ZLH-053,黄源,文学论战,low,medium,no,inferred,左联史,zuolian_shi,586,左联史 第586页,"就在8月1日这天,鲁迅收到徐懋庸当天的一封来信,攻击鲁迅“最近半年来的言行,是无意地助长着恶劣的倾向“,“对于现在的基本的政策没有了解“,还说鲁迅正支持着胡风、黄源们的“分离运动“一一“从他们的野心出发的分离运动“-.",109,21f08c0ebcde9f4b909455c3aefaf487b40bd7a95c0a3c2346938834aea04bbc,921834,921943,D:\1大创\左联知识库项目\data\processed\runtime_sources\左联史.txt,A=徐懋庸;B=黄源,来信,no,no,supported,yes,pending_cross_validation
REL-02469,ZLH-032,徐懋庸,ZLH-054,许幸之,论战,critical,medium,no,pending_review,左联史,zuolian_shi,296,左联史 第296页,"《小品文和漫画》全书收57位作家的38篇文章(鲁迅两篇,其余每人1篇),其中左联作家的作品是:鲁迅《漫谈漫画》、《漫画而又漫画》,茅盾《小品文和气运》,许幸之《漫画与多弥哀,冶鹤《漫画与卡通影片》,郁达夫《小品文杂感》,佛朗(祝秀侠)《对“小品文“的意见》,王任叔《小品文的前途》,李辉英《“写点小品文罢“》,何谷天(周文)《小品文对于我》,徐懋庸《大处人手》,洪深《混》,沈起予《“小品“的小品》,聂绀弩《我对于小品文的意见》,胡风《略谈“小品文“与“漕画“》,王淑明《我们需要怎样的小品文》,孙席珍《关于小品文和漫画》,叶綦《我们需要小品文和漫画》,郑伯奇《小品文问答》,大家对小品文和漫画一一尤其是对小品文发表了许多精辟的见解:茅盾说:“我不相信“小品文“应该以自我中心,个人笔调,性灵,闲适为主。",352,103559ce8cec8769d14167f9c5e5de211f3af6a1aa21ef7b81bf4e3ade8e54ef,443874,444226,D:\1大创\左联知识库项目\data\processed\runtime_sources\左联史.txt,A=徐懋庸;B=许幸之,,no,no,pending_review,no,pending_cross_validation
REL-02471,ZLH-032,徐懋庸,ZLH-058,郭沫若,同属组织,critical,low,no,pending_review,左联史,zuolian_shi,615,左联史 第615页,"人所共知,鲁迅对郭沫若的态度是有前后变化的:1928年“革命文学“论争时,鲁迅对他是反唐相讥过的,但到1936年写《答徐懋庸并关于抗日统一战线问题》一文时,却明确表示:他同郭沫若,虽“曾用笔墨相讥,但大战斗却都为着同一的目标,决不日夜记着个人的恩怨“郁达夫和鲁迅,在左联成立前后,始终是并肩战斗的亲密战友:1928年,他们合编《奔流》杂志;左联筹组时,鲁迅亲自提名郁达夫为左联发起人;后来,当郁达夫要离开上海时,鲁迅以诗相劝,“阻郁达夫移家杭州“,非挚友绝不能如此苦口婆心、语重心长。",242,f39e3b2d6ebb45337b222d4b73745193c6fb0e9fb70529ddfb1e29c686497951,965478,965720,D:\1大创\左联知识库项目\data\processed\runtime_sources\左联史.txt,A=徐懋庸;B=郭沫若,合编,no,no,pending_review,no,pending_cross_validation
REL-02475,ZLH-032,徐懋庸,ZLH-063,任白戈,交游,low,medium,no,inferred,左联词典,zuolian_cidian,198,左联词典 第198页,"又任左联宣传部长任白戈的“交通“,1935年夏,任左联宣传部长徐懋庸的“交通“同年12月,在《上海文化界救国运动宣言》上签名。",63,90c509a44834ddf890980e7079210101729d646bf911c6a571123f034c374446,119503,119566,D:\1大创\左联知识库项目\data\processed\runtime_sources\左联词典.txt,A=徐懋庸;B=任白戈,签名,no,no,supported,yes,pending_cross_validation
REL-02477,ZLH-032,徐懋庸,ZLH-067,任钧,交游,low,medium,no,inferred,左联史,zuolian_shi,675,左联史 第675页,"左联部分作家对俊国和苏联文学、日本文学及其他各国文学也研究有素,发表过不少文论:之(D评论俄苏文学的有任钧《普希金底奥尼征03、梅雨“佳化(表现于旧俄文学的儿种形态》、王任叔《论果戈理的探写方高尔基像(木刹)刃锋作法》、张香山《苏联农民文学的一个考察》《通俗文学与普里鲁衣》《识刺文学与伊利夫及彼得洛夫》、雷石榆《白德呐9是怎样的诗人》、徐懋庸《拉狄克论3。",179,f69f65123606b9c3bbf1121e9fa7211b6f123e6a46cdcf8846918d5c619a7d99,1052716,1052895,D:\1大创\左联知识库项目\data\processed\runtime_sources\左联史.txt,A=徐懋庸;B=任钧,,no,no,supported,yes,pending_cross_validation
REL-02481,ZLH-032,徐懋庸,ZLH-077,柳倩,同属组织,critical,low,no,pending_review,左联词典,zuolian_cidian,486,左联词典 第486页,"主要撰稿人多为左联盟员,如鲁迅、郭沫若、聂绀弩、沈起才、奚如、东平、张天虚、马子华、周而复、白薇、周文、田间、任钧、柳倩、雷渝波、洪道,白嚓、以群、胡风、徐懋庸、梅雨、王任叔、方之中、杨骚、许干之、俩拾(陈凌霆)、庄启东、雪苇、澎岛、李辉英等。",122,f84e58f2913d81bcc13c61a659115f7131037837949e9f9d812fad8e0a5ae863,369028,369150,D:\1大创\左联知识库项目\data\processed\runtime_sources\左联词典.txt,A=徐懋庸;B=柳倩,撰稿,yes,no,pending_review,no,pending_cross_validation
REL-02490,ZLH-032,徐懋庸,ZLH-097,王西彦,同属组织,critical,low,no,pending_review,左联词典,zuolian_cidian,104,左联词典 第104页,"左联拥有一批贡献卓著、德高望重的老作家如鲁迅、茅盾、翔秋日、蒋光慈、田汉、洪深,左联诣生前已从事创作和翻译的柔石、洪灵菲、应修人、潘漠华、郑伯奇、王任叔、阳翰笙、阿英、丁玲、张天翼、冯雪峰、夏衍、周扬、胡风、周立波、穆木天、杨骚、白薇等,又培养了一批思想活既、颇具才华的文学新人如冯铿、沙汀、艾莅、欧阳山、草明、李辉英、周文、柏山、东平、征农、荒煤、葛琴、徐盈、叶紫、罗烽、舒群、端木蕻良、王西彦、王尘无、蒲风、田间、于伶、凌鹤、徐懋庸、聂绀弩、廖沫沙等,他们都为左翼文学奉献了自己的佳作,如鲁迅、瞿秋白、徐懋庸、聂绀弩、廖沫沙的杂文,茅盾的《于夜》蒋光意《咆哮了的土地》,胡也频《光明在我们的前面9,柔石、冯铿、丁玲、阳翰笙、沙汀、艾芜、欧阳山、草明、李辉英、周文、柏山、东平、征农、荒煤、葛琴、徐盈、叶紫、罗烽、舒群、端木蕻良、王西彦的小说.",373,38fb7f84d392c56ebfb19f4ba45e46afdcb5c041c850ce800ec1de1ef46653dc,39205,39578,D:\1大创\左联知识库项目\data\processed\runtime_sources\左联词典.txt,A=徐懋庸;B=王西彦,,yes,no,pending_review,no,pending_cross_validation
REL-02492,ZLH-032,徐懋庸,ZLH-100,姚蓬子,待核验,critical,low,yes,pending_review,左联史,zuolian_shi,703,左联史 第703页,"俄国作家梭罗古勃的作品译为中文的亦仅见2种:《饥饿的光芒》(蓬子译),载《春光》,长篇小说《小鬼》,徐懋庸译,上海生活书店1936年9月初版。",71,0a1cff20de9b2dad503150b0e8a7c2dd07ab271b0c5ab234feb9ef4e6a47b3b4,1097380,1097451,D:\1大创\左联知识库项目\data\processed\runtime_sources\左联史.txt,A=徐懋庸;B=蓬子,,no,yes,pending_review,no,pending_cross_validation
REL-02494,ZLH-032,徐懋庸,ZLH-105,沈起予,同属组织,critical,low,yes,pending_review,左联史,zuolian_shi,296,左联史 第296页,"《小品文和漫画》全书收57位作家的38篇文章(鲁迅两篇,其余每人1篇),其中左联作家的作品是:鲁迅《漫谈漫画》、《漫画而又漫画》,茅盾《小品文和气运》,许幸之《漫画与多弥哀,冶鹤《漫画与卡通影片》,郁达夫《小品文杂感》,佛朗(祝秀侠)《对“小品文“的意见》,王任叔《小品文的前途》,李辉英《“写点小品文罢“》,何谷天(周文)《小品文对于我》,徐懋庸《大处人手》,洪深《混》,沈起予《“小品“的小品》,聂绀弩《我对于小品文的意见》,胡风《略谈“小品文“与“漕画“》,王淑明《我们需要怎样的小品文》,孙席珍《关于小品文和漫画》,叶綦《我们需要小品文和漫画》,郑伯奇《小品文问答》,大家对小品文和漫画一一尤其是对小品文发表了许多精辟的见解:茅盾说:“我不相信“小品文“应该以自我中心,个人笔调,性灵,闲适为主。",352,103559ce8cec8769d14167f9c5e5de211f3af6a1aa21ef7b81bf4e3ade8e54ef,443874,444226,D:\1大创\左联知识库项目\data\processed\runtime_sources\左联史.txt,A=徐懋庸;B=沈起予,,no,no,pending_review,no,pending_cross_validation
REL-02498,ZLH-032,徐懋庸,ZLH-116,孙席珍,合作,critical,medium,no,pending_review,左联史,zuolian_shi,296,左联史 第296页,"《小品文和漫画》全书收57位作家的38篇文章(鲁迅两篇,其余每人1篇),其中左联作家的作品是:鲁迅《漫谈漫画》、《漫画而又漫画》,茅盾《小品文和气运》,许幸之《漫画与多弥哀,冶鹤《漫画与卡通影片》,郁达夫《小品文杂感》,佛朗(祝秀侠)《对“小品文“的意见》,王任叔《小品文的前途》,李辉英《“写点小品文罢“》,何谷天(周文)《小品文对于我》,徐懋庸《大处人手》,洪深《混》,沈起予《“小品“的小品》,聂绀弩《我对于小品文的意见》,胡风《略谈“小品文“与“漕画“》,王淑明《我们需要怎样的小品文》,孙席珍《关于小品文和漫画》,叶綦《我们需要小品文和漫画》,郑伯奇《小品文问答》,大家对小品文和漫画一一尤其是对小品文发表了许多精辟的见解:茅盾说:“我不相信“小品文“应该以自我中心,个人笔调,性灵,闲适为主。",352,103559ce8cec8769d14167f9c5e5de211f3af6a1aa21ef7b81bf4e3ade8e54ef,443874,444226,D:\1大创\左联知识库项目\data\processed\runtime_sources\左联史.txt,A=徐懋庸;B=孙席珍,,no,no,pending_review,no,pending_cross_validation
REL-02499,ZLH-032,徐懋庸,ZLH-119,何家槐,交游,low,medium,no,inferred,左联史,zuolian_shi,22,左联史 第22页,"1935年以后的一年多时间,抱任过左联常委的有杨潮、彭慧、彭柏山、徐懋庸、何家槐、王淑明、林淡秋等。",50,4758241132b14ea2d6a5bbc7d1c66e92c3183340b79ffafad1a020fe0e5e6c04,21883,21933,D:\1大创\左联知识库项目\data\processed\runtime_sources\左联史.txt,A=徐懋庸;B=何家槐,,no,no,supported,yes,pending_cross_validation
REL-02500,ZLH-032,徐懋庸,ZLH-120,夏征农,交游,low,medium,no,inferred,左联史,zuolian_shi,315,左联史 第315页,"在左联遭受严重压迫的时候,他主编的《新生》杂志发表过公汗(鲁迅)、苟眉、小山(萧三)、屈轶(王任叔)、征农、力生(徐懋庸)、李辉英、佛朗(祝秀侠)、陈乃昌等左联作家的许多作品,有力地支持了左翼文艺运动,左联的同志们永远感谢他的善良与真诚。",119,343666923f5c93f260be5c1842873722b705bfcef24697c57cd275a1e411f121,474402,474521,D:\1大创\左联知识库项目\data\processed\runtime_sources\左联史.txt,A=徐懋庸;B=征农,主编,no,no,supported,yes,pending_cross_validation
REL-02503,ZLH-032,徐懋庸,ZLH-127,曹靖华,合作,critical,medium,no,pending_review,左联史,zuolian_shi,521,左联史 第521页,"其实鲁迅写给他的那些信,所谈多是一般事务,如指导看书学习、创办刊物、投寄文稿之类,路鲁迅致曹靖华、萧军、萧红这些朋友的信有很大不同;跟他在咖啡店谈话,那是为左联的事;至于为《打杂集》作序,主要是为了反击杂文反对者林希隽之流,倡导、鼓励杂文创作,当然,对作为杂文作家的徐懋庸本人,鲁迅还是很器重的。",148,debae2d5c716450e20698b4f79a71394ceaabe2ad90915d059faf4285ae8a068,814180,814328,D:\1大创\左联知识库项目\data\processed\runtime_sources\左联史.txt,A=徐懋庸;B=曹靖华,,no,no,pending_review,no,pending_cross_validation
REL-02504,ZLH-032,徐懋庸,ZLH-128,林语堂,文学论战,low,medium,no,inferred,左联史,zuolian_shi,521,左联史 第521页,"这年5月I0日,林语堂设家宴招待鲁迅等I0位文艺界朋友,徐懋庸也出席了,这是他第2次见到鲁迅先生。",49,0859a0852f9c5a717eedbffc7af594d67c11ad24c8cc7ea7ae2e9191665a5a59,813712,813761,D:\1大创\左联知识库项目\data\processed\runtime_sources\左联史.txt,A=徐懋庸;B=林语堂,,no,no,supported,yes,pending_cross_validation
REL-02513,ZLH-032,徐懋庸,ZLH-141,高尔基,交游,low,medium,no,inferred,左联史,zuolian_shi,327,左联史 第327页,"1934年7月5日,徐懋庸主编的小品文半月刊《新语林》创刊,鲁迅将瞿秋白的详稿《非政治化的高尔基一一读〈革命文豪高尔基》交徐懋庸。",65,c5062e0de0f3842eeebb549f39dd5869f0d57d7c907c301d3c101a95e500621e,493320,493385,D:\1大创\左联知识库项目\data\processed\runtime_sources\左联史.txt,A=徐懋庸;B=高尔基,主编,no,no,supported,yes,pending_cross_validation
REL-02515,ZLH-032,徐懋庸,ZLH-144,巴比塞,签名联署,medium,medium,no,inferred,左联史,zuolian_shi,329,左联史 第329页,"奥斯特洛夫斯基的长篇小说《钢铁是怎样炼成的》,周立波决定翻译苏联作家萧洛霍夫的长篇小说《被开垦的处女地》,林淡秋决定翻译苏联作家卡达耶夫的长篇小说《时间呀,前进1》,何家槐决定翻译英国作家福斯特的理论著作《小说与民众5,徐懋庸本人,当时正在翻译俄国作家梭罗古勃的长篇小说《小鬼》,且已成大半,他决定抓紧译完这部作品,然后再翻译法国作家巴比塞的传记作品《斯大林传》。",182,c3db468285da58a9e3508e7e0384ed695da29265cc92654a95421f2c890d6f15,496992,497174,D:\1大创\左联知识库项目\data\processed\runtime_sources\左联史.txt,A=徐懋庸;B=巴比塞,,no,no,supported,yes,pending_cross_validation
REL-02518,ZLH-032,徐懋庸,ZLH-150,萧三,交游,low,medium,no,inferred,左联史,zuolian_shi,568,左联史 第568页,"由于周扬收到萧三来信的时候,鲁迅并没有表示态度,所以周扬让徐懋庸去路鲁迅先生谈一谈,问问他的意见。",49,076314a762cb22f0413206bd2103c016abf92be3588ef6436da82b0eea13e1e9,893981,894030,D:\1大创\左联知识库项目\data\processed\runtime_sources\左联史.txt,A=徐懋庸;B=萧三,来信,no,no,supported,yes,pending_cross_validation
REL-02519,ZLH-033,周文,ZLH-001,鲁迅,纪念/悼念,high,medium,no,pending_review,左联史,zuolian_shi,317,左联史 第317页,“《每周文学》支持鲁迅。,12,e3562917e40d46de5afce96051db02d1689a339482e897fc21c6591f483ce172,478142,478154,D:\1大创\左联知识库项目\data\processed\runtime_sources\左联史.txt,A=周文;B=鲁迅,支持,no,no,pending_review,no,pending_cross_validation
REL-02520,ZLH-033,周文,ZLH-009,郑伯奇,纪念/悼念,high,medium,no,pending_review,左联史,zuolian_shi,465,左联史 第465页,"萧三在苏联期间经常给鲁迅写信报告国际革命作家联盟情况,寄赠《国际文学)、《太平洋灯塔》、《萧三的诗》等书刊,鲁迅也将茅盾、周起应(周扬)、沈端先(夏衍)、张天翼、郑伯奇、周文、沙汀、白薇等左翼作家的作品寄给萧三。",106,8c99ec852386f446851d6dd8143a3dfdc157df6633ef6f3ddf2312cc42c83e8a,714747,714853,D:\1大创\左联知识库项目\data\processed\runtime_sources\左联史.txt,A=周文;B=郑伯奇,写信,no,no,pending_review,no,pending_cross_validation
REL-02521,ZLH-033,周文,ZLH-038,陈荒煤,纪念/悼念,high,medium,no,pending_review,左联词典,zuolian_cidian,442,左联词典 第442页,"评论1935年文化界出版界翻印旦书热、复古运动、《对于文化运动的意见》、手头字运动、通俗文运动、新文字运动和《太白》、《译文》的停刊等事件,肯定过去一年左翼文坛的创作成绩,推荐东平《沉郁的梅冷城),奚如《叶伯》,欧阳山《七年忌》、《梦一般的自由》,周文《父子之问》,张大翼《万休约》,荒煤《刘麻木》,草明《女人的故事》,艾芜《山中牧歌》,方之中《诗人的画像》,沙汀《爱),征农《结算》,巴金《神鬼人),靳以《落珠集》等作品,对田军《八月的乡村》和萧红《生死场》评价尤高,认为“是这--年来创作上最好的收获.",253,d8b941bdd43c27be7670b76b18a48486bc703b0f19ecdfa3aecd2db18a37e6a0,331826,332079,D:\1大创\左联知识库项目\data\processed\runtime_sources\左联词典.txt,A=周文;B=荒煤,推荐,no,no,pending_review,no,pending_cross_validation
REL-02522,ZLH-033,周文,ZLH-043,端木蕻良,纪念/悼念,high,medium,no,pending_review,左联史,zuolian_shi,620,左联史 第620页,"布莱德尔作,克夫译)、端木蕻良的短篇《轭下》、鲁迅《病中通信》9封、艾青的诗《春与生命》,散文有曹白《歼音》和李霁野《一夕谈》,还有茅盾对周文两部长篇小说《烟苗季》《在白森镇》的评论和冬青对艾思奇哲学著作的评论《关于“思想方法“》,杂文栏名为“无花的蓝薇“刊出茅盾《读报有感》、朐风《由“人性“到“互利“》和《万乐声中一点哀》、萧军《刑》、须旅《苍蝇的故事》、惕生《“文人相重“》等。",192,ee04e3a27e6fd1a97b593bb8c9cc29d85d2d94bc61ccf9d28eee37bb72a92a5a,974424,974616,D:\1大创\左联知识库项目\data\processed\runtime_sources\左联史.txt,A=周文;B=端木蕻良,通信,no,no,pending_review,no,pending_cross_validation
REL-02524,ZLH-033,周文,ZLH-053,黄源,纪念/悼念,high,medium,no,pending_review,鲁迅日记,luxun_diary,,鲁迅日记 页码未识别,晚河清来并携赠《文学丛刊》六种，即邀之往陶陶居夜饭，并邀胡风、周文二君，广平亦携海婴去。,44,87df00ceeac3dbca5b6dc62c52ea52254ee673c9b9187c4fb01f74736e8c6500,223703,223747,D:\1大创\左联知识库项目\research\raw_texts\日记全编：全2册 (鲁迅 著) (Z-Library).txt,A=周文;B=河清,邀,no,no,pending_review,no,pending_cross_validation
REL-02529,ZLH-033,周文,ZLH-086,葛一虹,同属组织,high,low,yes,pending_review,左联史,zuolian_shi,316,左联史 第316页,"这些作者中的耳耶、臧其人均为(聂绀弩)、何谷天(周文)、江弼(欧阳弼)、张天虚、溃波、胡楣(关露)、松寒衣、陈紫秋、洪道、白蓬(刘宗璜)、黄新波等都是左联盟员,穆复(葛一虹)是中国左翼戏剧家联盟成员,余不详。",104,e896dab1571f76e54df4a5faf4d7d0f8af1b0abf71c158fb29d9a39221cb9202,475727,475831,D:\1大创\左联知识库项目\data\processed\runtime_sources\左联史.txt,A=周文;B=葛一虹,,no,no,pending_review,no,pending_cross_validation
REL-02532,ZLH-033,周文,ZLH-116,孙席珍,纪念/悼念,high,medium,no,pending_review,左联史,zuolian_shi,296,左联史 第296页,"《小品文和漫画》全书收57位作家的38篇文章(鲁迅两篇,其余每人1篇),其中左联作家的作品是:鲁迅《漫谈漫画》、《漫画而又漫画》,茅盾《小品文和气运》,许幸之《漫画与多弥哀,冶鹤《漫画与卡通影片》,郁达夫《小品文杂感》,佛朗(祝秀侠)《对“小品文“的意见》,王任叔《小品文的前途》,李辉英《“写点小品文罢“》,何谷天(周文)《小品文对于我》,徐懋庸《大处人手》,洪深《混》,沈起予《“小品“的小品》,聂绀弩《我对于小品文的意见》,胡风《略谈“小品文“与“漕画“》,王淑明《我们需要怎样的小品文》,孙席珍《关于小品文和漫画》,叶綦《我们需要小品文和漫画》,郑伯奇《小品文问答》,大家对小品文和漫画一一尤其是对小品文发表了许多精辟的见解:茅盾说:“我不相信“小品文“应该以自我中心,个人笔调,性灵,闲适为主。",352,103559ce8cec8769d14167f9c5e5de211f3af6a1aa21ef7b81bf4e3ade8e54ef,443874,444226,D:\1大创\左联知识库项目\data\processed\runtime_sources\左联史.txt,A=周文;B=孙席珍,,no,no,pending_review,no,pending_cross_validation
REL-02538,ZLH-034,彭康,ZLH-042,魏金枝,待核验,critical,low,no,pending_review,左联史,zuolian_shi,98,左联史 第98页,名单如下:冯乃超华_汉_龚冰庐沈叶沉孟超俞_怀_邱韵铎沈端先潘汉年“王洁予冯润璋_顾凤城彭康许峻冯铿王任桐周全平_洪灵菲_戴平万“钱杏邵冯宪章鲁迅杜衡埕子柔石侍桁画室吴贯中黄_素郑伯奇鲁_史朱镜我_田汉王一榴_蒋光慈刘锡五_叶灵凤_郁达夫陶晶孙_戴望舒李初梨_林伯修殴_夫_徐迅雷_程少怀_陈正道_许幸之_郭沫若_沈起予被介绍加人的:仲_豪“徐耘阡_魏金枝届文泳涛丁锐人马宁_孙孟涛王润甫_卢苍雁张璞无产阶级文艺俱乐部的发起人李_平胡忠信阿细余惠“萧歌强其他各反动组织之名单不明。,240,451607e392e76506863cb80a4c973cbf07385569c9884fdd80d90b1d3fb68d03,141748,141988,D:\1大创\左联知识库项目\data\processed\runtime_sources\左联史.txt,A=彭康;B=魏金枝,介绍,no,no,pending_review,no,pending_cross_validation
REL-02543,ZLH-034,彭康,ZLH-054,许幸之,纪念/悼念,critical,medium,no,pending_review,左联史,zuolian_shi,98,左联史 第98页,名单如下:冯乃超华_汉_龚冰庐沈叶沉孟超俞_怀_邱韵铎沈端先潘汉年“王洁予冯润璋_顾凤城彭康许峻冯铿王任桐周全平_洪灵菲_戴平万“钱杏邵冯宪章鲁迅杜衡埕子柔石侍桁画室吴贯中黄_素郑伯奇鲁_史朱镜我_田汉王一榴_蒋光慈刘锡五_叶灵凤_郁达夫陶晶孙_戴望舒李初梨_林伯修殴_夫_徐迅雷_程少怀_陈正道_许幸之_郭沫若_沈起予被介绍加人的:仲_豪“徐耘阡_魏金枝届文泳涛丁锐人马宁_孙孟涛王润甫_卢苍雁张璞无产阶级文艺俱乐部的发起人李_平胡忠信阿细余惠“萧歌强其他各反动组织之名单不明。,240,451607e392e76506863cb80a4c973cbf07385569c9884fdd80d90b1d3fb68d03,141748,141988,D:\1大创\左联知识库项目\data\processed\runtime_sources\左联史.txt,A=彭康;B=许幸之,介绍,no,no,pending_review,no,pending_cross_validation
REL-02544,ZLH-034,彭康,ZLH-058,郭沫若,纪念/悼念,critical,medium,no,pending_review,左联史,zuolian_shi,98,左联史 第98页,名单如下:冯乃超华_汉_龚冰庐沈叶沉孟超俞_怀_邱韵铎沈端先潘汉年“王洁予冯润璋_顾凤城彭康许峻冯铿王任桐周全平_洪灵菲_戴平万“钱杏邵冯宪章鲁迅杜衡埕子柔石侍桁画室吴贯中黄_素郑伯奇鲁_史朱镜我_田汉王一榴_蒋光慈刘锡五_叶灵凤_郁达夫陶晶孙_戴望舒李初梨_林伯修殴_夫_徐迅雷_程少怀_陈正道_许幸之_郭沫若_沈起予被介绍加人的:仲_豪“徐耘阡_魏金枝届文泳涛丁锐人马宁_孙孟涛王润甫_卢苍雁张璞无产阶级文艺俱乐部的发起人李_平胡忠信阿细余惠“萧歌强其他各反动组织之名单不明。,240,451607e392e76506863cb80a4c973cbf07385569c9884fdd80d90b1d3fb68d03,141748,141988,D:\1大创\左联知识库项目\data\processed\runtime_sources\左联史.txt,A=彭康;B=郭沫若,介绍,no,no,pending_review,no,pending_cross_validation
REL-02546,ZLH-034,彭康,ZLH-061,朱镜我,同属组织,critical,low,no,pending_review,左联史,zuolian_shi,434,左联史 第434页,"1927年底,和在日本求学的李初梨、彭康、朱镜我、李铁声等人一同回国,来到上海,参加新文学团体创造社,为后期创造社的主干。",61,7716dd8040d029ed6233cae4ae9ca3d539bf45ebe5d518464d30545f7afc6d61,662164,662225,D:\1大创\左联知识库项目\data\processed\runtime_sources\左联史.txt,A=彭康;B=朱镜我,一同,no,no,pending_review,no,pending_cross_validation
REL-02559,ZLH-034,彭康,ZLH-104,叶灵凤,待核验,critical,low,yes,pending_review,左联史,zuolian_shi,98,左联史 第98页,名单如下:冯乃超华_汉_龚冰庐沈叶沉孟超俞_怀_邱韵铎沈端先潘汉年“王洁予冯润璋_顾凤城彭康许峻冯铿王任桐周全平_洪灵菲_戴平万“钱杏邵冯宪章鲁迅杜衡埕子柔石侍桁画室吴贯中黄_素郑伯奇鲁_史朱镜我_田汉王一榴_蒋光慈刘锡五_叶灵凤_郁达夫陶晶孙_戴望舒李初梨_林伯修殴_夫_徐迅雷_程少怀_陈正道_许幸之_郭沫若_沈起予被介绍加人的:仲_豪“徐耘阡_魏金枝届文泳涛丁锐人马宁_孙孟涛王润甫_卢苍雁张璞无产阶级文艺俱乐部的发起人李_平胡忠信阿细余惠“萧歌强其他各反动组织之名单不明。,240,451607e392e76506863cb80a4c973cbf07385569c9884fdd80d90b1d3fb68d03,141748,141988,D:\1大创\左联知识库项目\data\processed\runtime_sources\左联史.txt,A=彭康;B=叶灵凤,介绍,no,no,pending_review,no,pending_cross_validation
REL-02560,ZLH-034,彭康,ZLH-105,沈起予,待核验,critical,low,yes,pending_review,左联史,zuolian_shi,98,左联史 第98页,名单如下:冯乃超华_汉_龚冰庐沈叶沉孟超俞_怀_邱韵铎沈端先潘汉年“王洁予冯润璋_顾凤城彭康许峻冯铿王任桐周全平_洪灵菲_戴平万“钱杏邵冯宪章鲁迅杜衡埕子柔石侍桁画室吴贯中黄_素郑伯奇鲁_史朱镜我_田汉王一榴_蒋光慈刘锡五_叶灵凤_郁达夫陶晶孙_戴望舒李初梨_林伯修殴_夫_徐迅雷_程少怀_陈正道_许幸之_郭沫若_沈起予被介绍加人的:仲_豪“徐耘阡_魏金枝届文泳涛丁锐人马宁_孙孟涛王润甫_卢苍雁张璞无产阶级文艺俱乐部的发起人李_平胡忠信阿细余惠“萧歌强其他各反动组织之名单不明。,240,451607e392e76506863cb80a4c973cbf07385569c9884fdd80d90b1d3fb68d03,141748,141988,D:\1大创\左联知识库项目\data\processed\runtime_sources\左联史.txt,A=彭康;B=沈起予,介绍,no,no,pending_review,no,pending_cross_validation
REL-02561,ZLH-034,彭康,ZLH-112,戴望舒,交游,low,medium,no,inferred,左联史,zuolian_shi,98,左联史 第98页,名单如下:冯乃超华_汉_龚冰庐沈叶沉孟超俞_怀_邱韵铎沈端先潘汉年“王洁予冯润璋_顾凤城彭康许峻冯铿王任桐周全平_洪灵菲_戴平万“钱杏邵冯宪章鲁迅杜衡埕子柔石侍桁画室吴贯中黄_素郑伯奇鲁_史朱镜我_田汉王一榴_蒋光慈刘锡五_叶灵凤_郁达夫陶晶孙_戴望舒李初梨_林伯修殴_夫_徐迅雷_程少怀_陈正道_许幸之_郭沫若_沈起予被介绍加人的:仲_豪“徐耘阡_魏金枝届文泳涛丁锐人马宁_孙孟涛王润甫_卢苍雁张璞无产阶级文艺俱乐部的发起人李_平胡忠信阿细余惠“萧歌强其他各反动组织之名单不明。,240,451607e392e76506863cb80a4c973cbf07385569c9884fdd80d90b1d3fb68d03,141748,141988,D:\1大创\左联知识库项目\data\processed\runtime_sources\左联史.txt,A=彭康;B=戴望舒,介绍,no,no,supported,yes,pending_cross_validation
REL-02579,ZLH-035,李辉英,ZLH-036,穆木天,同属组织,critical,low,no,pending_review,左联史,zuolian_shi,169,左联史 第169页,"《最后一课》发表后,丁玲函邀李辉英出席“《北斗》读者座试会“,他准时到会,在会上,他结识了也是正开始文学创作的青年作家艾芜、沙汀,认识了东北籍前辈作家穆木天,也结识了《北斗》主D艾芜《一十年代的一帽剪影》@吴奚如《左联大众化工作委员会的活动》。",122,1dbd57414b47923acc1f5f41cf9c5583936111f6bfe7681e9926c128ea96cb6b,249213,249335,D:\1大创\左联知识库项目\data\processed\runtime_sources\左联史.txt,A=李辉英;B=穆木天,邀,no,no,pending_review,no,pending_cross_validation
REL-02580,ZLH-035,李辉英,ZLH-037,楼适夷,同属组织,critical,low,no,pending_review,左联史,zuolian_shi,143,左联史 第143页,"在这里发表的重要作品有鲁迅的名文《我们不再受骗了》,陈笑峰(瞿秋白)的系列杂文《笑峰酯弹》,丁玲的中篇《水》,葛植的《总退却》,李辉英的《最后一课》,张天翼的《大林和小林》,姚蓬子的《一幅剪影》、《一侍女》,沈起予的《虚脚楼》,何典(茅盾〉的《喜剧》,耶林的《村中》,文君(杨之华)的《豆腐阿姐》,慧中(彭慧)的《米》等小说;适夷的剧本《S.",171,ec534df916fa7c1d763d4b3a6a18d016e9c712e200c2c4fa5c7607dc1f75d3ba,209255,209426,D:\1大创\左联知识库项目\data\processed\runtime_sources\左联史.txt,A=李辉英;B=适夷,,no,no,pending_review,no,pending_cross_validation
REL-02582,ZLH-035,李辉英,ZLH-039,欧阳山,待核验,critical,low,no,pending_review,左联史,zuolian_shi,529,左联史 第529页,"1936年,庄启东为上海新钟书局主编过一套“新钟创作丛刊“,收有张天翼《洋泾浜奇侠》、穆木天《平凡集》、王任叔《三〇集》、何家槐《木匠》、朐依凡《烟圈笔下》、庄启东《自杀者》、郭沫若《历史小品集》、李辉英《再生集》、叶紫《古渡头》、欧阳山《粥渣》、雷石榆《惨别》、侯枫《牺牲)马子华《路线》等左联作家作品13种,这是丛书的第1辑,他原计划还要编辑出版第2辑、第3辑,可是时局动荡,复加书报审查制度之严酷,后来各辑就被扼杀在摄篮里了。",216,57033aeff0021b67233ea871e6f6b2226298f31c818370c04d022774e53fbe8e,827077,827293,D:\1大创\左联知识库项目\data\processed\runtime_sources\左联史.txt,A=李辉英;B=欧阳山,编辑,no,no,pending_review,no,pending_cross_validation
REL-02583,ZLH-035,李辉英,ZLH-042,魏金枝,同属组织,critical,low,no,pending_review,左联史,zuolian_shi,231,左联史 第231页,"其他左联作家被禁的著译还有:戴平万《陆阿六》,杨郫人《狂澜》与《苍闷》,孙席珍《战场上》、《辛克莱译传》,冯宪章《梦后》、《叶山嘉树集》,何畏《文学方法论者蒲列哈诺夫》,戴望舒《啪物史观的文学论》,顾凤城《新兴文学概论》和《没落的灵魂》,王余杞《朋友与敌人》,健尼(高云览)《前夜》,周全平《残兵》,森堡(任钧)《藤森成吉集》、《爱与仇》、《隐秘的爱》,龚冰庐《炭矿夫》、《黎明之前》,潘汉年《离婚》,李辉英《万宝山》,沙汀《法律外的航线》,蒲风《茫茫夜》、《六月流火》,白特(杜谈)《还乡集》,台静农《建塔者》,侍桁《文学评论集》和《铁甲列车》,魏金枝《奶妈》,华蒂(叶以群)《文艺创作概论》,白薇《打出幽灵塔》,谷非(胡风)《洋鬼》,柳倩《生命的微突》,祝秀侠《巴比塞短篇作》,叶紫《丰收》,马宁《新恋》,陈子鹄《守宙之歌》,田间《中国.",371,cf16afb36df85da3a017fd88ec86667fa0b69a7c110e817a8221ad8ac0379430,343302,343673,D:\1大创\左联知识库项目\data\processed\runtime_sources\左联史.txt,A=李辉英;B=魏金枝,,no,no,pending_review,no,pending_cross_validation
REL-02587,ZLH-035,李辉英,ZLH-048,王任叔,待核验,critical,low,no,pending_review,左联史,zuolian_shi,315,左联史 第315页,"在左联遭受严重压迫的时候,他主编的《新生》杂志发表过公汗(鲁迅)、苟眉、小山(萧三)、屈轶(王任叔)、征农、力生(徐懋庸)、李辉英、佛朗(祝秀侠)、陈乃昌等左联作家的许多作品,有力地支持了左翼文艺运动,左联的同志们永远感谢他的善良与真诚。",119,343666923f5c93f260be5c1842873722b705bfcef24697c57cd275a1e411f121,474402,474521,D:\1大创\左联知识库项目\data\processed\runtime_sources\左联史.txt,A=李辉英;B=王任叔,主编,no,no,pending_review,no,pending_cross_validation
REL-02588,ZLH-035,李辉英,ZLH-050,于黑丁,交游,low,medium,no,inferred,左联史,zuolian_shi,642,左联史 第642页,"四、“东北作家群“的小说散文左联盟员中有一群来自东北的作家罗烽、舒群、李辉英、辛劳、于黑丁,以写小说散文著称;诗人穆木天也写散文;还有一位北方左联的文学青年赵德尊也出版过一部短篇小说集。",93,8740fb6a2834c4ebd459cc2c3c29820e50684398517a50fb17467d2f0b95eeee,1007041,1007134,D:\1大创\左联知识库项目\data\processed\runtime_sources\左联史.txt,A=李辉英;B=于黑丁,,no,no,supported,yes,pending_cross_validation
REL-02590,ZLH-035,李辉英,ZLH-054,许幸之,待核验,critical,low,no,pending_review,左联史,zuolian_shi,296,左联史 第296页,"《小品文和漫画》全书收57位作家的38篇文章(鲁迅两篇,其余每人1篇),其中左联作家的作品是:鲁迅《漫谈漫画》、《漫画而又漫画》,茅盾《小品文和气运》,许幸之《漫画与多弥哀,冶鹤《漫画与卡通影片》,郁达夫《小品文杂感》,佛朗(祝秀侠)《对“小品文“的意见》,王任叔《小品文的前途》,李辉英《“写点小品文罢“》,何谷天(周文)《小品文对于我》,徐懋庸《大处人手》,洪深《混》,沈起予《“小品“的小品》,聂绀弩《我对于小品文的意见》,胡风《略谈“小品文“与“漕画“》,王淑明《我们需要怎样的小品文》,孙席珍《关于小品文和漫画》,叶綦《我们需要小品文和漫画》,郑伯奇《小品文问答》,大家对小品文和漫画一一尤其是对小品文发表了许多精辟的见解:茅盾说:“我不相信“小品文“应该以自我中心,个人笔调,性灵,闲适为主。",352,103559ce8cec8769d14167f9c5e5de211f3af6a1aa21ef7b81bf4e3ade8e54ef,443874,444226,D:\1大创\左联知识库项目\data\processed\runtime_sources\左联史.txt,A=李辉英;B=许幸之,,no,no,pending_review,no,pending_cross_validation
REL-02591,ZLH-035,李辉英,ZLH-058,郭沫若,同属组织,critical,low,no,pending_review,左联史,zuolian_shi,529,左联史 第529页,"1936年,庄启东为上海新钟书局主编过一套“新钟创作丛刊“,收有张天翼《洋泾浜奇侠》、穆木天《平凡集》、王任叔《三〇集》、何家槐《木匠》、朐依凡《烟圈笔下》、庄启东《自杀者》、郭沫若《历史小品集》、李辉英《再生集》、叶紫《古渡头》、欧阳山《粥渣》、雷石榆《惨别》、侯枫《牺牲)马子华《路线》等左联作家作品13种,这是丛书的第1辑,他原计划还要编辑出版第2辑、第3辑,可是时局动荡,复加书报审查制度之严酷,后来各辑就被扼杀在摄篮里了。",216,57033aeff0021b67233ea871e6f6b2226298f31c818370c04d022774e53fbe8e,827077,827293,D:\1大创\左联知识库项目\data\processed\runtime_sources\左联史.txt,A=李辉英;B=郭沫若,编辑,no,no,pending_review,no,pending_cross_validation
REL-02592,ZLH-035,李辉英,ZLH-059,白薇,待核验,critical,low,no,pending_review,左联史,zuolian_shi,169,左联史 第169页,"二八“时期的抗日文学,随着东北三省的沧陷和国民党不抵抗主义的日益暴霁,广大左翼作家义愤填脖,纷纷拿起战斗的笔,对敌人口诛笔伐,出现了第一批反映东北人民和上海人民进行抗日斗争的作品,人们较为慧悉的有李辉英《最后一课》、《万宝山》,丁玲《多事之秋》,茅盾《右第二章》,葛琴《总退却》,林箐(华汉)《义勇军》,张天翼《最后列车》、《齿轮》,白薇《火信》、《北宁路某站》,森堡《我听见了飞机的爆音一一献给全月本的勤劳大众》,适夷《S.",213,21500b5ba9cc0a954ddc3a454bea6015ed197dc6f51befaf2fdb332e687a9a46,248265,248478,D:\1大创\左联知识库项目\data\processed\runtime_sources\左联史.txt,A=李辉英;B=白薇,,no,no,pending_review,no,pending_cross_validation
REL-02595,ZLH-035,李辉英,ZLH-063,任白戈,待核验,critical,low,no,pending_review,左联史,zuolian_shi,534,左联史 第534页,"为保卫左联、反击反动喵唧们的诬葭攻击,任白戈、李辉英、徐梵澄等左翼和进步作家发表文章,理直气壮地进行驳斥,连大学者胡适都不借宵小们对何家槐的所谓“揭发“是真实的,他致函作家沈从文,要求他出来说几句公道话,还要吴奔星不要介人此事,以免上当受骗、铸成大错。",126,7bf8962cf3d33d89da5aafb6bd965d88ecf5ae404d928ac2fa68d2b7df878d76,837230,837356,D:\1大创\左联知识库项目\data\processed\runtime_sources\左联史.txt,A=李辉英;B=任白戈,致函,no,no,pending_review,no,pending_cross_validation
REL-02597,ZLH-035,李辉英,ZLH-067,任钧,同属组织,critical,low,no,pending_review,左联史,zuolian_shi,231,左联史 第231页,"其他左联作家被禁的著译还有:戴平万《陆阿六》,杨郫人《狂澜》与《苍闷》,孙席珍《战场上》、《辛克莱译传》,冯宪章《梦后》、《叶山嘉树集》,何畏《文学方法论者蒲列哈诺夫》,戴望舒《啪物史观的文学论》,顾凤城《新兴文学概论》和《没落的灵魂》,王余杞《朋友与敌人》,健尼(高云览)《前夜》,周全平《残兵》,森堡(任钧)《藤森成吉集》、《爱与仇》、《隐秘的爱》,龚冰庐《炭矿夫》、《黎明之前》,潘汉年《离婚》,李辉英《万宝山》,沙汀《法律外的航线》,蒲风《茫茫夜》、《六月流火》,白特(杜谈)《还乡集》,台静农《建塔者》,侍桁《文学评论集》和《铁甲列车》,魏金枝《奶妈》,华蒂(叶以群)《文艺创作概论》,白薇《打出幽灵塔》,谷非(胡风)《洋鬼》,柳倩《生命的微突》,祝秀侠《巴比塞短篇作》,叶紫《丰收》,马宁《新恋》,陈子鹄《守宙之歌》,田间《中国.",371,cf16afb36df85da3a017fd88ec86667fa0b69a7c110e817a8221ad8ac0379430,343302,343673,D:\1大创\左联知识库项目\data\processed\runtime_sources\左联史.txt,A=李辉英;B=任钧,,no,no,pending_review,no,pending_cross_validation
REL-02600,ZLH-035,李辉英,ZLH-073,王余杞,亲属关系,high,medium,no,pending_review,左联史,zuolian_shi,231,左联史 第231页,"其他左联作家被禁的著译还有:戴平万《陆阿六》,杨郫人《狂澜》与《苍闷》,孙席珍《战场上》、《辛克莱译传》,冯宪章《梦后》、《叶山嘉树集》,何畏《文学方法论者蒲列哈诺夫》,戴望舒《啪物史观的文学论》,顾凤城《新兴文学概论》和《没落的灵魂》,王余杞《朋友与敌人》,健尼(高云览)《前夜》,周全平《残兵》,森堡(任钧)《藤森成吉集》、《爱与仇》、《隐秘的爱》,龚冰庐《炭矿夫》、《黎明之前》,潘汉年《离婚》,李辉英《万宝山》,沙汀《法律外的航线》,蒲风《茫茫夜》、《六月流火》,白特(杜谈)《还乡集》,台静农《建塔者》,侍桁《文学评论集》和《铁甲列车》,魏金枝《奶妈》,华蒂(叶以群)《文艺创作概论》,白薇《打出幽灵塔》,谷非(胡风)《洋鬼》,柳倩《生命的微突》,祝秀侠《巴比塞短篇作》,叶紫《丰收》,马宁《新恋》,陈子鹄《守宙之歌》,田间《中国.",371,cf16afb36df85da3a017fd88ec86667fa0b69a7c110e817a8221ad8ac0379430,343302,343673,D:\1大创\左联知识库项目\data\processed\runtime_sources\左联史.txt,A=李辉英;B=王余杞,,no,no,pending_review,no,pending_cross_validation
REL-02601,ZLH-035,李辉英,ZLH-077,柳倩,待核验,critical,low,no,pending_review,左联史,zuolian_shi,231,左联史 第231页,"其他左联作家被禁的著译还有:戴平万《陆阿六》,杨郫人《狂澜》与《苍闷》,孙席珍《战场上》、《辛克莱译传》,冯宪章《梦后》、《叶山嘉树集》,何畏《文学方法论者蒲列哈诺夫》,戴望舒《啪物史观的文学论》,顾凤城《新兴文学概论》和《没落的灵魂》,王余杞《朋友与敌人》,健尼(高云览)《前夜》,周全平《残兵》,森堡(任钧)《藤森成吉集》、《爱与仇》、《隐秘的爱》,龚冰庐《炭矿夫》、《黎明之前》,潘汉年《离婚》,李辉英《万宝山》,沙汀《法律外的航线》,蒲风《茫茫夜》、《六月流火》,白特(杜谈)《还乡集》,台静农《建塔者》,侍桁《文学评论集》和《铁甲列车》,魏金枝《奶妈》,华蒂(叶以群)《文艺创作概论》,白薇《打出幽灵塔》,谷非(胡风)《洋鬼》,柳倩《生命的微突》,祝秀侠《巴比塞短篇作》,叶紫《丰收》,马宁《新恋》,陈子鹄《守宙之歌》,田间《中国.",371,cf16afb36df85da3a017fd88ec86667fa0b69a7c110e817a8221ad8ac0379430,343302,343673,D:\1大创\左联知识库项目\data\processed\runtime_sources\左联史.txt,A=李辉英;B=柳倩,,no,no,pending_review,no,pending_cross_validation
REL-02607,ZLH-035,李辉英,ZLH-091,叶以群,待核验,critical,low,no,pending_review,左联史,zuolian_shi,231,左联史 第231页,"其他左联作家被禁的著译还有:戴平万《陆阿六》,杨郫人《狂澜》与《苍闷》,孙席珍《战场上》、《辛克莱译传》,冯宪章《梦后》、《叶山嘉树集》,何畏《文学方法论者蒲列哈诺夫》,戴望舒《啪物史观的文学论》,顾凤城《新兴文学概论》和《没落的灵魂》,王余杞《朋友与敌人》,健尼(高云览)《前夜》,周全平《残兵》,森堡(任钧)《藤森成吉集》、《爱与仇》、《隐秘的爱》,龚冰庐《炭矿夫》、《黎明之前》,潘汉年《离婚》,李辉英《万宝山》,沙汀《法律外的航线》,蒲风《茫茫夜》、《六月流火》,白特(杜谈)《还乡集》,台静农《建塔者》,侍桁《文学评论集》和《铁甲列车》,魏金枝《奶妈》,华蒂(叶以群)《文艺创作概论》,白薇《打出幽灵塔》,谷非(胡风)《洋鬼》,柳倩《生命的微突》,祝秀侠《巴比塞短篇作》,叶紫《丰收》,马宁《新恋》,陈子鹄《守宙之歌》,田间《中国.",371,cf16afb36df85da3a017fd88ec86667fa0b69a7c110e817a8221ad8ac0379430,343302,343673,D:\1大创\左联知识库项目\data\processed\runtime_sources\左联史.txt,A=李辉英;B=叶以群,,no,no,pending_review,no,pending_cross_validation
REL-02609,ZLH-035,李辉英,ZLH-096,王统照,同属组织,critical,low,no,pending_review,左联史,zuolian_shi,528,左联史 第528页,"1934年3月1日《春光》创刊号问世,登载的特约撰稿人名单多达51位,其中左联盟员作家就有方光焊、方土人、王任叔、白薇、丘东平、沙汀、艾芜、何家槐、李辉英、郁达夫、征农、洪深、祝秀侠、草明、许幸之、张天翼、董每戡、黎锦明、郑伯奇、穆木天、魏金枝、魏猛克22位;其他作家有夏与尊、陈望道、巴金、王统照、老吴、叶圣陶、傅东华、曹聚仁、丰子恺、陈子展、沈从文、施蛭存、马彦祥、沉樱、徐调乍、鲁彦、靳以、赵景深、李又然等;叶灵凤虽已被左联开除,但庄启东依然让他做《春光》特约撰稿人;诗人戴望舒在一篇法国通信中说过纪德也是“第三种人“的话,因而受到非议,但是他仍旧被列人了特约揣稿人的名单,真是极一时之盛。",298,232ca7ca1db8856adab82e346b24a29740c52419e1749a7565828ee1e602e432,825687,825985,D:\1大创\左联知识库项目\data\processed\runtime_sources\左联史.txt,A=李辉英;B=王统照,通信,yes,no,pending_review,no,pending_cross_validation
REL-02610,ZLH-035,李辉英,ZLH-097,王西彦,同属组织,critical,low,no,pending_review,左联史,zuolian_shi,67,左联史 第67页,"1936年11月22日,北平作家协会成立大会在西单鸿春楼饭店以棣餐形式召开,孙席珍、曹靖华、高滔、王余杞、管舍予(张致祥)、李何林、杨丙辰、李辉英、顾额刚、滩岛、谭丕模等11人当选为执行委员,杨刚、冯沅君、陆侃如、紫扬、王西彦等5人当选为候补执行委员。",126,8e301863615b204b64623e098bdf59765305f0e7b8fc30cc64a55c7ec01dc363,93004,93130,D:\1大创\左联知识库项目\data\processed\runtime_sources\左联史.txt,A=李辉英;B=王西彦,,yes,no,pending_review,no,pending_cross_validation
REL-02611,ZLH-035,李辉英,ZLH-098,沈从文,同属组织,critical,low,yes,pending_review,左联史,zuolian_shi,534,左联史 第534页,"为保卫左联、反击反动喵唧们的诬葭攻击,任白戈、李辉英、徐梵澄等左翼和进步作家发表文章,理直气壮地进行驳斥,连大学者胡适都不借宵小们对何家槐的所谓“揭发“是真实的,他致函作家沈从文,要求他出来说几句公道话,还要吴奔星不要介人此事,以免上当受骗、铸成大错。",126,7bf8962cf3d33d89da5aafb6bd965d88ecf5ae404d928ac2fa68d2b7df878d76,837230,837356,D:\1大创\左联知识库项目\data\processed\runtime_sources\左联史.txt,A=李辉英;B=沈从文,致函,no,no,pending_review,no,pending_cross_validation
REL-02612,ZLH-035,李辉英,ZLH-099,吴奔星,文学论战,low,medium,no,inferred,左联史,zuolian_shi,534,左联史 第534页,"为保卫左联、反击反动喵唧们的诬葭攻击,任白戈、李辉英、徐梵澄等左翼和进步作家发表文章,理直气壮地进行驳斥,连大学者胡适都不借宵小们对何家槐的所谓“揭发“是真实的,他致函作家沈从文,要求他出来说几句公道话,还要吴奔星不要介人此事,以免上当受骗、铸成大错。",126,7bf8962cf3d33d89da5aafb6bd965d88ecf5ae404d928ac2fa68d2b7df878d76,837230,837356,D:\1大创\左联知识库项目\data\processed\runtime_sources\左联史.txt,A=李辉英;B=吴奔星,致函,no,no,supported,yes,pending_cross_validation
REL-02613,ZLH-035,李辉英,ZLH-100,姚蓬子,合作,critical,medium,no,pending_review,左联史,zuolian_shi,143,左联史 第143页,"在这里发表的重要作品有鲁迅的名文《我们不再受骗了》,陈笑峰(瞿秋白)的系列杂文《笑峰酯弹》,丁玲的中篇《水》,葛植的《总退却》,李辉英的《最后一课》,张天翼的《大林和小林》,姚蓬子的《一幅剪影》、《一侍女》,沈起予的《虚脚楼》,何典(茅盾〉的《喜剧》,耶林的《村中》,文君(杨之华)的《豆腐阿姐》,慧中(彭慧)的《米》等小说;适夷的剧本《S.",171,ec534df916fa7c1d763d4b3a6a18d016e9c712e200c2c4fa5c7607dc1f75d3ba,209255,209426,D:\1大创\左联知识库项目\data\processed\runtime_sources\左联史.txt,A=李辉英;B=姚蓬子,,no,no,pending_review,no,pending_cross_validation
REL-02615,ZLH-035,李辉英,ZLH-105,沈起予,同属组织,critical,low,yes,pending_review,左联史,zuolian_shi,143,左联史 第143页,"在这里发表的重要作品有鲁迅的名文《我们不再受骗了》,陈笑峰(瞿秋白)的系列杂文《笑峰酯弹》,丁玲的中篇《水》,葛植的《总退却》,李辉英的《最后一课》,张天翼的《大林和小林》,姚蓬子的《一幅剪影》、《一侍女》,沈起予的《虚脚楼》,何典(茅盾〉的《喜剧》,耶林的《村中》,文君(杨之华)的《豆腐阿姐》,慧中(彭慧)的《米》等小说;适夷的剧本《S.",171,ec534df916fa7c1d763d4b3a6a18d016e9c712e200c2c4fa5c7607dc1f75d3ba,209255,209426,D:\1大创\左联知识库项目\data\processed\runtime_sources\左联史.txt,A=李辉英;B=沈起予,,no,no,pending_review,no,pending_cross_validation
REL-02617,ZLH-035,李辉英,ZLH-112,戴望舒,同属组织,critical,low,no,pending_review,左联史,zuolian_shi,231,左联史 第231页,"其他左联作家被禁的著译还有:戴平万《陆阿六》,杨郫人《狂澜》与《苍闷》,孙席珍《战场上》、《辛克莱译传》,冯宪章《梦后》、《叶山嘉树集》,何畏《文学方法论者蒲列哈诺夫》,戴望舒《啪物史观的文学论》,顾凤城《新兴文学概论》和《没落的灵魂》,王余杞《朋友与敌人》,健尼(高云览)《前夜》,周全平《残兵》,森堡(任钧)《藤森成吉集》、《爱与仇》、《隐秘的爱》,龚冰庐《炭矿夫》、《黎明之前》,潘汉年《离婚》,李辉英《万宝山》,沙汀《法律外的航线》,蒲风《茫茫夜》、《六月流火》,白特(杜谈)《还乡集》,台静农《建塔者》,侍桁《文学评论集》和《铁甲列车》,魏金枝《奶妈》,华蒂(叶以群)《文艺创作概论》,白薇《打出幽灵塔》,谷非(胡风)《洋鬼》,柳倩《生命的微突》,祝秀侠《巴比塞短篇作》,叶紫《丰收》,马宁《新恋》,陈子鹄《守宙之歌》,田间《中国.",371,cf16afb36df85da3a017fd88ec86667fa0b69a7c110e817a8221ad8ac0379430,343302,343673,D:\1大创\左联知识库项目\data\processed\runtime_sources\左联史.txt,A=李辉英;B=戴望舒,,no,no,pending_review,no,pending_cross_validation
REL-02619,ZLH-035,李辉英,ZLH-116,孙席珍,待核验,critical,low,yes,pending_review,左联史,zuolian_shi,296,左联史 第296页,"《小品文和漫画》全书收57位作家的38篇文章(鲁迅两篇,其余每人1篇),其中左联作家的作品是:鲁迅《漫谈漫画》、《漫画而又漫画》,茅盾《小品文和气运》,许幸之《漫画与多弥哀,冶鹤《漫画与卡通影片》,郁达夫《小品文杂感》,佛朗(祝秀侠)《对“小品文“的意见》,王任叔《小品文的前途》,李辉英《“写点小品文罢“》,何谷天(周文)《小品文对于我》,徐懋庸《大处人手》,洪深《混》,沈起予《“小品“的小品》,聂绀弩《我对于小品文的意见》,胡风《略谈“小品文“与“漕画“》,王淑明《我们需要怎样的小品文》,孙席珍《关于小品文和漫画》,叶綦《我们需要小品文和漫画》,郑伯奇《小品文问答》,大家对小品文和漫画一一尤其是对小品文发表了许多精辟的见解:茅盾说:“我不相信“小品文“应该以自我中心,个人笔调,性灵,闲适为主。",352,103559ce8cec8769d14167f9c5e5de211f3af6a1aa21ef7b81bf4e3ade8e54ef,443874,444226,D:\1大创\左联知识库项目\data\processed\runtime_sources\左联史.txt,A=李辉英;B=孙席珍,,no,no,pending_review,no,pending_cross_validation
REL-02620,ZLH-035,李辉英,ZLH-119,何家槐,待核验,critical,low,no,pending_review,左联史,zuolian_shi,534,左联史 第534页,"为保卫左联、反击反动喵唧们的诬葭攻击,任白戈、李辉英、徐梵澄等左翼和进步作家发表文章,理直气壮地进行驳斥,连大学者胡适都不借宵小们对何家槐的所谓“揭发“是真实的,他致函作家沈从文,要求他出来说几句公道话,还要吴奔星不要介人此事,以免上当受骗、铸成大错。",126,7bf8962cf3d33d89da5aafb6bd965d88ecf5ae404d928ac2fa68d2b7df878d76,837230,837356,D:\1大创\左联知识库项目\data\processed\runtime_sources\左联史.txt,A=李辉英;B=何家槐,致函,no,no,pending_review,no,pending_cross_validation
REL-02621,ZLH-035,李辉英,ZLH-120,夏征农,交游,low,medium,no,inferred,左联史,zuolian_shi,315,左联史 第315页,"在左联遭受严重压迫的时候,他主编的《新生》杂志发表过公汗(鲁迅)、苟眉、小山(萧三)、屈轶(王任叔)、征农、力生(徐懋庸)、李辉英、佛朗(祝秀侠)、陈乃昌等左联作家的许多作品,有力地支持了左翼文艺运动,左联的同志们永远感谢他的善良与真诚。",119,343666923f5c93f260be5c1842873722b705bfcef24697c57cd275a1e411f121,474402,474521,D:\1大创\左联知识库项目\data\processed\runtime_sources\左联史.txt,A=李辉英;B=征农,主编,no,no,supported,yes,pending_cross_validation
REL-02634,ZLH-035,李辉英,ZLH-144,巴比塞,合作,high,medium,no,pending_review,左联史,zuolian_shi,231,左联史 第231页,"其他左联作家被禁的著译还有:戴平万《陆阿六》,杨郫人《狂澜》与《苍闷》,孙席珍《战场上》、《辛克莱译传》,冯宪章《梦后》、《叶山嘉树集》,何畏《文学方法论者蒲列哈诺夫》,戴望舒《啪物史观的文学论》,顾凤城《新兴文学概论》和《没落的灵魂》,王余杞《朋友与敌人》,健尼(高云览)《前夜》,周全平《残兵》,森堡(任钧)《藤森成吉集》、《爱与仇》、《隐秘的爱》,龚冰庐《炭矿夫》、《黎明之前》,潘汉年《离婚》,李辉英《万宝山》,沙汀《法律外的航线》,蒲风《茫茫夜》、《六月流火》,白特(杜谈)《还乡集》,台静农《建塔者》,侍桁《文学评论集》和《铁甲列车》,魏金枝《奶妈》,华蒂(叶以群)《文艺创作概论》,白薇《打出幽灵塔》,谷非(胡风)《洋鬼》,柳倩《生命的微突》,祝秀侠《巴比塞短篇作》,叶紫《丰收》,马宁《新恋》,陈子鹄《守宙之歌》,田间《中国.",371,cf16afb36df85da3a017fd88ec86667fa0b69a7c110e817a8221ad8ac0379430,343302,343673,D:\1大创\左联知识库项目\data\processed\runtime_sources\左联史.txt,A=李辉英;B=巴比塞,,no,no,pending_review,no,pending_cross_validation
REL-02635,ZLH-035,李辉英,ZLH-145,萧伯纳,交游,low,medium,no,inferred,左联史,zuolian_shi,88,左联史 第88页,"“(文中未提瞿秋白的名字和《东洋人出兵》的书名)作者向全世界关注中国的人们介绍了1933年问世的一些中国左耀文学作品:茅盾的长篇小说《子夜》,短篇小说集《春蚕》,丁玲的长篇小说《母亲》,短篇小说集《夜会》,沙汀的短篇集《法律外的航线》,李辉英的长篇小说《万宝山》,张天翼的短篇小说集《蜜蜂》,长篇小说《一年》,蓬子的短篇集《剪影集》,还有《萧伯纳在上海》(也没有提编者鲁迅、乐雯),其中对《子夜》评价最高,认为它“以其伟大的力量,高妙的艺术手腕而出名,且被视为过去十年以至十五年来中国文学中之最大的成就。",252,1ca19985bad8d5ea9add2e930af80749a52c80e3f4535f1e57f4430acc3b4c03,124588,124840,D:\1大创\左联知识库项目\data\processed\runtime_sources\左联史.txt,A=李辉英;B=萧伯纳,介绍,no,yes,supported,yes,pending_cross_validation
REL-02636,ZLH-035,李辉英,ZLH-147,辛克莱,待核验,critical,low,yes,pending_review,左联史,zuolian_shi,231,左联史 第231页,"其他左联作家被禁的著译还有:戴平万《陆阿六》,杨郫人《狂澜》与《苍闷》,孙席珍《战场上》、《辛克莱译传》,冯宪章《梦后》、《叶山嘉树集》,何畏《文学方法论者蒲列哈诺夫》,戴望舒《啪物史观的文学论》,顾凤城《新兴文学概论》和《没落的灵魂》,王余杞《朋友与敌人》,健尼(高云览)《前夜》,周全平《残兵》,森堡(任钧)《藤森成吉集》、《爱与仇》、《隐秘的爱》,龚冰庐《炭矿夫》、《黎明之前》,潘汉年《离婚》,李辉英《万宝山》,沙汀《法律外的航线》,蒲风《茫茫夜》、《六月流火》,白特(杜谈)《还乡集》,台静农《建塔者》,侍桁《文学评论集》和《铁甲列车》,魏金枝《奶妈》,华蒂(叶以群)《文艺创作概论》,白薇《打出幽灵塔》,谷非(胡风)《洋鬼》,柳倩《生命的微突》,祝秀侠《巴比塞短篇作》,叶紫《丰收》,马宁《新恋》,陈子鹄《守宙之歌》,田间《中国.",371,cf16afb36df85da3a017fd88ec86667fa0b69a7c110e817a8221ad8ac0379430,343302,343673,D:\1大创\左联知识库项目\data\processed\runtime_sources\左联史.txt,A=李辉英;B=辛克莱,,no,no,pending_review,no,pending_cross_validation
REL-02637,ZLH-035,李辉英,ZLH-150,萧三,交游,low,medium,no,inferred,左联史,zuolian_shi,315,左联史 第315页,"在左联遭受严重压迫的时候,他主编的《新生》杂志发表过公汗(鲁迅)、苟眉、小山(萧三)、屈轶(王任叔)、征农、力生(徐懋庸)、李辉英、佛朗(祝秀侠)、陈乃昌等左联作家的许多作品,有力地支持了左翼文艺运动,左联的同志们永远感谢他的善良与真诚。",119,343666923f5c93f260be5c1842873722b705bfcef24697c57cd275a1e411f121,474402,474521,D:\1大创\左联知识库项目\data\processed\runtime_sources\左联史.txt,A=李辉英;B=萧三,主编,no,no,supported,yes,pending_cross_validation
REL-02638,ZLH-036,穆木天,ZLH-037,楼适夷,合作,critical,medium,no,pending_review,左联史,zuolian_shi,643,左联史 第643页,"1935年《良友画报》发起“写上海生活“征文,左联儿位作家立即响应;茅盾写了散文《交易所》,穆木天写了散文《弄堂》,作为“上海地方生活素描之二“在该刊登出,此后还有适夷《纺车的轰鸣》。",92,d6708aeef938f0c1516e17e06f1e373cdc16e14067f7408f87fa9186c1b83a85,1008564,1008656,D:\1大创\左联知识库项目\data\processed\runtime_sources\左联史.txt,A=穆木天;B=适夷,发起,no,no,pending_review,no,pending_cross_validation
REL-02640,ZLH-036,穆木天,ZLH-039,欧阳山,交游,low,medium,no,inferred,左联史,zuolian_shi,529,左联史 第529页,"1936年,庄启东为上海新钟书局主编过一套“新钟创作丛刊“,收有张天翼《洋泾浜奇侠》、穆木天《平凡集》、王任叔《三〇集》、何家槐《木匠》、朐依凡《烟圈笔下》、庄启东《自杀者》、郭沫若《历史小品集》、李辉英《再生集》、叶紫《古渡头》、欧阳山《粥渣》、雷石榆《惨别》、侯枫《牺牲)马子华《路线》等左联作家作品13种,这是丛书的第1辑,他原计划还要编辑出版第2辑、第3辑,可是时局动荡,复加书报审查制度之严酷,后来各辑就被扼杀在摄篮里了。",216,57033aeff0021b67233ea871e6f6b2226298f31c818370c04d022774e53fbe8e,827077,827293,D:\1大创\左联知识库项目\data\processed\runtime_sources\左联史.txt,A=穆木天;B=欧阳山,编辑,no,no,supported,yes,pending_cross_validation
REL-02641,ZLH-036,穆木天,ZLH-042,魏金枝,同属组织,critical,low,no,pending_review,左联词典,zuolian_cidian,482,左联词典 第482页,"撰稿人大多系工联盟员,有张天翼、沈起才、日薇、魏金枝、穆木天、侍桁、迈子等。",38,884e21067a6fd71d49fd55a82a9afbf4d159c0605dd77160801ef4896896c7a9,365631,365669,D:\1大创\左联知识库项目\data\processed\runtime_sources\左联词典.txt,A=穆木天;B=魏金枝,撰稿,no,no,pending_review,no,pending_cross_validation
REL-02643,ZLH-036,穆木天,ZLH-045,周立波,同属组织,critical,low,no,pending_review,左联词典,zuolian_cidian,505,左联词典 第505页,"刊载过《唯命论者》(郊达夫),、《一九二四一“世四》(张天鬓)、《乡闽的来客》(王任叔)、《责船》(萧军)《促狙兜莱歌羌台奇》(西班牙巴罗哈作,鲁迅译)、《两里亚的白柠檬》(意大利比朗德娄作,周立波译)、《列子手》(法国巴尔扎克作,穆木天译)等创作和翻译小说.",130,0c5ed90aa094e9c606e6261dae5f7558fab66c7eea14fafe8419312acb6301ac,385929,386059,D:\1大创\左联知识库项目\data\processed\runtime_sources\左联词典.txt,A=穆木天;B=周立波,,no,no,pending_review,no,pending_cross_validation
REL-02644,ZLH-036,穆木天,ZLH-047,林淡秋,交游,low,medium,no,inferred,左联史,zuolian_shi,518,左联史 第518页,"这期间,他正主持上海正午书局,这家书店出版了许多种左联作家的作品:张太翼《鬼土日记》,罗西《人生底路》、《竹尺和铁锤》、《世界走得这样慢》,外国作品《布罗斯基》(苏联潘菲洛夫著林淡秋译)、《少年劳动者》(苏联高尔基著穆木天译)、《安娜》(奥白娜西特著白薇译)、《蒙力汗诺夫》(苏联雅各武莱夫著何畏译)、《新兴恋爱观》(杨骚译)、《战后》(德国路易秘著蓬子译),以及华蒂《日本作家印象记》、袁殊《新闻学论文初集》,韩起自己译的《列宁回忆录》、《一九一七年二月》(苏联罗丁诺夫著)等。",240,e8f1fe79cca8ef5c657812f5656e4276689ffffcb0fb449720684b28b0371327,809324,809564,D:\1大创\左联知识库项目\data\processed\runtime_sources\左联史.txt,A=穆木天;B=林淡秋,,no,yes,supported,yes,pending_cross_validation
REL-02645,ZLH-036,穆木天,ZLH-048,王任叔,同属组织,critical,low,no,pending_review,左联史,zuolian_shi,529,左联史 第529页,"1936年,庄启东为上海新钟书局主编过一套“新钟创作丛刊“,收有张天翼《洋泾浜奇侠》、穆木天《平凡集》、王任叔《三〇集》、何家槐《木匠》、朐依凡《烟圈笔下》、庄启东《自杀者》、郭沫若《历史小品集》、李辉英《再生集》、叶紫《古渡头》、欧阳山《粥渣》、雷石榆《惨别》、侯枫《牺牲)马子华《路线》等左联作家作品13种,这是丛书的第1辑,他原计划还要编辑出版第2辑、第3辑,可是时局动荡,复加书报审查制度之严酷,后来各辑就被扼杀在摄篮里了。",216,57033aeff0021b67233ea871e6f6b2226298f31c818370c04d022774e53fbe8e,827077,827293,D:\1大创\左联知识库项目\data\processed\runtime_sources\左联史.txt,A=穆木天;B=王任叔,编辑,no,no,pending_review,no,pending_cross_validation
REL-02646,ZLH-036,穆木天,ZLH-050,于黑丁,交游,low,medium,no,inferred,左联史,zuolian_shi,642,左联史 第642页,"四、“东北作家群“的小说散文左联盟员中有一群来自东北的作家罗烽、舒群、李辉英、辛劳、于黑丁,以写小说散文著称;诗人穆木天也写散文;还有一位北方左联的文学青年赵德尊也出版过一部短篇小说集。",93,8740fb6a2834c4ebd459cc2c3c29820e50684398517a50fb17467d2f0b95eeee,1007041,1007134,D:\1大创\左联知识库项目\data\processed\runtime_sources\左联史.txt,A=穆木天;B=于黑丁,,no,no,supported,yes,pending_cross_validation
REL-02648,ZLH-036,穆木天,ZLH-054,许幸之,同属组织,critical,low,no,pending_review,左联史,zuolian_shi,719,左联史 第719页,"小说还有冯铿《小阿强》、丁玲《给孩子们》、张天翼《大林和小林》、金《袁》的广告丁《孩子们》、征农《孩子的想头》,童话有白兮《---个巨人的诞生》、屈轶《猫的权威》,剧本有穆木天《K镇的某日午后》、许幸之《最后一课》和《古庙钟声》、尤兜《蹄下》,故事有沈西苓《电影是个snzeacssas|EAsqAtxexhni1Ap-ptacehsies探t直nnEEE3LEILZJ〇“更聚仁《文坛新控诉》,1936年1月1日《时事新报青光3。",216,a9ba27d26dcbee1445f0151bec9f900b0a4b92db8962a00811feee24951b76da,1120805,1121021,D:\1大创\左联知识库项目\data\processed\runtime_sources\左联史.txt,A=穆木天;B=许幸之,,no,no,pending_review,no,pending_cross_validation
REL-02650,ZLH-036,穆木天,ZLH-058,郭沫若,待核验,critical,low,no,pending_review,左联史,zuolian_shi,529,左联史 第529页,"1936年,庄启东为上海新钟书局主编过一套“新钟创作丛刊“,收有张天翼《洋泾浜奇侠》、穆木天《平凡集》、王任叔《三〇集》、何家槐《木匠》、朐依凡《烟圈笔下》、庄启东《自杀者》、郭沫若《历史小品集》、李辉英《再生集》、叶紫《古渡头》、欧阳山《粥渣》、雷石榆《惨别》、侯枫《牺牲)马子华《路线》等左联作家作品13种,这是丛书的第1辑,他原计划还要编辑出版第2辑、第3辑,可是时局动荡,复加书报审查制度之严酷,后来各辑就被扼杀在摄篮里了。",216,57033aeff0021b67233ea871e6f6b2226298f31c818370c04d022774e53fbe8e,827077,827293,D:\1大创\左联知识库项目\data\processed\runtime_sources\左联史.txt,A=穆木天;B=郭沫若,编辑,no,no,pending_review,no,pending_cross_validation
REL-02651,ZLH-036,穆木天,ZLH-059,白薇,同属组织,critical,low,no,pending_review,左联史,zuolian_shi,500,左联史 第500页,"回到上海后,她参加中国左翼作家联盟的活动,结识了白薇、丁玲、穆木天等盟员作家,与一些盟员成为好朋友,甚至还跟一位盟员作家顾凤城结了婚。",67,9aa86b5b4d83b5e675b7c6e11ec4d6f0e46e8305744233c8b4ab8490907f1246,777031,777098,D:\1大创\左联知识库项目\data\processed\runtime_sources\左联史.txt,A=穆木天;B=白薇,参加,no,no,pending_review,no,pending_cross_validation
REL-02652,ZLH-036,穆木天,ZLH-060,鲁彦,同属组织,critical,low,no,pending_review,左联史,zuolian_shi,233,左联史 第233页,"编委会人员是郁达夫、茅盾、胡愈之、洪深、陈望道、徐调孚、傅东华、叶绍钩、郑振铎;“特约撰稿员“中有丁玲、方光焘、田汉、白薇、沈起予、张天翼、郑伯奇、鲁迅、适夷、谢冰苔、穆木天等左联盟员作家,还有冰心、王统照、王鲁彦、巴金、朱自清、老舍、周建人、周作人、施蛟存、俞平伯、胡秋原、耿济之、夏丐尊、梁宗岱、许地山、郭绍虞、黎烈文、谢六逸、丰子恺、顾颉刚等知名作家、学者,阵容坚强,未来刊物的高水平高质量是有保证的。",204,f73be0713b65cd4268db6e76f069511ba9c200e0e2a7ed553d74c0360ecffbb8,346179,346383,D:\1大创\左联知识库项目\data\processed\runtime_sources\左联史.txt,A=穆木天;B=鲁彦,撰稿,yes,no,pending_review,no,pending_cross_validation
REL-02654,ZLH-036,穆木天,ZLH-063,任白戈,合作,high,medium,no,pending_review,左联史,zuolian_shi,724,左联史 第724页,"作家郑伯奇的《战争与文学》,任白戈的《为民族解放而战争》,陈乃昌的《怒吼吧,中国1》,柳倩《铲除妖孰》,穆木天《抗战声中的文艺样式》、Q〇“Comintem,共产国际。",84,fb680fb2b680a738adc654ca436066323311972ed332b1eac5eabf3761df2391,1126937,1127021,D:\1大创\左联知识库项目\data\processed\runtime_sources\左联史.txt,A=穆木天;B=任白戈,,no,no,pending_review,no,pending_cross_validation
REL-02656,ZLH-036,穆木天,ZLH-067,任钧,签名联署,low,medium,no,inferred,左联词典,zuolian_cidian,207,左联词典 第207页,"同年9月,与穆木天、任钧、蒲风等发起成立中国诗歌仁。",26,d161d42dd419a7e0415e454b8cabd121d2e1d7eb1a81c004bcc52d639b5960fb,127499,127525,D:\1大创\左联知识库项目\data\processed\runtime_sources\左联词典.txt,A=穆木天;B=任钧,发起,no,no,supported,yes,pending_cross_validation
REL-02659,ZLH-036,穆木天,ZLH-073,王余杞,同属组织,critical,low,no,pending_review,左联词典,zuolian_cidian,493,左联词典 第493页,"主要撰稿人有郭沫若、东平、张罗天、辛人、蒲风、欧阳几海、张香山、梅雨、林蒂、雷石榆、魏晋等东京左联盟员,王余杞、许幸之、王任叔、郑伯奇、庄启东、方之中、张天翼、周而复、任钧、洪道、穆木天、关露、安娥、杨骚、舒群、罗烽、张若羟(阿英)等各地左联盟员书在这里发表详著。",132,190653955e7a86cf9bf38c936ff4435d425e73a3b683a81077be0ce8791ce45d,375055,375187,D:\1大创\左联知识库项目\data\processed\runtime_sources\左联词典.txt,A=穆木天;B=王余杞,撰稿,yes,no,pending_review,no,pending_cross_validation
REL-02660,ZLH-036,穆木天,ZLH-077,柳倩,地下通讯,low,medium,no,inferred,左联史,zuolian_shi,506,左联史 第506页,"二八“淞沪抗战,他从常州来到上海,经任钧介绍加人中国左翼作家联盟,与任钧、穆木天、蒲风、柳倩等同一小组,不久,左联领导的中国诗歌会成立,魏晋出席成立大会,成为会员。",82,238cbfc53fb31f9e929e766c57401e22e391ff9d870392b49f5a8f3fd26a7e83,787309,787391,D:\1大创\左联知识库项目\data\processed\runtime_sources\左联史.txt,A=穆木天;B=柳倩,介绍,no,no,supported,yes,pending_cross_validation
REL-02667,ZLH-036,穆木天,ZLH-091,叶以群,合作,high,medium,no,pending_review,左联史,zuolian_shi,445,左联史 第445页,"1932年1月17日,在南市方斜路公共体育场召开有两万市民参加的上海市民大会,丁玲和何丹仁(冯雪峰)、适夷、杨骚、华汉(阳翰笙)、华蒂(叶以群)、何畏、郑伯奇、穆木天、蔡子等左联成员都参加了大会及游行示威。",103,599db7fac32e953d7569f91a05bb41ce9be990f903aed3f7713e8458c1c7e432,681106,681209,D:\1大创\左联知识库项目\data\processed\runtime_sources\左联史.txt,A=穆木天;B=叶以群,参加,no,no,pending_review,no,pending_cross_validation
REL-02669,ZLH-036,穆木天,ZLH-096,王统照,同属组织,critical,low,no,pending_review,左联史,zuolian_shi,233,左联史 第233页,"编委会人员是郁达夫、茅盾、胡愈之、洪深、陈望道、徐调孚、傅东华、叶绍钩、郑振铎;“特约撰稿员“中有丁玲、方光焘、田汉、白薇、沈起予、张天翼、郑伯奇、鲁迅、适夷、谢冰苔、穆木天等左联盟员作家,还有冰心、王统照、王鲁彦、巴金、朱自清、老舍、周建人、周作人、施蛟存、俞平伯、胡秋原、耿济之、夏丐尊、梁宗岱、许地山、郭绍虞、黎烈文、谢六逸、丰子恺、顾颉刚等知名作家、学者,阵容坚强,未来刊物的高水平高质量是有保证的。",204,f73be0713b65cd4268db6e76f069511ba9c200e0e2a7ed553d74c0360ecffbb8,346179,346383,D:\1大创\左联知识库项目\data\processed\runtime_sources\左联史.txt,A=穆木天;B=王统照,撰稿,yes,no,pending_review,no,pending_cross_validation
REL-02670,ZLH-036,穆木天,ZLH-097,王西彦,同属组织,critical,low,yes,pending_review,左联词典,zuolian_cidian,104,左联词典 第104页,"左联拥有一批贡献卓著、德高望重的老作家如鲁迅、茅盾、翔秋日、蒋光慈、田汉、洪深,左联诣生前已从事创作和翻译的柔石、洪灵菲、应修人、潘漠华、郑伯奇、王任叔、阳翰笙、阿英、丁玲、张天翼、冯雪峰、夏衍、周扬、胡风、周立波、穆木天、杨骚、白薇等,又培养了一批思想活既、颇具才华的文学新人如冯铿、沙汀、艾莅、欧阳山、草明、李辉英、周文、柏山、东平、征农、荒煤、葛琴、徐盈、叶紫、罗烽、舒群、端木蕻良、王西彦、王尘无、蒲风、田间、于伶、凌鹤、徐懋庸、聂绀弩、廖沫沙等,他们都为左翼文学奉献了自己的佳作,如鲁迅、瞿秋白、徐懋庸、聂绀弩、廖沫沙的杂文,茅盾的《于夜》蒋光意《咆哮了的土地》,胡也频《光明在我们的前面9,柔石、冯铿、丁玲、阳翰笙、沙汀、艾芜、欧阳山、草明、李辉英、周文、柏山、东平、征农、荒煤、葛琴、徐盈、叶紫、罗烽、舒群、端木蕻良、王西彦的小说.",373,38fb7f84d392c56ebfb19f4ba45e46afdcb5c041c850ce800ec1de1ef46653dc,39205,39578,D:\1大创\左联知识库项目\data\processed\runtime_sources\左联词典.txt,A=穆木天;B=王西彦,,yes,no,pending_review,no,pending_cross_validation
REL-02672,ZLH-036,穆木天,ZLH-100,姚蓬子,合作,critical,medium,no,pending_review,左联史,zuolian_shi,153,左联史 第153页,"创刊号发表的小说有《二十一个》(张天翼)、《碑》(沈起予)、《天地之死》(白薇)、《自由在垃圾桶里》(魏金枝)、《胆怯列车》(巴比塞作蓬子译)、《鹿》(Rarga作穆木天译),诗《奉天驿中》(穆木天)、《雪夜》(蓬子),评论《--个空虚的作者》(侍桁)、《建塔者》(侍柬)。",137,170ed38255e5366c5dc6722d67381848abac6077c4e9f987127deedca01e1791,221738,221875,D:\1大创\左联知识库项目\data\processed\runtime_sources\左联史.txt,A=穆木天;B=蓬子,,no,no,pending_review,no,pending_cross_validation
REL-02674,ZLH-036,穆木天,ZLH-105,沈起予,同属组织,critical,low,yes,pending_review,左联史,zuolian_shi,153,左联史 第153页,"创刊号发表的小说有《二十一个》(张天翼)、《碑》(沈起予)、《天地之死》(白薇)、《自由在垃圾桶里》(魏金枝)、《胆怯列车》(巴比塞作蓬子译)、《鹿》(Rarga作穆木天译),诗《奉天驿中》(穆木天)、《雪夜》(蓬子),评论《--个空虚的作者》(侍桁)、《建塔者》(侍柬)。",137,170ed38255e5366c5dc6722d67381848abac6077c4e9f987127deedca01e1791,221738,221875,D:\1大创\左联知识库项目\data\processed\runtime_sources\左联史.txt,A=穆木天;B=沈起予,,no,no,pending_review,no,pending_cross_validation
REL-02677,ZLH-036,穆木天,ZLH-112,戴望舒,创作合作,medium,medium,no,inferred,左联史,zuolian_shi,562,左联史 第562页,"与戴望舒合编“现代创作丛刊“,收左联作家张天翼、丁玲、魏金枝、何家槐、穆木天等的作品9种。",45,9f0ad809b4abd1d4079dec77d69b4f3754cf3c9901c2e859591ae1d8464bc96e,884903,884948,D:\1大创\左联知识库项目\data\processed\runtime_sources\左联史.txt,A=穆木天;B=戴望舒,合编,no,no,supported,yes,pending_cross_validation
REL-02681,ZLH-036,穆木天,ZLH-119,何家槐,交游,low,medium,no,inferred,左联史,zuolian_shi,562,左联史 第562页,"与戴望舒合编“现代创作丛刊“,收左联作家张天翼、丁玲、魏金枝、何家槐、穆木天等的作品9种。",45,9f0ad809b4abd1d4079dec77d69b4f3754cf3c9901c2e859591ae1d8464bc96e,884903,884948,D:\1大创\左联知识库项目\data\processed\runtime_sources\左联史.txt,A=穆木天;B=何家槐,合编,no,no,supported,yes,pending_cross_validation
REL-02682,ZLH-036,穆木天,ZLH-120,夏征农,合作,critical,medium,no,pending_review,左联史,zuolian_shi,719,左联史 第719页,"小说还有冯铿《小阿强》、丁玲《给孩子们》、张天翼《大林和小林》、金《袁》的广告丁《孩子们》、征农《孩子的想头》,童话有白兮《---个巨人的诞生》、屈轶《猫的权威》,剧本有穆木天《K镇的某日午后》、许幸之《最后一课》和《古庙钟声》、尤兜《蹄下》,故事有沈西苓《电影是个snzeacssas|EAsqAtxexhni1Ap-ptacehsies探t直nnEEE3LEILZJ〇“更聚仁《文坛新控诉》,1936年1月1日《时事新报青光3。",216,a9ba27d26dcbee1445f0151bec9f900b0a4b92db8962a00811feee24951b76da,1120805,1121021,D:\1大创\左联知识库项目\data\processed\runtime_sources\左联史.txt,A=穆木天;B=征农,,no,no,pending_review,no,pending_cross_validation
REL-02688,ZLH-036,穆木天,ZLH-129,胡愈之,同属组织,critical,low,no,pending_review,左联史,zuolian_shi,142,左联史 第142页,"参与发起组织“中国著作家抗日会“1932年2月8日,上海进步文化界开会发起组织“中国著作家抗日会“,郁达夫、何丹仁(冯雪峰)、郑伯奇、丁玲、沈起予、何畏、穆木天等数十人出席,何丹仁、朐愈之、叶绍钩、王亚南等11人任机关刊编辑委员会委员。",118,e0d32cb5e84f943fc633f9eb33c38885b847d254e337a5b48b045fb627375389,207753,207871,D:\1大创\左联知识库项目\data\processed\runtime_sources\左联史.txt,A=穆木天;B=愈之,发起,yes,no,pending_review,no,pending_cross_validation
REL-02693,ZLH-036,穆木天,ZLH-136,宋庆龄,交游,low,medium,no,inferred,左联史,zuolian_shi,253,左联史 第253页,"1934年7月,穆木天再次被捕人狱,原因是他1933年参加抗日活动,担任了以宋庆龄、何香凝等为首的抗日团体“国民御侮自救会“秘书长,后经画家黄苗子营救9月出狱。",80,38fe5cfe48d706492e7fa4a7dee156ff986ca19159b42077c17a270f43e08027,376380,376460,D:\1大创\左联知识库项目\data\processed\runtime_sources\左联史.txt,A=穆木天;B=宋庆龄,参加,no,no,supported,yes,pending_cross_validation
REL-02695,ZLH-036,穆木天,ZLH-138,何香凝,同属组织,critical,low,no,pending_review,左联史,zuolian_shi,253,左联史 第253页,"1934年7月,穆木天再次被捕人狱,原因是他1933年参加抗日活动,担任了以宋庆龄、何香凝等为首的抗日团体“国民御侮自救会“秘书长,后经画家黄苗子营救9月出狱。",80,38fe5cfe48d706492e7fa4a7dee156ff986ca19159b42077c17a270f43e08027,376380,376460,D:\1大创\左联知识库项目\data\processed\runtime_sources\左联史.txt,A=穆木天;B=何香凝,参加,no,no,pending_review,no,pending_cross_validation
REL-02697,ZLH-036,穆木天,ZLH-141,高尔基,交游,low,medium,no,inferred,左联词典,zuolian_cidian,493,左联词典 第493页,"注重文艺批评和文艺理论,发表过《东平的眉目》(郭沫名)、《论戴望舒的诗》(薹风)、《读大板井》(穆木天)和《之术本质的地是战斗3(高尔基作,代石译)、《苏维埃文学底新现实主义》(吉尔波丁作,梅雨译)、《到苏维埃之路》(高尔基左联报刊简介作,代石译),外国文学作品方面发表过《文明的齿轮》(巴比嗜作,张罗天译)、《幼年》(托尔斯泰作,北芒译)、普希金的诗,左祝理的散文等。",185,fba95b004e3b117ea29c1ac696fb29d9956acf19c9b55f08b9d3c98201ca4943,375268,375453,D:\1大创\左联知识库项目\data\processed\runtime_sources\左联词典.txt,A=穆木天;B=高尔基,,no,no,supported,yes,pending_cross_validation
REL-02700,ZLH-036,穆木天,ZLH-144,巴比塞,创作合作,low,medium,no,inferred,左联史,zuolian_shi,191,左联史 第191页,"自由谈》发表杂文《巴比塞来华》和《欢迎巴比塞代表团》,魏猛克在《涛声》杂志发表《欢迎巴比塞》,穆木天则在《新诗歌》上发表诗作《欢迎诗人巴比塞》。",72,2ad286025e582912c617b2fe59f2a21f7281dfcec54ec14f96e4d8071aaff26c,285355,285427,D:\1大创\左联知识库项目\data\processed\runtime_sources\左联史.txt,A=穆木天;B=巴比塞,,no,no,supported,yes,pending_cross_validation
REL-02703,ZLH-037,楼适夷,ZLH-024,艾芜,纪念/悼念,high,medium,no,pending_review,左联史,zuolian_shi,431,左联史 第431页,"1934一1935年,另一位美国记者伊罗生也要编译一部现代中国小说选,名为《草鞋脚》,请鲁迅、茅盾推荐作品,他们推荐了一批左翼作家的佳作,如征农《禾场上》、欧阳山《水棚里的清道夫》、草明《倾跌》、张天翼《一件寻常事》、葛琴《总退却》、艾芜《咆哮的许家屯》、东平《通讯员》、沙汀《老人》、丁九(应修人)《金宝塔银宝塔》、适夷《死》、何谷天《雪地》、魏金枝《制服》、茅盾《大泽乡》、丁玲《莎菲女士的日记》和《水》等。",206,7e0e0e073542393c83d8bfab925e55864ef687ea04814aa8627a51a9fe12baa1,656372,656578,D:\1大创\左联知识库项目\data\processed\runtime_sources\左联史.txt,A=适夷;B=艾芜,推荐,no,no,pending_review,no,pending_cross_validation
REL-02704,ZLH-037,楼适夷,ZLH-025,沙汀,纪念/悼念,high,medium,no,pending_review,左联史,zuolian_shi,431,左联史 第431页,"1934一1935年,另一位美国记者伊罗生也要编译一部现代中国小说选,名为《草鞋脚》,请鲁迅、茅盾推荐作品,他们推荐了一批左翼作家的佳作,如征农《禾场上》、欧阳山《水棚里的清道夫》、草明《倾跌》、张天翼《一件寻常事》、葛琴《总退却》、艾芜《咆哮的许家屯》、东平《通讯员》、沙汀《老人》、丁九(应修人)《金宝塔银宝塔》、适夷《死》、何谷天《雪地》、魏金枝《制服》、茅盾《大泽乡》、丁玲《莎菲女士的日记》和《水》等。",206,7e0e0e073542393c83d8bfab925e55864ef687ea04814aa8627a51a9fe12baa1,656372,656578,D:\1大创\左联知识库项目\data\processed\runtime_sources\左联史.txt,A=适夷;B=沙汀,推荐,no,no,pending_review,no,pending_cross_validation
REL-02706,ZLH-037,楼适夷,ZLH-039,欧阳山,交游,low,medium,no,inferred,左联史,zuolian_shi,431,左联史 第431页,"1934一1935年,另一位美国记者伊罗生也要编译一部现代中国小说选,名为《草鞋脚》,请鲁迅、茅盾推荐作品,他们推荐了一批左翼作家的佳作,如征农《禾场上》、欧阳山《水棚里的清道夫》、草明《倾跌》、张天翼《一件寻常事》、葛琴《总退却》、艾芜《咆哮的许家屯》、东平《通讯员》、沙汀《老人》、丁九(应修人)《金宝塔银宝塔》、适夷《死》、何谷天《雪地》、魏金枝《制服》、茅盾《大泽乡》、丁玲《莎菲女士的日记》和《水》等。",206,7e0e0e073542393c83d8bfab925e55864ef687ea04814aa8627a51a9fe12baa1,656372,656578,D:\1大创\左联知识库项目\data\processed\runtime_sources\左联史.txt,A=适夷;B=欧阳山,推荐,no,no,supported,yes,pending_cross_validation
REL-02707,ZLH-037,楼适夷,ZLH-042,魏金枝,交游,low,medium,no,inferred,左联史,zuolian_shi,431,左联史 第431页,"1934一1935年,另一位美国记者伊罗生也要编译一部现代中国小说选,名为《草鞋脚》,请鲁迅、茅盾推荐作品,他们推荐了一批左翼作家的佳作,如征农《禾场上》、欧阳山《水棚里的清道夫》、草明《倾跌》、张天翼《一件寻常事》、葛琴《总退却》、艾芜《咆哮的许家屯》、东平《通讯员》、沙汀《老人》、丁九(应修人)《金宝塔银宝塔》、适夷《死》、何谷天《雪地》、魏金枝《制服》、茅盾《大泽乡》、丁玲《莎菲女士的日记》和《水》等。",206,7e0e0e073542393c83d8bfab925e55864ef687ea04814aa8627a51a9fe12baa1,656372,656578,D:\1大创\左联知识库项目\data\processed\runtime_sources\左联史.txt,A=适夷;B=魏金枝,推荐,no,no,supported,yes,pending_cross_validation
REL-02712,ZLH-037,楼适夷,ZLH-048,王任叔,待核验,critical,low,yes,pending_review,左联史,zuolian_shi,497,左联史 第497页,"1934年初夏,张天翼利用他在南京的特殊社会关系,结识国民党陆军监狱狱官沈炳铨,通过他,给囚禁狱中的左联作家楼适夷、王任叔等送去书刊、食物及生活用品,沈炳铨又将适夷翻译的《在人间》书稿携出,交张天翼,再由张天翼设法带到上海交适夷亲属楼炜春。",120,ba5aedfd2a17b199413524ec5490feeea5647201fa1b3c7e8a4e8ea95ab71cda,771322,771442,D:\1大创\左联知识库项目\data\processed\runtime_sources\左联史.txt,A=楼适夷;B=王任叔,,no,no,pending_review,no,pending_cross_validation
REL-02713,ZLH-037,楼适夷,ZLH-053,黄源,待核验,high,low,yes,pending_review,左联史,zuolian_shi,687,左联史 第687页,"一天作家黄源来看望鲁迅,先生也和他谈起适夷译稿事。",25,79191d0171cf8d0f35458a57694ad0578079864d7d97516e04490109bea838a6,1072266,1072291,D:\1大创\左联知识库项目\data\processed\runtime_sources\左联史.txt,A=适夷;B=黄源,看望,no,no,pending_review,no,pending_cross_validation
REL-02716,ZLH-037,楼适夷,ZLH-058,郭沫若,交游,low,medium,no,inferred,左联史,zuolian_shi,465,左联史 第465页,"1934年,他在《国际文学》发表《十五年来的中国革命文学》一文,热情评价鲁迅、郭沫若、茅盾、蒋光慈、丁玲、适夷等左联作家以及《子夜》、《田家冲》等作品,介绍了左联的巩固壮大及在文学战线上取得的一系列重要成就。",104,30eb1c8a2d3cce39ea8297c469d03fbdf53f80208a3013eab78c55b3f34f943a,714594,714698,D:\1大创\左联知识库项目\data\processed\runtime_sources\左联史.txt,A=适夷;B=郭沫若,介绍,no,no,supported,yes,pending_cross_validation
REL-02717,ZLH-037,楼适夷,ZLH-059,白薇,待核验,critical,low,no,pending_review,左联史,zuolian_shi,526,左联史 第526页,"5月,他去上海,结识了楼适夷、白薇等左联作家。",23,9d992cab1c1c7900572d368083fe273c27f6f5c19371be9f851011d1dd1a8a8d,823310,823333,D:\1大创\左联知识库项目\data\processed\runtime_sources\左联史.txt,A=楼适夷;B=白薇,,no,no,pending_review,no,pending_cross_validation
REL-02719,ZLH-037,楼适夷,ZLH-061,朱镜我,待核验,critical,low,no,pending_review,左联词典,zuolian_cidian,181,左联词典 第181页,"同年秋,朱镜我让楼适夷陪同陈赔再度秘密会见鲁迅。",24,a94f695e9ddd0852fea42e1a2bf706826e416d8b6fca42377ba06fa1cc1d193c,104258,104282,D:\1大创\左联知识库项目\data\processed\runtime_sources\左联词典.txt,A=楼适夷;B=朱镜我,会见,no,no,pending_review,no,pending_cross_validation
REL-02722,ZLH-037,楼适夷,ZLH-067,任钧,纪念/悼念,high,medium,no,pending_review,左联词典,zuolian_cidian,186,左联词典 第186页,"任钧在介绘外国革命文学作品和革命文学理论方面也成绩卓著,先后在《拓荒者》,《文学月报劣《文学界动《光明》和《现代》上发表《寄自旅中》(日本藤森成吉,与楼适夷合译)《在芳动旗下M(日本绳田林藏)、《“郎旋“》(堀田升一)、《站在一条战线上》(朝鲜金斗锴)《托尔斯泰及其周围的人们3(高尔基)、《母亲们》(日本小林多喜二)、《社会主义的现实主义论》(苏联华希里可夫斯基)等详、小说和论文,还与华蒂(叶以群)合译高尔基中篇小说《隐秘的爱》(潼风书局),是左联时期颇有成就的翻译家。",237,bdc38763836888a670bb29e03523214347231c34be0cdbee88e4199ab78f7454,108554,108791,D:\1大创\左联知识库项目\data\processed\runtime_sources\左联词典.txt,A=楼适夷;B=任钧,,no,yes,pending_review,no,pending_cross_validation
REL-02728,ZLH-037,楼适夷,ZLH-083,林焕平,同属组织,critical,low,no,pending_review,左联词典,zuolian_cidian,520,左联词典 第520页,"收左联盟员王志之、方股、艾光、田间、冯乃超、吴夺如、沙汀、张天翼、张香山、陈北鸥、陈落、林焕平、柳倩、草明、徐平羽、楼适夷、臧云远、端木蕙良、魏猛克回忆左联情况,提供盛员信息47条。",91,4a4a321753b518beb2bca07dd8fc6b452f6f6097122018413aa15aa2759261cd,397754,397845,D:\1大创\左联知识库项目\data\processed\runtime_sources\左联词典.txt,A=楼适夷;B=林焕平,,yes,no,pending_review,no,pending_cross_validation
REL-02730,ZLH-037,楼适夷,ZLH-091,叶以群,交游,low,medium,no,inferred,左联史,zuolian_shi,445,左联史 第445页,"1932年1月17日,在南市方斜路公共体育场召开有两万市民参加的上海市民大会,丁玲和何丹仁(冯雪峰)、适夷、杨骚、华汉(阳翰笙)、华蒂(叶以群)、何畏、郑伯奇、穆木天、蔡子等左联成员都参加了大会及游行示威。",103,599db7fac32e953d7569f91a05bb41ce9be990f903aed3f7713e8458c1c7e432,681106,681209,D:\1大创\左联知识库项目\data\processed\runtime_sources\左联史.txt,A=适夷;B=叶以群,参加,no,no,supported,yes,pending_cross_validation
REL-02736,ZLH-037,楼适夷,ZLH-100,姚蓬子,文学论战,low,medium,no,inferred,左联史,zuolian_shi,143,左联史 第143页,"在这里发表的重要作品有鲁迅的名文《我们不再受骗了》,陈笑峰(瞿秋白)的系列杂文《笑峰酯弹》,丁玲的中篇《水》,葛植的《总退却》,李辉英的《最后一课》,张天翼的《大林和小林》,姚蓬子的《一幅剪影》、《一侍女》,沈起予的《虚脚楼》,何典(茅盾〉的《喜剧》,耶林的《村中》,文君(杨之华)的《豆腐阿姐》,慧中(彭慧)的《米》等小说;适夷的剧本《S.",171,ec534df916fa7c1d763d4b3a6a18d016e9c712e200c2c4fa5c7607dc1f75d3ba,209255,209426,D:\1大创\左联知识库项目\data\processed\runtime_sources\左联史.txt,A=适夷;B=姚蓬子,,no,no,supported,yes,pending_cross_validation
REL-02738,ZLH-037,楼适夷,ZLH-105,沈起予,同属组织,critical,low,yes,pending_review,左联史,zuolian_shi,687,左联史 第687页,"“楼适夷的译文参考了绮雨(沈起予)的摘译,还补正了熊泽氏日译文的2处纳损。",37,b2e46f4af5a23f176e04a89a8618ea064f4ed8749772d6118e0ff73b76e381b4,1073236,1073273,D:\1大创\左联知识库项目\data\processed\runtime_sources\左联史.txt,A=楼适夷;B=沈起予,,no,no,pending_review,no,pending_cross_validation
REL-02743,ZLH-037,楼适夷,ZLH-119,何家槐,交游,low,medium,no,inferred,左联史,zuolian_shi,727,左联史 第727页,"1960年是左联成立30周年,《文艺报》举行纪念座谈会,各报刊发表左联盟员回忆录,学者专家撰写的纪念文章一批,如魏金枝《回忆“左联“》(3月2日《解放日报3》)和《“左联“杂忆》(《文学评论》1960年第2期),何家槐《继承“左联“的革命传统发扬“左联“的战斗精神!》(《文学知识》1960年3月号),唐弹《文化战线上的战斗红旗》(《文学评论》1960年第2期),郑伯奇《“左联“回忆片断》(同上),楼适夷《记“左联“的两个刊物》(同上),艾芜《回忆我在“左联“的几件往事》(《文艺报》1960年第5期),包忠文《左联时期文艺上两条道路的斗争》(《雨花》1960年第5期)。",287,4c0236128502341c28cc91121464ba91bb2faeec73794b5969dc165af3ebb8b3,1130052,1130339,D:\1大创\左联知识库项目\data\processed\runtime_sources\左联史.txt,A=楼适夷;B=何家槐,座谈,no,yes,supported,yes,pending_cross_validation
REL-02744,ZLH-037,楼适夷,ZLH-120,夏征农,交游,low,medium,no,inferred,左联史,zuolian_shi,431,左联史 第431页,"1934一1935年,另一位美国记者伊罗生也要编译一部现代中国小说选,名为《草鞋脚》,请鲁迅、茅盾推荐作品,他们推荐了一批左翼作家的佳作,如征农《禾场上》、欧阳山《水棚里的清道夫》、草明《倾跌》、张天翼《一件寻常事》、葛琴《总退却》、艾芜《咆哮的许家屯》、东平《通讯员》、沙汀《老人》、丁九(应修人)《金宝塔银宝塔》、适夷《死》、何谷天《雪地》、魏金枝《制服》、茅盾《大泽乡》、丁玲《莎菲女士的日记》和《水》等。",206,7e0e0e073542393c83d8bfab925e55864ef687ea04814aa8627a51a9fe12baa1,656372,656578,D:\1大创\左联知识库项目\data\processed\runtime_sources\左联史.txt,A=适夷;B=征农,推荐,no,no,supported,yes,pending_cross_validation
REL-02746,ZLH-037,楼适夷,ZLH-122,许广平,交游,medium,medium,no,inferred,左联史,zuolian_shi,259,左联史 第259页,"事变爆发第3天,适夷首先赶到上海,好友谢且如陪同他去措访许广平、看望海婴,又去万国公墓的鲁迅墓地脂仰,向先生的遗像致敬。",60,215e03b98578d3008f28b7dfe839dea35809da9988320b1a6803ff96d2cbd498,386825,386885,D:\1大创\左联知识库项目\data\processed\runtime_sources\左联史.txt,A=适夷;B=许广平,看望,no,no,supported,yes,pending_cross_validation
REL-02748,ZLH-037,楼适夷,ZLH-127,曹靖华,创作合作,low,medium,no,inferred,左联词典,zuolian_cidian,132,左联词典 第132页,"贺词由鲁迅、茅盾、丁玲、曹靖华、洛扬(汞雪峰)、奕如(夏衍),适夷联名签署.",38,b75ddb557750af72b6b6d81e3b7328651334dc85d3fd8fa2dbd5f123788140bd,60999,61037,D:\1大创\左联知识库项目\data\processed\runtime_sources\左联词典.txt,A=适夷;B=曹靖华,联名,no,no,supported,yes,pending_cross_validation
REL-02751,ZLH-037,楼适夷,ZLH-130,杨杏佛,同属组织,critical,low,no,pending_review,左联史,zuolian_shi,201,左联史 第201页,"遭此厄运的左联作家有鲁迅、茅盾、楼适夷、沈起予、郑伯奇、冯雪峰、钱杏郭、田汉、洪深、彭康、朱镜我、丁九(应修人)、丁玲、潘汉年、郝达夫、戴平万等,还有许多进步作家如胡愈之、邹韬奋、杜重运、王统照、叶圣陶、郑振铎、杨杏佛、潘梓年、黎烈文、施蛟存、曹聚仁等,达数十人之多,可见其仇恨光明与进步的疯狂。",148,416b570dc6cae75d7263bb5cbf6d82cf4d4043d8b4f92cca9e16aac74550ca30,300770,300918,D:\1大创\左联知识库项目\data\processed\runtime_sources\左联史.txt,A=楼适夷;B=杨杏佛,,yes,no,pending_review,no,pending_cross_validation
REL-02758,ZLH-037,楼适夷,ZLH-139,陈望道,创作合作,low,medium,no,inferred,左联史,zuolian_shi,732,左联史 第732页,"一些有价值的绝版书也重版了,如楼适夷编《创作的经验》,郑振铎、傅东华编《我与文学》,陈望道编《小品文和漫画》,宣浩平编《大众语文论战》,左联作家的作品在这些书中占有大量篇幅。",87,35954dfb8406e39f9a4ba1b74d596e56f066b13c10cd8c474d9a36ca88eae4f5,1138844,1138931,D:\1大创\左联知识库项目\data\processed\runtime_sources\左联史.txt,A=楼适夷;B=陈望道,论战,no,no,supported,yes,pending_cross_validation
REL-02759,ZLH-037,楼适夷,ZLH-141,高尔基,交游,low,medium,no,inferred,左联史,zuolian_shi,445,左联史 第445页,"1931年11月是苏联作家高尔基文学创作40周年纪念,左联发表贺词《高尔基的四十年创作生活一一我们的庆祝》,鲁迅、茅盾、丁玲、曹靖华、洛扬(冯雪峰)、突如(夏衍)、适夷联名签署,对高尔基的思想与创作作了峄高评价。",106,af115319a1acedc5f54c556919509b731d438b1c19671e77973076e6c448c94d,681410,681516,D:\1大创\左联知识库项目\data\processed\runtime_sources\左联史.txt,A=适夷;B=高尔基,联名,no,no,supported,yes,pending_cross_validation
REL-02762,ZLH-037,楼适夷,ZLH-144,巴比塞,创作合作,low,medium,no,inferred,左联史,zuolian_shi,478,左联史 第478页,"后昕说巴比塞不来了,改由英国马莱爵士率团来上海开会,胡风又参与冯雪峰、楼适夷等筹备欢迎的事宜。",47,f96ee4f4e5883e574bcbd699db505f1f9c2f975a19880dbd101dcb9bfb33639c,736852,736899,D:\1大创\左联知识库项目\data\processed\runtime_sources\左联史.txt,A=楼适夷;B=巴比塞,,no,no,supported,yes,pending_cross_validation
REL-02763,ZLH-037,楼适夷,ZLH-145,萧伯纳,通信,critical,low,no,pending_review,左联史,zuolian_shi,713,左联史 第713页,"勃理格斯著适夷译,开明书店出版;文论集《萧伯纳在上海》,乐雯编译,野草书屋印行;报告文学《在西班牙前线》,弗兰克.",57,4107e736418e0335e423c8c11eceb8e8e147f8bf8df8b4437a3110a407224436,1110427,1110484,D:\1大创\左联知识库项目\data\processed\runtime_sources\左联史.txt,A=适夷;B=萧伯纳,,no,no,pending_review,no,pending_cross_validation
REL-02767,ZLH-038,陈荒煤,ZLH-001,鲁迅,纪念/悼念,high,medium,no,pending_review,左联史,zuolian_shi,317,左联史 第317页,"共发表约130篇各类文章,题材多样、内容丰富,其中有鲁迅《杂谈小品文》、《论新文字》(均署名旅隼),郭沫若《与其数、淑明论诗》、《论“幽默“一一序天虐〈铁轮?》,永修(何家槐)《与申去疾论杂文》、《国民文学与帮忙文学3》、《追念先烈》,淑明《论诗歌的特恺、《诗与生理变化》,沪生〔(陈荒煤)《十二月二十四昆一一南京路》,林彬(林淡秋)《伟大的印象》,辛人《关于现实主义问题的一点感想》,绀弩《天文学家是“不为什么“的么?}》,林娜(司马文森)《一夜》,邱韵铎《我们的作家缺乏些什么》等。",243,1b77386d6d7ead6fb25d906a7c04e90e302fdf542dba5a5d50f1eef9bf5e8607,476899,477142,D:\1大创\左联知识库项目\data\processed\runtime_sources\左联史.txt,A=陈荒煤;B=鲁迅,约,no,no,pending_review,no,pending_cross_validation
REL-02769,ZLH-038,陈荒煤,ZLH-039,欧阳山,待核验,critical,low,no,pending_review,左联词典,zuolian_cidian,442,左联词典 第442页,"评论1935年文化界出版界翻印旦书热、复古运动、《对于文化运动的意见》、手头字运动、通俗文运动、新文字运动和《太白》、《译文》的停刊等事件,肯定过去一年左翼文坛的创作成绩,推荐东平《沉郁的梅冷城),奚如《叶伯》,欧阳山《七年忌》、《梦一般的自由》,周文《父子之问》,张大翼《万休约》,荒煤《刘麻木》,草明《女人的故事》,艾芜《山中牧歌》,方之中《诗人的画像》,沙汀《爱),征农《结算》,巴金《神鬼人),靳以《落珠集》等作品,对田军《八月的乡村》和萧红《生死场》评价尤高,认为“是这--年来创作上最好的收获.",253,d8b941bdd43c27be7670b76b18a48486bc703b0f19ecdfa3aecd2db18a37e6a0,331826,332079,D:\1大创\左联知识库项目\data\processed\runtime_sources\左联词典.txt,A=荒煤;B=欧阳山,推荐,no,no,pending_review,no,pending_cross_validation
REL-02770,ZLH-038,陈荒煤,ZLH-042,魏金枝,师生关系,high,medium,no,pending_review,左联史,zuolian_shi,584,左联史 第584页,"(3)《文学界》“国防文学特辑“1936年8月10日《文学界》第1卷第3号出版了一个大型的“国防文学“特辑,发表论文17篇,其中15篇是原左联成员写的,它们是:荒煤《国防文学是不是创作口号》、征农《我对于国防文学的一点浅见》、艾芜《关于国防文学》、魏金枝《国防文学的任务等等》、罗烽《我对于国防文学的意见》、林娜《国防与国防文学》、舒群《我的意见》、戴平万《对于国防文学的我见》、叶紫《国防文学的随感二则》、沙汀《一点意见》、杨骚《看了两个特辑以后》、梅雨《评两个口号》、茅盾《关于引起纠纷的两个口号》、凡海(欧阳凡海)《国防文学与现实主义》。",272,aac01a0ed7c46805776493376ee255f041a356797321e79e07c9962c112d0d96,918796,919068,D:\1大创\左联知识库项目\data\processed\runtime_sources\左联史.txt,A=荒煤;B=魏金枝,,no,yes,pending_review,no,pending_cross_validation
REL-02773,ZLH-038,陈荒煤,ZLH-047,林淡秋,纪念/悼念,high,medium,no,pending_review,左联史,zuolian_shi,317,左联史 第317页,"共发表约130篇各类文章,题材多样、内容丰富,其中有鲁迅《杂谈小品文》、《论新文字》(均署名旅隼),郭沫若《与其数、淑明论诗》、《论“幽默“一一序天虐〈铁轮?》,永修(何家槐)《与申去疾论杂文》、《国民文学与帮忙文学3》、《追念先烈》,淑明《论诗歌的特恺、《诗与生理变化》,沪生〔(陈荒煤)《十二月二十四昆一一南京路》,林彬(林淡秋)《伟大的印象》,辛人《关于现实主义问题的一点感想》,绀弩《天文学家是“不为什么“的么?}》,林娜(司马文森)《一夜》,邱韵铎《我们的作家缺乏些什么》等。",243,1b77386d6d7ead6fb25d906a7c04e90e302fdf542dba5a5d50f1eef9bf5e8607,476899,477142,D:\1大创\左联知识库项目\data\processed\runtime_sources\左联史.txt,A=陈荒煤;B=林淡秋,约,no,no,pending_review,no,pending_cross_validation
REL-02774,ZLH-038,陈荒煤,ZLH-048,王任叔,同属组织,critical,low,no,pending_review,左联史,zuolian_shi,82,左联史 第82页,"“武汉左鬟青年联盟“还出版过半公开的不定期刊《江天》,公开发表成立宣言,当时一些进步文艺界人士如吕展青(吕骥)、姚禹玄(张庚)、陈光美(陈荒煤)、王任叔(巴人)等都是它的成员,所以很容易被外界误认为文艺团体,它的名称和“武汉左翼作家联盟“仅一词之差,极易混淆极易调包极易穿凿附会极易张冠李戴。",146,8ae011f0db7afbc82a1c43944c03945928d87b066c0f5abf1598f7b92a5dbae0,116479,116625,D:\1大创\左联知识库项目\data\processed\runtime_sources\左联史.txt,A=陈荒煤;B=王任叔,,no,no,pending_review,no,pending_cross_validation
REL-02775,ZLH-038,陈荒煤,ZLH-053,黄源,纪念/悼念,high,medium,no,pending_review,左联史,zuolian_shi,582,左联史 第582页,"我们愿意和站在同一战线的一切争取民族自由的斗士热烈地揭手!(名次先后,依新文字拼音为准)巴夫巴金白_曙曹靖华草明曹禺齐_同“陈占元大戈东平_董纯才_方光熊_方之中俯拾靳以莲玛以群杨晟姚野_夫_叶薛士尹庚克夫黎烈文_丽尼_李溶华梁雯若路_丁芦“烹度_陆鲁_迅_陆少懿_龙_乙“马子华马宗融茌_盾孟式钩_孟十还螂绀弩欧阳山澎岛任文川萧军萧乾萧红辛人加成孙用_宋之的徐螺世弥唐弛田菲田_间_天_虚_万迪鹳“王余杞王元亩_吴景崔_吴组湘晚如胡风华沙荒煤黄源_许天虹_渡_波跃先艾_蒋牧良赵家壁张天翼张香山周彦_周而复_周_文钟石苇宣言草稿分别由巴金、黎烈文各起草一份初稿,完稿后由黎烈文送到鲁迅家请先生审阅,在鲁迅指导下,黎烈文将两份草稿合而为一,略加整理后誉清。",328,0fbabd450d37790cafdd79813a828347adffa27c16c41c209813a1073b5ccd20,915673,916001,D:\1大创\左联知识库项目\data\processed\runtime_sources\左联史.txt,A=荒煤;B=黄源,,no,no,pending_review,no,pending_cross_validation
REL-02776,ZLH-038,陈荒煤,ZLH-054,许幸之,同属组织,critical,low,no,pending_review,左联史,zuolian_shi,331,左联史 第331页,"这283位签名者中有左联盟员王淑明、白薇、立波、艾芜、何家槐、沈西苓、沈起予、沙汀、杜君慧、金奎光、林娜(司马文森)、周钢鸣、邱韵铎、荒煤、徐步、徐懋庸、许杰、许幸之、丽尼、关霁、钱亦石、戴平万、聂绀弩、魏金枝等24人,他们实质是左联代表,因而可说是左联后期一次重要社会政治活动。",140,44b80b95a3dda3e3c64529abcc4151d99ea86929ac7f9f08d20484be806d34a5,500420,500560,D:\1大创\左联知识库项目\data\processed\runtime_sources\左联史.txt,A=荒煤;B=许幸之,签名,yes,no,pending_review,no,pending_cross_validation
REL-02777,ZLH-038,陈荒煤,ZLH-058,郭沫若,待核验,critical,low,no,pending_review,左联史,zuolian_shi,317,左联史 第317页,"共发表约130篇各类文章,题材多样、内容丰富,其中有鲁迅《杂谈小品文》、《论新文字》(均署名旅隼),郭沫若《与其数、淑明论诗》、《论“幽默“一一序天虐〈铁轮?》,永修(何家槐)《与申去疾论杂文》、《国民文学与帮忙文学3》、《追念先烈》,淑明《论诗歌的特恺、《诗与生理变化》,沪生〔(陈荒煤)《十二月二十四昆一一南京路》,林彬(林淡秋)《伟大的印象》,辛人《关于现实主义问题的一点感想》,绀弩《天文学家是“不为什么“的么?}》,林娜(司马文森)《一夜》,邱韵铎《我们的作家缺乏些什么》等。",243,1b77386d6d7ead6fb25d906a7c04e90e302fdf542dba5a5d50f1eef9bf5e8607,476899,477142,D:\1大创\左联知识库项目\data\processed\runtime_sources\左联史.txt,A=陈荒煤;B=郭沫若,约,no,no,pending_review,no,pending_cross_validation
REL-02778,ZLH-038,陈荒煤,ZLH-059,白薇,签名联署,low,medium,no,inferred,左联史,zuolian_shi,331,左联史 第331页,"这283位签名者中有左联盟员王淑明、白薇、立波、艾芜、何家槐、沈西苓、沈起予、沙汀、杜君慧、金奎光、林娜(司马文森)、周钢鸣、邱韵铎、荒煤、徐步、徐懋庸、许杰、许幸之、丽尼、关霁、钱亦石、戴平万、聂绀弩、魏金枝等24人,他们实质是左联代表,因而可说是左联后期一次重要社会政治活动。",140,44b80b95a3dda3e3c64529abcc4151d99ea86929ac7f9f08d20484be806d34a5,500420,500560,D:\1大创\左联知识库项目\data\processed\runtime_sources\左联史.txt,A=荒煤;B=白薇,签名,yes,no,supported,yes,pending_cross_validation
REL-02781,ZLH-038,陈荒煤,ZLH-069,张庚,待核验,critical,low,yes,pending_review,左联史,zuolian_shi,82,左联史 第82页,"文艺界人士30年代在武汉生活、工作时间长、情况了解多的,莫过于陈荒煤、张庚、吕骥等人。",43,dbd765c8ab08de347b27f699cadbbe7fb6286206b8c90f482b97e0963c5584b6,116876,116919,D:\1大创\左联知识库项目\data\processed\runtime_sources\左联史.txt,A=陈荒煤;B=张庚,,no,no,pending_review,no,pending_cross_validation
REL-02795,ZLH-038,陈荒煤,ZLH-119,何家槐,待核验,critical,low,no,pending_review,左联史,zuolian_shi,317,左联史 第317页,"共发表约130篇各类文章,题材多样、内容丰富,其中有鲁迅《杂谈小品文》、《论新文字》(均署名旅隼),郭沫若《与其数、淑明论诗》、《论“幽默“一一序天虐〈铁轮?》,永修(何家槐)《与申去疾论杂文》、《国民文学与帮忙文学3》、《追念先烈》,淑明《论诗歌的特恺、《诗与生理变化》,沪生〔(陈荒煤)《十二月二十四昆一一南京路》,林彬(林淡秋)《伟大的印象》,辛人《关于现实主义问题的一点感想》,绀弩《天文学家是“不为什么“的么?}》,林娜(司马文森)《一夜》,邱韵铎《我们的作家缺乏些什么》等。",243,1b77386d6d7ead6fb25d906a7c04e90e302fdf542dba5a5d50f1eef9bf5e8607,476899,477142,D:\1大创\左联知识库项目\data\processed\runtime_sources\左联史.txt,A=陈荒煤;B=何家槐,约,no,no,pending_review,no,pending_cross_validation
REL-02796,ZLH-038,陈荒煤,ZLH-120,夏征农,待核验,critical,low,yes,pending_review,左联史,zuolian_shi,584,左联史 第584页,"这既是一次“国防文学“理论的大宣传,发表了各自的意见,如荒煤认为“国防文学不仅仅是一个号召作家们组织的口号,而且也是一个创作的口号1“征农认为““国防文学“是一个组织的口号,即是要求全国有正义感的文学家统一在一个共同的目标一一救亡一一下来“。",121,766f642b3f01ef12c004ba086de385e63b130d09a7204e0d87ccaf405c5f80b2,919068,919189,D:\1大创\左联知识库项目\data\processed\runtime_sources\左联史.txt,A=荒煤;B=征农,共同,no,no,pending_review,no,pending_cross_validation
REL-02799,ZLH-039,欧阳山,ZLH-042,魏金枝,交游,low,medium,no,inferred,左联史,zuolian_shi,431,左联史 第431页,"1934一1935年,另一位美国记者伊罗生也要编译一部现代中国小说选,名为《草鞋脚》,请鲁迅、茅盾推荐作品,他们推荐了一批左翼作家的佳作,如征农《禾场上》、欧阳山《水棚里的清道夫》、草明《倾跌》、张天翼《一件寻常事》、葛琴《总退却》、艾芜《咆哮的许家屯》、东平《通讯员》、沙汀《老人》、丁九(应修人)《金宝塔银宝塔》、适夷《死》、何谷天《雪地》、魏金枝《制服》、茅盾《大泽乡》、丁玲《莎菲女士的日记》和《水》等。",206,7e0e0e073542393c83d8bfab925e55864ef687ea04814aa8627a51a9fe12baa1,656372,656578,D:\1大创\左联知识库项目\data\processed\runtime_sources\左联史.txt,A=欧阳山;B=魏金枝,推荐,no,no,supported,yes,pending_cross_validation
REL-02801,ZLH-039,欧阳山,ZLH-045,周立波,待核验,critical,low,no,pending_review,左联史,zuolian_shi,509,左联史 第509页,"1935年,去天马书店任编辑,他编辑的作品有语文学著作《拉丁化概论》(叶籁士编)、《拉丁化检字》(应人编)、《门外文谈》(鲁迅著);文艺理论著作《写些什么?怎样的写?》(尹庚著)、《新诗歌创作方法》(石灵著)、《苏联作家的创作经验》(YK编)、《这样的主义、那样的主义》(即《从古典主义到现实主义》)(周扬著)、《创作的最高水准》(立波著)、《文艺批评论》(王淑明著)、《继承文学遗产问题》(林通著)、《给文学青年的三封信》(苏联文学顾问会著张仲实译);创作有《女人的故事》(草明著)、《梦一样的自由》(欧阳山著)、《叶伯》(奚如著)、《沉郁的梅冷城〉(东平著)。",282,e3730bff0be85eed69de04cf853c570894413daefb57c860a48e32e633a13fe4,792563,792845,D:\1大创\左联知识库项目\data\processed\runtime_sources\左联史.txt,A=欧阳山;B=立波,编辑,no,no,pending_review,no,pending_cross_validation
REL-02803,ZLH-039,欧阳山,ZLH-048,王任叔,交游,low,medium,no,inferred,左联词典,zuolian_cidian,275,左联词典 第275页,"同年9月2日和蒋牧良、王任叔、陈白尘、欧阳山、奚如、聂绀弩参加第一次小说家座谈会,讨论“主题的积极性和真人真事“等问题,并为《小说家》月刊编委。",72,7fe12454791141097814fba8135f2da723f09ccbc9160b238b9d6beb6af73a8c,187664,187736,D:\1大创\左联知识库项目\data\processed\runtime_sources\左联词典.txt,A=欧阳山;B=王任叔,参加,no,no,supported,yes,pending_cross_validation
REL-02805,ZLH-039,欧阳山,ZLH-053,黄源,交游,low,medium,no,inferred,左联史,zuolian_shi,485,左联史 第485页,"22日下午举行鲁迅葬礼,启灵祭后,蚩绀弩和巴金、胡风、黄源、张天耀、欧阳山、周文等十几位中外青年作家扶鲁迅灵枚上车,去万国公墓安营。",66,7274eadf876e3526125afb9392adf7d9a90dd274ec05b43cfd2ab820891d755d,749397,749463,D:\1大创\左联知识库项目\data\processed\runtime_sources\左联史.txt,A=欧阳山;B=黄源,,no,no,supported,yes,pending_cross_validation
REL-02809,ZLH-039,欧阳山,ZLH-058,郭沫若,交游,low,medium,no,inferred,左联史,zuolian_shi,529,左联史 第529页,"1936年,庄启东为上海新钟书局主编过一套“新钟创作丛刊“,收有张天翼《洋泾浜奇侠》、穆木天《平凡集》、王任叔《三〇集》、何家槐《木匠》、朐依凡《烟圈笔下》、庄启东《自杀者》、郭沫若《历史小品集》、李辉英《再生集》、叶紫《古渡头》、欧阳山《粥渣》、雷石榆《惨别》、侯枫《牺牲)马子华《路线》等左联作家作品13种,这是丛书的第1辑,他原计划还要编辑出版第2辑、第3辑,可是时局动荡,复加书报审查制度之严酷,后来各辑就被扼杀在摄篮里了。",216,57033aeff0021b67233ea871e6f6b2226298f31c818370c04d022774e53fbe8e,827077,827293,D:\1大创\左联知识库项目\data\processed\runtime_sources\左联史.txt,A=欧阳山;B=郭沫若,编辑,no,no,supported,yes,pending_cross_validation
REL-02810,ZLH-039,欧阳山,ZLH-059,白薇,待核验,critical,low,no,pending_review,左联史,zuolian_shi,296,左联史 第296页,"时代》、《存文》,沈起才《艺术哲学》,张香山《〈十二把椅子〉及其作者》,杨骚《做人与做文章》、《啄酒颂》,欧查《阮玲玉底死》,白薇《阮玲玉自杀的社会意识》,黄芝冈《花鼓探原》、《说锏鼓》,欧阳山《生底烦扰》,立波《自卑和自尊》,欧阳凡海《关于历史小品的一二感想》,阿英《惜秋生非李伯元化名考》、《清未文艺杂志》,羊枣《“虚荣之市“》等,大家都为这份杂志做出了贡献。",182,1f78004c3d5d3300457727348b547d0e93b7fd87e6a7273cf39906f9d936a4fb,443509,443691,D:\1大创\左联知识库项目\data\processed\runtime_sources\左联史.txt,A=欧阳山;B=白薇,,no,no,pending_review,no,pending_cross_validation
REL-02813,ZLH-039,欧阳山,ZLH-063,任白戈,同属组织,critical,low,no,pending_review,左联史,zuolian_shi,312,左联史 第312页,"珂贝为搜集关于日本的真实材料而来到上海,6月28日晓,《文学》社、《新语林》社等文学团体在北四川路新亚酒楼联合举行宴会欢迎她,左联宣传部长任白戈和欧阳山、魏猛克等几位作家出席,与这位远方来的客人座谈,魏猛克还当场为她作肖像画1帧,并请她签名。",121,6ec4d36733153d17b4cbb778127ea6864164ccd9f95800a59489a74ec6881647,469668,469789,D:\1大创\左联知识库项目\data\processed\runtime_sources\左联史.txt,A=欧阳山;B=任白戈,签名,no,no,pending_review,no,pending_cross_validation
REL-02814,ZLH-039,欧阳山,ZLH-065,柯仲平,待核验,critical,low,yes,pending_review,左联词典,zuolian_cidian,337,左联词典 第337页,"1930年前后在南京中央大学做旁听生,与张天翼、胡风、胡楣、欧阳山、柯仲平等过从八密。",43,a1390f6a98d821fa6927122de3db9b45bb892075add3efa380e47c664024caf4,242514,242557,D:\1大创\左联知识库项目\data\processed\runtime_sources\左联词典.txt,A=欧阳山;B=柯仲平,,no,no,pending_review,no,pending_cross_validation
REL-02815,ZLH-039,欧阳山,ZLH-067,任钧,交游,low,medium,no,inferred,左联词典,zuolian_cidian,142,左联词典 第142页,"1937华4月1日《中华月报》5卷t期发表他和征农、欧阳山、雪书、任钧、东平、立波、胡风的笔读《对于文艺界统一运动的我见》,挡出,“若是把文艺作品单纯地作为达到某种政治理想的工具来看.",92,63a6603d28dd574914bdcc1364092b0b829c9b4a6b66c902fc931938acb15acd,70141,70233,D:\1大创\左联知识库项目\data\processed\runtime_sources\左联词典.txt,A=欧阳山;B=任钧,,no,no,supported,yes,pending_cross_validation
REL-02816,ZLH-039,欧阳山,ZLH-069,张庚,签名联署,low,medium,no,inferred,左联史,zuolian_shi,410,左联史 第410页,"为挽救中国电影业日益加速的颓势,在中国共产党上海地下组织的领导下,当时的进步电影戏剧评论团体“艺社“组织了尤兢、尘无、凌鹤、阿英、鲁思、于雯(欧阳山)、侯枫、唐瑜、陈沂和宋之的、张庚、旅冈、唐纳、柯灵等32位左翼作家、戏剧家、影评人发表了《向艺华公司当局进一言3@的公开信,指出艺华公司抛出上述色情化的“软性电影“,已绥使“曾经艰苦奋斗的中国电影,又回到9反x,即反日(反对日本帝国主义)。",195,7848e2ec24720faac69bf1752aabf2539bbfbcf1ac1a8f53fd3f603b0693a18a,623340,623535,D:\1大创\左联知识库项目\data\processed\runtime_sources\左联史.txt,A=欧阳山;B=张庚,组织,yes,no,supported,yes,pending_cross_validation
REL-02817,ZLH-039,欧阳山,ZLH-073,王余杞,交游,low,medium,no,inferred,左联史,zuolian_shi,582,左联史 第582页,"我们愿意和站在同一战线的一切争取民族自由的斗士热烈地揭手!(名次先后,依新文字拼音为准)巴夫巴金白_曙曹靖华草明曹禺齐_同“陈占元大戈东平_董纯才_方光熊_方之中俯拾靳以莲玛以群杨晟姚野_夫_叶薛士尹庚克夫黎烈文_丽尼_李溶华梁雯若路_丁芦“烹度_陆鲁_迅_陆少懿_龙_乙“马子华马宗融茌_盾孟式钩_孟十还螂绀弩欧阳山澎岛任文川萧军萧乾萧红辛人加成孙用_宋之的徐螺世弥唐弛田菲田_间_天_虚_万迪鹳“王余杞王元亩_吴景崔_吴组湘晚如胡风华沙荒煤黄源_许天虹_渡_波跃先艾_蒋牧良赵家壁张天翼张香山周彦_周而复_周_文钟石苇宣言草稿分别由巴金、黎烈文各起草一份初稿,完稿后由黎烈文送到鲁迅家请先生审阅,在鲁迅指导下,黎烈文将两份草稿合而为一,略加整理后誉清。",328,0fbabd450d37790cafdd79813a828347adffa27c16c41c209813a1073b5ccd20,915673,916001,D:\1大创\左联知识库项目\data\processed\runtime_sources\左联史.txt,A=欧阳山;B=王余杞,,no,no,supported,yes,pending_cross_validation
REL-02819,ZLH-039,欧阳山,ZLH-077,柳倩,交游,low,medium,no,inferred,左联史,zuolian_shi,626,左联史 第626页,"他在《作家间需要什么一种运动0的长文中讽刺道;“差不多,差不多,先生的头脑差不多失掉作用了啊“他用强硬的语气正告炯之先生:“你想一笔把中国文学的若于成绩差不多剿灭,究竟是不可能的!“他问道:“一个细心的读者,会分辨不出不同作品的内容,相异的作者的相异的风格来么?有谁说《八月的乡村》和《生死场》是差不多的?7《没有祖国的孩子》及舒群的其他短篇创作都差不多?艾芜和沙汀,张天翼和欧阳山是差不多?杨骚的《福建三唱》和洪道的《流亡者的独唱》差不多?任钧、蒙风、柳倩的诗都差不多?丽尼的散文和炯之先生所推荐的何其芳的散文,难道也差不多么?差不多,差不多,差不多是梦呕啊,废话啊,收拾吧.",289,014e9c729b4ccd8d196435b56de49fad383cfce0ce0128ef68768b4900458827,983568,983857,D:\1大创\左联知识库项目\data\processed\runtime_sources\左联史.txt,A=欧阳山;B=柳倩,推荐,no,yes,supported,yes,pending_cross_validation
REL-02821,ZLH-039,欧阳山,ZLH-081,陈白尘,待核验,critical,low,no,pending_review,左联词典,zuolian_cidian,275,左联词典 第275页,"同年9月2日和蒋牧良、王任叔、陈白尘、欧阳山、奚如、聂绀弩参加第一次小说家座谈会,讨论“主题的积极性和真人真事“等问题,并为《小说家》月刊编委。",72,7fe12454791141097814fba8135f2da723f09ccbc9160b238b9d6beb6af73a8c,187664,187736,D:\1大创\左联知识库项目\data\processed\runtime_sources\左联词典.txt,A=欧阳山;B=陈白尘,参加,no,no,pending_review,no,pending_cross_validation
REL-02822,ZLH-039,欧阳山,ZLH-082,宋之的,同属组织,critical,low,yes,pending_review,左联史,zuolian_shi,582,左联史 第582页,"我们愿意和站在同一战线的一切争取民族自由的斗士热烈地揭手!(名次先后,依新文字拼音为准)巴夫巴金白_曙曹靖华草明曹禺齐_同“陈占元大戈东平_董纯才_方光熊_方之中俯拾靳以莲玛以群杨晟姚野_夫_叶薛士尹庚克夫黎烈文_丽尼_李溶华梁雯若路_丁芦“烹度_陆鲁_迅_陆少懿_龙_乙“马子华马宗融茌_盾孟式钩_孟十还螂绀弩欧阳山澎岛任文川萧军萧乾萧红辛人加成孙用_宋之的徐螺世弥唐弛田菲田_间_天_虚_万迪鹳“王余杞王元亩_吴景崔_吴组湘晚如胡风华沙荒煤黄源_许天虹_渡_波跃先艾_蒋牧良赵家壁张天翼张香山周彦_周而复_周_文钟石苇宣言草稿分别由巴金、黎烈文各起草一份初稿,完稿后由黎烈文送到鲁迅家请先生审阅,在鲁迅指导下,黎烈文将两份草稿合而为一,略加整理后誉清。",328,0fbabd450d37790cafdd79813a828347adffa27c16c41c209813a1073b5ccd20,915673,916001,D:\1大创\左联知识库项目\data\processed\runtime_sources\左联史.txt,A=欧阳山;B=宋之的,,no,no,pending_review,no,pending_cross_validation
REL-02826,ZLH-039,欧阳山,ZLH-091,叶以群,纪念/悼念,critical,medium,no,pending_review,左联史,zuolian_shi,555,左联史 第555页,"在上海儿年间,他结识了聂绀訾、王任叔、张天鬟、欧阳山、艾芜、沙汀、周文、叶以群等一批左联盟员作家,受到鼓舞影响,更积极地投身左翼文学事业,他在《文学丛报》、《东方文艺》、《人民文学》、《天地人)V《大晚报.",103,297c3f5403abc933897c072289b18ae9f57fb69ec57a0199183b8a6e6af52206,873553,873656,D:\1大创\左联知识库项目\data\processed\runtime_sources\左联史.txt,A=欧阳山;B=叶以群,,no,no,pending_review,no,pending_cross_validation
REL-02828,ZLH-039,欧阳山,ZLH-097,王西彦,同属组织,critical,low,no,pending_review,左联词典,zuolian_cidian,431,左联词典 第431页,"指出鲁迅、郭沫苷、茅盾、巴金、张天翼、靳以、沈起子、沙汀、艾芜、夏札、欧阳山、丽尼、齐同、屈轶、芹萝、蒋牧良、萧军等作家创作质量的丰富“,端木芷良、荒煤、舒群、宋之的、左联作品简介罗烽、姚雪垠、王西彦、吴奚如、刘日羽等新作家“数量的众多“,是1935年一大特色。",131,410197658b42917867a44cbcffc0fb178aa2d47459fb4a114efc8391d1c254ed,322354,322485,D:\1大创\左联知识库项目\data\processed\runtime_sources\左联词典.txt,A=欧阳山;B=王西彦,,yes,no,pending_review,no,pending_cross_validation
REL-02830,ZLH-039,欧阳山,ZLH-100,姚蓬子,交游,low,medium,no,inferred,左联词典,zuolian_cidian,559,左联词典 第559页,"回忆1931年编辑出版《一角丛书》的经过,其中述及左联成员为从书所写的如下作品:周扬《苏联的音乐》、欧阳山《马可尼传六沈起子《巴比塞评传》、沈端先(夏衍)《高尔基评传》、丁玲《法网》,郑伯奇《宽城子大将》、钱杏邮(阿英)《创作与生活、徐衍存(阿英)《炜色之家》张天翼《脊背与奶子》、何家槐《恶行、蓬子《浮世绘}彭家煌《在潮神府》等。",166,9bfeae48ae7766ca2004c78d033e64a53e8f9cfde0da136e34d93a8ac1752084,430434,430600,D:\1大创\左联知识库项目\data\processed\runtime_sources\左联词典.txt,A=欧阳山;B=蓬子,编辑,no,yes,supported,yes,pending_cross_validation
REL-02832,ZLH-039,欧阳山,ZLH-105,沈起予,签名联署,low,medium,no,inferred,左联词典,zuolian_cidian,109,左联词典 第109页,“(任钧:《关于左联的一些情况矣成员有沈起予、金奎光、汪金丁、鲁迅、苟盾、周扬、胡风、任钧、沙汀、杨骚叶紫、何家槐、艾芜、欧阳山、吴奚如等也参加过委员会。,77,15739e49a6173f4e3363e0d9e7848580fe4b054f2a1e3351f322b9d41f9e6db9,43128,43205,D:\1大创\左联知识库项目\data\processed\runtime_sources\左联词典.txt,A=欧阳山;B=沈起予,参加,yes,no,supported,yes,pending_cross_validation
REL-02839,ZLH-039,欧阳山,ZLH-119,何家槐,交游,low,medium,no,inferred,左联史,zuolian_shi,529,左联史 第529页,"1936年,庄启东为上海新钟书局主编过一套“新钟创作丛刊“,收有张天翼《洋泾浜奇侠》、穆木天《平凡集》、王任叔《三〇集》、何家槐《木匠》、朐依凡《烟圈笔下》、庄启东《自杀者》、郭沫若《历史小品集》、李辉英《再生集》、叶紫《古渡头》、欧阳山《粥渣》、雷石榆《惨别》、侯枫《牺牲)马子华《路线》等左联作家作品13种,这是丛书的第1辑,他原计划还要编辑出版第2辑、第3辑,可是时局动荡,复加书报审查制度之严酷,后来各辑就被扼杀在摄篮里了。",216,57033aeff0021b67233ea871e6f6b2226298f31c818370c04d022774e53fbe8e,827077,827293,D:\1大创\左联知识库项目\data\processed\runtime_sources\左联史.txt,A=欧阳山;B=何家槐,编辑,no,no,supported,yes,pending_cross_validation
REL-02840,ZLH-039,欧阳山,ZLH-120,夏征农,待核验,critical,low,no,pending_review,左联史,zuolian_shi,431,左联史 第431页,"1934一1935年,另一位美国记者伊罗生也要编译一部现代中国小说选,名为《草鞋脚》,请鲁迅、茅盾推荐作品,他们推荐了一批左翼作家的佳作,如征农《禾场上》、欧阳山《水棚里的清道夫》、草明《倾跌》、张天翼《一件寻常事》、葛琴《总退却》、艾芜《咆哮的许家屯》、东平《通讯员》、沙汀《老人》、丁九(应修人)《金宝塔银宝塔》、适夷《死》、何谷天《雪地》、魏金枝《制服》、茅盾《大泽乡》、丁玲《莎菲女士的日记》和《水》等。",206,7e0e0e073542393c83d8bfab925e55864ef687ea04814aa8627a51a9fe12baa1,656372,656578,D:\1大创\左联知识库项目\data\processed\runtime_sources\左联史.txt,A=欧阳山;B=征农,推荐,no,no,pending_review,no,pending_cross_validation
REL-02844,ZLH-039,欧阳山,ZLH-127,曹靖华,文学论战,low,medium,no,inferred,左联史,zuolian_shi,582,左联史 第582页,"我们愿意和站在同一战线的一切争取民族自由的斗士热烈地揭手!(名次先后,依新文字拼音为准)巴夫巴金白_曙曹靖华草明曹禺齐_同“陈占元大戈东平_董纯才_方光熊_方之中俯拾靳以莲玛以群杨晟姚野_夫_叶薛士尹庚克夫黎烈文_丽尼_李溶华梁雯若路_丁芦“烹度_陆鲁_迅_陆少懿_龙_乙“马子华马宗融茌_盾孟式钩_孟十还螂绀弩欧阳山澎岛任文川萧军萧乾萧红辛人加成孙用_宋之的徐螺世弥唐弛田菲田_间_天_虚_万迪鹳“王余杞王元亩_吴景崔_吴组湘晚如胡风华沙荒煤黄源_许天虹_渡_波跃先艾_蒋牧良赵家壁张天翼张香山周彦_周而复_周_文钟石苇宣言草稿分别由巴金、黎烈文各起草一份初稿,完稿后由黎烈文送到鲁迅家请先生审阅,在鲁迅指导下,黎烈文将两份草稿合而为一,略加整理后誉清。",328,0fbabd450d37790cafdd79813a828347adffa27c16c41c209813a1073b5ccd20,915673,916001,D:\1大创\左联知识库项目\data\processed\runtime_sources\左联史.txt,A=欧阳山;B=曹靖华,,no,no,supported,yes,pending_cross_validation
REL-02855,ZLH-039,欧阳山,ZLH-141,高尔基,地下通讯,low,medium,no,inferred,左联史,zuolian_shi,640,左联史 第640页,"“评论指出,欧阳山小说有点儿“难懂,晦涩“;又认为他很受了高尔基的影响。",36,c129cd0c1a1eda62d7800460880b1d34aad07959207c9f3c9d2ea23b91a92e6f,1004685,1004721,D:\1大创\左联知识库项目\data\processed\runtime_sources\左联史.txt,A=欧阳山;B=高尔基,,no,no,supported,yes,pending_cross_validation
REL-02858,ZLH-039,欧阳山,ZLH-144,巴比塞,交游,low,medium,no,inferred,左联词典,zuolian_cidian,559,左联词典 第559页,"回忆1931年编辑出版《一角丛书》的经过,其中述及左联成员为从书所写的如下作品:周扬《苏联的音乐》、欧阳山《马可尼传六沈起子《巴比塞评传》、沈端先(夏衍)《高尔基评传》、丁玲《法网》,郑伯奇《宽城子大将》、钱杏邮(阿英)《创作与生活、徐衍存(阿英)《炜色之家》张天翼《脊背与奶子》、何家槐《恶行、蓬子《浮世绘}彭家煌《在潮神府》等。",166,9bfeae48ae7766ca2004c78d033e64a53e8f9cfde0da136e34d93a8ac1752084,430434,430600,D:\1大创\左联知识库项目\data\processed\runtime_sources\左联词典.txt,A=欧阳山;B=巴比塞,编辑,no,yes,supported,yes,pending_cross_validation
REL-02862,ZLH-040,草明,ZLH-001,鲁迅,同属组织,high,low,yes,pending_review,左联词典,zuolian_cidian,281,左联词典 第281页,"1934至1935年,美国伊罗生主编英译现代中国短篇小说集《草鞋脚》,茅盾和鲁迅推荐她的小说《倾跌》,并在《拟选小说及其作者评介》中介组说:“草明女士,轶,可是她的作风已经很成熟“.",91,53522c8688a6cd1dbf0ce7971d58cc2812137b5809b60ef888b41b749ad05b5f,192553,192644,D:\1大创\左联知识库项目\data\processed\runtime_sources\左联词典.txt,A=草明;B=鲁迅,推荐,no,no,pending_review,no,pending_cross_validation
REL-02863,ZLH-040,草明,ZLH-009,郑伯奇,同属组织,high,low,yes,pending_review,左联史,zuolian_shi,54,左联史 第54页,"创刊号有《报告文学论》(集体讨论,泊船执笔),《论集体创作》(黄既),《(初选〉读后感》(集体批评),《求全的责备》(茅盾),《不须鼓励》(郑伯奇),《从〈初选〉想到的》(胡风),《潜伏的火焰》(白晓光)等,还有长篇连载、报告、通讯、诗歌小品、杂感。",125,af535b915e923b307fc4d032788915baeee67f16e65d8f292b2366e28fca5a5b,74187,74312,D:\1大创\左联知识库项目\data\processed\runtime_sources\左联史.txt,A=晓光;B=郑伯奇,讨论,no,no,pending_review,no,pending_cross_validation
REL-02864,ZLH-040,草明,ZLH-033,周文,同属组织,high,low,yes,pending_review,左联词典,zuolian_cidian,477,左联词典 第477页,"!卷!期发表《不平静的城》(谷斯范)、《古记》(蒋牧良)、《酒船》(约弯)、《饥馈的伙伴》(辛劳)、《单纯的遗噜》(草明)、《酶厉》(张天翼)、《教授和富人》(东平)、《姑饭》(周而复)、《苦斗》(欧阳山)等小说9篇,1卷2期为“哀悼鲁迅先生特辑“,发表陈烟桥、新波、绀弩、周文、东平、方之中、奚如的鲁迅悼文8篇和力群、烟桥、新波等的鲁迅像。",171,3368080e1bbb76e2775c73efdca27c7009c08d820fb35f0817d5828b907ded0f,361146,361317,D:\1大创\左联知识库项目\data\processed\runtime_sources\左联词典.txt,A=草明;B=周文,约,no,no,pending_review,no,pending_cross_validation
REL-02865,ZLH-040,草明,ZLH-038,陈荒煤,同属组织,high,low,yes,pending_review,左联词典,zuolian_cidian,442,左联词典 第442页,"评论1935年文化界出版界翻印旦书热、复古运动、《对于文化运动的意见》、手头字运动、通俗文运动、新文字运动和《太白》、《译文》的停刊等事件,肯定过去一年左翼文坛的创作成绩,推荐东平《沉郁的梅冷城),奚如《叶伯》,欧阳山《七年忌》、《梦一般的自由》,周文《父子之问》,张大翼《万休约》,荒煤《刘麻木》,草明《女人的故事》,艾芜《山中牧歌》,方之中《诗人的画像》,沙汀《爱),征农《结算》,巴金《神鬼人),靳以《落珠集》等作品,对田军《八月的乡村》和萧红《生死场》评价尤高,认为“是这--年来创作上最好的收获.",253,d8b941bdd43c27be7670b76b18a48486bc703b0f19ecdfa3aecd2db18a37e6a0,331826,332079,D:\1大创\左联知识库项目\data\processed\runtime_sources\左联词典.txt,A=草明;B=荒煤,推荐,no,no,pending_review,no,pending_cross_validation
REL-02866,ZLH-040,草明,ZLH-043,端木蕻良,同属组织,high,low,yes,pending_review,左联词典,zuolian_cidian,104,左联词典 第104页,"左联拥有一批贡献卓著、德高望重的老作家如鲁迅、茅盾、翔秋日、蒋光慈、田汉、洪深,左联诣生前已从事创作和翻译的柔石、洪灵菲、应修人、潘漠华、郑伯奇、王任叔、阳翰笙、阿英、丁玲、张天翼、冯雪峰、夏衍、周扬、胡风、周立波、穆木天、杨骚、白薇等,又培养了一批思想活既、颇具才华的文学新人如冯铿、沙汀、艾莅、欧阳山、草明、李辉英、周文、柏山、东平、征农、荒煤、葛琴、徐盈、叶紫、罗烽、舒群、端木蕻良、王西彦、王尘无、蒲风、田间、于伶、凌鹤、徐懋庸、聂绀弩、廖沫沙等,他们都为左翼文学奉献了自己的佳作,如鲁迅、瞿秋白、徐懋庸、聂绀弩、廖沫沙的杂文,茅盾的《于夜》蒋光意《咆哮了的土地》,胡也频《光明在我们的前面9,柔石、冯铿、丁玲、阳翰笙、沙汀、艾芜、欧阳山、草明、李辉英、周文、柏山、东平、征农、荒煤、葛琴、徐盈、叶紫、罗烽、舒群、端木蕻良、王西彦的小说.",373,38fb7f84d392c56ebfb19f4ba45e46afdcb5c041c850ce800ec1de1ef46653dc,39205,39578,D:\1大创\左联知识库项目\data\processed\runtime_sources\左联词典.txt,A=草明;B=端木蕻良,,yes,no,pending_review,no,pending_cross_validation
REL-02868,ZLH-040,草明,ZLH-053,黄源,同属组织,high,low,yes,pending_review,左联史,zuolian_shi,295,左联史 第295页,"创刊号上公布了特约撰述68人名单,其中有左联成员艾芜、方光焘、佛朗(祝秀侠)、高滔、何谷天(周文)、洪深、黄芝冈、张天翼、李辉英、廖堆容(廖沫沙)、聂绀弩、欧阳山、任白戈、家征农、沈起予、草明、魏猛克、杨骚,其他还有巴金、冰心、沉模、杜重远、丰子恺、风子(唐弛)、耿济之、顾均正、黄源、胡仲持、朐愈之、金仲华、靳以、榴奋、周木斋、周予同、赵元任、朱光湛、克士(周建人)、老舍、李健吾、落华生、马宗融、孟斯根(孟十还)、夏七尊、陈子展、谢六逸、孙伏园、陶行知、蔡慕晖、蔡希陶、王鲁彦、王伯祥、王统炜、吴组编、吴文祺、叶籁士、乐嗣炳等,还有谷人(郭沫若)。",276,6e425e030fe453965626c318fb25af618fc77bd3bcdd8eaa9ef12cb435231ada,442288,442564,D:\1大创\左联知识库项目\data\processed\runtime_sources\左联史.txt,A=草明;B=黄源,约,yes,no,pending_review,no,pending_cross_validation
REL-02869,ZLH-040,草明,ZLH-063,任白戈,同属组织,high,low,yes,pending_review,左联史,zuolian_shi,528,左联史 第528页,"第5期刊出一个52人的“本刊撰稿者“名单,左联的人就有28位:杜德机(鲁迅)、郁达夫、郑伯奇、堆容(廖涨沙)、王任叔、任白戈、魏猛克、何家槐、艾芸、征农、李辉英、叶紫、聂绀弯、草明、胡楣(关露)、欧阳山、祝秀侠、何谷天、田汉、许并之、阿英、张天翼、徐懋庸、白薇、杨骚、陈君冶、方土人、杜谈,此外还有曹聚仁、黎烈文、周木斋、陈子展、风子(唐骑)、克士(周建人)、马宗融、柳湾、芦萝、谢六逸、赵景深、马国亮、周楞伽、宜闸(胡仲持)、艾思奇、张仲实、黑婴等人。",227,34e2ee910ef02ab87e3260c822ad1c5a1e06439678b29c32c4fa858825908994,826407,826634,D:\1大创\左联知识库项目\data\processed\runtime_sources\左联史.txt,A=草明;B=任白戈,撰稿,yes,no,pending_review,no,pending_cross_validation
REL-02871,ZLH-040,草明,ZLH-083,林焕平,同属组织,high,low,yes,pending_review,左联词典,zuolian_cidian,520,左联词典 第520页,"收左联盟员王志之、方股、艾光、田间、冯乃超、吴夺如、沙汀、张天翼、张香山、陈北鸥、陈落、林焕平、柳倩、草明、徐平羽、楼适夷、臧云远、端木蕙良、魏猛克回忆左联情况,提供盛员信息47条。",91,4a4a321753b518beb2bca07dd8fc6b452f6f6097122018413aa15aa2759261cd,397754,397845,D:\1大创\左联知识库项目\data\processed\runtime_sources\左联词典.txt,A=草明;B=林焕平,,yes,no,pending_review,no,pending_cross_validation
REL-02873,ZLH-040,草明,ZLH-085,方殷,同属组织,high,low,yes,pending_review,左联史,zuolian_shi,643,左联史 第643页,"请看这支诗人队伍吧:这里有被闻一多誉为“擎鼓诗人“的田间;有东北作家兼诗人的罗烽、舒群和白晓光(马加);有中国诗歌会诗人穆木天、任钧、蒲风、柳倩和杜谈;有从事中外文化交流的诗人萧三和雷石榆;有充满活力与智慧的诗坛新秀聂绀咕、关霁、渤波、白曙、洪道、林蒂,还有北方左联的诗人孙席珍、冈夫、公木、方殷、何菲、刘御(史巴克)、马子华,此外还有白薇、杨骚、冯润璋、许幸之、安娥、楼适夷、方之中、周文、刘若松〔(风斯)、庄启东、林林、周而复、欧阴凡海、陈子谷、史征军、刘宗璜、吴振刚(大保)、王蕾嘉也都为新诗歌的繁荣兴旺献出过自己的光与热….",266,7ab590a3260fc9ddb1115bf139953cb5d7a43e8a48e1f5e1618086dd2406e268,1009151,1009417,D:\1大创\左联知识库项目\data\processed\runtime_sources\左联史.txt,A=晓光;B=方殷,,yes,no,pending_review,no,pending_cross_validation
REL-02875,ZLH-040,草明,ZLH-087,于伶,同属组织,high,low,yes,pending_review,左联词典,zuolian_cidian,104,左联词典 第104页,"左联拥有一批贡献卓著、德高望重的老作家如鲁迅、茅盾、翔秋日、蒋光慈、田汉、洪深,左联诣生前已从事创作和翻译的柔石、洪灵菲、应修人、潘漠华、郑伯奇、王任叔、阳翰笙、阿英、丁玲、张天翼、冯雪峰、夏衍、周扬、胡风、周立波、穆木天、杨骚、白薇等,又培养了一批思想活既、颇具才华的文学新人如冯铿、沙汀、艾莅、欧阳山、草明、李辉英、周文、柏山、东平、征农、荒煤、葛琴、徐盈、叶紫、罗烽、舒群、端木蕻良、王西彦、王尘无、蒲风、田间、于伶、凌鹤、徐懋庸、聂绀弩、廖沫沙等,他们都为左翼文学奉献了自己的佳作,如鲁迅、瞿秋白、徐懋庸、聂绀弩、廖沫沙的杂文,茅盾的《于夜》蒋光意《咆哮了的土地》,胡也频《光明在我们的前面9,柔石、冯铿、丁玲、阳翰笙、沙汀、艾芜、欧阳山、草明、李辉英、周文、柏山、东平、征农、荒煤、葛琴、徐盈、叶紫、罗烽、舒群、端木蕻良、王西彦的小说.",373,38fb7f84d392c56ebfb19f4ba45e46afdcb5c041c850ce800ec1de1ef46653dc,39205,39578,D:\1大创\左联知识库项目\data\processed\runtime_sources\左联词典.txt,A=草明;B=于伶,,yes,no,pending_review,no,pending_cross_validation
REL-02876,ZLH-040,草明,ZLH-097,王西彦,同属组织,high,low,yes,pending_review,左联词典,zuolian_cidian,112,左联词典 第112页,"左联北方部拥有一批目己的新老作家,如谢冰苞,孙席珍、王志之、李守章、王余杞、澎品、白晓光(马加)、陈北鹃、杨阶、齐同、徐盛、金了、何菲、张永年(公木)、鲜鱼羊〔(俞仔船)、端木芳艮、王西彦、伍石夫、碧明、李节、余修等,他们不但在北方左联的刊物上发表作品,还在《文字》《文学季付}《文孕月刊办《作家汀《万学仰报弘《文学界)》、《光明办《中流)《现代汀《国闻周报)》《读书月刊》《申报月刊办《大公报,文艺》等报刊上发表了大量作品,其中成绩突出、作品较多的春冰鉴、杨刚、端木蕻良、一西彦、王志之。",245,cc198b093ff958fdce7a616f94a7232ce258b9d3fc12f476f31bf4c1ea86efbb,45483,45728,D:\1大创\左联知识库项目\data\processed\runtime_sources\左联词典.txt,A=晓光;B=王西彦,,yes,no,pending_review,no,pending_cross_validation
REL-02877,ZLH-040,草明,ZLH-116,孙席珍,同属组织,high,low,yes,pending_review,左联词典,zuolian_cidian,112,左联词典 第112页,"左联北方部拥有一批目己的新老作家,如谢冰苞,孙席珍、王志之、李守章、王余杞、澎品、白晓光(马加)、陈北鹃、杨阶、齐同、徐盛、金了、何菲、张永年(公木)、鲜鱼羊〔(俞仔船)、端木芳艮、王西彦、伍石夫、碧明、李节、余修等,他们不但在北方左联的刊物上发表作品,还在《文字》《文学季付}《文孕月刊办《作家汀《万学仰报弘《文学界)》、《光明办《中流)《现代汀《国闻周报)》《读书月刊》《申报月刊办《大公报,文艺》等报刊上发表了大量作品,其中成绩突出、作品较多的春冰鉴、杨刚、端木蕻良、一西彦、王志之。",245,cc198b093ff958fdce7a616f94a7232ce258b9d3fc12f476f31bf4c1ea86efbb,45483,45728,D:\1大创\左联知识库项目\data\processed\runtime_sources\左联词典.txt,A=晓光;B=孙席珍,,yes,no,pending_review,no,pending_cross_validation
REL-02880,ZLH-042,魏金枝,ZLH-043,端木蕻良,同属组织,critical,low,no,pending_review,左联史,zuolian_shi,430,左联史 第430页,"作为左联盟主的鲁迅,对一切积极有为的左翼文艺战士都倾注了深沉的爱与关怀,丁玲、胡风、叶紫、楼适夷、柏山、葛琴、白薇、徐懋庸、张天翼、王任叔、郑伯奇、聂绀弩、沙汀、艾芜、周文、李辉英、端木蕻良、欧阳山、草朋、魏金枝、白曙、魏猛克、王志之、金肇野、黄新波、韩白罗….",131,55cdbcf070070270338140498216dc59dfba157c19442bab16f6d6e4c36abbfe,655539,655670,D:\1大创\左联知识库项目\data\processed\runtime_sources\左联史.txt,A=魏金枝;B=端木蕻良,,yes,no,pending_review,no,pending_cross_validation
REL-02881,ZLH-042,魏金枝,ZLH-045,周立波,同属组织,critical,low,no,pending_review,左联史,zuolian_shi,331,左联史 第331页,"这283位签名者中有左联盟员王淑明、白薇、立波、艾芜、何家槐、沈西苓、沈起予、沙汀、杜君慧、金奎光、林娜(司马文森)、周钢鸣、邱韵铎、荒煤、徐步、徐懋庸、许杰、许幸之、丽尼、关霁、钱亦石、戴平万、聂绀弩、魏金枝等24人,他们实质是左联代表,因而可说是左联后期一次重要社会政治活动。",140,44b80b95a3dda3e3c64529abcc4151d99ea86929ac7f9f08d20484be806d34a5,500420,500560,D:\1大创\左联知识库项目\data\processed\runtime_sources\左联史.txt,A=魏金枝;B=立波,签名,yes,no,pending_review,no,pending_cross_validation
REL-02883,ZLH-042,魏金枝,ZLH-048,王任叔,同属组织,critical,low,no,pending_review,左联史,zuolian_shi,528,左联史 第528页,"1934年3月1日《春光》创刊号问世,登载的特约撰稿人名单多达51位,其中左联盟员作家就有方光焊、方土人、王任叔、白薇、丘东平、沙汀、艾芜、何家槐、李辉英、郁达夫、征农、洪深、祝秀侠、草明、许幸之、张天翼、董每戡、黎锦明、郑伯奇、穆木天、魏金枝、魏猛克22位;其他作家有夏与尊、陈望道、巴金、王统照、老吴、叶圣陶、傅东华、曹聚仁、丰子恺、陈子展、沈从文、施蛭存、马彦祥、沉樱、徐调乍、鲁彦、靳以、赵景深、李又然等;叶灵凤虽已被左联开除,但庄启东依然让他做《春光》特约撰稿人;诗人戴望舒在一篇法国通信中说过纪德也是“第三种人“的话,因而受到非议,但是他仍旧被列人了特约揣稿人的名单,真是极一时之盛。",298,232ca7ca1db8856adab82e346b24a29740c52419e1749a7565828ee1e602e432,825687,825985,D:\1大创\左联知识库项目\data\processed\runtime_sources\左联史.txt,A=魏金枝;B=王任叔,通信,yes,no,pending_review,no,pending_cross_validation
REL-02885,ZLH-042,魏金枝,ZLH-054,许幸之,待核验,critical,low,no,pending_review,左联史,zuolian_shi,98,左联史 第98页,名单如下:冯乃超华_汉_龚冰庐沈叶沉孟超俞_怀_邱韵铎沈端先潘汉年“王洁予冯润璋_顾凤城彭康许峻冯铿王任桐周全平_洪灵菲_戴平万“钱杏邵冯宪章鲁迅杜衡埕子柔石侍桁画室吴贯中黄_素郑伯奇鲁_史朱镜我_田汉王一榴_蒋光慈刘锡五_叶灵凤_郁达夫陶晶孙_戴望舒李初梨_林伯修殴_夫_徐迅雷_程少怀_陈正道_许幸之_郭沫若_沈起予被介绍加人的:仲_豪“徐耘阡_魏金枝届文泳涛丁锐人马宁_孙孟涛王润甫_卢苍雁张璞无产阶级文艺俱乐部的发起人李_平胡忠信阿细余惠“萧歌强其他各反动组织之名单不明。,240,451607e392e76506863cb80a4c973cbf07385569c9884fdd80d90b1d3fb68d03,141748,141988,D:\1大创\左联知识库项目\data\processed\runtime_sources\左联史.txt,A=魏金枝;B=许幸之,介绍,no,no,pending_review,no,pending_cross_validation
REL-02887,ZLH-042,魏金枝,ZLH-058,郭沫若,交游,low,medium,no,inferred,左联史,zuolian_shi,98,左联史 第98页,名单如下:冯乃超华_汉_龚冰庐沈叶沉孟超俞_怀_邱韵铎沈端先潘汉年“王洁予冯润璋_顾凤城彭康许峻冯铿王任桐周全平_洪灵菲_戴平万“钱杏邵冯宪章鲁迅杜衡埕子柔石侍桁画室吴贯中黄_素郑伯奇鲁_史朱镜我_田汉王一榴_蒋光慈刘锡五_叶灵凤_郁达夫陶晶孙_戴望舒李初梨_林伯修殴_夫_徐迅雷_程少怀_陈正道_许幸之_郭沫若_沈起予被介绍加人的:仲_豪“徐耘阡_魏金枝届文泳涛丁锐人马宁_孙孟涛王润甫_卢苍雁张璞无产阶级文艺俱乐部的发起人李_平胡忠信阿细余惠“萧歌强其他各反动组织之名单不明。,240,451607e392e76506863cb80a4c973cbf07385569c9884fdd80d90b1d3fb68d03,141748,141988,D:\1大创\左联知识库项目\data\processed\runtime_sources\左联史.txt,A=魏金枝;B=郭沫若,介绍,no,no,supported,yes,pending_cross_validation
REL-02888,ZLH-042,魏金枝,ZLH-059,白薇,同属组织,critical,low,no,pending_review,左联史,zuolian_shi,666,左联史 第666页,"民间戏剧及其他左联作家中,有少数人也很关心民间戏剧,陶普孙、郑伯奇、魏金枝、凌鹤、白薇、茅盾、王志之等都就他们关注的问题发表过文章。",66,a1af5c8772759f7e4be0a7223949eb8220786aa43d4125f939ef429aadae477f,1038718,1038784,D:\1大创\左联知识库项目\data\processed\runtime_sources\左联史.txt,A=魏金枝;B=白薇,,no,no,pending_review,no,pending_cross_validation
REL-02890,ZLH-042,魏金枝,ZLH-061,朱镜我,待核验,critical,low,no,pending_review,左联史,zuolian_shi,98,左联史 第98页,名单如下:冯乃超华_汉_龚冰庐沈叶沉孟超俞_怀_邱韵铎沈端先潘汉年“王洁予冯润璋_顾凤城彭康许峻冯铿王任桐周全平_洪灵菲_戴平万“钱杏邵冯宪章鲁迅杜衡埕子柔石侍桁画室吴贯中黄_素郑伯奇鲁_史朱镜我_田汉王一榴_蒋光慈刘锡五_叶灵凤_郁达夫陶晶孙_戴望舒李初梨_林伯修殴_夫_徐迅雷_程少怀_陈正道_许幸之_郭沫若_沈起予被介绍加人的:仲_豪“徐耘阡_魏金枝届文泳涛丁锐人马宁_孙孟涛王润甫_卢苍雁张璞无产阶级文艺俱乐部的发起人李_平胡忠信阿细余惠“萧歌强其他各反动组织之名单不明。,240,451607e392e76506863cb80a4c973cbf07385569c9884fdd80d90b1d3fb68d03,141748,141988,D:\1大创\左联知识库项目\data\processed\runtime_sources\左联史.txt,A=魏金枝;B=朱镜我,介绍,no,no,pending_review,no,pending_cross_validation
REL-02893,ZLH-042,魏金枝,ZLH-067,任钧,交游,low,medium,no,inferred,左联史,zuolian_shi,231,左联史 第231页,"其他左联作家被禁的著译还有:戴平万《陆阿六》,杨郫人《狂澜》与《苍闷》,孙席珍《战场上》、《辛克莱译传》,冯宪章《梦后》、《叶山嘉树集》,何畏《文学方法论者蒲列哈诺夫》,戴望舒《啪物史观的文学论》,顾凤城《新兴文学概论》和《没落的灵魂》,王余杞《朋友与敌人》,健尼(高云览)《前夜》,周全平《残兵》,森堡(任钧)《藤森成吉集》、《爱与仇》、《隐秘的爱》,龚冰庐《炭矿夫》、《黎明之前》,潘汉年《离婚》,李辉英《万宝山》,沙汀《法律外的航线》,蒲风《茫茫夜》、《六月流火》,白特(杜谈)《还乡集》,台静农《建塔者》,侍桁《文学评论集》和《铁甲列车》,魏金枝《奶妈》,华蒂(叶以群)《文艺创作概论》,白薇《打出幽灵塔》,谷非(胡风)《洋鬼》,柳倩《生命的微突》,祝秀侠《巴比塞短篇作》,叶紫《丰收》,马宁《新恋》,陈子鹄《守宙之歌》,田间《中国.",371,cf16afb36df85da3a017fd88ec86667fa0b69a7c110e817a8221ad8ac0379430,343302,343673,D:\1大创\左联知识库项目\data\processed\runtime_sources\左联史.txt,A=魏金枝;B=任钧,,no,no,supported,yes,pending_cross_validation
REL-02895,ZLH-042,魏金枝,ZLH-073,王余杞,待核验,critical,low,no,pending_review,左联史,zuolian_shi,231,左联史 第231页,"其他左联作家被禁的著译还有:戴平万《陆阿六》,杨郫人《狂澜》与《苍闷》,孙席珍《战场上》、《辛克莱译传》,冯宪章《梦后》、《叶山嘉树集》,何畏《文学方法论者蒲列哈诺夫》,戴望舒《啪物史观的文学论》,顾凤城《新兴文学概论》和《没落的灵魂》,王余杞《朋友与敌人》,健尼(高云览)《前夜》,周全平《残兵》,森堡(任钧)《藤森成吉集》、《爱与仇》、《隐秘的爱》,龚冰庐《炭矿夫》、《黎明之前》,潘汉年《离婚》,李辉英《万宝山》,沙汀《法律外的航线》,蒲风《茫茫夜》、《六月流火》,白特(杜谈)《还乡集》,台静农《建塔者》,侍桁《文学评论集》和《铁甲列车》,魏金枝《奶妈》,华蒂(叶以群)《文艺创作概论》,白薇《打出幽灵塔》,谷非(胡风)《洋鬼》,柳倩《生命的微突》,祝秀侠《巴比塞短篇作》,叶紫《丰收》,马宁《新恋》,陈子鹄《守宙之歌》,田间《中国.",371,cf16afb36df85da3a017fd88ec86667fa0b69a7c110e817a8221ad8ac0379430,343302,343673,D:\1大创\左联知识库项目\data\processed\runtime_sources\左联史.txt,A=魏金枝;B=王余杞,,no,no,pending_review,no,pending_cross_validation
REL-02896,ZLH-042,魏金枝,ZLH-077,柳倩,待核验,critical,low,no,pending_review,左联史,zuolian_shi,231,左联史 第231页,"其他左联作家被禁的著译还有:戴平万《陆阿六》,杨郫人《狂澜》与《苍闷》,孙席珍《战场上》、《辛克莱译传》,冯宪章《梦后》、《叶山嘉树集》,何畏《文学方法论者蒲列哈诺夫》,戴望舒《啪物史观的文学论》,顾凤城《新兴文学概论》和《没落的灵魂》,王余杞《朋友与敌人》,健尼(高云览)《前夜》,周全平《残兵》,森堡(任钧)《藤森成吉集》、《爱与仇》、《隐秘的爱》,龚冰庐《炭矿夫》、《黎明之前》,潘汉年《离婚》,李辉英《万宝山》,沙汀《法律外的航线》,蒲风《茫茫夜》、《六月流火》,白特(杜谈)《还乡集》,台静农《建塔者》,侍桁《文学评论集》和《铁甲列车》,魏金枝《奶妈》,华蒂(叶以群)《文艺创作概论》,白薇《打出幽灵塔》,谷非(胡风)《洋鬼》,柳倩《生命的微突》,祝秀侠《巴比塞短篇作》,叶紫《丰收》,马宁《新恋》,陈子鹄《守宙之歌》,田间《中国.",371,cf16afb36df85da3a017fd88ec86667fa0b69a7c110e817a8221ad8ac0379430,343302,343673,D:\1大创\左联知识库项目\data\processed\runtime_sources\左联史.txt,A=魏金枝;B=柳倩,,no,no,pending_review,no,pending_cross_validation
REL-02901,ZLH-042,魏金枝,ZLH-091,叶以群,合作,critical,medium,no,pending_review,左联史,zuolian_shi,231,左联史 第231页,"其他左联作家被禁的著译还有:戴平万《陆阿六》,杨郫人《狂澜》与《苍闷》,孙席珍《战场上》、《辛克莱译传》,冯宪章《梦后》、《叶山嘉树集》,何畏《文学方法论者蒲列哈诺夫》,戴望舒《啪物史观的文学论》,顾凤城《新兴文学概论》和《没落的灵魂》,王余杞《朋友与敌人》,健尼(高云览)《前夜》,周全平《残兵》,森堡(任钧)《藤森成吉集》、《爱与仇》、《隐秘的爱》,龚冰庐《炭矿夫》、《黎明之前》,潘汉年《离婚》,李辉英《万宝山》,沙汀《法律外的航线》,蒲风《茫茫夜》、《六月流火》,白特(杜谈)《还乡集》,台静农《建塔者》,侍桁《文学评论集》和《铁甲列车》,魏金枝《奶妈》,华蒂(叶以群)《文艺创作概论》,白薇《打出幽灵塔》,谷非(胡风)《洋鬼》,柳倩《生命的微突》,祝秀侠《巴比塞短篇作》,叶紫《丰收》,马宁《新恋》,陈子鹄《守宙之歌》,田间《中国.",371,cf16afb36df85da3a017fd88ec86667fa0b69a7c110e817a8221ad8ac0379430,343302,343673,D:\1大创\左联知识库项目\data\processed\runtime_sources\左联史.txt,A=魏金枝;B=叶以群,,no,no,pending_review,no,pending_cross_validation
REL-02906,ZLH-042,魏金枝,ZLH-100,姚蓬子,合作,critical,medium,no,pending_review,左联史,zuolian_shi,153,左联史 第153页,"创刊号发表的小说有《二十一个》(张天翼)、《碑》(沈起予)、《天地之死》(白薇)、《自由在垃圾桶里》(魏金枝)、《胆怯列车》(巴比塞作蓬子译)、《鹿》(Rarga作穆木天译),诗《奉天驿中》(穆木天)、《雪夜》(蓬子),评论《--个空虚的作者》(侍桁)、《建塔者》(侍柬)。",137,170ed38255e5366c5dc6722d67381848abac6077c4e9f987127deedca01e1791,221738,221875,D:\1大创\左联知识库项目\data\processed\runtime_sources\左联史.txt,A=魏金枝;B=蓬子,,no,no,pending_review,no,pending_cross_validation
REL-02907,ZLH-042,魏金枝,ZLH-104,叶灵凤,待核验,critical,low,no,pending_review,左联史,zuolian_shi,98,左联史 第98页,名单如下:冯乃超华_汉_龚冰庐沈叶沉孟超俞_怀_邱韵铎沈端先潘汉年“王洁予冯润璋_顾凤城彭康许峻冯铿王任桐周全平_洪灵菲_戴平万“钱杏邵冯宪章鲁迅杜衡埕子柔石侍桁画室吴贯中黄_素郑伯奇鲁_史朱镜我_田汉王一榴_蒋光慈刘锡五_叶灵凤_郁达夫陶晶孙_戴望舒李初梨_林伯修殴_夫_徐迅雷_程少怀_陈正道_许幸之_郭沫若_沈起予被介绍加人的:仲_豪“徐耘阡_魏金枝届文泳涛丁锐人马宁_孙孟涛王润甫_卢苍雁张璞无产阶级文艺俱乐部的发起人李_平胡忠信阿细余惠“萧歌强其他各反动组织之名单不明。,240,451607e392e76506863cb80a4c973cbf07385569c9884fdd80d90b1d3fb68d03,141748,141988,D:\1大创\左联知识库项目\data\processed\runtime_sources\左联史.txt,A=魏金枝;B=叶灵凤,介绍,no,no,pending_review,no,pending_cross_validation
REL-02908,ZLH-042,魏金枝,ZLH-105,沈起予,同属组织,critical,low,yes,pending_review,左联史,zuolian_shi,98,左联史 第98页,名单如下:冯乃超华_汉_龚冰庐沈叶沉孟超俞_怀_邱韵铎沈端先潘汉年“王洁予冯润璋_顾凤城彭康许峻冯铿王任桐周全平_洪灵菲_戴平万“钱杏邵冯宪章鲁迅杜衡埕子柔石侍桁画室吴贯中黄_素郑伯奇鲁_史朱镜我_田汉王一榴_蒋光慈刘锡五_叶灵凤_郁达夫陶晶孙_戴望舒李初梨_林伯修殴_夫_徐迅雷_程少怀_陈正道_许幸之_郭沫若_沈起予被介绍加人的:仲_豪“徐耘阡_魏金枝届文泳涛丁锐人马宁_孙孟涛王润甫_卢苍雁张璞无产阶级文艺俱乐部的发起人李_平胡忠信阿细余惠“萧歌强其他各反动组织之名单不明。,240,451607e392e76506863cb80a4c973cbf07385569c9884fdd80d90b1d3fb68d03,141748,141988,D:\1大创\左联知识库项目\data\processed\runtime_sources\左联史.txt,A=魏金枝;B=沈起予,介绍,no,no,pending_review,no,pending_cross_validation
REL-02911,ZLH-042,魏金枝,ZLH-112,戴望舒,创作合作,low,medium,no,inferred,左联史,zuolian_shi,562,左联史 第562页,"与戴望舒合编“现代创作丛刊“,收左联作家张天翼、丁玲、魏金枝、何家槐、穆木天等的作品9种。",45,9f0ad809b4abd1d4079dec77d69b4f3754cf3c9901c2e859591ae1d8464bc96e,884903,884948,D:\1大创\左联知识库项目\data\processed\runtime_sources\左联史.txt,A=魏金枝;B=戴望舒,合编,no,no,supported,yes,pending_cross_validation
REL-02914,ZLH-042,魏金枝,ZLH-119,何家槐,同属组织,critical,low,no,pending_review,左联史,zuolian_shi,562,左联史 第562页,"与戴望舒合编“现代创作丛刊“,收左联作家张天翼、丁玲、魏金枝、何家槐、穆木天等的作品9种。",45,9f0ad809b4abd1d4079dec77d69b4f3754cf3c9901c2e859591ae1d8464bc96e,884903,884948,D:\1大创\左联知识库项目\data\processed\runtime_sources\左联史.txt,A=魏金枝;B=何家槐,合编,no,no,pending_review,no,pending_cross_validation
REL-02915,ZLH-042,魏金枝,ZLH-120,夏征农,待核验,critical,low,yes,pending_review,左联史,zuolian_shi,431,左联史 第431页,"1934一1935年,另一位美国记者伊罗生也要编译一部现代中国小说选,名为《草鞋脚》,请鲁迅、茅盾推荐作品,他们推荐了一批左翼作家的佳作,如征农《禾场上》、欧阳山《水棚里的清道夫》、草明《倾跌》、张天翼《一件寻常事》、葛琴《总退却》、艾芜《咆哮的许家屯》、东平《通讯员》、沙汀《老人》、丁九(应修人)《金宝塔银宝塔》、适夷《死》、何谷天《雪地》、魏金枝《制服》、茅盾《大泽乡》、丁玲《莎菲女士的日记》和《水》等。",206,7e0e0e073542393c83d8bfab925e55864ef687ea04814aa8627a51a9fe12baa1,656372,656578,D:\1大创\左联知识库项目\data\processed\runtime_sources\左联史.txt,A=魏金枝;B=征农,推荐,no,no,pending_review,no,pending_cross_validation
REL-02928,ZLH-042,魏金枝,ZLH-141,高尔基,交游,low,medium,no,inferred,左联史,zuolian_shi,91,左联史 第91页,"上述刊物还发表了蒋光慈的长篇《咆哮了的土地》,论文《社会主义的建设与现代俄国文学》,译小说《此路不通》(苏联维列赛也夫著);冯润璋有短篇《灾情》、《统舱中》;洪灵菲有中篇《大海》,短篇《新的集回》,论文《普罗列塔利亚小说论3;适夷有小说《狱守老邦》、《甲子之役》,评论《苏维埃剧坛上的现代潮流《激流怒涛中的最近日本普罗艺运》、《(震撼支那的三日间〉一一介绍日本林守仁的戏剧?;戴平万有《新生》,魏金枝有《焦大哥》,张天翼有《搬家后》等小说;丁锐爪有诗《一人人六》,邱韵铎有论文《无产文艺的故乡》,翻译小说《兵士和农民》(高尔基)、《伦敦的卵啡店》和《车夫与木匠》(均贾克.",286,9acd8396aaa72ff52cee9f2d81d145929202d653b2b75bd486d73d0718ae6cfb,129570,129856,D:\1大创\左联知识库项目\data\processed\runtime_sources\左联史.txt,A=魏金枝;B=高尔基,介绍,no,yes,supported,yes,pending_cross_validation
REL-02930,ZLH-042,魏金枝,ZLH-144,巴比塞,创作合作,low,medium,no,inferred,左联史,zuolian_shi,153,左联史 第153页,"创刊号发表的小说有《二十一个》(张天翼)、《碑》(沈起予)、《天地之死》(白薇)、《自由在垃圾桶里》(魏金枝)、《胆怯列车》(巴比塞作蓬子译)、《鹿》(Rarga作穆木天译),诗《奉天驿中》(穆木天)、《雪夜》(蓬子),评论《--个空虚的作者》(侍桁)、《建塔者》(侍柬)。",137,170ed38255e5366c5dc6722d67381848abac6077c4e9f987127deedca01e1791,221738,221875,D:\1大创\左联知识库项目\data\processed\runtime_sources\左联史.txt,A=魏金枝;B=巴比塞,,no,no,supported,yes,pending_cross_validation
REL-02933,ZLH-043,端木蕻良,ZLH-045,周立波,同属组织,critical,low,no,pending_review,左联词典,zuolian_cidian,104,左联词典 第104页,"左联拥有一批贡献卓著、德高望重的老作家如鲁迅、茅盾、翔秋日、蒋光慈、田汉、洪深,左联诣生前已从事创作和翻译的柔石、洪灵菲、应修人、潘漠华、郑伯奇、王任叔、阳翰笙、阿英、丁玲、张天翼、冯雪峰、夏衍、周扬、胡风、周立波、穆木天、杨骚、白薇等,又培养了一批思想活既、颇具才华的文学新人如冯铿、沙汀、艾莅、欧阳山、草明、李辉英、周文、柏山、东平、征农、荒煤、葛琴、徐盈、叶紫、罗烽、舒群、端木蕻良、王西彦、王尘无、蒲风、田间、于伶、凌鹤、徐懋庸、聂绀弩、廖沫沙等,他们都为左翼文学奉献了自己的佳作,如鲁迅、瞿秋白、徐懋庸、聂绀弩、廖沫沙的杂文,茅盾的《于夜》蒋光意《咆哮了的土地》,胡也频《光明在我们的前面9,柔石、冯铿、丁玲、阳翰笙、沙汀、艾芜、欧阳山、草明、李辉英、周文、柏山、东平、征农、荒煤、葛琴、徐盈、叶紫、罗烽、舒群、端木蕻良、王西彦的小说.",373,38fb7f84d392c56ebfb19f4ba45e46afdcb5c041c850ce800ec1de1ef46653dc,39205,39578,D:\1大创\左联知识库项目\data\processed\runtime_sources\左联词典.txt,A=端木蕻良;B=周立波,,yes,no,pending_review,no,pending_cross_validation
REL-02935,ZLH-043,端木蕻良,ZLH-048,王任叔,待核验,critical,low,no,pending_review,左联史,zuolian_shi,624,左联史 第624页,"为了让更多的左翼作家能有机会互相交流文坛信息、探讨创作问题,茅盾和冯雪峰等商议,欧定组织部分青年作家每两周举行一次聚餐会,时间在第二个星期日,故名“月曜会“,由茅盾作东,与会的有张天翰、泉汀、艾芜、王任叔、端木蕻良、陈白尘、蒋牧良等。",117,394541e705cfde75330c754a73c85b95b5fdeffd54653750b4ba24011c467133,980536,980653,D:\1大创\左联知识库项目\data\processed\runtime_sources\左联史.txt,A=端木蕻良;B=王任叔,组织,no,no,pending_review,no,pending_cross_validation
REL-02946,ZLH-043,端木蕻良,ZLH-071,李霁野,交游,low,medium,no,inferred,左联史,zuolian_shi,620,左联史 第620页,"布莱德尔作,克夫译)、端木蕻良的短篇《轭下》、鲁迅《病中通信》9封、艾青的诗《春与生命》,散文有曹白《歼音》和李霁野《一夕谈》,还有茅盾对周文两部长篇小说《烟苗季》《在白森镇》的评论和冬青对艾思奇哲学著作的评论《关于“思想方法“》,杂文栏名为“无花的蓝薇“刊出茅盾《读报有感》、朐风《由“人性“到“互利“》和《万乐声中一点哀》、萧军《刑》、须旅《苍蝇的故事》、惕生《“文人相重“》等。",192,ee04e3a27e6fd1a97b593bb8c9cc29d85d2d94bc61ccf9d28eee37bb72a92a5a,974424,974616,D:\1大创\左联知识库项目\data\processed\runtime_sources\左联史.txt,A=端木蕻良;B=李霁野,通信,no,no,supported,yes,pending_cross_validation
REL-02950,ZLH-043,端木蕻良,ZLH-081,陈白尘,交游,low,medium,no,inferred,左联史,zuolian_shi,624,左联史 第624页,"为了让更多的左翼作家能有机会互相交流文坛信息、探讨创作问题,茅盾和冯雪峰等商议,欧定组织部分青年作家每两周举行一次聚餐会,时间在第二个星期日,故名“月曜会“,由茅盾作东,与会的有张天翰、泉汀、艾芜、王任叔、端木蕻良、陈白尘、蒋牧良等。",117,394541e705cfde75330c754a73c85b95b5fdeffd54653750b4ba24011c467133,980536,980653,D:\1大创\左联知识库项目\data\processed\runtime_sources\左联史.txt,A=端木蕻良;B=陈白尘,组织,no,no,supported,yes,pending_cross_validation
REL-02951,ZLH-043,端木蕻良,ZLH-083,林焕平,同属组织,high,low,yes,pending_review,左联词典,zuolian_cidian,560,左联词典 第560页,"收《继承和发扬鲁迅的战斗精神》(荒煤)、《中华民族新文化的方向》(张硅石)两篇论文和林焕平、杨纤如、杨秀恰、刘芳松、雷渣波、沙汀、夏征农、李辉英,吴强,伍孟昌、巫省三、王尧山、梅志、汪仑、郭维城,王玉清、金木、草明、许率之、李俊民、李正文、刘尊棋、段英、郝冠英,刘景明、端木蕻良、韩白罗、冯厚生,李之琏,石啸冰、陈落、高承志、刘春、王景任、路一、陈辛仁,雷石榆、臧云远、乔天华等关于左联的回忆录39篇,可说是1982年出版的《左联回忆录》的姐妹篇。",224,28a64c3022acc100ea523625e56924c13e5061cc2c0b21358ed0f681026c6d4c,431769,431993,D:\1大创\左联知识库项目\data\processed\runtime_sources\左联词典.txt,A=端木蕻良;B=林焕平,,yes,yes,pending_review,no,pending_cross_validation
REL-02952,ZLH-043,端木蕻良,ZLH-085,方殷,同属组织,high,low,yes,pending_review,左联史,zuolian_shi,51,左联史 第51页,"可惜当时《科学新闻》编辑端木蕻良、方殷等未能及时收到这封来信,7月29日该刊第4号出版后被迫停刊,这封信也就无法公之于众。",61,3744bb7f669bc663b9faeae7292b704b0060b2bca1ec3b0adb4bebbcf07d23e9,68960,69021,D:\1大创\左联知识库项目\data\processed\runtime_sources\左联史.txt,A=端木蕻良;B=方殷,来信,no,no,pending_review,no,pending_cross_validation
REL-02955,ZLH-043,端木蕻良,ZLH-097,王西彦,同属组织,high,low,yes,pending_review,左联词典,zuolian_cidian,274,左联词典 第274页,"认为鲁迅的杂文和茅盾的小说是“新兴文学影响力最大的成就“;指出郭沫若,巴金、张天翼、靳以、沈起于、沙汀、艾芜、夏衍、欧阳山、丽尼、齐同、屈轶、卢萝、蒋牧良、萧军等*都在创作上尽了他们最善的努力“;“端木蕻良、荒煤、舒群、松之的、罗烽、姚雪垠、王西彦、吴奚如、刘白羽等,都有很高的成就“。",143,48c9ac54259e8005555e3c2703389f9de61e2369a9ee63829f6b41cb1214d385,186337,186480,D:\1大创\左联知识库项目\data\processed\runtime_sources\左联词典.txt,A=端木蕻良;B=王西彦,,yes,no,pending_review,no,pending_cross_validation
REL-02969,ZLH-043,端木蕻良,ZLH-145,萧伯纳,地下通讯,low,medium,no,inferred,左联史,zuolian_shi,548,左联史 第548页,"1933年2月,他去火车站欢迎英国文豪萧伯纳;4月,中共北平地下党组织为李大钊烈士迁薄举行了大规模的民众祭奠仪式,端木蕻良参加这一活动。",68,5e0759b234611e85c5452516588471b83ffe0a29bd678e6da0675dc7f2f2dc4f,860243,860311,D:\1大创\左联知识库项目\data\processed\runtime_sources\左联史.txt,A=端木蕻良;B=萧伯纳,组织,no,no,supported,yes,pending_cross_validation
REL-02971,ZLH-045,周立波,ZLH-047,林淡秋,交游,low,medium,no,inferred,左联史,zuolian_shi,329,左联史 第329页,"当时常委会儿位成员如何家榻、周立波、梅益、林淡秋等都有较强的写作、翻译实力,是可以大有作为的。",47,475385deed8e25c49bc42c8830056d8f1d8475e87aaa646df9bc34a480d009c2,496837,496884,D:\1大创\左联知识库项目\data\processed\runtime_sources\左联史.txt,A=周立波;B=林淡秋,,no,no,supported,yes,pending_cross_validation
REL-02972,ZLH-045,周立波,ZLH-048,王任叔,待核验,critical,low,no,pending_review,左联史,zuolian_shi,670,左联史 第670页,"左联作家对其他马克思主义文艺问题的见解左联作家们对马克思主义文艺理论十分重视、努力学习,儿位老作家且颇有心得,把马克思列宁主义的立场、观点方法融汇在自己的论著中,如鲁迅《(艺术论〉译本序》《关于小说题材的通信》,秋白《〈鲁迅杂感选集〉序言》,茅盾《中国苏维埃革命与普罗文学之建设》等;青年作家们则善于联系中国左翼文学运动的实际,发表文章,闸述自己的见解,提供给更多的朋友参考,如王任叔《现实主义者的路》,任白戈《世界观与创作方法》,辛人《艺术的本质和特质》,周立波《文学中的典型人物》《文艺的特性》《文学的永久性》《艺术的幻想》,王淑明《文艺作品与真实》《关于题材类似的问@〇原作朱伊土。",294,242ae9a04ee61807ea3a7cfadfe48e989870352510f7a18d165ac7179bd95dcd,1045233,1045527,D:\1大创\左联知识库项目\data\processed\runtime_sources\左联史.txt,A=周立波;B=王任叔,通信,no,no,pending_review,no,pending_cross_validation
REL-02975,ZLH-045,周立波,ZLH-059,白薇,待核验,critical,low,no,pending_review,左联史,zuolian_shi,296,左联史 第296页,"时代》、《存文》,沈起才《艺术哲学》,张香山《〈十二把椅子〉及其作者》,杨骚《做人与做文章》、《啄酒颂》,欧查《阮玲玉底死》,白薇《阮玲玉自杀的社会意识》,黄芝冈《花鼓探原》、《说锏鼓》,欧阳山《生底烦扰》,立波《自卑和自尊》,欧阳凡海《关于历史小品的一二感想》,阿英《惜秋生非李伯元化名考》、《清未文艺杂志》,羊枣《“虚荣之市“》等,大家都为这份杂志做出了贡献。",182,1f78004c3d5d3300457727348b547d0e93b7fd87e6a7273cf39906f9d936a4fb,443509,443691,D:\1大创\左联知识库项目\data\processed\runtime_sources\左联史.txt,A=立波;B=白薇,,no,no,pending_review,no,pending_cross_validation
REL-02977,ZLH-045,周立波,ZLH-063,任白戈,交游,low,medium,no,inferred,左联史,zuolian_shi,22,左联史 第22页,"左联为深人研究,广泛宣传马克思主义文艺理论而立这一机构,主要任务是翻译介绍马克思主义文艺理论,传送有关信息,成员有韩起、周立波、任白戈、徐懋庸等。",73,5198bcb0fdd2fe34a4329b719cd74b2c3a9fc3e61ae3e13a919d43dc83690021,22540,22613,D:\1大创\左联知识库项目\data\processed\runtime_sources\左联史.txt,A=周立波;B=任白戈,介绍,no,no,supported,yes,pending_cross_validation
REL-02979,ZLH-045,周立波,ZLH-067,任钧,交游,low,medium,no,inferred,左联词典,zuolian_cidian,239,左联词典 第239页,"10月,又任中国左翼文化总同盟常委、宣传部长,分工货货联系十余所大学的文艺社团,常与周立波、殷夫、任钧等盟员去复旦大学等校开展活动,鲁迅、蔡和森等都被他请来作过报告.",83,2bacc7bf51807726a893aec56e8ca8423757c325759d2932e96b94a8c7b7f93d,155741,155824,D:\1大创\左联知识库项目\data\processed\runtime_sources\左联词典.txt,A=周立波;B=任钧,,no,no,supported,yes,pending_cross_validation
REL-02983,ZLH-045,周立波,ZLH-083,林焕平,待核验,critical,low,yes,pending_review,左联史,zuolian_shi,676,左联史 第676页,"乌理》,企(周扬)《从比兰台罗@说到文学上的悲观主义》,林焕平《比兰台罗的戏剧》,立波《现代艺术的悲观性》,梅雨《现代文学中的颓度性》,辛人《伤感主义》,林焕平《行动主义的文学理论》,张香山《关于行动主义的文学》,碌鹤《关于新心理写实主义》。",121,50fb8fec3631f11ac447ed02da4d7fd8b3815ff82194b00d2b796617099da9cf,1053870,1053991,D:\1大创\左联知识库项目\data\processed\runtime_sources\左联史.txt,A=立波;B=林焕平,,no,no,pending_review,no,pending_cross_validation
REL-02988,ZLH-045,周立波,ZLH-097,王西彦,同属组织,critical,low,no,pending_review,左联词典,zuolian_cidian,104,左联词典 第104页,"左联拥有一批贡献卓著、德高望重的老作家如鲁迅、茅盾、翔秋日、蒋光慈、田汉、洪深,左联诣生前已从事创作和翻译的柔石、洪灵菲、应修人、潘漠华、郑伯奇、王任叔、阳翰笙、阿英、丁玲、张天翼、冯雪峰、夏衍、周扬、胡风、周立波、穆木天、杨骚、白薇等,又培养了一批思想活既、颇具才华的文学新人如冯铿、沙汀、艾莅、欧阳山、草明、李辉英、周文、柏山、东平、征农、荒煤、葛琴、徐盈、叶紫、罗烽、舒群、端木蕻良、王西彦、王尘无、蒲风、田间、于伶、凌鹤、徐懋庸、聂绀弩、廖沫沙等,他们都为左翼文学奉献了自己的佳作,如鲁迅、瞿秋白、徐懋庸、聂绀弩、廖沫沙的杂文,茅盾的《于夜》蒋光意《咆哮了的土地》,胡也频《光明在我们的前面9,柔石、冯铿、丁玲、阳翰笙、沙汀、艾芜、欧阳山、草明、李辉英、周文、柏山、东平、征农、荒煤、葛琴、徐盈、叶紫、罗烽、舒群、端木蕻良、王西彦的小说.",373,38fb7f84d392c56ebfb19f4ba45e46afdcb5c041c850ce800ec1de1ef46653dc,39205,39578,D:\1大创\左联知识库项目\data\processed\runtime_sources\左联词典.txt,A=周立波;B=王西彦,,yes,no,pending_review,no,pending_cross_validation
REL-02991,ZLH-045,周立波,ZLH-105,沈起予,同属组织,critical,low,yes,pending_review,左联史,zuolian_shi,331,左联史 第331页,"这283位签名者中有左联盟员王淑明、白薇、立波、艾芜、何家槐、沈西苓、沈起予、沙汀、杜君慧、金奎光、林娜(司马文森)、周钢鸣、邱韵铎、荒煤、徐步、徐懋庸、许杰、许幸之、丽尼、关霁、钱亦石、戴平万、聂绀弩、魏金枝等24人,他们实质是左联代表,因而可说是左联后期一次重要社会政治活动。",140,44b80b95a3dda3e3c64529abcc4151d99ea86929ac7f9f08d20484be806d34a5,500420,500560,D:\1大创\左联知识库项目\data\processed\runtime_sources\左联史.txt,A=立波;B=沈起予,签名,yes,no,pending_review,no,pending_cross_validation
REL-02995,ZLH-045,周立波,ZLH-119,何家槐,交游,low,medium,no,inferred,左联词典,zuolian_cidian,497,左联词典 第497页,撰稿人有鲁迅、郭沫苔、立波、何家槐、梅阮、辛人、杨骚等左联盟员。,32,0d6b36644215a824db6f1651c57a5406d5f7bf9c8cbb86cfcd6232c8b7eb54f4,378568,378600,D:\1大创\左联知识库项目\data\processed\runtime_sources\左联词典.txt,A=立波;B=何家槐,撰稿,no,no,supported,yes,pending_cross_validation
REL-02996,ZLH-045,周立波,ZLH-120,夏征农,交游,low,medium,no,inferred,左联词典,zuolian_cidian,142,左联词典 第142页,"1937华4月1日《中华月报》5卷t期发表他和征农、欧阳山、雪书、任钧、东平、立波、胡风的笔读《对于文艺界统一运动的我见》,挡出,“若是把文艺作品单纯地作为达到某种政治理想的工具来看.",92,63a6603d28dd574914bdcc1364092b0b829c9b4a6b66c902fc931938acb15acd,70141,70233,D:\1大创\左联知识库项目\data\processed\runtime_sources\左联词典.txt,A=立波;B=征农,,no,no,supported,yes,pending_cross_validation
REL-03003,ZLH-045,周立波,ZLH-141,高尔基,交游,low,medium,no,inferred,左联史,zuolian_shi,703,左联史 第703页,"尼尔宁作方土人译)、《托尔斯泰及其周围的人们》(高尔基作任钧译)以及何畏《关于托尔斯泰的论题》、周立波《纪念托尔斯泰》,它们分别刊载在《萌芽月刊》、《夜莺》、《光明》以及《朔望半月刊》、《生活知识》上。",101,9110e34f7fa1ea0d27f1d0d865cbaee205b50c947afda505ed3b77a7d2fa41e6,1097741,1097842,D:\1大创\左联知识库项目\data\processed\runtime_sources\左联史.txt,A=周立波;B=高尔基,,no,no,supported,yes,pending_cross_validation
REL-03005,ZLH-045,周立波,ZLH-144,巴比塞,纪念/悼念,critical,medium,no,pending_review,左联史,zuolian_shi,269,左联史 第269页,"卡列尼娜》,苟眉译保加利亚战佐夫《轭下》,鲁彦详波兰普路司《法老》,罗稷南译俄国高尔基《燎原》,娄放飞译法国巴比塞《火线上》,郑伯奇译法国罗曼罗兰《若望克里士托夫》,立波译俄国梭罗诃夫《被开垦的处女地》;中国之部则有郑振铎编《全元曲》、《元明讲史》初集、《元明传奇》二集、明代冯梦龙编《醒世恒言》、《清传奇》初集、《清文选》(一)等等。",168,a75df20772cb421e56c5912d7fce602a2955e321f9554278d86ee8ccbe5dc8e8,402182,402350,D:\1大创\左联知识库项目\data\processed\runtime_sources\左联史.txt,A=立波;B=巴比塞,,no,no,pending_review,no,pending_cross_validation
REL-03011,ZLH-046,邵荃麟,ZLH-091,叶以群,待核验,high,low,yes,pending_review,左联词典,zuolian_cidian,685,左联词典 第685页,"记葛琴生平,同鲁迅先生的交往和鲁迅为小说《总退却》写的序言,还记下张天耀、叶以群、邵荃麟等左翼作家去宜兴丁山镇葛家柯堂聚会的经过。",65,c2f61b797e8191c7dcbf65a040fe19e377e905c1e126bbb1e25bfe1904b39af2,537345,537410,D:\1大创\左联知识库项目\data\processed\runtime_sources\左联词典.txt,A=邵荃麟;B=叶以群,聚会,no,no,pending_review,no,pending_cross_validation
REL-03016,ZLH-047,林淡秋,ZLH-001,鲁迅,纪念/悼念,high,medium,no,pending_review,左联史,zuolian_shi,609,左联史 第609页,租日4黎锦明《两次访钟楼记》《追记鲁迅兆生》;标英条7【4李守章〔(李俊民)《不并的纪念》;|4李龚《悼鲁迅先生》;才|4林淡秋《难言的隐痛》;髌国|4林林《失了一个俞强的战士;TazEz【4林焕平《巴比塞-高尔基.,108,046ed083edad50d26a8eaaa70d9b8e81c918d6fa8ca34afc26f935c8fef23b2a,956471,956579,D:\1大创\左联知识库项目\data\processed\runtime_sources\左联史.txt,A=林淡秋;B=鲁迅,访,no,no,pending_review,no,pending_cross_validation
REL-03023,ZLH-047,林淡秋,ZLH-058,郭沫若,待核验,critical,low,no,pending_review,左联史,zuolian_shi,317,左联史 第317页,"共发表约130篇各类文章,题材多样、内容丰富,其中有鲁迅《杂谈小品文》、《论新文字》(均署名旅隼),郭沫若《与其数、淑明论诗》、《论“幽默“一一序天虐〈铁轮?》,永修(何家槐)《与申去疾论杂文》、《国民文学与帮忙文学3》、《追念先烈》,淑明《论诗歌的特恺、《诗与生理变化》,沪生〔(陈荒煤)《十二月二十四昆一一南京路》,林彬(林淡秋)《伟大的印象》,辛人《关于现实主义问题的一点感想》,绀弩《天文学家是“不为什么“的么?}》,林娜(司马文森)《一夜》,邱韵铎《我们的作家缺乏些什么》等。",243,1b77386d6d7ead6fb25d906a7c04e90e302fdf542dba5a5d50f1eef9bf5e8607,476899,477142,D:\1大创\左联知识库项目\data\processed\runtime_sources\左联史.txt,A=林淡秋;B=郭沫若,约,no,no,pending_review,no,pending_cross_validation
REL-03024,ZLH-047,林淡秋,ZLH-059,白薇,待核验,critical,low,yes,pending_review,左联史,zuolian_shi,518,左联史 第518页,"这期间,他正主持上海正午书局,这家书店出版了许多种左联作家的作品:张太翼《鬼土日记》,罗西《人生底路》、《竹尺和铁锤》、《世界走得这样慢》,外国作品《布罗斯基》(苏联潘菲洛夫著林淡秋译)、《少年劳动者》(苏联高尔基著穆木天译)、《安娜》(奥白娜西特著白薇译)、《蒙力汗诺夫》(苏联雅各武莱夫著何畏译)、《新兴恋爱观》(杨骚译)、《战后》(德国路易秘著蓬子译),以及华蒂《日本作家印象记》、袁殊《新闻学论文初集》,韩起自己译的《列宁回忆录》、《一九一七年二月》(苏联罗丁诺夫著)等。",240,e8f1fe79cca8ef5c657812f5656e4276689ffffcb0fb449720684b28b0371327,809324,809564,D:\1大创\左联知识库项目\data\processed\runtime_sources\左联史.txt,A=林淡秋;B=白薇,,no,yes,pending_review,no,pending_cross_validation
REL-03033,ZLH-047,林淡秋,ZLH-083,林焕平,纪念/悼念,high,medium,no,pending_review,左联史,zuolian_shi,609,左联史 第609页,租日4黎锦明《两次访钟楼记》《追记鲁迅兆生》;标英条7【4李守章〔(李俊民)《不并的纪念》;|4李龚《悼鲁迅先生》;才|4林淡秋《难言的隐痛》;髌国|4林林《失了一个俞强的战士;TazEz【4林焕平《巴比塞-高尔基.,108,046ed083edad50d26a8eaaa70d9b8e81c918d6fa8ca34afc26f935c8fef23b2a,956471,956579,D:\1大创\左联知识库项目\data\processed\runtime_sources\左联史.txt,A=林淡秋;B=林焕平,访,no,no,pending_review,no,pending_cross_validation
REL-03042,ZLH-047,林淡秋,ZLH-100,姚蓬子,待核验,critical,low,yes,pending_review,左联史,zuolian_shi,518,左联史 第518页,"这期间,他正主持上海正午书局,这家书店出版了许多种左联作家的作品:张太翼《鬼土日记》,罗西《人生底路》、《竹尺和铁锤》、《世界走得这样慢》,外国作品《布罗斯基》(苏联潘菲洛夫著林淡秋译)、《少年劳动者》(苏联高尔基著穆木天译)、《安娜》(奥白娜西特著白薇译)、《蒙力汗诺夫》(苏联雅各武莱夫著何畏译)、《新兴恋爱观》(杨骚译)、《战后》(德国路易秘著蓬子译),以及华蒂《日本作家印象记》、袁殊《新闻学论文初集》,韩起自己译的《列宁回忆录》、《一九一七年二月》(苏联罗丁诺夫著)等。",240,e8f1fe79cca8ef5c657812f5656e4276689ffffcb0fb449720684b28b0371327,809324,809564,D:\1大创\左联知识库项目\data\processed\runtime_sources\左联史.txt,A=林淡秋;B=蓬子,,no,yes,pending_review,no,pending_cross_validation
REL-03049,ZLH-047,林淡秋,ZLH-119,何家槐,交游,low,medium,no,inferred,左联史,zuolian_shi,317,左联史 第317页,"共发表约130篇各类文章,题材多样、内容丰富,其中有鲁迅《杂谈小品文》、《论新文字》(均署名旅隼),郭沫若《与其数、淑明论诗》、《论“幽默“一一序天虐〈铁轮?》,永修(何家槐)《与申去疾论杂文》、《国民文学与帮忙文学3》、《追念先烈》,淑明《论诗歌的特恺、《诗与生理变化》,沪生〔(陈荒煤)《十二月二十四昆一一南京路》,林彬(林淡秋)《伟大的印象》,辛人《关于现实主义问题的一点感想》,绀弩《天文学家是“不为什么“的么?}》,林娜(司马文森)《一夜》,邱韵铎《我们的作家缺乏些什么》等。",243,1b77386d6d7ead6fb25d906a7c04e90e302fdf542dba5a5d50f1eef9bf5e8607,476899,477142,D:\1大创\左联知识库项目\data\processed\runtime_sources\左联史.txt,A=林淡秋;B=何家槐,约,no,no,supported,yes,pending_cross_validation
REL-03057,ZLH-047,林淡秋,ZLH-141,高尔基,交游,low,medium,no,inferred,左联词典,zuolian_cidian,226,左联词典 第226页,"这-时期,经左联盟员韩起介绍,为湖风书局出版的苏联小说(胆怯的人》(高尔基著,李兰译)和正午书局出版的苏联小说(布罗斯基》(潘菲洛夫著,林淡秋译)作封面设计,同时也为光华、现代等书局出版的部分文学作品设计封面.",105,86d41cb3f47a458104ff8602e427c0832803a778b122a8afc3983e5e23aba0fc,143952,144057,D:\1大创\左联知识库项目\data\processed\runtime_sources\左联词典.txt,A=林淡秋;B=高尔基,介绍,no,no,supported,yes,pending_cross_validation
REL-03058,ZLH-047,林淡秋,ZLH-144,巴比塞,待核验,high,low,yes,pending_review,左联史,zuolian_shi,609,左联史 第609页,租日4黎锦明《两次访钟楼记》《追记鲁迅兆生》;标英条7【4李守章〔(李俊民)《不并的纪念》;|4李龚《悼鲁迅先生》;才|4林淡秋《难言的隐痛》;髌国|4林林《失了一个俞强的战士;TazEz【4林焕平《巴比塞-高尔基.,108,046ed083edad50d26a8eaaa70d9b8e81c918d6fa8ca34afc26f935c8fef23b2a,956471,956579,D:\1大创\左联知识库项目\data\processed\runtime_sources\左联史.txt,A=林淡秋;B=巴比塞,访,no,no,pending_review,no,pending_cross_validation
REL-03064,ZLH-048,王任叔,ZLH-054,许幸之,同属组织,critical,low,no,pending_review,左联史,zuolian_shi,296,左联史 第296页,"《小品文和漫画》全书收57位作家的38篇文章(鲁迅两篇,其余每人1篇),其中左联作家的作品是:鲁迅《漫谈漫画》、《漫画而又漫画》,茅盾《小品文和气运》,许幸之《漫画与多弥哀,冶鹤《漫画与卡通影片》,郁达夫《小品文杂感》,佛朗(祝秀侠)《对“小品文“的意见》,王任叔《小品文的前途》,李辉英《“写点小品文罢“》,何谷天(周文)《小品文对于我》,徐懋庸《大处人手》,洪深《混》,沈起予《“小品“的小品》,聂绀弩《我对于小品文的意见》,胡风《略谈“小品文“与“漕画“》,王淑明《我们需要怎样的小品文》,孙席珍《关于小品文和漫画》,叶綦《我们需要小品文和漫画》,郑伯奇《小品文问答》,大家对小品文和漫画一一尤其是对小品文发表了许多精辟的见解:茅盾说:“我不相信“小品文“应该以自我中心,个人笔调,性灵,闲适为主。",352,103559ce8cec8769d14167f9c5e5de211f3af6a1aa21ef7b81bf4e3ade8e54ef,443874,444226,D:\1大创\左联知识库项目\data\processed\runtime_sources\左联史.txt,A=王任叔;B=许幸之,,no,no,pending_review,no,pending_cross_validation
REL-03066,ZLH-048,王任叔,ZLH-058,郭沫若,同属组织,critical,low,no,pending_review,左联史,zuolian_shi,529,左联史 第529页,"1936年,庄启东为上海新钟书局主编过一套“新钟创作丛刊“,收有张天翼《洋泾浜奇侠》、穆木天《平凡集》、王任叔《三〇集》、何家槐《木匠》、朐依凡《烟圈笔下》、庄启东《自杀者》、郭沫若《历史小品集》、李辉英《再生集》、叶紫《古渡头》、欧阳山《粥渣》、雷石榆《惨别》、侯枫《牺牲)马子华《路线》等左联作家作品13种,这是丛书的第1辑,他原计划还要编辑出版第2辑、第3辑,可是时局动荡,复加书报审查制度之严酷,后来各辑就被扼杀在摄篮里了。",216,57033aeff0021b67233ea871e6f6b2226298f31c818370c04d022774e53fbe8e,827077,827293,D:\1大创\左联知识库项目\data\processed\runtime_sources\左联史.txt,A=王任叔;B=郭沫若,编辑,no,no,pending_review,no,pending_cross_validation
REL-03068,ZLH-048,王任叔,ZLH-060,鲁彦,同属组织,critical,low,yes,pending_review,左联史,zuolian_shi,528,左联史 第528页,"1934年3月1日《春光》创刊号问世,登载的特约撰稿人名单多达51位,其中左联盟员作家就有方光焊、方土人、王任叔、白薇、丘东平、沙汀、艾芜、何家槐、李辉英、郁达夫、征农、洪深、祝秀侠、草明、许幸之、张天翼、董每戡、黎锦明、郑伯奇、穆木天、魏金枝、魏猛克22位;其他作家有夏与尊、陈望道、巴金、王统照、老吴、叶圣陶、傅东华、曹聚仁、丰子恺、陈子展、沈从文、施蛭存、马彦祥、沉樱、徐调乍、鲁彦、靳以、赵景深、李又然等;叶灵凤虽已被左联开除,但庄启东依然让他做《春光》特约撰稿人;诗人戴望舒在一篇法国通信中说过纪德也是“第三种人“的话,因而受到非议,但是他仍旧被列人了特约揣稿人的名单,真是极一时之盛。",298,232ca7ca1db8856adab82e346b24a29740c52419e1749a7565828ee1e602e432,825687,825985,D:\1大创\左联知识库项目\data\processed\runtime_sources\左联史.txt,A=王任叔;B=鲁彦,通信,yes,no,pending_review,no,pending_cross_validation
REL-03070,ZLH-048,王任叔,ZLH-063,任白戈,待核验,critical,low,yes,pending_review,左联史,zuolian_shi,670,左联史 第670页,"左联作家对其他马克思主义文艺问题的见解左联作家们对马克思主义文艺理论十分重视、努力学习,儿位老作家且颇有心得,把马克思列宁主义的立场、观点方法融汇在自己的论著中,如鲁迅《(艺术论〉译本序》《关于小说题材的通信》,秋白《〈鲁迅杂感选集〉序言》,茅盾《中国苏维埃革命与普罗文学之建设》等;青年作家们则善于联系中国左翼文学运动的实际,发表文章,闸述自己的见解,提供给更多的朋友参考,如王任叔《现实主义者的路》,任白戈《世界观与创作方法》,辛人《艺术的本质和特质》,周立波《文学中的典型人物》《文艺的特性》《文学的永久性》《艺术的幻想》,王淑明《文艺作品与真实》《关于题材类似的问@〇原作朱伊土。",294,242ae9a04ee61807ea3a7cfadfe48e989870352510f7a18d165ac7179bd95dcd,1045233,1045527,D:\1大创\左联知识库项目\data\processed\runtime_sources\左联史.txt,A=王任叔;B=任白戈,通信,no,no,pending_review,no,pending_cross_validation
REL-03072,ZLH-048,王任叔,ZLH-067,任钧,合作,critical,medium,no,pending_review,左联史,zuolian_shi,675,左联史 第675页,"左联部分作家对俊国和苏联文学、日本文学及其他各国文学也研究有素,发表过不少文论:之(D评论俄苏文学的有任钧《普希金底奥尼征03、梅雨“佳化(表现于旧俄文学的儿种形态》、王任叔《论果戈理的探写方高尔基像(木刹)刃锋作法》、张香山《苏联农民文学的一个考察》《通俗文学与普里鲁衣》《识刺文学与伊利夫及彼得洛夫》、雷石榆《白德呐9是怎样的诗人》、徐懋庸《拉狄克论3。",179,f69f65123606b9c3bbf1121e9fa7211b6f123e6a46cdcf8846918d5c619a7d99,1052716,1052895,D:\1大创\左联知识库项目\data\processed\runtime_sources\左联史.txt,A=王任叔;B=任钧,,no,no,pending_review,no,pending_cross_validation
REL-03073,ZLH-048,王任叔,ZLH-069,张庚,签名联署,low,medium,no,inferred,左联史,zuolian_shi,82,左联史 第82页,"“武汉左鬟青年联盟“还出版过半公开的不定期刊《江天》,公开发表成立宣言,当时一些进步文艺界人士如吕展青(吕骥)、姚禹玄(张庚)、陈光美(陈荒煤)、王任叔(巴人)等都是它的成员,所以很容易被外界误认为文艺团体,它的名称和“武汉左翼作家联盟“仅一词之差,极易混淆极易调包极易穿凿附会极易张冠李戴。",146,8ae011f0db7afbc82a1c43944c03945928d87b066c0f5abf1598f7b92a5dbae0,116479,116625,D:\1大创\左联知识库项目\data\processed\runtime_sources\左联史.txt,A=王任叔;B=张庚,,no,no,supported,yes,pending_cross_validation
REL-03079,ZLH-048,王任叔,ZLH-081,陈白尘,待核验,critical,low,no,pending_review,左联词典,zuolian_cidian,275,左联词典 第275页,"同年9月2日和蒋牧良、王任叔、陈白尘、欧阳山、奚如、聂绀弩参加第一次小说家座谈会,讨论“主题的积极性和真人真事“等问题,并为《小说家》月刊编委。",72,7fe12454791141097814fba8135f2da723f09ccbc9160b238b9d6beb6af73a8c,187664,187736,D:\1大创\左联知识库项目\data\processed\runtime_sources\左联词典.txt,A=王任叔;B=陈白尘,参加,no,no,pending_review,no,pending_cross_validation
REL-03081,ZLH-048,王任叔,ZLH-083,林焕平,同属组织,critical,low,no,pending_review,左联史,zuolian_shi,296,左联史 第296页,"这42期《太白》共发表577篇文章,其中有鲁迅、郭沫若、徐懋庸、廖沫沙、祝秀侠、征农、李辉英、草明、艾芜、洪深、黄芝冈、耳耶(聂绀弩)、任白戈、羊枣、沈起予、王余杞、欧阳山、何谷天(周文)、辛人、林焕平、勇余、杨骚、阜东(梅益)、郑伯奇、王淑明、于黑丁、欧查、白薇、李肖(陈克寒)、奚如、方之中、欧阳凡海、辛劳、阿英、何家槐、王志之、张香山、立波、盛鹤、周钢鸣、王任叔等左联作家的作品109篇,较重要的有耳耶、悍胎(聂绀弩)《谈杂文》、《论〈封神榜3》、《谈〈野叟曝言)》、《再谈〈野叟曝言)》,任白戈《批评与批评家》,辛人《文学得搀紧科学的手5,徐懋庸《“为谁而写作“》、《神奇的四川》、《妇人与社会》、《江亢虎文存》,胡风《蔼理斯.",318,207cf8a9e91bff104f00f50743eefe5ec94d58817b5e3208efdd57b10ea4392f,443187,443505,D:\1大创\左联知识库项目\data\processed\runtime_sources\左联史.txt,A=王任叔;B=林焕平,,yes,no,pending_review,no,pending_cross_validation
REL-03082,ZLH-048,王任叔,ZLH-091,叶以群,亲属关系,high,medium,no,pending_review,左联史,zuolian_shi,555,左联史 第555页,"在上海儿年间,他结识了聂绀訾、王任叔、张天鬟、欧阳山、艾芜、沙汀、周文、叶以群等一批左联盟员作家,受到鼓舞影响,更积极地投身左翼文学事业,他在《文学丛报》、《东方文艺》、《人民文学》、《天地人)V《大晚报.",103,297c3f5403abc933897c072289b18ae9f57fb69ec57a0199183b8a6e6af52206,873553,873656,D:\1大创\左联知识库项目\data\processed\runtime_sources\左联史.txt,A=王任叔;B=叶以群,,no,no,pending_review,no,pending_cross_validation
REL-03083,ZLH-048,王任叔,ZLH-093,王亚平,同属组织,critical,low,no,pending_review,左联词典,zuolian_cidian,493,左联词典 第493页,"刊物发表的小说《阴沉的天》(王任叔),散文《清明时节》(方之中),诗歌《天桥的风暴》(王亚平)和《平沪路上》(安娥)等,以中国人民的抗日救亡为题材,充满爱国激情。",81,082ab8ed91f3543b0dd7ac4971a396970545166c41fc38208037972f0b028884,375187,375268,D:\1大创\左联知识库项目\data\processed\runtime_sources\左联词典.txt,A=王任叔;B=王亚平,,no,no,pending_review,no,pending_cross_validation
REL-03088,ZLH-048,王任叔,ZLH-104,叶灵凤,同属组织,critical,low,no,pending_review,左联史,zuolian_shi,97,左联史 第97页,"加人这个反对白色恐余、争取人身言论出版结社自由群众组织的,大多是左翼作家及进步文化人,包括许多后来中国左鬓作家联盟的成员如鲁迅、潘汉年、郁达夫、田汉、郑伯奇、彭康、画室(冯雪峰)、王任叔、沈端先(夏衍)、王学文、叶灵凤、石锁顽(凌鹤)、黄河、陈正道、周全平、蔡子,还有一些人们熟悉的宗教界、学术界、戏剧界活既人物如董健吾、邓初民、潘念之、陈波儿、唐普初等,全是知识界一代精英。",188,742ac027631e61f5847c3684030a95f5e96e52773df5ae4cab2a8a2f1d304276,139640,139828,D:\1大创\左联知识库项目\data\processed\runtime_sources\左联史.txt,A=王任叔;B=叶灵凤,组织,yes,no,pending_review,no,pending_cross_validation
REL-03089,ZLH-048,王任叔,ZLH-105,沈起予,待核验,critical,low,yes,pending_review,左联史,zuolian_shi,296,左联史 第296页,"《小品文和漫画》全书收57位作家的38篇文章(鲁迅两篇,其余每人1篇),其中左联作家的作品是:鲁迅《漫谈漫画》、《漫画而又漫画》,茅盾《小品文和气运》,许幸之《漫画与多弥哀,冶鹤《漫画与卡通影片》,郁达夫《小品文杂感》,佛朗(祝秀侠)《对“小品文“的意见》,王任叔《小品文的前途》,李辉英《“写点小品文罢“》,何谷天(周文)《小品文对于我》,徐懋庸《大处人手》,洪深《混》,沈起予《“小品“的小品》,聂绀弩《我对于小品文的意见》,胡风《略谈“小品文“与“漕画“》,王淑明《我们需要怎样的小品文》,孙席珍《关于小品文和漫画》,叶綦《我们需要小品文和漫画》,郑伯奇《小品文问答》,大家对小品文和漫画一一尤其是对小品文发表了许多精辟的见解:茅盾说:“我不相信“小品文“应该以自我中心,个人笔调,性灵,闲适为主。",352,103559ce8cec8769d14167f9c5e5de211f3af6a1aa21ef7b81bf4e3ade8e54ef,443874,444226,D:\1大创\左联知识库项目\data\processed\runtime_sources\左联史.txt,A=王任叔;B=沈起予,,no,no,pending_review,no,pending_cross_validation
REL-03092,ZLH-048,王任叔,ZLH-112,戴望舒,同属组织,critical,low,no,pending_review,左联史,zuolian_shi,20,左联史 第20页,"这天下午2时,在上海虹口窦乐安路233号(今多伦路201弄2号)中华艺术大学一间教室里,秘密举行中国左翼作家联盟成立大会,鲁迅和潘汉年、冯乃超、沈端先、冯雪峰、田汉、钱杏郫、郑伯奇、阳翰笙、彭康、周全平、柔石、李伟森、徐殷夫、冯铿、朱镜我、林伯修、王一榴、王任叔、许幸之、陶晶孙、邱韵铎、沈叶沉、冯宪章、孟超、黄素、洪灵菲、戴平万、沈起予、龚冰庐、徐迅雷、庞大恩、童长荣、杜衡、叶灵凤、戴望舒、蔡子、王洁予、顾凤城、莞尔、许峨、韩侍桁、侯鲁史、吴贯中、刘锡五、丁锐爪、程少怀、杨纤如、陈正道、石哥鹤、周伯勋、李初梨史等50余人出席.",266,ca284cb68e5ff4363bafcc4000caf28289f5100982544c97ce696d4b024d81a7,19283,19549,D:\1大创\左联知识库项目\data\processed\runtime_sources\左联史.txt,A=王任叔;B=戴望舒,,yes,no,pending_review,no,pending_cross_validation
REL-03094,ZLH-048,王任叔,ZLH-116,孙席珍,纪念/悼念,critical,medium,no,pending_review,左联史,zuolian_shi,296,左联史 第296页,"《小品文和漫画》全书收57位作家的38篇文章(鲁迅两篇,其余每人1篇),其中左联作家的作品是:鲁迅《漫谈漫画》、《漫画而又漫画》,茅盾《小品文和气运》,许幸之《漫画与多弥哀,冶鹤《漫画与卡通影片》,郁达夫《小品文杂感》,佛朗(祝秀侠)《对“小品文“的意见》,王任叔《小品文的前途》,李辉英《“写点小品文罢“》,何谷天(周文)《小品文对于我》,徐懋庸《大处人手》,洪深《混》,沈起予《“小品“的小品》,聂绀弩《我对于小品文的意见》,胡风《略谈“小品文“与“漕画“》,王淑明《我们需要怎样的小品文》,孙席珍《关于小品文和漫画》,叶綦《我们需要小品文和漫画》,郑伯奇《小品文问答》,大家对小品文和漫画一一尤其是对小品文发表了许多精辟的见解:茅盾说:“我不相信“小品文“应该以自我中心,个人笔调,性灵,闲适为主。",352,103559ce8cec8769d14167f9c5e5de211f3af6a1aa21ef7b81bf4e3ade8e54ef,443874,444226,D:\1大创\左联知识库项目\data\processed\runtime_sources\左联史.txt,A=王任叔;B=孙席珍,,no,no,pending_review,no,pending_cross_validation
REL-03096,ZLH-048,王任叔,ZLH-119,何家槐,待核验,critical,low,no,pending_review,左联史,zuolian_shi,529,左联史 第529页,"1936年,庄启东为上海新钟书局主编过一套“新钟创作丛刊“,收有张天翼《洋泾浜奇侠》、穆木天《平凡集》、王任叔《三〇集》、何家槐《木匠》、朐依凡《烟圈笔下》、庄启东《自杀者》、郭沫若《历史小品集》、李辉英《再生集》、叶紫《古渡头》、欧阳山《粥渣》、雷石榆《惨别》、侯枫《牺牲)马子华《路线》等左联作家作品13种,这是丛书的第1辑,他原计划还要编辑出版第2辑、第3辑,可是时局动荡,复加书报审查制度之严酷,后来各辑就被扼杀在摄篮里了。",216,57033aeff0021b67233ea871e6f6b2226298f31c818370c04d022774e53fbe8e,827077,827293,D:\1大创\左联知识库项目\data\processed\runtime_sources\左联史.txt,A=王任叔;B=何家槐,编辑,no,no,pending_review,no,pending_cross_validation
REL-03097,ZLH-048,王任叔,ZLH-120,夏征农,待核验,critical,low,yes,pending_review,左联史,zuolian_shi,315,左联史 第315页,"在左联遭受严重压迫的时候,他主编的《新生》杂志发表过公汗(鲁迅)、苟眉、小山(萧三)、屈轶(王任叔)、征农、力生(徐懋庸)、李辉英、佛朗(祝秀侠)、陈乃昌等左联作家的许多作品,有力地支持了左翼文艺运动,左联的同志们永远感谢他的善良与真诚。",119,343666923f5c93f260be5c1842873722b705bfcef24697c57cd275a1e411f121,474402,474521,D:\1大创\左联知识库项目\data\processed\runtime_sources\左联史.txt,A=王任叔;B=征农,主编,no,no,pending_review,no,pending_cross_validation
REL-03104,ZLH-048,王任叔,ZLH-131,艾格尼丝·史沫特莱,交游,low,medium,no,inferred,左联史,zuolian_shi,91,左联史 第91页,"Smedley);森堡(任钧)有小说《两种不同的人类》,译诗《在劳动旗下》(日本绳田林藏);祝秀侠有论文《新兴文学批评观的一斑》、《辛克莱和这个时代》《高尔基的〈夜店)》;沈起予有论文《演剧的技术论》、《中国的五月与日本帝国主义》、《法国的新兴文坛》;王任叔有《十二个牺牲者;马宁有《西伯利亚》等。",149,646af0a4844014a53ef1034e2250c0159ffb2c356c3d24ba23285c2247b4373c,129915,130064,D:\1大创\左联知识库项目\data\processed\runtime_sources\左联史.txt,A=王任叔;B=Smedley,,no,yes,supported,yes,pending_cross_validation
REL-03111,ZLH-048,王任叔,ZLH-141,高尔基,交游,low,medium,no,inferred,左联史,zuolian_shi,675,左联史 第675页,"左联部分作家对俊国和苏联文学、日本文学及其他各国文学也研究有素,发表过不少文论:之(D评论俄苏文学的有任钧《普希金底奥尼征03、梅雨“佳化(表现于旧俄文学的儿种形态》、王任叔《论果戈理的探写方高尔基像(木刹)刃锋作法》、张香山《苏联农民文学的一个考察》《通俗文学与普里鲁衣》《识刺文学与伊利夫及彼得洛夫》、雷石榆《白德呐9是怎样的诗人》、徐懋庸《拉狄克论3。",179,f69f65123606b9c3bbf1121e9fa7211b6f123e6a46cdcf8846918d5c619a7d99,1052716,1052895,D:\1大创\左联知识库项目\data\processed\runtime_sources\左联史.txt,A=王任叔;B=高尔基,,no,no,supported,yes,pending_cross_validation
REL-03116,ZLH-048,王任叔,ZLH-147,辛克莱,文学论战,low,medium,no,inferred,左联史,zuolian_shi,91,左联史 第91页,"Smedley);森堡(任钧)有小说《两种不同的人类》,译诗《在劳动旗下》(日本绳田林藏);祝秀侠有论文《新兴文学批评观的一斑》、《辛克莱和这个时代》《高尔基的〈夜店)》;沈起予有论文《演剧的技术论》、《中国的五月与日本帝国主义》、《法国的新兴文坛》;王任叔有《十二个牺牲者;马宁有《西伯利亚》等。",149,646af0a4844014a53ef1034e2250c0159ffb2c356c3d24ba23285c2247b4373c,129915,130064,D:\1大创\左联知识库项目\data\processed\runtime_sources\左联史.txt,A=王任叔;B=辛克莱,,no,yes,supported,yes,pending_cross_validation
REL-03117,ZLH-048,王任叔,ZLH-150,萧三,同属组织,high,low,yes,pending_review,左联史,zuolian_shi,315,左联史 第315页,"在左联遭受严重压迫的时候,他主编的《新生》杂志发表过公汗(鲁迅)、苟眉、小山(萧三)、屈轶(王任叔)、征农、力生(徐懋庸)、李辉英、佛朗(祝秀侠)、陈乃昌等左联作家的许多作品,有力地支持了左翼文艺运动,左联的同志们永远感谢他的善良与真诚。",119,343666923f5c93f260be5c1842873722b705bfcef24697c57cd275a1e411f121,474402,474521,D:\1大创\左联知识库项目\data\processed\runtime_sources\左联史.txt,A=王任叔;B=萧三,主编,no,no,pending_review,no,pending_cross_validation
REL-03126,ZLH-050,于黑丁,ZLH-097,王西彦,同属组织,critical,low,no,pending_review,左联史,zuolian_shi,49,左联史 第49页,"还有一部分盟员,后来经过长期不懈的努力,成为优秀的作家、诗人、学者,如碧野、端木蕻良、方纪、方殷、冯契、高敏夫、公木、金丁、梁斌、马加、王冶秋、王西彦、王瑶、王余杞、王志之、徐盈、于黑丁、于伶、赵俪生等,他们在抗日战争、解放战争以至新中国建立后,为新民主主义的文化事业和社会主义文艺学术事业,都作出了各自的贡献。",156,3980a70339f2cfd6c5b5c90748e6d5e128ec1c7d5079abd816b60618b241a65a,65121,65277,D:\1大创\左联知识库项目\data\processed\runtime_sources\左联史.txt,A=于黑丁;B=王西彦,,yes,no,pending_review,no,pending_cross_validation
REL-03134,ZLH-053,黄源,ZLH-001,鲁迅,同属组织,high,low,yes,pending_review,鲁迅日记,luxun_diary,,鲁迅日记 页码未识别,李长之寄赠《鲁迅批判》一本。,14,9dd16b5b1f66b0ad35cbc0b5e44bed3987cb3dd70ab95227c7f2c67151ebbea5,228242,228256,D:\1大创\左联知识库项目\research\raw_texts\日记全编：全2册 (鲁迅 著) (Z-Library).txt,A=diary_author_implicit;B=鲁迅,批判,no,no,pending_review,no,pending_cross_validation
REL-03136,ZLH-053,黄源,ZLH-043,端木蕻良,同属组织,high,low,yes,pending_review,左联史,zuolian_shi,548,左联史 第548页,"6月,端木蕻良完成另一部长篇小说《大地的海》,他将书稿寄给《作家》杂志,但编辑未曾阅读就退回原稿,后来得茅盾、黄源支持,终于在《文学》月刊上连载了部分章节。",78,808124a2f9c4ca08ee0987e258975d32fa67e4e338c2c7ac9384dd9fbc56ae56,860703,860781,D:\1大创\左联知识库项目\data\processed\runtime_sources\左联史.txt,A=黄源;B=端木蕻良,编辑,no,no,pending_review,no,pending_cross_validation
REL-03145,ZLH-053,黄源,ZLH-073,王余杞,待核验,critical,low,no,pending_review,左联史,zuolian_shi,582,左联史 第582页,"我们愿意和站在同一战线的一切争取民族自由的斗士热烈地揭手!(名次先后,依新文字拼音为准)巴夫巴金白_曙曹靖华草明曹禺齐_同“陈占元大戈东平_董纯才_方光熊_方之中俯拾靳以莲玛以群杨晟姚野_夫_叶薛士尹庚克夫黎烈文_丽尼_李溶华梁雯若路_丁芦“烹度_陆鲁_迅_陆少懿_龙_乙“马子华马宗融茌_盾孟式钩_孟十还螂绀弩欧阳山澎岛任文川萧军萧乾萧红辛人加成孙用_宋之的徐螺世弥唐弛田菲田_间_天_虚_万迪鹳“王余杞王元亩_吴景崔_吴组湘晚如胡风华沙荒煤黄源_许天虹_渡_波跃先艾_蒋牧良赵家壁张天翼张香山周彦_周而复_周_文钟石苇宣言草稿分别由巴金、黎烈文各起草一份初稿,完稿后由黎烈文送到鲁迅家请先生审阅,在鲁迅指导下,黎烈文将两份草稿合而为一,略加整理后誉清。",328,0fbabd450d37790cafdd79813a828347adffa27c16c41c209813a1073b5ccd20,915673,916001,D:\1大创\左联知识库项目\data\processed\runtime_sources\左联史.txt,A=黄源;B=王余杞,,no,no,pending_review,no,pending_cross_validation
REL-03149,ZLH-053,黄源,ZLH-082,宋之的,待核验,high,low,yes,pending_review,左联史,zuolian_shi,582,左联史 第582页,"我们愿意和站在同一战线的一切争取民族自由的斗士热烈地揭手!(名次先后,依新文字拼音为准)巴夫巴金白_曙曹靖华草明曹禺齐_同“陈占元大戈东平_董纯才_方光熊_方之中俯拾靳以莲玛以群杨晟姚野_夫_叶薛士尹庚克夫黎烈文_丽尼_李溶华梁雯若路_丁芦“烹度_陆鲁_迅_陆少懿_龙_乙“马子华马宗融茌_盾孟式钩_孟十还螂绀弩欧阳山澎岛任文川萧军萧乾萧红辛人加成孙用_宋之的徐螺世弥唐弛田菲田_间_天_虚_万迪鹳“王余杞王元亩_吴景崔_吴组湘晚如胡风华沙荒煤黄源_许天虹_渡_波跃先艾_蒋牧良赵家壁张天翼张香山周彦_周而复_周_文钟石苇宣言草稿分别由巴金、黎烈文各起草一份初稿,完稿后由黎烈文送到鲁迅家请先生审阅,在鲁迅指导下,黎烈文将两份草稿合而为一,略加整理后誉清。",328,0fbabd450d37790cafdd79813a828347adffa27c16c41c209813a1073b5ccd20,915673,916001,D:\1大创\左联知识库项目\data\processed\runtime_sources\左联史.txt,A=黄源;B=宋之的,,no,no,pending_review,no,pending_cross_validation
REL-03164,ZLH-053,黄源,ZLH-121,内山完造,合作,critical,medium,no,pending_review,左联史,zuolian_shi,605,左联史 第605页,"6时许,生前友好冯雪峰、黄源、萧军、内山完造、鹿地亘夫妇闻讯后即赶到鲁迅寓所。",39,65356ae76ec6a832fb0b061195cbb8dea1e2dd97e47eee426f3b7b85ba277c0b,952574,952613,D:\1大创\左联知识库项目\data\processed\runtime_sources\左联史.txt,A=黄源;B=内山完造,,no,no,pending_review,no,pending_cross_validation
REL-03165,ZLH-053,黄源,ZLH-122,许广平,论战,critical,medium,no,pending_review,左联史,zuolian_shi,502,左联史 第502页,"1月29日,朐风、黄源、周文和鲁迅先生、许广平携海婴,同去陶陶居夜饭,席间,大家对周文大大劝慰一番,平息了这场风波。",58,7b9b3bcdf19678b2f5761fbeae7d83f965a59a5ee2d18d1446a6e618b54c900b,781069,781127,D:\1大创\左联知识库项目\data\processed\runtime_sources\左联史.txt,A=黄源;B=许广平,,no,no,pending_review,no,pending_cross_validation
REL-03166,ZLH-053,黄源,ZLH-123,邹韬奋,空间共现,low,medium,no,inferred,左联史,zuolian_shi,718,左联史 第718页,"“9月17日,生活书店的邹韬奋、毕云程、胡愈之,译文社的鲁迅、荃盾,文学社的郑振铎、傅东华在新亚饭店聚餐时,生活书店方面正式公开提出要撒换黄源《译文》月刊编辑的职务,并欲迫使鲁迅同意他们的无理要求。",99,dc8a0bd3caa06ac357acf548d466f3c0af97a7dbcce9b057b625f3da85116eba,1118011,1118110,D:\1大创\左联知识库项目\data\processed\runtime_sources\左联史.txt,A=黄源;B=邹韬奋,编辑,no,no,inferred,no,pending_cross_validation
REL-03170,ZLH-053,黄源,ZLH-129,胡愈之,同属组织,critical,low,no,pending_review,左联史,zuolian_shi,718,左联史 第718页,"“9月17日,生活书店的邹韬奋、毕云程、胡愈之,译文社的鲁迅、荃盾,文学社的郑振铎、傅东华在新亚饭店聚餐时,生活书店方面正式公开提出要撒换黄源《译文》月刊编辑的职务,并欲迫使鲁迅同意他们的无理要求。",99,dc8a0bd3caa06ac357acf548d466f3c0af97a7dbcce9b057b625f3da85116eba,1118011,1118110,D:\1大创\左联知识库项目\data\processed\runtime_sources\左联史.txt,A=黄源;B=胡愈之,编辑,no,no,pending_review,no,pending_cross_validation
REL-03174,ZLH-053,黄源,ZLH-134,鹿地亘,待核验,critical,low,no,pending_review,左联史,zuolian_shi,605,左联史 第605页,"6时许,生前友好冯雪峰、黄源、萧军、内山完造、鹿地亘夫妇闻讯后即赶到鲁迅寓所。",39,65356ae76ec6a832fb0b061195cbb8dea1e2dd97e47eee426f3b7b85ba277c0b,952574,952613,D:\1大创\左联知识库项目\data\processed\runtime_sources\左联史.txt,A=黄源;B=鹿地亘,,no,no,pending_review,no,pending_cross_validation
REL-03177,ZLH-053,黄源,ZLH-139,陈望道,签名联署,low,medium,no,inferred,鲁迅日记,luxun_diary,,鲁迅日记 页码未识别,河清来并交望道信及瞿君译作稿二种，从现代收回，还以泉二百。,29,a70ffb1d0a38b6ded78318a6d2db2d59a9d81fddcd2d8ba02a78e8893f0646b9,208387,208416,D:\1大创\左联知识库项目\research\raw_texts\日记全编：全2册 (鲁迅 著) (Z-Library).txt,A=河清;B=望道,,no,no,supported,yes,pending_cross_validation
REL-03178,ZLH-053,黄源,ZLH-141,高尔基,交游,low,medium,no,inferred,鲁迅日记,luxun_diary,,鲁迅日记 页码未识别,Gorky’sGesammtWerke八本黄河清赠M.,27,e23d3d0b0edf340a25a6a671ad4fc4d78ca5ba7f77eae206ad65b8e00f41177c,241431,241458,D:\1大创\左联知识库项目\research\raw_texts\日记全编：全2册 (鲁迅 著) (Z-Library).txt,A=黄河清;B=Gorky,赠,no,no,supported,yes,pending_cross_validation
REL-03185,ZLH-054,许幸之,ZLH-058,郭沫若,同属组织,critical,low,no,pending_review,左联史,zuolian_shi,40,左联史 第40页,"沈端先主编,作者均为左联盟员作家,创刊号发表的作品有郑伯奇《中国戏剧运动的前路》,许幸之《新兴美术运动的任务》,麦克昂(郭沫若)《普罗文艺的大众化》,冯乃超《俄国革命前的文学运动》,叶沉《戏剧和时代》,王一榴《炉火》,龚冰店《有什么话好对大家说》和《换上新的》,菀尔《告示》,沈端先署名“编者“的《有声电影的前途》,祝秀侩《高尔基〈夜店)》,印韵铎译美国杰克.",180,ce39a63c9e18b5f395845bc1a553994fbcb7fd003a3a8236765d1366ff839e68,51486,51666,D:\1大创\左联知识库项目\data\processed\runtime_sources\左联史.txt,A=许幸之;B=郭沫若,主编,no,no,pending_review,no,pending_cross_validation
REL-03186,ZLH-054,许幸之,ZLH-059,白薇,同属组织,critical,low,no,pending_review,左联词典,zuolian_cidian,499,左联词典 第499页,"撰稿人中有许多左联盟员作家,如王任梓、白薇、王东平、沙汀、艾芜,何家槐、李辉英、郁达夫、征农、洪深、草明、许幸之、阿吴渊、张大翼、郑住奇、穆木天、魏金枝、魏猛克、冰山等。",85,94ff73b8015a4db2756330172fa325dcbe5cb52c6b917c95ed1046a62da4fada,380920,381005,D:\1大创\左联知识库项目\data\processed\runtime_sources\左联词典.txt,A=许幸之;B=白薇,撰稿,yes,no,pending_review,no,pending_cross_validation
REL-03188,ZLH-054,许幸之,ZLH-061,朱镜我,待核验,critical,low,yes,pending_review,左联史,zuolian_shi,98,左联史 第98页,名单如下:冯乃超华_汉_龚冰庐沈叶沉孟超俞_怀_邱韵铎沈端先潘汉年“王洁予冯润璋_顾凤城彭康许峻冯铿王任桐周全平_洪灵菲_戴平万“钱杏邵冯宪章鲁迅杜衡埕子柔石侍桁画室吴贯中黄_素郑伯奇鲁_史朱镜我_田汉王一榴_蒋光慈刘锡五_叶灵凤_郁达夫陶晶孙_戴望舒李初梨_林伯修殴_夫_徐迅雷_程少怀_陈正道_许幸之_郭沫若_沈起予被介绍加人的:仲_豪“徐耘阡_魏金枝届文泳涛丁锐人马宁_孙孟涛王润甫_卢苍雁张璞无产阶级文艺俱乐部的发起人李_平胡忠信阿细余惠“萧歌强其他各反动组织之名单不明。,240,451607e392e76506863cb80a4c973cbf07385569c9884fdd80d90b1d3fb68d03,141748,141988,D:\1大创\左联知识库项目\data\processed\runtime_sources\左联史.txt,A=许幸之;B=朱镜我,介绍,no,no,pending_review,no,pending_cross_validation
REL-03190,ZLH-054,许幸之,ZLH-067,任钧,同属组织,critical,low,no,pending_review,左联史,zuolian_shi,461,左联史 第461页,"12月,郭沫若、许幸之、关霁、林林、渤波、雷石榆、白曙、柳倩、任钧、蒲风、洪道以及艾青、施谊、王亚平等24位左翼诗人联名发表宣言,组织“诗人协会“,出版《诗歌》杂志,杨骚、白微也是发起人。",94,54d4c873979312b5c863aea01c12ba8db71d0c92da6b42955820799d4e63c37c,707105,707199,D:\1大创\左联知识库项目\data\processed\runtime_sources\左联史.txt,A=许幸之;B=任钧,联名,yes,no,pending_review,no,pending_cross_validation
REL-03193,ZLH-054,许幸之,ZLH-073,王余杞,同属组织,critical,low,yes,pending_review,左联词典,zuolian_cidian,493,左联词典 第493页,"主要撰稿人有郭沫若、东平、张罗天、辛人、蒲风、欧阳几海、张香山、梅雨、林蒂、雷石榆、魏晋等东京左联盟员,王余杞、许幸之、王任叔、郑伯奇、庄启东、方之中、张天翼、周而复、任钧、洪道、穆木天、关露、安娥、杨骚、舒群、罗烽、张若羟(阿英)等各地左联盟员书在这里发表详著。",132,190653955e7a86cf9bf38c936ff4435d425e73a3b683a81077be0ce8791ce45d,375055,375187,D:\1大创\左联知识库项目\data\processed\runtime_sources\左联词典.txt,A=许幸之;B=王余杞,撰稿,yes,no,pending_review,no,pending_cross_validation
REL-03206,ZLH-054,许幸之,ZLH-104,叶灵凤,待核验,critical,low,yes,pending_review,左联史,zuolian_shi,98,左联史 第98页,名单如下:冯乃超华_汉_龚冰庐沈叶沉孟超俞_怀_邱韵铎沈端先潘汉年“王洁予冯润璋_顾凤城彭康许峻冯铿王任桐周全平_洪灵菲_戴平万“钱杏邵冯宪章鲁迅杜衡埕子柔石侍桁画室吴贯中黄_素郑伯奇鲁_史朱镜我_田汉王一榴_蒋光慈刘锡五_叶灵凤_郁达夫陶晶孙_戴望舒李初梨_林伯修殴_夫_徐迅雷_程少怀_陈正道_许幸之_郭沫若_沈起予被介绍加人的:仲_豪“徐耘阡_魏金枝届文泳涛丁锐人马宁_孙孟涛王润甫_卢苍雁张璞无产阶级文艺俱乐部的发起人李_平胡忠信阿细余惠“萧歌强其他各反动组织之名单不明。,240,451607e392e76506863cb80a4c973cbf07385569c9884fdd80d90b1d3fb68d03,141748,141988,D:\1大创\左联知识库项目\data\processed\runtime_sources\左联史.txt,A=许幸之;B=叶灵凤,介绍,no,no,pending_review,no,pending_cross_validation
REL-03207,ZLH-054,许幸之,ZLH-105,沈起予,待核验,critical,low,yes,pending_review,左联史,zuolian_shi,98,左联史 第98页,名单如下:冯乃超华_汉_龚冰庐沈叶沉孟超俞_怀_邱韵铎沈端先潘汉年“王洁予冯润璋_顾凤城彭康许峻冯铿王任桐周全平_洪灵菲_戴平万“钱杏邵冯宪章鲁迅杜衡埕子柔石侍桁画室吴贯中黄_素郑伯奇鲁_史朱镜我_田汉王一榴_蒋光慈刘锡五_叶灵凤_郁达夫陶晶孙_戴望舒李初梨_林伯修殴_夫_徐迅雷_程少怀_陈正道_许幸之_郭沫若_沈起予被介绍加人的:仲_豪“徐耘阡_魏金枝届文泳涛丁锐人马宁_孙孟涛王润甫_卢苍雁张璞无产阶级文艺俱乐部的发起人李_平胡忠信阿细余惠“萧歌强其他各反动组织之名单不明。,240,451607e392e76506863cb80a4c973cbf07385569c9884fdd80d90b1d3fb68d03,141748,141988,D:\1大创\左联知识库项目\data\processed\runtime_sources\左联史.txt,A=许幸之;B=沈起予,介绍,no,no,pending_review,no,pending_cross_validation
REL-03210,ZLH-054,许幸之,ZLH-112,戴望舒,同属组织,critical,low,yes,pending_review,左联史,zuolian_shi,98,左联史 第98页,名单如下:冯乃超华_汉_龚冰庐沈叶沉孟超俞_怀_邱韵铎沈端先潘汉年“王洁予冯润璋_顾凤城彭康许峻冯铿王任桐周全平_洪灵菲_戴平万“钱杏邵冯宪章鲁迅杜衡埕子柔石侍桁画室吴贯中黄_素郑伯奇鲁_史朱镜我_田汉王一榴_蒋光慈刘锡五_叶灵凤_郁达夫陶晶孙_戴望舒李初梨_林伯修殴_夫_徐迅雷_程少怀_陈正道_许幸之_郭沫若_沈起予被介绍加人的:仲_豪“徐耘阡_魏金枝届文泳涛丁锐人马宁_孙孟涛王润甫_卢苍雁张璞无产阶级文艺俱乐部的发起人李_平胡忠信阿细余惠“萧歌强其他各反动组织之名单不明。,240,451607e392e76506863cb80a4c973cbf07385569c9884fdd80d90b1d3fb68d03,141748,141988,D:\1大创\左联知识库项目\data\processed\runtime_sources\左联史.txt,A=许幸之;B=戴望舒,介绍,no,no,pending_review,no,pending_cross_validation
REL-03215,ZLH-054,许幸之,ZLH-120,夏征农,待核验,critical,low,yes,pending_review,左联史,zuolian_shi,719,左联史 第719页,"小说还有冯铿《小阿强》、丁玲《给孩子们》、张天翼《大林和小林》、金《袁》的广告丁《孩子们》、征农《孩子的想头》,童话有白兮《---个巨人的诞生》、屈轶《猫的权威》,剧本有穆木天《K镇的某日午后》、许幸之《最后一课》和《古庙钟声》、尤兜《蹄下》,故事有沈西苓《电影是个snzeacssas|EAsqAtxexhni1Ap-ptacehsies探t直nnEEE3LEILZJ〇“更聚仁《文坛新控诉》,1936年1月1日《时事新报青光3。",216,a9ba27d26dcbee1445f0151bec9f900b0a4b92db8962a00811feee24951b76da,1120805,1121021,D:\1大创\左联知识库项目\data\processed\runtime_sources\左联史.txt,A=许幸之;B=征农,,no,no,pending_review,no,pending_cross_validation
REL-03220,ZLH-054,许幸之,ZLH-129,胡愈之,同属组织,critical,low,yes,pending_review,鲁迅日记,luxun_diary,,鲁迅日记 页码未识别,晚往聚丰园应黎烈文之邀，同席尚有达夫、愈之、方保宗、杨幸之。,30,652476718894354b51ab50b0ff6252a3d955682ea1662ab4db695af257b07b13,138620,138650,D:\1大创\左联知识库项目\research\raw_texts\日记全编：全2册 (鲁迅 著) (Z-Library).txt,A=幸之;B=愈之,邀,no,no,pending_review,no,pending_cross_validation
REL-03227,ZLH-054,许幸之,ZLH-141,高尔基,交游,low,medium,no,inferred,左联史,zuolian_shi,40,左联史 第40页,"沈端先主编,作者均为左联盟员作家,创刊号发表的作品有郑伯奇《中国戏剧运动的前路》,许幸之《新兴美术运动的任务》,麦克昂(郭沫若)《普罗文艺的大众化》,冯乃超《俄国革命前的文学运动》,叶沉《戏剧和时代》,王一榴《炉火》,龚冰店《有什么话好对大家说》和《换上新的》,菀尔《告示》,沈端先署名“编者“的《有声电影的前途》,祝秀侩《高尔基〈夜店)》,印韵铎译美国杰克.",180,ce39a63c9e18b5f395845bc1a553994fbcb7fd003a3a8236765d1366ff839e68,51486,51666,D:\1大创\左联知识库项目\data\processed\runtime_sources\左联史.txt,A=许幸之;B=高尔基,主编,no,no,supported,yes,pending_cross_validation
REL-03231,ZLH-054,许幸之,ZLH-150,萧三,同属组织,critical,low,no,pending_review,左联史,zuolian_shi,643,左联史 第643页,"请看这支诗人队伍吧:这里有被闻一多誉为“擎鼓诗人“的田间;有东北作家兼诗人的罗烽、舒群和白晓光(马加);有中国诗歌会诗人穆木天、任钧、蒲风、柳倩和杜谈;有从事中外文化交流的诗人萧三和雷石榆;有充满活力与智慧的诗坛新秀聂绀咕、关霁、渤波、白曙、洪道、林蒂,还有北方左联的诗人孙席珍、冈夫、公木、方殷、何菲、刘御(史巴克)、马子华,此外还有白薇、杨骚、冯润璋、许幸之、安娥、楼适夷、方之中、周文、刘若松〔(风斯)、庄启东、林林、周而复、欧阴凡海、陈子谷、史征军、刘宗璜、吴振刚(大保)、王蕾嘉也都为新诗歌的繁荣兴旺献出过自己的光与热….",266,7ab590a3260fc9ddb1115bf139953cb5d7a43e8a48e1f5e1618086dd2406e268,1009151,1009417,D:\1大创\左联知识库项目\data\processed\runtime_sources\左联史.txt,A=许幸之;B=萧三,,yes,no,pending_review,no,pending_cross_validation
REL-03245,ZLH-055,郑君里,ZLH-117,陈波儿,交游,low,medium,no,inferred,左联史,zuolian_shi,419,左联史 第419页,盖勃尔、李'唐\艮鬟哈瓦德、胡蝶、金焰、陈波儿、王献斋、谈瑛、郑君里。,35,5408b4b2c438fff8ad9947c8789596130fc9139eefa1a1f85c6634f7103feea1,637091,637126,D:\1大创\左联知识库项目\data\processed\runtime_sources\左联史.txt,A=郑君里;B=陈波儿,,no,no,supported,yes,pending_cross_validation
REL-03257,ZLH-058,郭沫若,ZLH-059,白薇,签名联署,low,medium,no,inferred,左联史,zuolian_shi,476,左联史 第476页,"在他主持下,现代书局出版了一大批左翼文学创作如郭沫若《创造十年》,蒋光慈《菊芬》、《最后的微笑》、《异邝与故国》,洪灵菲《流亡》、《归家》,楼建南(适夷)《挣扎》,朐也频《诗稿》,森堡《爱与仇》,白薇《炸弹与征鸟》,外国文学则有《文凭》(茅盾译)、《平林泰子集》(沈端先译)、《林房雄集》(林伯修译),《新俄文学中的男女》(周起应译)、《初恋》(穆木天译)等,为30年代左翼文学运动的发展壮大做出重要贡献。",203,6d2158ed7dc969b7747d3e2957eda4b6354d49e5a1c0cf1e688faac7e12766c1,733939,734142,D:\1大创\左联知识库项目\data\processed\runtime_sources\左联史.txt,A=郭沫若;B=白薇,,no,no,supported,yes,pending_cross_validation
REL-03259,ZLH-058,郭沫若,ZLH-061,朱镜我,待核验,critical,low,yes,pending_review,左联史,zuolian_shi,98,左联史 第98页,名单如下:冯乃超华_汉_龚冰庐沈叶沉孟超俞_怀_邱韵铎沈端先潘汉年“王洁予冯润璋_顾凤城彭康许峻冯铿王任桐周全平_洪灵菲_戴平万“钱杏邵冯宪章鲁迅杜衡埕子柔石侍桁画室吴贯中黄_素郑伯奇鲁_史朱镜我_田汉王一榴_蒋光慈刘锡五_叶灵凤_郁达夫陶晶孙_戴望舒李初梨_林伯修殴_夫_徐迅雷_程少怀_陈正道_许幸之_郭沫若_沈起予被介绍加人的:仲_豪“徐耘阡_魏金枝届文泳涛丁锐人马宁_孙孟涛王润甫_卢苍雁张璞无产阶级文艺俱乐部的发起人李_平胡忠信阿细余惠“萧歌强其他各反动组织之名单不明。,240,451607e392e76506863cb80a4c973cbf07385569c9884fdd80d90b1d3fb68d03,141748,141988,D:\1大创\左联知识库项目\data\processed\runtime_sources\左联史.txt,A=郭沫若;B=朱镜我,介绍,no,no,pending_review,no,pending_cross_validation
REL-03260,ZLH-058,郭沫若,ZLH-063,任白戈,同属组织,critical,low,no,pending_review,左联史,zuolian_shi,74,左联史 第74页,马克思著郭沫若译)、《现实与典型》(罗森达尔著张香山译)、《现实主义论》(吉尔波丁著辛人译)、《世界观与创作方法》(罗森达尔著孟克译)、《文学论》(高尔基著林林译)、《作家论》(恩格斯等著陈北鸥译)《批评论》(倍司巴洛夫著辛人译)、《科学的世界文学观》(西尔列尔著任白戈译)、《艺术史的问题》(高濑.,150,29901feb9c42e85786c76cda6e093a867627cdca3ad38489ae1057dda0f3a444,105165,105315,D:\1大创\左联知识库项目\data\processed\runtime_sources\左联史.txt,A=郭沫若;B=任白戈,,no,no,pending_review,no,pending_cross_validation
REL-03261,ZLH-058,郭沫若,ZLH-067,任钧,交游,low,medium,no,inferred,左联史,zuolian_shi,623,左联史 第623页,"任钧首先报告了协会筹备的经过,说明全国各地的76位诗人、诗歌理论工作者和诗歌爱好者已经加人协会,远在日本东京的诗坛领袖郭沫若以及青年诗人王亚平等也都表示愿意加人协会。",83,aafa2709f1b21d02dfeaf4269bac1b75f511e732d5b71aa2ca9354a602142393,979163,979246,D:\1大创\左联知识库项目\data\processed\runtime_sources\左联史.txt,A=郭沫若;B=任钧,,no,no,supported,yes,pending_cross_validation
REL-03265,ZLH-058,郭沫若,ZLH-073,王余杞,同属组织,critical,low,no,pending_review,左联词典,zuolian_cidian,493,左联词典 第493页,"主要撰稿人有郭沫若、东平、张罗天、辛人、蒲风、欧阳几海、张香山、梅雨、林蒂、雷石榆、魏晋等东京左联盟员,王余杞、许幸之、王任叔、郑伯奇、庄启东、方之中、张天翼、周而复、任钧、洪道、穆木天、关露、安娥、杨骚、舒群、罗烽、张若羟(阿英)等各地左联盟员书在这里发表详著。",132,190653955e7a86cf9bf38c936ff4435d425e73a3b683a81077be0ce8791ce45d,375055,375187,D:\1大创\左联知识库项目\data\processed\runtime_sources\左联词典.txt,A=郭沫若;B=王余杞,撰稿,yes,no,pending_review,no,pending_cross_validation
REL-03269,ZLH-058,郭沫若,ZLH-081,陈白尘,同属组织,critical,low,yes,pending_review,左联词典,zuolian_cidian,486,左联词典 第486页,"此外还刊载过郭沫若、周文、东平、奂绀砺、周而复、方之中、王任叔、李辉英等左联作家的小说散文,田闭、任钓、杨骚、白薇、柳倩,林林等左翼诗人的诗以及陈白尘的剧本,新波、力群、野夫的木刻。",91,36410a3bc5c7ad5da626775a49d5ae18175946fa0aa2647626de4eb845ef45d4,369333,369424,D:\1大创\左联知识库项目\data\processed\runtime_sources\左联词典.txt,A=郭沫若;B=陈白尘,,yes,no,pending_review,no,pending_cross_validation
REL-03271,ZLH-058,郭沫若,ZLH-083,林焕平,签名联署,low,medium,no,inferred,左联史,zuolian_shi,74,左联史 第74页,"1936年6月18日苏联作家高尔基逝世,10月19日鲁迅又逝世了,为悴念这两位中外文学巨人,《质文》出版了“纪念高尔基“《杂文》被菲,改名《质“和“追倬鲁迅先生“两个专辑,发表郭沫若《人文界的日蚀》、北文》继续出版,高尔基漫画像“鹃《高尔基是永远的》、郭沫若《民族的杰作》、林焕平《巴比塞-的文字说朋是:“高尔基教作家“高尔基.",164,8e1804c84dbb674a086305dc2546df37cca2a1dbacdfe20164ddaa4c74f654c6,104923,105087,D:\1大创\左联知识库项目\data\processed\runtime_sources\左联史.txt,A=郭沫若;B=林焕平,,no,no,supported,yes,pending_cross_validation
REL-03275,ZLH-058,郭沫若,ZLH-093,王亚平,合作,critical,medium,no,pending_review,左联史,zuolian_shi,623,左联史 第623页,"任钧首先报告了协会筹备的经过,说明全国各地的76位诗人、诗歌理论工作者和诗歌爱好者已经加人协会,远在日本东京的诗坛领袖郭沫若以及青年诗人王亚平等也都表示愿意加人协会。",83,aafa2709f1b21d02dfeaf4269bac1b75f511e732d5b71aa2ca9354a602142393,979163,979246,D:\1大创\左联知识库项目\data\processed\runtime_sources\左联史.txt,A=郭沫若;B=王亚平,,no,no,pending_review,no,pending_cross_validation
REL-03276,ZLH-058,郭沫若,ZLH-096,王统照,交游,low,medium,no,inferred,左联词典,zuolian_cidian,330,左联词典 第330页,"9月20日,鲁迅、巴金、王统照、林语堂,周瘦鹃、茅盾、郭沫若、傅东华联名发表《文艺界同人为团结御侮与言论自由宣言》,载《新认识第2号。",67,cd1881f4ae3ce60aa7e2f347a1541abd84d6e5cd405d93b8e13622c9a79d3403,235968,236035,D:\1大创\左联知识库项目\data\processed\runtime_sources\左联词典.txt,A=郭沫若;B=王统照,联名,no,yes,supported,yes,pending_cross_validation
REL-03277,ZLH-058,郭沫若,ZLH-097,王西彦,同属组织,critical,low,no,pending_review,左联词典,zuolian_cidian,274,左联词典 第274页,"认为鲁迅的杂文和茅盾的小说是“新兴文学影响力最大的成就“;指出郭沫若,巴金、张天翼、靳以、沈起于、沙汀、艾芜、夏衍、欧阳山、丽尼、齐同、屈轶、卢萝、蒋牧良、萧军等*都在创作上尽了他们最善的努力“;“端木蕻良、荒煤、舒群、松之的、罗烽、姚雪垠、王西彦、吴奚如、刘白羽等,都有很高的成就“。",143,48c9ac54259e8005555e3c2703389f9de61e2369a9ee63829f6b41cb1214d385,186337,186480,D:\1大创\左联知识库项目\data\processed\runtime_sources\左联词典.txt,A=郭沫若;B=王西彦,,yes,no,pending_review,no,pending_cross_validation
REL-03278,ZLH-058,郭沫若,ZLH-098,沈从文,交游,low,medium,no,inferred,左联词典,zuolian_cidian,557,左联词典 第557页,"全书分两部分:第一部分是《鲁迅生平》和《药》、《一件小事》、《孔乙已》、《祝福》、《风筝)《论“他妈的“!1)、《离婚》等鲁迅作品7篇;第二部分是其他中国作家的小说17篇:《为奴隶的母亲》(柔石)、《自杀》(茅盾)、《拗汊》(茅盾)、《水》(丁玲)、《消息》(丁玲)、《狗》(巴金)、《柏子》(沈从文)、《阿娥》(孙席珍)、《在“大连号“轮船上》(田军)、《第三支枪》(田军)、《狗肉将军》(林语堂)、《皈依》(萧乾)、《紫藤与茵葡》(郁达夫)、《移行》(张天翼)、《十字架》(郭沫若)、《一部遗失了的日记片断》(失名)、《法律外的航线(沙汀)书后有附录两种,《现代中国文学运动》(尼姆,威尔士)和参考书目。",304,61010ef89ba6b2d0ea6003b4e257b22656db069d7ab697e4b0e74d4c3f643459,428626,428930,D:\1大创\左联知识库项目\data\processed\runtime_sources\左联词典.txt,A=郭沫若;B=沈从文,,no,no,supported,yes,pending_cross_validation
REL-03280,ZLH-058,郭沫若,ZLH-104,叶灵凤,同属组织,high,low,yes,pending_review,左联史,zuolian_shi,98,左联史 第98页,名单如下:冯乃超华_汉_龚冰庐沈叶沉孟超俞_怀_邱韵铎沈端先潘汉年“王洁予冯润璋_顾凤城彭康许峻冯铿王任桐周全平_洪灵菲_戴平万“钱杏邵冯宪章鲁迅杜衡埕子柔石侍桁画室吴贯中黄_素郑伯奇鲁_史朱镜我_田汉王一榴_蒋光慈刘锡五_叶灵凤_郁达夫陶晶孙_戴望舒李初梨_林伯修殴_夫_徐迅雷_程少怀_陈正道_许幸之_郭沫若_沈起予被介绍加人的:仲_豪“徐耘阡_魏金枝届文泳涛丁锐人马宁_孙孟涛王润甫_卢苍雁张璞无产阶级文艺俱乐部的发起人李_平胡忠信阿细余惠“萧歌强其他各反动组织之名单不明。,240,451607e392e76506863cb80a4c973cbf07385569c9884fdd80d90b1d3fb68d03,141748,141988,D:\1大创\左联知识库项目\data\processed\runtime_sources\左联史.txt,A=郭沫若;B=叶灵凤,介绍,no,no,pending_review,no,pending_cross_validation
REL-03281,ZLH-058,郭沫若,ZLH-105,沈起予,待核验,critical,low,no,pending_review,左联史,zuolian_shi,596,左联史 第596页,签名者:巴_金_王统煌包天笑_沈起予_林语堂_洪深周瘦鹃茅盾陈望道_郭沫若夏丐尊_张天翼伟东华_叶绍钩“郑振铁郑伯奇赵家壁_黎烈文_鲁_迅谢冰心“丰子恺在宜言上签名的这21位作家包括两个口号论战双方及其他各流派的代表作家。,111,7545a05e2aead4e760582f22a1f168d40a4d5a45e9d4371354f7ce72a30a9ce2,938355,938466,D:\1大创\左联知识库项目\data\processed\runtime_sources\左联史.txt,A=郭沫若;B=沈起予,签名,no,no,pending_review,no,pending_cross_validation
REL-03283,ZLH-058,郭沫若,ZLH-112,戴望舒,同属组织,critical,low,yes,pending_review,左联史,zuolian_shi,98,左联史 第98页,名单如下:冯乃超华_汉_龚冰庐沈叶沉孟超俞_怀_邱韵铎沈端先潘汉年“王洁予冯润璋_顾凤城彭康许峻冯铿王任桐周全平_洪灵菲_戴平万“钱杏邵冯宪章鲁迅杜衡埕子柔石侍桁画室吴贯中黄_素郑伯奇鲁_史朱镜我_田汉王一榴_蒋光慈刘锡五_叶灵凤_郁达夫陶晶孙_戴望舒李初梨_林伯修殴_夫_徐迅雷_程少怀_陈正道_许幸之_郭沫若_沈起予被介绍加人的:仲_豪“徐耘阡_魏金枝届文泳涛丁锐人马宁_孙孟涛王润甫_卢苍雁张璞无产阶级文艺俱乐部的发起人李_平胡忠信阿细余惠“萧歌强其他各反动组织之名单不明。,240,451607e392e76506863cb80a4c973cbf07385569c9884fdd80d90b1d3fb68d03,141748,141988,D:\1大创\左联知识库项目\data\processed\runtime_sources\左联史.txt,A=郭沫若;B=戴望舒,介绍,no,no,pending_review,no,pending_cross_validation
REL-03286,ZLH-058,郭沫若,ZLH-116,孙席珍,空间共现,low,medium,no,inferred,左联词典,zuolian_cidian,557,左联词典 第557页,"全书分两部分:第一部分是《鲁迅生平》和《药》、《一件小事》、《孔乙已》、《祝福》、《风筝)《论“他妈的“!1)、《离婚》等鲁迅作品7篇;第二部分是其他中国作家的小说17篇:《为奴隶的母亲》(柔石)、《自杀》(茅盾)、《拗汊》(茅盾)、《水》(丁玲)、《消息》(丁玲)、《狗》(巴金)、《柏子》(沈从文)、《阿娥》(孙席珍)、《在“大连号“轮船上》(田军)、《第三支枪》(田军)、《狗肉将军》(林语堂)、《皈依》(萧乾)、《紫藤与茵葡》(郁达夫)、《移行》(张天翼)、《十字架》(郭沫若)、《一部遗失了的日记片断》(失名)、《法律外的航线(沙汀)书后有附录两种,《现代中国文学运动》(尼姆,威尔士)和参考书目。",304,61010ef89ba6b2d0ea6003b4e257b22656db069d7ab697e4b0e74d4c3f643459,428626,428930,D:\1大创\左联知识库项目\data\processed\runtime_sources\左联词典.txt,A=郭沫若;B=孙席珍,,no,no,inferred,no,pending_cross_validation
REL-03288,ZLH-058,郭沫若,ZLH-119,何家槐,同属组织,critical,low,no,pending_review,左联史,zuolian_shi,529,左联史 第529页,"1936年,庄启东为上海新钟书局主编过一套“新钟创作丛刊“,收有张天翼《洋泾浜奇侠》、穆木天《平凡集》、王任叔《三〇集》、何家槐《木匠》、朐依凡《烟圈笔下》、庄启东《自杀者》、郭沫若《历史小品集》、李辉英《再生集》、叶紫《古渡头》、欧阳山《粥渣》、雷石榆《惨别》、侯枫《牺牲)马子华《路线》等左联作家作品13种,这是丛书的第1辑,他原计划还要编辑出版第2辑、第3辑,可是时局动荡,复加书报审查制度之严酷,后来各辑就被扼杀在摄篮里了。",216,57033aeff0021b67233ea871e6f6b2226298f31c818370c04d022774e53fbe8e,827077,827293,D:\1大创\左联知识库项目\data\processed\runtime_sources\左联史.txt,A=郭沫若;B=何家槐,编辑,no,no,pending_review,no,pending_cross_validation
REL-03289,ZLH-058,郭沫若,ZLH-120,夏征农,签名联署,low,medium,no,supported,左联史,zuolian_shi,295,左联史 第295页,"创刊号上公布了特约撰述68人名单,其中有左联成员艾芜、方光焘、佛朗(祝秀侠)、高滔、何谷天(周文)、洪深、黄芝冈、张天翼、李辉英、廖堆容(廖沫沙)、聂绀弩、欧阳山、任白戈、家征农、沈起予、草明、魏猛克、杨骚,其他还有巴金、冰心、沉模、杜重远、丰子恺、风子(唐弛)、耿济之、顾均正、黄源、胡仲持、朐愈之、金仲华、靳以、榴奋、周木斋、周予同、赵元任、朱光湛、克士(周建人)、老舍、李健吾、落华生、马宗融、孟斯根(孟十还)、夏七尊、陈子展、谢六逸、孙伏园、陶行知、蔡慕晖、蔡希陶、王鲁彦、王伯祥、王统炜、吴组编、吴文祺、叶籁士、乐嗣炳等,还有谷人(郭沫若)。",276,6e425e030fe453965626c318fb25af618fc77bd3bcdd8eaa9ef12cb435231ada,442288,442564,D:\1大创\左联知识库项目\data\processed\runtime_sources\左联史.txt,A=郭沫若;B=征农,约,yes,no,supported,yes,pending_cross_validation
REL-03292,ZLH-058,郭沫若,ZLH-123,邹韬奋,交游,low,medium,no,inferred,左联史,zuolian_shi,725,左联史 第725页,"“卢沟桥事变“爆发,全民抗战起来后,流亡海外十年的著名诗人和作家郭沫若从日本回来,来到上海;沈钧儒、邹韬奋、李公朴、章乃器、沙十里、王造时、史良等“七君孔“,以“抗日爱国罪“人狱8个多月之后被释放也回到上海。",104,0e0ddef3391b2b3a32ed4b8ab5d0fd2ef368be75517daaaf908b005d32c1fcff,1128046,1128150,D:\1大创\左联知识库项目\data\processed\runtime_sources\左联史.txt,A=郭沫若;B=邹韬奋,,no,no,supported,yes,pending_cross_validation
REL-03294,ZLH-058,郭沫若,ZLH-127,曹靖华,空间共现,low,medium,no,inferred,左联史,zuolian_shi,509,左联史 第509页,"1932年回国,来到上海,正式加人中国左翼作家联盟,为左联文艺大众化委员会成员,他和何谷天(周文)一同从事将外国文学名著改写成“大众本“的工作,当时,何谷天改写鲁迅、曹靖华译的苏联小说《毁灭》、《铁流》,尹庚改写易坎人(郭沫若〉译的美国辛克莱小说《石炭王》、《屠场》,何谷天的两种“大众本“出版了,之庚改写的两种却被禁止出版,只得将它们拿到工人读书会去,作为他们的阅读参考。",187,d89652dc6e621581092d9d6d93d4bebc1f766900314c94badfe6c0e8cc3fd717,792376,792563,D:\1大创\左联知识库项目\data\processed\runtime_sources\左联史.txt,A=郭沫若;B=曹靖华,一同,no,no,inferred,no,pending_cross_validation
REL-03295,ZLH-058,郭沫若,ZLH-128,林语堂,交游,low,medium,no,inferred,左联史,zuolian_shi,596,左联史 第596页,签名者:巴_金_王统煌包天笑_沈起予_林语堂_洪深周瘦鹃茅盾陈望道_郭沫若夏丐尊_张天翼伟东华_叶绍钩“郑振铁郑伯奇赵家壁_黎烈文_鲁_迅谢冰心“丰子恺在宜言上签名的这21位作家包括两个口号论战双方及其他各流派的代表作家。,111,7545a05e2aead4e760582f22a1f168d40a4d5a45e9d4371354f7ce72a30a9ce2,938355,938466,D:\1大创\左联知识库项目\data\processed\runtime_sources\左联史.txt,A=郭沫若;B=林语堂,签名,no,no,supported,yes,pending_cross_validation
REL-03304,ZLH-058,郭沫若,ZLH-139,陈望道,文学论战,low,medium,no,inferred,左联史,zuolian_shi,596,左联史 第596页,签名者:巴_金_王统煌包天笑_沈起予_林语堂_洪深周瘦鹃茅盾陈望道_郭沫若夏丐尊_张天翼伟东华_叶绍钩“郑振铁郑伯奇赵家壁_黎烈文_鲁_迅谢冰心“丰子恺在宜言上签名的这21位作家包括两个口号论战双方及其他各流派的代表作家。,111,7545a05e2aead4e760582f22a1f168d40a4d5a45e9d4371354f7ce72a30a9ce2,938355,938466,D:\1大创\左联知识库项目\data\processed\runtime_sources\左联史.txt,A=郭沫若;B=陈望道,签名,no,no,supported,yes,pending_cross_validation
REL-03305,ZLH-058,郭沫若,ZLH-141,高尔基,亲属关系,high,medium,no,pending_review,左联史,zuolian_shi,40,左联史 第40页,"沈端先主编,作者均为左联盟员作家,创刊号发表的作品有郑伯奇《中国戏剧运动的前路》,许幸之《新兴美术运动的任务》,麦克昂(郭沫若)《普罗文艺的大众化》,冯乃超《俄国革命前的文学运动》,叶沉《戏剧和时代》,王一榴《炉火》,龚冰店《有什么话好对大家说》和《换上新的》,菀尔《告示》,沈端先署名“编者“的《有声电影的前途》,祝秀侩《高尔基〈夜店)》,印韵铎译美国杰克.",180,ce39a63c9e18b5f395845bc1a553994fbcb7fd003a3a8236765d1366ff839e68,51486,51666,D:\1大创\左联知识库项目\data\processed\runtime_sources\左联史.txt,A=郭沫若;B=高尔基,主编,no,no,pending_review,no,pending_cross_validation
REL-03308,ZLH-058,郭沫若,ZLH-144,巴比塞,签名联署,low,medium,no,inferred,左联史,zuolian_shi,74,左联史 第74页,"1936年6月18日苏联作家高尔基逝世,10月19日鲁迅又逝世了,为悴念这两位中外文学巨人,《质文》出版了“纪念高尔基“《杂文》被菲,改名《质“和“追倬鲁迅先生“两个专辑,发表郭沫若《人文界的日蚀》、北文》继续出版,高尔基漫画像“鹃《高尔基是永远的》、郭沫若《民族的杰作》、林焕平《巴比塞-的文字说朋是:“高尔基教作家“高尔基.",164,8e1804c84dbb674a086305dc2546df37cca2a1dbacdfe20164ddaa4c74f654c6,104923,105087,D:\1大创\左联知识库项目\data\processed\runtime_sources\左联史.txt,A=郭沫若;B=巴比塞,,no,no,supported,yes,pending_cross_validation
REL-03310,ZLH-058,郭沫若,ZLH-147,辛克莱,文学论战,low,medium,no,inferred,左联史,zuolian_shi,509,左联史 第509页,"1932年回国,来到上海,正式加人中国左翼作家联盟,为左联文艺大众化委员会成员,他和何谷天(周文)一同从事将外国文学名著改写成“大众本“的工作,当时,何谷天改写鲁迅、曹靖华译的苏联小说《毁灭》、《铁流》,尹庚改写易坎人(郭沫若〉译的美国辛克莱小说《石炭王》、《屠场》,何谷天的两种“大众本“出版了,之庚改写的两种却被禁止出版,只得将它们拿到工人读书会去,作为他们的阅读参考。",187,d89652dc6e621581092d9d6d93d4bebc1f766900314c94badfe6c0e8cc3fd717,792376,792563,D:\1大创\左联知识库项目\data\processed\runtime_sources\左联史.txt,A=郭沫若;B=辛克莱,一同,no,no,supported,yes,pending_cross_validation
REL-03311,ZLH-058,郭沫若,ZLH-150,萧三,同属组织,critical,low,no,pending_review,左联词典,zuolian_cidian,658,左联词典 第658页,"第5章为《左翼十年(下,分述“一二八“之后,进入电影界,阵线的扩大,“左联“的后期,三次大破坏,“怪西人事件“,重建“文委“,萧三的来信、两个口号的争论,在大的悲哀里,西安事变,从“七七“到“八一三“,郭沫若回国等事件,叙述作者在整个左联时期的政治活动和文学创作,对自己“前半生的历史,进行了初步的回顾.",152,bf75ef790f54adf0159204d2aef59b3dd71be0aa013d3733d9dc50c6ededd849,514338,514490,D:\1大创\左联知识库项目\data\processed\runtime_sources\左联词典.txt,A=郭沫若;B=萧三,来信,no,no,pending_review,no,pending_cross_validation
REL-03312,ZLH-059,白薇,ZLH-060,鲁彦,同属组织,critical,low,no,pending_review,左联史,zuolian_shi,233,左联史 第233页,"编委会人员是郁达夫、茅盾、胡愈之、洪深、陈望道、徐调孚、傅东华、叶绍钩、郑振铎;“特约撰稿员“中有丁玲、方光焘、田汉、白薇、沈起予、张天翼、郑伯奇、鲁迅、适夷、谢冰苔、穆木天等左联盟员作家,还有冰心、王统照、王鲁彦、巴金、朱自清、老舍、周建人、周作人、施蛟存、俞平伯、胡秋原、耿济之、夏丐尊、梁宗岱、许地山、郭绍虞、黎烈文、谢六逸、丰子恺、顾颉刚等知名作家、学者,阵容坚强,未来刊物的高水平高质量是有保证的。",204,f73be0713b65cd4268db6e76f069511ba9c200e0e2a7ed553d74c0360ecffbb8,346179,346383,D:\1大创\左联知识库项目\data\processed\runtime_sources\左联史.txt,A=白薇;B=鲁彦,撰稿,yes,no,pending_review,no,pending_cross_validation
REL-03316,ZLH-059,白薇,ZLH-067,任钧,待核验,critical,low,no,pending_review,左联史,zuolian_shi,462,左联史 第462页,"发起人_欧查董竹君王莹鄄_风_蒋逸零沈兹九“吴佩兰吴似鸿_陈班如寄_洪王季意_陈维姜_蓝英杜眉慧_罗_萧_李兰夏国琼_陈波儿关露收款处“上海亚尔培路125弄31号夏国琼女士收左联诗人任钧得到白薇病重的消息,也很着急。",108,3c30c6d94d828e1d6b5cf451649d3e0258f112d6c8fdce3456b174b0d7786881,709409,709517,D:\1大创\左联知识库项目\data\processed\runtime_sources\左联史.txt,A=白薇;B=任钧,发起,no,no,pending_review,no,pending_cross_validation
REL-03319,ZLH-059,白薇,ZLH-077,柳倩,待核验,critical,low,no,pending_review,左联史,zuolian_shi,231,左联史 第231页,"其他左联作家被禁的著译还有:戴平万《陆阿六》,杨郫人《狂澜》与《苍闷》,孙席珍《战场上》、《辛克莱译传》,冯宪章《梦后》、《叶山嘉树集》,何畏《文学方法论者蒲列哈诺夫》,戴望舒《啪物史观的文学论》,顾凤城《新兴文学概论》和《没落的灵魂》,王余杞《朋友与敌人》,健尼(高云览)《前夜》,周全平《残兵》,森堡(任钧)《藤森成吉集》、《爱与仇》、《隐秘的爱》,龚冰庐《炭矿夫》、《黎明之前》,潘汉年《离婚》,李辉英《万宝山》,沙汀《法律外的航线》,蒲风《茫茫夜》、《六月流火》,白特(杜谈)《还乡集》,台静农《建塔者》,侍桁《文学评论集》和《铁甲列车》,魏金枝《奶妈》,华蒂(叶以群)《文艺创作概论》,白薇《打出幽灵塔》,谷非(胡风)《洋鬼》,柳倩《生命的微突》,祝秀侠《巴比塞短篇作》,叶紫《丰收》,马宁《新恋》,陈子鹄《守宙之歌》,田间《中国.",371,cf16afb36df85da3a017fd88ec86667fa0b69a7c110e817a8221ad8ac0379430,343302,343673,D:\1大创\左联知识库项目\data\processed\runtime_sources\左联史.txt,A=白薇;B=柳倩,,no,no,pending_review,no,pending_cross_validation
REL-03325,ZLH-059,白薇,ZLH-091,叶以群,待核验,critical,low,yes,pending_review,左联史,zuolian_shi,231,左联史 第231页,"其他左联作家被禁的著译还有:戴平万《陆阿六》,杨郫人《狂澜》与《苍闷》,孙席珍《战场上》、《辛克莱译传》,冯宪章《梦后》、《叶山嘉树集》,何畏《文学方法论者蒲列哈诺夫》,戴望舒《啪物史观的文学论》,顾凤城《新兴文学概论》和《没落的灵魂》,王余杞《朋友与敌人》,健尼(高云览)《前夜》,周全平《残兵》,森堡(任钧)《藤森成吉集》、《爱与仇》、《隐秘的爱》,龚冰庐《炭矿夫》、《黎明之前》,潘汉年《离婚》,李辉英《万宝山》,沙汀《法律外的航线》,蒲风《茫茫夜》、《六月流火》,白特(杜谈)《还乡集》,台静农《建塔者》,侍桁《文学评论集》和《铁甲列车》,魏金枝《奶妈》,华蒂(叶以群)《文艺创作概论》,白薇《打出幽灵塔》,谷非(胡风)《洋鬼》,柳倩《生命的微突》,祝秀侠《巴比塞短篇作》,叶紫《丰收》,马宁《新恋》,陈子鹄《守宙之歌》,田间《中国.",371,cf16afb36df85da3a017fd88ec86667fa0b69a7c110e817a8221ad8ac0379430,343302,343673,D:\1大创\左联知识库项目\data\processed\runtime_sources\左联史.txt,A=白薇;B=叶以群,,no,no,pending_review,no,pending_cross_validation
REL-03328,ZLH-059,白薇,ZLH-097,王西彦,同属组织,critical,low,no,pending_review,左联词典,zuolian_cidian,104,左联词典 第104页,"左联拥有一批贡献卓著、德高望重的老作家如鲁迅、茅盾、翔秋日、蒋光慈、田汉、洪深,左联诣生前已从事创作和翻译的柔石、洪灵菲、应修人、潘漠华、郑伯奇、王任叔、阳翰笙、阿英、丁玲、张天翼、冯雪峰、夏衍、周扬、胡风、周立波、穆木天、杨骚、白薇等,又培养了一批思想活既、颇具才华的文学新人如冯铿、沙汀、艾莅、欧阳山、草明、李辉英、周文、柏山、东平、征农、荒煤、葛琴、徐盈、叶紫、罗烽、舒群、端木蕻良、王西彦、王尘无、蒲风、田间、于伶、凌鹤、徐懋庸、聂绀弩、廖沫沙等,他们都为左翼文学奉献了自己的佳作,如鲁迅、瞿秋白、徐懋庸、聂绀弩、廖沫沙的杂文,茅盾的《于夜》蒋光意《咆哮了的土地》,胡也频《光明在我们的前面9,柔石、冯铿、丁玲、阳翰笙、沙汀、艾芜、欧阳山、草明、李辉英、周文、柏山、东平、征农、荒煤、葛琴、徐盈、叶紫、罗烽、舒群、端木蕻良、王西彦的小说.",373,38fb7f84d392c56ebfb19f4ba45e46afdcb5c041c850ce800ec1de1ef46653dc,39205,39578,D:\1大创\左联知识库项目\data\processed\runtime_sources\左联词典.txt,A=白薇;B=王西彦,,yes,no,pending_review,no,pending_cross_validation
REL-03329,ZLH-059,白薇,ZLH-098,沈从文,同属组织,critical,low,no,pending_review,左联史,zuolian_shi,528,左联史 第528页,"1934年3月1日《春光》创刊号问世,登载的特约撰稿人名单多达51位,其中左联盟员作家就有方光焊、方土人、王任叔、白薇、丘东平、沙汀、艾芜、何家槐、李辉英、郁达夫、征农、洪深、祝秀侠、草明、许幸之、张天翼、董每戡、黎锦明、郑伯奇、穆木天、魏金枝、魏猛克22位;其他作家有夏与尊、陈望道、巴金、王统照、老吴、叶圣陶、傅东华、曹聚仁、丰子恺、陈子展、沈从文、施蛭存、马彦祥、沉樱、徐调乍、鲁彦、靳以、赵景深、李又然等;叶灵凤虽已被左联开除,但庄启东依然让他做《春光》特约撰稿人;诗人戴望舒在一篇法国通信中说过纪德也是“第三种人“的话,因而受到非议,但是他仍旧被列人了特约揣稿人的名单,真是极一时之盛。",298,232ca7ca1db8856adab82e346b24a29740c52419e1749a7565828ee1e602e432,825687,825985,D:\1大创\左联知识库项目\data\processed\runtime_sources\左联史.txt,A=白薇;B=沈从文,通信,yes,no,pending_review,no,pending_cross_validation
REL-03330,ZLH-059,白薇,ZLH-100,姚蓬子,合作,critical,medium,no,pending_review,左联史,zuolian_shi,153,左联史 第153页,"创刊号发表的小说有《二十一个》(张天翼)、《碑》(沈起予)、《天地之死》(白薇)、《自由在垃圾桶里》(魏金枝)、《胆怯列车》(巴比塞作蓬子译)、《鹿》(Rarga作穆木天译),诗《奉天驿中》(穆木天)、《雪夜》(蓬子),评论《--个空虚的作者》(侍桁)、《建塔者》(侍柬)。",137,170ed38255e5366c5dc6722d67381848abac6077c4e9f987127deedca01e1791,221738,221875,D:\1大创\左联知识库项目\data\processed\runtime_sources\左联史.txt,A=白薇;B=蓬子,,no,no,pending_review,no,pending_cross_validation
REL-03332,ZLH-059,白薇,ZLH-105,沈起予,待核验,critical,low,yes,pending_review,左联史,zuolian_shi,153,左联史 第153页,"创刊号发表的小说有《二十一个》(张天翼)、《碑》(沈起予)、《天地之死》(白薇)、《自由在垃圾桶里》(魏金枝)、《胆怯列车》(巴比塞作蓬子译)、《鹿》(Rarga作穆木天译),诗《奉天驿中》(穆木天)、《雪夜》(蓬子),评论《--个空虚的作者》(侍桁)、《建塔者》(侍柬)。",137,170ed38255e5366c5dc6722d67381848abac6077c4e9f987127deedca01e1791,221738,221875,D:\1大创\左联知识库项目\data\processed\runtime_sources\左联史.txt,A=白薇;B=沈起予,,no,no,pending_review,no,pending_cross_validation
REL-03337,ZLH-059,白薇,ZLH-117,陈波儿,待核验,high,low,yes,pending_review,左联史,zuolian_shi,462,左联史 第462页,"发起人_欧查董竹君王莹鄄_风_蒋逸零沈兹九“吴佩兰吴似鸿_陈班如寄_洪王季意_陈维姜_蓝英杜眉慧_罗_萧_李兰夏国琼_陈波儿关露收款处“上海亚尔培路125弄31号夏国琼女士收左联诗人任钧得到白薇病重的消息,也很着急。",108,3c30c6d94d828e1d6b5cf451649d3e0258f112d6c8fdce3456b174b0d7786881,709409,709517,D:\1大创\左联知识库项目\data\processed\runtime_sources\左联史.txt,A=白薇;B=陈波儿,发起,no,no,pending_review,no,pending_cross_validation
REL-03339,ZLH-059,白薇,ZLH-120,夏征农,签名联署,low,medium,no,inferred,左联词典,zuolian_cidian,499,左联词典 第499页,"撰稿人中有许多左联盟员作家,如王任梓、白薇、王东平、沙汀、艾芜,何家槐、李辉英、郁达夫、征农、洪深、草明、许幸之、阿吴渊、张大翼、郑住奇、穆木天、魏金枝、魏猛克、冰山等。",85,94ff73b8015a4db2756330172fa325dcbe5cb52c6b917c95ed1046a62da4fada,380920,381005,D:\1大创\左联知识库项目\data\processed\runtime_sources\左联词典.txt,A=白薇;B=征农,撰稿,yes,no,supported,yes,pending_cross_validation
REL-03349,ZLH-059,白薇,ZLH-139,陈望道,同属组织,critical,low,no,pending_review,左联史,zuolian_shi,142,左联史 第142页,"二八“战争期间,该会成员丁玲、白薇、何畏、陈望道、漆琪生等假座中社举行会议,决议援助神州国光社印刷所工人的姑工斗争及失业工人,慰劳前线将土等。",71,c398a306a5e25c272df39fe0c809a36adcbbd24599cb5d0b2e9274adba08ad62,207874,207945,D:\1大创\左联知识库项目\data\processed\runtime_sources\左联史.txt,A=白薇;B=陈望道,援助,no,no,pending_review,no,pending_cross_validation
REL-03350,ZLH-059,白薇,ZLH-141,高尔基,交游,low,medium,no,inferred,左联史,zuolian_shi,518,左联史 第518页,"这期间,他正主持上海正午书局,这家书店出版了许多种左联作家的作品:张太翼《鬼土日记》,罗西《人生底路》、《竹尺和铁锤》、《世界走得这样慢》,外国作品《布罗斯基》(苏联潘菲洛夫著林淡秋译)、《少年劳动者》(苏联高尔基著穆木天译)、《安娜》(奥白娜西特著白薇译)、《蒙力汗诺夫》(苏联雅各武莱夫著何畏译)、《新兴恋爱观》(杨骚译)、《战后》(德国路易秘著蓬子译),以及华蒂《日本作家印象记》、袁殊《新闻学论文初集》,韩起自己译的《列宁回忆录》、《一九一七年二月》(苏联罗丁诺夫著)等。",240,e8f1fe79cca8ef5c657812f5656e4276689ffffcb0fb449720684b28b0371327,809324,809564,D:\1大创\左联知识库项目\data\processed\runtime_sources\左联史.txt,A=白薇;B=高尔基,,no,yes,supported,yes,pending_cross_validation
REL-03352,ZLH-059,白薇,ZLH-144,巴比塞,合作,critical,medium,no,pending_review,左联史,zuolian_shi,459,左联史 第459页,"1933年8月,白薇在《中国著作家欢迎巴比塞代表团启事》上签名,支持远东反战大会在上海召开,欢迎巴比塞代表团来华。",57,0c0c6a8dad9332042d73f88a38a0a250817a2d76b0e1f72305f6a8989f563c23,705494,705551,D:\1大创\左联知识库项目\data\processed\runtime_sources\左联史.txt,A=白薇;B=巴比塞,签名,no,no,pending_review,no,pending_cross_validation
REL-03355,ZLH-059,白薇,ZLH-150,萧三,同属组织,critical,low,no,pending_review,左联史,zuolian_shi,465,左联史 第465页,"萧三在苏联期间经常给鲁迅写信报告国际革命作家联盟情况,寄赠《国际文学)、《太平洋灯塔》、《萧三的诗》等书刊,鲁迅也将茅盾、周起应(周扬)、沈端先(夏衍)、张天翼、郑伯奇、周文、沙汀、白薇等左翼作家的作品寄给萧三。",106,8c99ec852386f446851d6dd8143a3dfdc157df6633ef6f3ddf2312cc42c83e8a,714747,714853,D:\1大创\左联知识库项目\data\processed\runtime_sources\左联史.txt,A=白薇;B=萧三,写信,no,no,pending_review,no,pending_cross_validation
REL-03356,ZLH-060,鲁彦,ZLH-063,任白戈,同属组织,critical,low,no,pending_review,左联史,zuolian_shi,295,左联史 第295页,"创刊号上公布了特约撰述68人名单,其中有左联成员艾芜、方光焘、佛朗(祝秀侠)、高滔、何谷天(周文)、洪深、黄芝冈、张天翼、李辉英、廖堆容(廖沫沙)、聂绀弩、欧阳山、任白戈、家征农、沈起予、草明、魏猛克、杨骚,其他还有巴金、冰心、沉模、杜重远、丰子恺、风子(唐弛)、耿济之、顾均正、黄源、胡仲持、朐愈之、金仲华、靳以、榴奋、周木斋、周予同、赵元任、朱光湛、克士(周建人)、老舍、李健吾、落华生、马宗融、孟斯根(孟十还)、夏七尊、陈子展、谢六逸、孙伏园、陶行知、蔡慕晖、蔡希陶、王鲁彦、王伯祥、王统炜、吴组编、吴文祺、叶籁士、乐嗣炳等,还有谷人(郭沫若)。",276,6e425e030fe453965626c318fb25af618fc77bd3bcdd8eaa9ef12cb435231ada,442288,442564,D:\1大创\左联知识库项目\data\processed\runtime_sources\左联史.txt,A=鲁彦;B=任白戈,约,yes,no,pending_review,no,pending_cross_validation
REL-03359,ZLH-060,鲁彦,ZLH-096,王统照,同属组织,critical,low,no,pending_review,左联史,zuolian_shi,233,左联史 第233页,"编委会人员是郁达夫、茅盾、胡愈之、洪深、陈望道、徐调孚、傅东华、叶绍钩、郑振铎;“特约撰稿员“中有丁玲、方光焘、田汉、白薇、沈起予、张天翼、郑伯奇、鲁迅、适夷、谢冰苔、穆木天等左联盟员作家,还有冰心、王统照、王鲁彦、巴金、朱自清、老舍、周建人、周作人、施蛟存、俞平伯、胡秋原、耿济之、夏丐尊、梁宗岱、许地山、郭绍虞、黎烈文、谢六逸、丰子恺、顾颉刚等知名作家、学者,阵容坚强,未来刊物的高水平高质量是有保证的。",204,f73be0713b65cd4268db6e76f069511ba9c200e0e2a7ed553d74c0360ecffbb8,346179,346383,D:\1大创\左联知识库项目\data\processed\runtime_sources\左联史.txt,A=鲁彦;B=王统照,撰稿,yes,no,pending_review,no,pending_cross_validation
REL-03361,ZLH-060,鲁彦,ZLH-104,叶灵凤,同属组织,critical,low,no,pending_review,左联史,zuolian_shi,528,左联史 第528页,"1934年3月1日《春光》创刊号问世,登载的特约撰稿人名单多达51位,其中左联盟员作家就有方光焊、方土人、王任叔、白薇、丘东平、沙汀、艾芜、何家槐、李辉英、郁达夫、征农、洪深、祝秀侠、草明、许幸之、张天翼、董每戡、黎锦明、郑伯奇、穆木天、魏金枝、魏猛克22位;其他作家有夏与尊、陈望道、巴金、王统照、老吴、叶圣陶、傅东华、曹聚仁、丰子恺、陈子展、沈从文、施蛭存、马彦祥、沉樱、徐调乍、鲁彦、靳以、赵景深、李又然等;叶灵凤虽已被左联开除,但庄启东依然让他做《春光》特约撰稿人;诗人戴望舒在一篇法国通信中说过纪德也是“第三种人“的话,因而受到非议,但是他仍旧被列人了特约揣稿人的名单,真是极一时之盛。",298,232ca7ca1db8856adab82e346b24a29740c52419e1749a7565828ee1e602e432,825687,825985,D:\1大创\左联知识库项目\data\processed\runtime_sources\左联史.txt,A=鲁彦;B=叶灵凤,通信,yes,no,pending_review,no,pending_cross_validation
REL-03362,ZLH-060,鲁彦,ZLH-105,沈起予,同属组织,critical,low,no,pending_review,左联史,zuolian_shi,233,左联史 第233页,"编委会人员是郁达夫、茅盾、胡愈之、洪深、陈望道、徐调孚、傅东华、叶绍钩、郑振铎;“特约撰稿员“中有丁玲、方光焘、田汉、白薇、沈起予、张天翼、郑伯奇、鲁迅、适夷、谢冰苔、穆木天等左联盟员作家,还有冰心、王统照、王鲁彦、巴金、朱自清、老舍、周建人、周作人、施蛟存、俞平伯、胡秋原、耿济之、夏丐尊、梁宗岱、许地山、郭绍虞、黎烈文、谢六逸、丰子恺、顾颉刚等知名作家、学者,阵容坚强,未来刊物的高水平高质量是有保证的。",204,f73be0713b65cd4268db6e76f069511ba9c200e0e2a7ed553d74c0360ecffbb8,346179,346383,D:\1大创\左联知识库项目\data\processed\runtime_sources\左联史.txt,A=鲁彦;B=沈起予,撰稿,yes,no,pending_review,no,pending_cross_validation
REL-03365,ZLH-060,鲁彦,ZLH-119,何家槐,同属组织,critical,low,no,pending_review,左联史,zuolian_shi,528,左联史 第528页,"1934年3月1日《春光》创刊号问世,登载的特约撰稿人名单多达51位,其中左联盟员作家就有方光焊、方土人、王任叔、白薇、丘东平、沙汀、艾芜、何家槐、李辉英、郁达夫、征农、洪深、祝秀侠、草明、许幸之、张天翼、董每戡、黎锦明、郑伯奇、穆木天、魏金枝、魏猛克22位;其他作家有夏与尊、陈望道、巴金、王统照、老吴、叶圣陶、傅东华、曹聚仁、丰子恺、陈子展、沈从文、施蛭存、马彦祥、沉樱、徐调乍、鲁彦、靳以、赵景深、李又然等;叶灵凤虽已被左联开除,但庄启东依然让他做《春光》特约撰稿人;诗人戴望舒在一篇法国通信中说过纪德也是“第三种人“的话,因而受到非议,但是他仍旧被列人了特约揣稿人的名单,真是极一时之盛。",298,232ca7ca1db8856adab82e346b24a29740c52419e1749a7565828ee1e602e432,825687,825985,D:\1大创\左联知识库项目\data\processed\runtime_sources\左联史.txt,A=鲁彦;B=何家槐,通信,yes,no,pending_review,no,pending_cross_validation
REL-03374,ZLH-060,鲁彦,ZLH-141,高尔基,交游,low,medium,no,inferred,左联史,zuolian_shi,269,左联史 第269页,"卡列尼娜》,苟眉译保加利亚战佐夫《轭下》,鲁彦详波兰普路司《法老》,罗稷南译俄国高尔基《燎原》,娄放飞译法国巴比塞《火线上》,郑伯奇译法国罗曼罗兰《若望克里士托夫》,立波译俄国梭罗诃夫《被开垦的处女地》;中国之部则有郑振铎编《全元曲》、《元明讲史》初集、《元明传奇》二集、明代冯梦龙编《醒世恒言》、《清传奇》初集、《清文选》(一)等等。",168,a75df20772cb421e56c5912d7fce602a2955e321f9554278d86ee8ccbe5dc8e8,402182,402350,D:\1大创\左联知识库项目\data\processed\runtime_sources\左联史.txt,A=鲁彦;B=高尔基,,no,no,supported,yes,pending_cross_validation
REL-03376,ZLH-060,鲁彦,ZLH-144,巴比塞,待核验,high,low,yes,pending_review,左联史,zuolian_shi,269,左联史 第269页,"卡列尼娜》,苟眉译保加利亚战佐夫《轭下》,鲁彦详波兰普路司《法老》,罗稷南译俄国高尔基《燎原》,娄放飞译法国巴比塞《火线上》,郑伯奇译法国罗曼罗兰《若望克里士托夫》,立波译俄国梭罗诃夫《被开垦的处女地》;中国之部则有郑振铎编《全元曲》、《元明讲史》初集、《元明传奇》二集、明代冯梦龙编《醒世恒言》、《清传奇》初集、《清文选》(一)等等。",168,a75df20772cb421e56c5912d7fce602a2955e321f9554278d86ee8ccbe5dc8e8,402182,402350,D:\1大创\左联知识库项目\data\processed\runtime_sources\左联史.txt,A=鲁彦;B=巴比塞,,no,no,pending_review,no,pending_cross_validation
REL-03389,ZLH-061,朱镜我,ZLH-096,王统照,同属组织,critical,low,no,pending_review,左联史,zuolian_shi,201,左联史 第201页,"遭此厄运的左联作家有鲁迅、茅盾、楼适夷、沈起予、郑伯奇、冯雪峰、钱杏郭、田汉、洪深、彭康、朱镜我、丁九(应修人)、丁玲、潘汉年、郝达夫、戴平万等,还有许多进步作家如胡愈之、邹韬奋、杜重运、王统照、叶圣陶、郑振铎、杨杏佛、潘梓年、黎烈文、施蛟存、曹聚仁等,达数十人之多,可见其仇恨光明与进步的疯狂。",148,416b570dc6cae75d7263bb5cbf6d82cf4d4043d8b4f92cca9e16aac74550ca30,300770,300918,D:\1大创\左联知识库项目\data\processed\runtime_sources\左联史.txt,A=朱镜我;B=王统照,,yes,no,pending_review,no,pending_cross_validation
REL-03392,ZLH-061,朱镜我,ZLH-104,叶灵凤,待核验,critical,low,yes,pending_review,左联史,zuolian_shi,98,左联史 第98页,名单如下:冯乃超华_汉_龚冰庐沈叶沉孟超俞_怀_邱韵铎沈端先潘汉年“王洁予冯润璋_顾凤城彭康许峻冯铿王任桐周全平_洪灵菲_戴平万“钱杏邵冯宪章鲁迅杜衡埕子柔石侍桁画室吴贯中黄_素郑伯奇鲁_史朱镜我_田汉王一榴_蒋光慈刘锡五_叶灵凤_郁达夫陶晶孙_戴望舒李初梨_林伯修殴_夫_徐迅雷_程少怀_陈正道_许幸之_郭沫若_沈起予被介绍加人的:仲_豪“徐耘阡_魏金枝届文泳涛丁锐人马宁_孙孟涛王润甫_卢苍雁张璞无产阶级文艺俱乐部的发起人李_平胡忠信阿细余惠“萧歌强其他各反动组织之名单不明。,240,451607e392e76506863cb80a4c973cbf07385569c9884fdd80d90b1d3fb68d03,141748,141988,D:\1大创\左联知识库项目\data\processed\runtime_sources\左联史.txt,A=朱镜我;B=叶灵凤,介绍,no,no,pending_review,no,pending_cross_validation
REL-03393,ZLH-061,朱镜我,ZLH-105,沈起予,待核验,critical,low,no,pending_review,左联史,zuolian_shi,19,左联史 第19页,"潘汉年是领导人,当然常参加有关活动;人们印象不同的几位是田汉、朱镜我、沈起予、戴平万,这也不奇怪,肯定是他们也都参加过左联的筹备会议,因而给冯雪峰、夏衍、阿英留下了印象。",85,bb5533fc018a06c106dc8edc4709b8576d7d590b10624b160c79871554832935,18433,18518,D:\1大创\左联知识库项目\data\processed\runtime_sources\左联史.txt,A=朱镜我;B=沈起予,参加,no,no,pending_review,no,pending_cross_validation
REL-03394,ZLH-061,朱镜我,ZLH-112,戴望舒,待核验,critical,low,no,pending_review,左联史,zuolian_shi,98,左联史 第98页,名单如下:冯乃超华_汉_龚冰庐沈叶沉孟超俞_怀_邱韵铎沈端先潘汉年“王洁予冯润璋_顾凤城彭康许峻冯铿王任桐周全平_洪灵菲_戴平万“钱杏邵冯宪章鲁迅杜衡埕子柔石侍桁画室吴贯中黄_素郑伯奇鲁_史朱镜我_田汉王一榴_蒋光慈刘锡五_叶灵凤_郁达夫陶晶孙_戴望舒李初梨_林伯修殴_夫_徐迅雷_程少怀_陈正道_许幸之_郭沫若_沈起予被介绍加人的:仲_豪“徐耘阡_魏金枝届文泳涛丁锐人马宁_孙孟涛王润甫_卢苍雁张璞无产阶级文艺俱乐部的发起人李_平胡忠信阿细余惠“萧歌强其他各反动组织之名单不明。,240,451607e392e76506863cb80a4c973cbf07385569c9884fdd80d90b1d3fb68d03,141748,141988,D:\1大创\左联知识库项目\data\processed\runtime_sources\左联史.txt,A=朱镜我;B=戴望舒,介绍,no,no,pending_review,no,pending_cross_validation
REL-03414,ZLH-063,任白戈,ZLH-001,鲁迅,同属组织,high,low,yes,pending_review,左联词典,zuolian_cidian,306,左联词典 第306页,"1934年1月6日应黎列文之邀去古益轩赴寰,第一次见到鲁迅先生,同年春,由任白戈介绍加入中国左翼作家联盟,在左联理论研究会工作。",64,e982f2e8284647f6d9b01f51a94ecbbb95d455b56328bdcd82d40890a009ea78,214675,214739,D:\1大创\左联知识库项目\data\processed\runtime_sources\左联词典.txt,A=任白戈;B=鲁迅,介绍,no,no,pending_review,no,pending_cross_validation
REL-03415,ZLH-063,任白戈,ZLH-009,郑伯奇,同属组织,high,low,yes,pending_review,左联史,zuolian_shi,724,左联史 第724页,"作家郑伯奇的《战争与文学》,任白戈的《为民族解放而战争》,陈乃昌的《怒吼吧,中国1》,柳倩《铲除妖孰》,穆木天《抗战声中的文艺样式》、Q〇“Comintem,共产国际。",84,fb680fb2b680a738adc654ca436066323311972ed332b1eac5eabf3761df2391,1126937,1127021,D:\1大创\左联知识库项目\data\processed\runtime_sources\左联史.txt,A=任白戈;B=郑伯奇,,no,no,pending_review,no,pending_cross_validation
REL-03416,ZLH-063,任白戈,ZLH-033,周文,同属组织,high,low,yes,pending_review,左联史,zuolian_shi,22,左联史 第22页,常委是周起应(书记)、周文、胡风、任白戈、王尧山等人。,27,92b5a196f629f80bbca743d9ec87427c1f6e8f72b2d2e63897bba9c737142895,21856,21883,D:\1大创\左联知识库项目\data\processed\runtime_sources\左联史.txt,A=任白戈;B=周文,,no,no,pending_review,no,pending_cross_validation
REL-03417,ZLH-063,任白戈,ZLH-038,陈荒煤,同属组织,high,low,yes,pending_review,左联词典,zuolian_cidian,537,左联词典 第537页,"全书执笔者有立波、梅雨、何家槐、田汉、周钥鸣、于伶、徐懋庸、式加(王尧山、腐风、周扬、夏衍、茅盾、石夫(伍石夫)、鲁迅、龙贡公(欧阳山》、绀訾(聂绀弹)、奚如(吴奚如)、郑伯奇、关露、张天翼、郭沫若、辛人(陈辛仁)、荒煤、征农、艾芜、魏金枝、罗烟、林娜(司马文森)、舒群、叶紫、戴平万、沙汀、杨骚、凡海(欧阳凡海)、蒲风、阳翰笙、丁非(孙席珀)、冼鹄、吕克玉(冯雪峰)、北鹃(陈北鸥)、任白戈、雷石榆、林林等左翼作家,是至今搜罗最完备的“两个口号“论争资料集。",230,6c6c286494baf180de948ef4ef5cb541ff67a6db7f22e0022398480634be9d06,412177,412407,D:\1大创\左联知识库项目\data\processed\runtime_sources\左联词典.txt,A=任白戈;B=荒煤,,yes,no,pending_review,no,pending_cross_validation
REL-03419,ZLH-063,任白戈,ZLH-047,林淡秋,同属组织,high,low,yes,pending_review,左联史,zuolian_shi,424,左联史 第424页,"左翼作家及进步文化工作者124人联名发表《上海文艺界电影界戏剧界音乐界等为意大利水兵暴行宣音》,强烈抗议这一令人发指的法西斯暴行,要求“赌偿损失,惩罚凶手,道歉并保证以后不再发生同类事件“,“我们席望全上海全国的电影观众与爱国同胞一致起来作政府强硬交涉的后盾!“党的电影小组成员和左联影评人儿乎全都签了名,他们是:尤兢、司徒慧敏、沈西苓、阿英、唐瑜、凌鹤、夏衍、许幸之、尘无、郑君平、鲁恺;在抗议宣言上签名的其他左联作家、诗人、翻译家还有白蒲、艾芜、立波、任白戈、任钧、羊枣、沈起予、沙汀、何家榜、林林、林娜、林淡秋、周钢鸢、周扬、荒燥、徐懋庸、柳倩、夏征农、梅雨、戴平万、杨骚、关露、欧阳凡海、穆木天、丽尼。",305,4fb8befd7aa724b4ef7338381515be1416394a8052f4dbc3b5e4ce6c7c80944a,645266,645571,D:\1大创\左联知识库项目\data\processed\runtime_sources\左联史.txt,A=任白戈;B=林淡秋,联名,yes,no,pending_review,no,pending_cross_validation
REL-03420,ZLH-063,任白戈,ZLH-053,黄源,同属组织,high,low,yes,pending_review,左联史,zuolian_shi,295,左联史 第295页,"创刊号上公布了特约撰述68人名单,其中有左联成员艾芜、方光焘、佛朗(祝秀侠)、高滔、何谷天(周文)、洪深、黄芝冈、张天翼、李辉英、廖堆容(廖沫沙)、聂绀弩、欧阳山、任白戈、家征农、沈起予、草明、魏猛克、杨骚,其他还有巴金、冰心、沉模、杜重远、丰子恺、风子(唐弛)、耿济之、顾均正、黄源、胡仲持、朐愈之、金仲华、靳以、榴奋、周木斋、周予同、赵元任、朱光湛、克士(周建人)、老舍、李健吾、落华生、马宗融、孟斯根(孟十还)、夏七尊、陈子展、谢六逸、孙伏园、陶行知、蔡慕晖、蔡希陶、王鲁彦、王伯祥、王统炜、吴组编、吴文祺、叶籁士、乐嗣炳等,还有谷人(郭沫若)。",276,6e425e030fe453965626c318fb25af618fc77bd3bcdd8eaa9ef12cb435231ada,442288,442564,D:\1大创\左联知识库项目\data\processed\runtime_sources\左联史.txt,A=任白戈;B=黄源,约,yes,no,pending_review,no,pending_cross_validation
REL-03426,ZLH-063,任白戈,ZLH-077,柳倩,待核验,critical,low,no,pending_review,左联史,zuolian_shi,724,左联史 第724页,"作家郑伯奇的《战争与文学》,任白戈的《为民族解放而战争》,陈乃昌的《怒吼吧,中国1》,柳倩《铲除妖孰》,穆木天《抗战声中的文艺样式》、Q〇“Comintem,共产国际。",84,fb680fb2b680a738adc654ca436066323311972ed332b1eac5eabf3761df2391,1126937,1127021,D:\1大创\左联知识库项目\data\processed\runtime_sources\左联史.txt,A=任白戈;B=柳倩,,no,no,pending_review,no,pending_cross_validation
REL-03430,ZLH-063,任白戈,ZLH-083,林焕平,同属组织,high,low,yes,pending_review,左联词典,zuolian_cidian,495,左联词典 第495页,撰稿人有鲁迅、郭沫苷、任白戈、张香山、杜宣、林焕平、林林、畅式钩、陈辛人、陈北鸥、张罗天、邢桐华、陈君涠、臧云还、欧阳几海、魏晋、东平、林蒂等左联盟员作家及其他青年作家。,85,3560afa02cb85fbb4c3e38dbffc2f177a81d553302997b5ca87332beb7271502,377137,377222,D:\1大创\左联知识库项目\data\processed\runtime_sources\左联词典.txt,A=任白戈;B=林焕平,撰稿,yes,no,pending_review,no,pending_cross_validation
REL-03432,ZLH-063,任白戈,ZLH-085,方殷,同属组织,high,low,yes,pending_review,左联词典,zuolian_cidian,520,左联词典 第520页,“部份盟员“左联“时期活动篓介“介绍了丁玲、于伶、马宁、王西彦、王志之、王蕹嘉、方殷、艾芜、叶紫、田汉、田间、白曙、冯乃超、冯雪峰、冯锂、任白戈、任钧、阳翰笙、孙席珍、李伟森、吴奚如、应修人、沙汀、沈起子、张天翼、张松如、阿英、陈沂、林焕平、茅盾、郁达夫等31位盟员作家在左联时期的活动。,144,1c54b7552e43a916ff2acc15b4d28af1b87a832afae6bd45b668809cf99f7340,397549,397693,D:\1大创\左联知识库项目\data\processed\runtime_sources\左联词典.txt,A=任白戈;B=方殷,介绍,yes,no,pending_review,no,pending_cross_validation
REL-03434,ZLH-063,任白戈,ZLH-087,于伶,同属组织,high,low,yes,pending_review,左联词典,zuolian_cidian,520,左联词典 第520页,“部份盟员“左联“时期活动篓介“介绍了丁玲、于伶、马宁、王西彦、王志之、王蕹嘉、方殷、艾芜、叶紫、田汉、田间、白曙、冯乃超、冯雪峰、冯锂、任白戈、任钧、阳翰笙、孙席珍、李伟森、吴奚如、应修人、沙汀、沈起子、张天翼、张松如、阿英、陈沂、林焕平、茅盾、郁达夫等31位盟员作家在左联时期的活动。,144,1c54b7552e43a916ff2acc15b4d28af1b87a832afae6bd45b668809cf99f7340,397549,397693,D:\1大创\左联知识库项目\data\processed\runtime_sources\左联词典.txt,A=任白戈;B=于伶,介绍,yes,no,pending_review,no,pending_cross_validation
REL-03437,ZLH-063,任白戈,ZLH-097,王西彦,同属组织,high,low,yes,pending_review,左联词典,zuolian_cidian,520,左联词典 第520页,“部份盟员“左联“时期活动篓介“介绍了丁玲、于伶、马宁、王西彦、王志之、王蕹嘉、方殷、艾芜、叶紫、田汉、田间、白曙、冯乃超、冯雪峰、冯锂、任白戈、任钧、阳翰笙、孙席珍、李伟森、吴奚如、应修人、沙汀、沈起子、张天翼、张松如、阿英、陈沂、林焕平、茅盾、郁达夫等31位盟员作家在左联时期的活动。,144,1c54b7552e43a916ff2acc15b4d28af1b87a832afae6bd45b668809cf99f7340,397549,397693,D:\1大创\左联知识库项目\data\processed\runtime_sources\左联词典.txt,A=任白戈;B=王西彦,介绍,yes,no,pending_review,no,pending_cross_validation
REL-03438,ZLH-063,任白戈,ZLH-098,沈从文,文学论战,low,medium,no,inferred,左联史,zuolian_shi,534,左联史 第534页,"为保卫左联、反击反动喵唧们的诬葭攻击,任白戈、李辉英、徐梵澄等左翼和进步作家发表文章,理直气壮地进行驳斥,连大学者胡适都不借宵小们对何家槐的所谓“揭发“是真实的,他致函作家沈从文,要求他出来说几句公道话,还要吴奔星不要介人此事,以免上当受骗、铸成大错。",126,7bf8962cf3d33d89da5aafb6bd965d88ecf5ae404d928ac2fa68d2b7df878d76,837230,837356,D:\1大创\左联知识库项目\data\processed\runtime_sources\左联史.txt,A=任白戈;B=沈从文,致函,no,no,supported,yes,pending_cross_validation
REL-03439,ZLH-063,任白戈,ZLH-099,吴奔星,文学论战,low,medium,no,inferred,左联史,zuolian_shi,534,左联史 第534页,"为保卫左联、反击反动喵唧们的诬葭攻击,任白戈、李辉英、徐梵澄等左翼和进步作家发表文章,理直气壮地进行驳斥,连大学者胡适都不借宵小们对何家槐的所谓“揭发“是真实的,他致函作家沈从文,要求他出来说几句公道话,还要吴奔星不要介人此事,以免上当受骗、铸成大错。",126,7bf8962cf3d33d89da5aafb6bd965d88ecf5ae404d928ac2fa68d2b7df878d76,837230,837356,D:\1大创\左联知识库项目\data\processed\runtime_sources\左联史.txt,A=任白戈;B=吴奔星,致函,no,no,supported,yes,pending_cross_validation
REL-03442,ZLH-063,任白戈,ZLH-105,沈起予,同属组织,critical,low,yes,pending_review,左联史,zuolian_shi,295,左联史 第295页,"创刊号上公布了特约撰述68人名单,其中有左联成员艾芜、方光焘、佛朗(祝秀侠)、高滔、何谷天(周文)、洪深、黄芝冈、张天翼、李辉英、廖堆容(廖沫沙)、聂绀弩、欧阳山、任白戈、家征农、沈起予、草明、魏猛克、杨骚,其他还有巴金、冰心、沉模、杜重远、丰子恺、风子(唐弛)、耿济之、顾均正、黄源、胡仲持、朐愈之、金仲华、靳以、榴奋、周木斋、周予同、赵元任、朱光湛、克士(周建人)、老舍、李健吾、落华生、马宗融、孟斯根(孟十还)、夏七尊、陈子展、谢六逸、孙伏园、陶行知、蔡慕晖、蔡希陶、王鲁彦、王伯祥、王统炜、吴组编、吴文祺、叶籁士、乐嗣炳等,还有谷人(郭沫若)。",276,6e425e030fe453965626c318fb25af618fc77bd3bcdd8eaa9ef12cb435231ada,442288,442564,D:\1大创\左联知识库项目\data\processed\runtime_sources\左联史.txt,A=任白戈;B=沈起予,约,yes,no,pending_review,no,pending_cross_validation
REL-03446,ZLH-063,任白戈,ZLH-116,孙席珍,同属组织,high,low,yes,pending_review,左联词典,zuolian_cidian,520,左联词典 第520页,“部份盟员“左联“时期活动篓介“介绍了丁玲、于伶、马宁、王西彦、王志之、王蕹嘉、方殷、艾芜、叶紫、田汉、田间、白曙、冯乃超、冯雪峰、冯锂、任白戈、任钧、阳翰笙、孙席珍、李伟森、吴奚如、应修人、沙汀、沈起子、张天翼、张松如、阿英、陈沂、林焕平、茅盾、郁达夫等31位盟员作家在左联时期的活动。,144,1c54b7552e43a916ff2acc15b4d28af1b87a832afae6bd45b668809cf99f7340,397549,397693,D:\1大创\左联知识库项目\data\processed\runtime_sources\左联词典.txt,A=任白戈;B=孙席珍,介绍,yes,no,pending_review,no,pending_cross_validation
REL-03448,ZLH-063,任白戈,ZLH-119,何家槐,同属组织,critical,low,no,pending_review,左联史,zuolian_shi,498,左联史 第498页,"1934年1一5月,上海文坛发生了徐转篷和林希隽、韩侍桁、杨部人一伙围攻左翼作家何家槐的事件,任白戈看穿了这伙人的险恶用心,认识到他们的目的是向左联乃至整个左翼文坛泼污水,于是他组织部分左鬟作家奋起反击,打击了别有用心者的警张气焰,他本人也在《申报.",125,3dd5b39ef7cc565573f852f976b0c539b4f5b6e62fffa311cc716e87d0066eb3,773667,773792,D:\1大创\左联知识库项目\data\processed\runtime_sources\左联史.txt,A=任白戈;B=何家槐,组织,no,no,pending_review,no,pending_cross_validation
REL-03449,ZLH-063,任白戈,ZLH-120,夏征农,同属组织,critical,low,no,pending_review,左联史,zuolian_shi,22,左联史 第22页,担任过部长的有徐懋庸、胡风、任白戈、夏征农、王淑明等人。,28,79bef6d7161d13f2cf21d124d214fb1ee40e49a140d434aa6937241d95366257,22225,22253,D:\1大创\左联知识库项目\data\processed\runtime_sources\左联史.txt,A=任白戈;B=夏征农,,no,no,pending_review,no,pending_cross_validation
REL-03461,ZLH-063,任白戈,ZLH-141,高尔基,交游,low,medium,no,inferred,左联史,zuolian_shi,74,左联史 第74页,马克思著郭沫若译)、《现实与典型》(罗森达尔著张香山译)、《现实主义论》(吉尔波丁著辛人译)、《世界观与创作方法》(罗森达尔著孟克译)、《文学论》(高尔基著林林译)、《作家论》(恩格斯等著陈北鸥译)《批评论》(倍司巴洛夫著辛人译)、《科学的世界文学观》(西尔列尔著任白戈译)、《艺术史的问题》(高濑.,150,29901feb9c42e85786c76cda6e093a867627cdca3ad38489ae1057dda0f3a444,105165,105315,D:\1大创\左联知识库项目\data\processed\runtime_sources\左联史.txt,A=任白戈;B=高尔基,,no,no,supported,yes,pending_cross_validation
REL-03474,ZLH-067,任钧,ZLH-070,塞克,待核验,critical,low,yes,pending_review,左联史,zuolian_shi,487,左联史 第487页,"1936年4月,参加“上海词曲作者联谊会“活动,该会会员还有任钧、安娥、柳倩、孙慎、周钢鸣以及冼星海、贺绿汀、塞克、沙梅、刘雪庵等。",66,23505ae515bacdec216d13947bbdde964f530da776957472acc794190a135b9e,752721,752787,D:\1大创\左联知识库项目\data\processed\runtime_sources\左联史.txt,A=任钧;B=塞克,参加,no,no,pending_review,no,pending_cross_validation
REL-03475,ZLH-067,任钧,ZLH-073,王余杞,同属组织,critical,low,no,pending_review,左联史,zuolian_shi,231,左联史 第231页,"其他左联作家被禁的著译还有:戴平万《陆阿六》,杨郫人《狂澜》与《苍闷》,孙席珍《战场上》、《辛克莱译传》,冯宪章《梦后》、《叶山嘉树集》,何畏《文学方法论者蒲列哈诺夫》,戴望舒《啪物史观的文学论》,顾凤城《新兴文学概论》和《没落的灵魂》,王余杞《朋友与敌人》,健尼(高云览)《前夜》,周全平《残兵》,森堡(任钧)《藤森成吉集》、《爱与仇》、《隐秘的爱》,龚冰庐《炭矿夫》、《黎明之前》,潘汉年《离婚》,李辉英《万宝山》,沙汀《法律外的航线》,蒲风《茫茫夜》、《六月流火》,白特(杜谈)《还乡集》,台静农《建塔者》,侍桁《文学评论集》和《铁甲列车》,魏金枝《奶妈》,华蒂(叶以群)《文艺创作概论》,白薇《打出幽灵塔》,谷非(胡风)《洋鬼》,柳倩《生命的微突》,祝秀侠《巴比塞短篇作》,叶紫《丰收》,马宁《新恋》,陈子鹄《守宙之歌》,田间《中国.",371,cf16afb36df85da3a017fd88ec86667fa0b69a7c110e817a8221ad8ac0379430,343302,343673,D:\1大创\左联知识库项目\data\processed\runtime_sources\左联史.txt,A=任钧;B=王余杞,,no,no,pending_review,no,pending_cross_validation
REL-03476,ZLH-067,任钧,ZLH-077,柳倩,同属组织,high,low,yes,pending_review,左联史,zuolian_shi,487,左联史 第487页,"1936年4月,参加“上海词曲作者联谊会“活动,该会会员还有任钧、安娥、柳倩、孙慎、周钢鸣以及冼星海、贺绿汀、塞克、沙梅、刘雪庵等。",66,23505ae515bacdec216d13947bbdde964f530da776957472acc794190a135b9e,752721,752787,D:\1大创\左联知识库项目\data\processed\runtime_sources\左联史.txt,A=任钧;B=柳倩,参加,no,no,pending_review,no,pending_cross_validation
REL-03479,ZLH-067,任钧,ZLH-082,宋之的,同属组织,critical,low,no,pending_review,左联史,zuolian_shi,725,左联史 第725页,"8月6日,《申报文艺专刊》发表任钧的诗《欢迎郭沫若先生回国》;8月8日下午,上海文化界救亡协会联合各文化团体,在尚文小学大礼堂,举行全体会员谈话会,欢迎郭沫若和“七君子“,叶灵凤、张天翼、茅眉、尤兔(于伶)、阿英、钱亦石、关霁以及谢六逸、胡子婴、黎烈文、宋之的、朐愈之、金仲华、巴金等近千人出席欢迎会。",151,ee120bf240fd622af502cd90d82f335f5d559754646b507c3804bd1549d1d312,1128150,1128301,D:\1大创\左联知识库项目\data\processed\runtime_sources\左联史.txt,A=任钧;B=宋之的,,yes,no,pending_review,no,pending_cross_validation
REL-03480,ZLH-067,任钧,ZLH-083,林焕平,交游,low,medium,no,inferred,左联史,zuolian_shi,710,左联史 第710页,4左联作家翻译的德国诗歌有《倾向》(海涅作任钧译)、《海涅诗抄:〈我的痛苦和我的悲叹)、林儿煊灭了)、(城镇恐怖时代回忆)》(林焕平译)、《第.,72,090a99f309278d86c7f281fb733a9f2c76c33961ee10e23d5967010f22cea1a3,1106553,1106625,D:\1大创\左联知识库项目\data\processed\runtime_sources\左联史.txt,A=任钧;B=林焕平,,no,no,supported,yes,pending_cross_validation
REL-03482,ZLH-067,任钧,ZLH-091,叶以群,同属组织,critical,low,no,pending_review,左联词典,zuolian_cidian,114,左联词典 第114页,"东京左联即中国左翼作家联盟东京分盟,约1930年下半年至1931年间成立,成员有任钧、叶以群、谢冰莹、孟式钩等人;全部是留学生。",64,50f13a5a15d404026c7f29a7f24563e918a209240d5ff78c527d26f61eb434d0,47049,47113,D:\1大创\左联知识库项目\data\processed\runtime_sources\左联词典.txt,A=任钧;B=叶以群,约,no,no,pending_review,no,pending_cross_validation
REL-03483,ZLH-067,任钧,ZLH-093,王亚平,合作,critical,medium,no,pending_review,左联史,zuolian_shi,623,左联史 第623页,"任钧首先报告了协会筹备的经过,说明全国各地的76位诗人、诗歌理论工作者和诗歌爱好者已经加人协会,远在日本东京的诗坛领袖郭沫若以及青年诗人王亚平等也都表示愿意加人协会。",83,aafa2709f1b21d02dfeaf4269bac1b75f511e732d5b71aa2ca9354a602142393,979163,979246,D:\1大创\左联知识库项目\data\processed\runtime_sources\左联史.txt,A=任钧;B=王亚平,,no,no,pending_review,no,pending_cross_validation
REL-03485,ZLH-067,任钧,ZLH-097,王西彦,同属组织,critical,low,no,pending_review,左联词典,zuolian_cidian,520,左联词典 第520页,“部份盟员“左联“时期活动篓介“介绍了丁玲、于伶、马宁、王西彦、王志之、王蕹嘉、方殷、艾芜、叶紫、田汉、田间、白曙、冯乃超、冯雪峰、冯锂、任白戈、任钧、阳翰笙、孙席珍、李伟森、吴奚如、应修人、沙汀、沈起子、张天翼、张松如、阿英、陈沂、林焕平、茅盾、郁达夫等31位盟员作家在左联时期的活动。,144,1c54b7552e43a916ff2acc15b4d28af1b87a832afae6bd45b668809cf99f7340,397549,397693,D:\1大创\左联知识库项目\data\processed\runtime_sources\左联词典.txt,A=任钧;B=王西彦,介绍,yes,no,pending_review,no,pending_cross_validation
REL-03487,ZLH-067,任钧,ZLH-100,姚蓬子,合作,critical,medium,no,pending_review,左联史,zuolian_shi,139,左联史 第139页,"高尔基也是中国人民热爱的革命作家,从1907年起,《东方杂志》、《小说海》、《小说月报》上就不时有中译的高尔基作品出现;左联成立前后,他的名著《母亲》由沈端先译成中文由大江书铺及开明书店先后出版,另一著名长篇小说《阿尔泰套诺夫家的事业》由柔石译成中文,1934年改题《颓废》由商务印书馆出版,译者署名赵璜;鲁迅编辑出版过《高尔基文录》(1930年8月光华书局初版时题名《戈理基文录》,再版时改现名);左联作家华蒂(叶以群)、森堡(任钧)、洪灵菲、蓬子也译过高尔基的小说:华蒂、森堡合译过短篇集《隐秘的爱》,洪灵菲和蓬子则分别译过他的自传体小说《我的童年》。",278,4158c4718c1be6165ce598e32ecbf3aa701ceeaf8f3bbb8e94915b9e60043cb2,202796,203074,D:\1大创\左联知识库项目\data\processed\runtime_sources\左联史.txt,A=任钧;B=蓬子,编辑,no,no,pending_review,no,pending_cross_validation
REL-03489,ZLH-067,任钧,ZLH-105,沈起予,合作,critical,medium,no,pending_review,左联史,zuolian_shi,91,左联史 第91页,"Smedley);森堡(任钧)有小说《两种不同的人类》,译诗《在劳动旗下》(日本绳田林藏);祝秀侠有论文《新兴文学批评观的一斑》、《辛克莱和这个时代》《高尔基的〈夜店)》;沈起予有论文《演剧的技术论》、《中国的五月与日本帝国主义》、《法国的新兴文坛》;王任叔有《十二个牺牲者;马宁有《西伯利亚》等。",149,646af0a4844014a53ef1034e2250c0159ffb2c356c3d24ba23285c2247b4373c,129915,130064,D:\1大创\左联知识库项目\data\processed\runtime_sources\左联史.txt,A=任钧;B=沈起予,,no,yes,pending_review,no,pending_cross_validation
REL-03492,ZLH-067,任钧,ZLH-112,戴望舒,合作,critical,medium,no,pending_review,左联史,zuolian_shi,231,左联史 第231页,"其他左联作家被禁的著译还有:戴平万《陆阿六》,杨郫人《狂澜》与《苍闷》,孙席珍《战场上》、《辛克莱译传》,冯宪章《梦后》、《叶山嘉树集》,何畏《文学方法论者蒲列哈诺夫》,戴望舒《啪物史观的文学论》,顾凤城《新兴文学概论》和《没落的灵魂》,王余杞《朋友与敌人》,健尼(高云览)《前夜》,周全平《残兵》,森堡(任钧)《藤森成吉集》、《爱与仇》、《隐秘的爱》,龚冰庐《炭矿夫》、《黎明之前》,潘汉年《离婚》,李辉英《万宝山》,沙汀《法律外的航线》,蒲风《茫茫夜》、《六月流火》,白特(杜谈)《还乡集》,台静农《建塔者》,侍桁《文学评论集》和《铁甲列车》,魏金枝《奶妈》,华蒂(叶以群)《文艺创作概论》,白薇《打出幽灵塔》,谷非(胡风)《洋鬼》,柳倩《生命的微突》,祝秀侠《巴比塞短篇作》,叶紫《丰收》,马宁《新恋》,陈子鹄《守宙之歌》,田间《中国.",371,cf16afb36df85da3a017fd88ec86667fa0b69a7c110e817a8221ad8ac0379430,343302,343673,D:\1大创\左联知识库项目\data\processed\runtime_sources\左联史.txt,A=任钧;B=戴望舒,,no,no,pending_review,no,pending_cross_validation
REL-03493,ZLH-067,任钧,ZLH-116,孙席珍,同属组织,critical,low,no,pending_review,左联史,zuolian_shi,354,左联史 第354页,一八“事变、鞭挞日寇侵略东北的有舒群《在故乡》、任钧《东北永远是我们的》、雷石榆《被强奸了的土地》、洪道《水呵你流向郧一方》;记录日本军队开进北平这一历史屈辱事件的有丁非(孙席珍)《十一月三日》和任钧《算不得故事的“故事“》;写保卫国防的有洪道《今天我守在山岗》和余修《战士颂》;歌颂国际主义、斥责意、日法西斯的有雷石榆《新世界的父母》和任钧《西班牙“英雄“们的欣羡》;写北方农民水灾之苦的有雷石榆《黄水的沙场上》;歌颂民众团结、号召向一切走狗、汉奸、剑子手、裕心病狂的文化摧残者、和平破坏者英勇斗争的有郭沫若《们》.,259,c7e5e455031a2f832436a897fb9084daddaae4e9f0bd5a63fca1a959468378dd,534490,534749,D:\1大创\左联知识库项目\data\processed\runtime_sources\左联史.txt,A=任钧;B=孙席珍,,no,no,pending_review,no,pending_cross_validation
REL-03494,ZLH-067,任钧,ZLH-117,陈波儿,同属组织,critical,low,no,pending_review,左联史,zuolian_shi,462,左联史 第462页,"发起人_欧查董竹君王莹鄄_风_蒋逸零沈兹九“吴佩兰吴似鸿_陈班如寄_洪王季意_陈维姜_蓝英杜眉慧_罗_萧_李兰夏国琼_陈波儿关露收款处“上海亚尔培路125弄31号夏国琼女士收左联诗人任钧得到白薇病重的消息,也很着急。",108,3c30c6d94d828e1d6b5cf451649d3e0258f112d6c8fdce3456b174b0d7786881,709409,709517,D:\1大创\左联知识库项目\data\processed\runtime_sources\左联史.txt,A=任钧;B=陈波儿,发起,no,no,pending_review,no,pending_cross_validation
REL-03495,ZLH-067,任钧,ZLH-119,何家槐,同属组织,critical,low,no,pending_review,左联史,zuolian_shi,22,左联史 第22页,担任过部长的有周起应〔(周扬)、华蒂(叶以群)、森堡(任钧)、何家槐、何谷天(周文)、宋卢天(王尧山)等人。,54,c43d8f2ec9568fdf4d05e6811fed69d362ebb39d05044e8d1a06e14f0d4fab5c,22167,22221,D:\1大创\左联知识库项目\data\processed\runtime_sources\左联史.txt,A=任钧;B=何家槐,,no,no,pending_review,no,pending_cross_validation
REL-03496,ZLH-067,任钧,ZLH-120,夏征农,同属组织,critical,low,no,pending_review,左联词典,zuolian_cidian,142,左联词典 第142页,"1937华4月1日《中华月报》5卷t期发表他和征农、欧阳山、雪书、任钧、东平、立波、胡风的笔读《对于文艺界统一运动的我见》,挡出,“若是把文艺作品单纯地作为达到某种政治理想的工具来看.",92,63a6603d28dd574914bdcc1364092b0b829c9b4a6b66c902fc931938acb15acd,70141,70233,D:\1大创\左联知识库项目\data\processed\runtime_sources\左联词典.txt,A=任钧;B=征农,,no,no,pending_review,no,pending_cross_validation
REL-03502,ZLH-067,任钧,ZLH-129,胡愈之,同属组织,critical,low,yes,pending_review,左联史,zuolian_shi,725,左联史 第725页,"8月6日,《申报文艺专刊》发表任钧的诗《欢迎郭沫若先生回国》;8月8日下午,上海文化界救亡协会联合各文化团体,在尚文小学大礼堂,举行全体会员谈话会,欢迎郭沫若和“七君子“,叶灵凤、张天翼、茅眉、尤兔(于伶)、阿英、钱亦石、关霁以及谢六逸、胡子婴、黎烈文、宋之的、朐愈之、金仲华、巴金等近千人出席欢迎会。",151,ee120bf240fd622af502cd90d82f335f5d559754646b507c3804bd1549d1d312,1128150,1128301,D:\1大创\左联知识库项目\data\processed\runtime_sources\左联史.txt,A=任钧;B=愈之,,yes,no,pending_review,no,pending_cross_validation
REL-03503,ZLH-067,任钧,ZLH-131,艾格尼丝·史沫特莱,交游,low,medium,no,inferred,左联史,zuolian_shi,91,左联史 第91页,"Smedley);森堡(任钧)有小说《两种不同的人类》,译诗《在劳动旗下》(日本绳田林藏);祝秀侠有论文《新兴文学批评观的一斑》、《辛克莱和这个时代》《高尔基的〈夜店)》;沈起予有论文《演剧的技术论》、《中国的五月与日本帝国主义》、《法国的新兴文坛》;王任叔有《十二个牺牲者;马宁有《西伯利亚》等。",149,646af0a4844014a53ef1034e2250c0159ffb2c356c3d24ba23285c2247b4373c,129915,130064,D:\1大创\左联知识库项目\data\processed\runtime_sources\左联史.txt,A=任钧;B=Smedley,,no,yes,supported,yes,pending_cross_validation
REL-03510,ZLH-067,任钧,ZLH-141,高尔基,交游,low,medium,no,inferred,左联史,zuolian_shi,139,左联史 第139页,"高尔基也是中国人民热爱的革命作家,从1907年起,《东方杂志》、《小说海》、《小说月报》上就不时有中译的高尔基作品出现;左联成立前后,他的名著《母亲》由沈端先译成中文由大江书铺及开明书店先后出版,另一著名长篇小说《阿尔泰套诺夫家的事业》由柔石译成中文,1934年改题《颓废》由商务印书馆出版,译者署名赵璜;鲁迅编辑出版过《高尔基文录》(1930年8月光华书局初版时题名《戈理基文录》,再版时改现名);左联作家华蒂(叶以群)、森堡(任钧)、洪灵菲、蓬子也译过高尔基的小说:华蒂、森堡合译过短篇集《隐秘的爱》,洪灵菲和蓬子则分别译过他的自传体小说《我的童年》。",278,4158c4718c1be6165ce598e32ecbf3aa701ceeaf8f3bbb8e94915b9e60043cb2,202796,203074,D:\1大创\左联知识库项目\data\processed\runtime_sources\左联史.txt,A=任钧;B=高尔基,编辑,no,no,supported,yes,pending_cross_validation
REL-03515,ZLH-067,任钧,ZLH-147,辛克莱,交游,medium,medium,no,inferred,左联史,zuolian_shi,231,左联史 第231页,"其他左联作家被禁的著译还有:戴平万《陆阿六》,杨郫人《狂澜》与《苍闷》,孙席珍《战场上》、《辛克莱译传》,冯宪章《梦后》、《叶山嘉树集》,何畏《文学方法论者蒲列哈诺夫》,戴望舒《啪物史观的文学论》,顾凤城《新兴文学概论》和《没落的灵魂》,王余杞《朋友与敌人》,健尼(高云览)《前夜》,周全平《残兵》,森堡(任钧)《藤森成吉集》、《爱与仇》、《隐秘的爱》,龚冰庐《炭矿夫》、《黎明之前》,潘汉年《离婚》,李辉英《万宝山》,沙汀《法律外的航线》,蒲风《茫茫夜》、《六月流火》,白特(杜谈)《还乡集》,台静农《建塔者》,侍桁《文学评论集》和《铁甲列车》,魏金枝《奶妈》,华蒂(叶以群)《文艺创作概论》,白薇《打出幽灵塔》,谷非(胡风)《洋鬼》,柳倩《生命的微突》,祝秀侠《巴比塞短篇作》,叶紫《丰收》,马宁《新恋》,陈子鹄《守宙之歌》,田间《中国.",371,cf16afb36df85da3a017fd88ec86667fa0b69a7c110e817a8221ad8ac0379430,343302,343673,D:\1大创\左联知识库项目\data\processed\runtime_sources\左联史.txt,A=任钧;B=辛克莱,,no,no,supported,yes,pending_cross_validation
REL-03518,ZLH-069,张庚,ZLH-081,陈白尘,签名联署,low,medium,no,supported,左联史,zuolian_shi,423,左联史 第423页,“在这份抗议宥言上签名的有左联成员田汉、洪深、阿英、阳翰笙、尤党、司徒慧敏、沈西苓、林娜、周钢鸣、林淡秋、洪道、徐懋庸、唐瑜、徐步、荒煤、许标之、舒群、罗烽、欧阳凡海、鲁思、戴平万、丽尼、钟敬之、龚川琦以及陈白尘、艾思奇、吊骥、论千里、章乃器、冼星海、马彦祥、张庚、葛一虹等共189人。,143,d43fb919e26a075b21a3b6e57071a1b617f6369d9aa3ef83195508a119cc9332,644899,645042,D:\1大创\左联知识库项目\data\processed\runtime_sources\左联史.txt,A=张庚;B=陈白尘,签名,yes,no,supported,yes,pending_cross_validation
REL-03519,ZLH-069,张庚,ZLH-082,宋之的,待核验,critical,low,yes,pending_review,左联词典,zuolian_cidian,229,左联词典 第229页,"1936年初,和洪深、夏衍、沙汀、“凌鹤、于伶、宋之的、张庚等伊办《光朋》半月刊。",41,0570fa80bfcc7485877515ae3c30cf69af292fd78254b0338445278f1c90d457,146637,146678,D:\1大创\左联知识库项目\data\processed\runtime_sources\左联词典.txt,A=张庚;B=宋之的,,no,no,pending_review,no,pending_cross_validation
REL-03525,ZLH-069,张庚,ZLH-105,沈起予,合作,high,medium,no,pending_review,左联词典,zuolian_cidian,318,左联词典 第318页,著有戏剧《黑地狱)》《洋白糖》(和洪深、沈起予、张庚合作.,29,62fd41375e4506e2913ff8f9956abbb7d123a12237962add65edf40f5fa0c8d2,225510,225539,D:\1大创\左联知识库项目\data\processed\runtime_sources\左联词典.txt,A=张庚;B=沈起予,合作,no,no,pending_review,no,pending_cross_validation
REL-03530,ZLH-069,张庚,ZLH-119,何家槐,合作,critical,medium,no,pending_review,左联史,zuolian_shi,661,左联史 第661页,"1936年,洪深积极投人“国防戏剧“运动,他和沈起予、何家槐集体创作两个剧本:《走私》(洪深执笔)、《出发之前》(沈起予执笔);和尤党、章泡集体创作剧本《汉奸的子孙》(尤党执笔);和冼鹤、沈起予、张庚集体创作剧本《洋白精》(啧鹤执笔);和章混、夏衍、张庚、尤党、凌鹤、起予集体创作剧本《我们的故乡》(章泡执笔),成绩出色,劳苦功高。",166,fd674d3a333c0719f6a606ce411a1f8c0d47487e155de30164e573d4e7e1a276,1029561,1029727,D:\1大创\左联知识库项目\data\processed\runtime_sources\左联史.txt,A=张庚;B=何家槐,,no,no,pending_review,no,pending_cross_validation
REL-03545,ZLH-070,塞克,ZLH-081,陈白尘,待核验,high,low,yes,pending_review,左联史,zuolian_shi,725,左联史 第725页,"丨螯′`__′霉垩′__弓，'第三部全民的抗战松之的、阿英、陈白尘、陈凝秋、舒非春命莲春集体讨论,宋之的初稿,夏衍整理。",60,5a17ce5d98e2af209336cf1c2411b95519289dbc623b4df5de35525ddea4d9f9,1128541,1128601,D:\1大创\左联知识库项目\data\processed\runtime_sources\左联史.txt,A=陈凝秋;B=陈白尘,讨论,no,no,pending_review,no,pending_cross_validation
REL-03546,ZLH-070,塞克,ZLH-082,宋之的,待核验,critical,low,yes,pending_review,左联史,zuolian_shi,725,左联史 第725页,"丨螯′`__′霉垩′__弓，'第三部全民的抗战松之的、阿英、陈白尘、陈凝秋、舒非春命莲春集体讨论,宋之的初稿,夏衍整理。",60,5a17ce5d98e2af209336cf1c2411b95519289dbc623b4df5de35525ddea4d9f9,1128541,1128601,D:\1大创\左联知识库项目\data\processed\runtime_sources\左联史.txt,A=陈凝秋;B=宋之的,讨论,no,no,pending_review,no,pending_cross_validation
REL-03560,ZLH-073,王余杞,ZLH-077,柳倩,同属组织,critical,low,yes,pending_review,左联史,zuolian_shi,213,左联史 第213页,"开始时因不明白它的政治倾向或因受上述儿个人的拉稿(他们都是左联成员),方之中、戴平万、柳倩、王余杞、黎锦明等左联盟员作家都曾在此发表过作品,但为数甚少,也不是他们的重要作品。",87,c1ba7f77c992a990693e9fc316abb888af7a79b376dc01a910ee88b60d0619e5,319829,319916,D:\1大创\左联知识库项目\data\processed\runtime_sources\左联史.txt,A=王余杞;B=柳倩,,no,no,pending_review,no,pending_cross_validation
REL-03562,ZLH-073,王余杞,ZLH-082,宋之的,待核验,high,low,yes,pending_review,左联史,zuolian_shi,491,左联史 第491页,"这时,好友宋之的从上海来信,向他报告上海左翼文艺界的近况,并建议他在北方编辑出版一份专门发表左翼文学作品的刊物,这正是王余杞防望已久的。",68,c2ed2d0643e9715faaa81c91a1eb98ccc7025fe214741449e7be8bf68fcb1b9f,760507,760575,D:\1大创\左联知识库项目\data\processed\runtime_sources\左联史.txt,A=王余杞;B=宋之的,来信,no,no,pending_review,no,pending_cross_validation
REL-03566,ZLH-073,王余杞,ZLH-093,王亚平,同属组织,critical,low,no,pending_review,左联词典,zuolian_cidian,193,左联词典 第193页,"在同年11月6日、20月《青岛民报,每周文艺》发表许剧《苍鹰塔里的浮士德》和许《庭院)《都市夜行人》,1935年夏,作家王余杞、王统照、王亚平、老舍、吴伯算、洪深、盎超、臧克家等聚集青岛。",94,fe2e9c0e8da1d69b45be3e26e5f6affe1938bd1912fa0197f07be172193a0978,115175,115269,D:\1大创\左联知识库项目\data\processed\runtime_sources\左联词典.txt,A=王余杞;B=王亚平,,no,no,pending_review,no,pending_cross_validation
REL-03567,ZLH-073,王余杞,ZLH-096,王统照,待核验,critical,low,yes,pending_review,左联史,zuolian_shi,526,左联史 第526页,"1935年暑期,洪深、老舍、王统照、王余杞、孟超等来到青岛,在《青岛民报》创办副刊《避暑录话》,刘芳松参加编辑工作。",58,3901b06a4a78d1ee6033e1af5d2302db58995625e322dfd55030380e4fea4635,822573,822631,D:\1大创\左联知识库项目\data\processed\runtime_sources\左联史.txt,A=王余杞;B=王统照,参加,no,no,pending_review,no,pending_cross_validation
REL-03571,ZLH-073,王余杞,ZLH-112,戴望舒,同属组织,critical,low,no,pending_review,左联史,zuolian_shi,231,左联史 第231页,"其他左联作家被禁的著译还有:戴平万《陆阿六》,杨郫人《狂澜》与《苍闷》,孙席珍《战场上》、《辛克莱译传》,冯宪章《梦后》、《叶山嘉树集》,何畏《文学方法论者蒲列哈诺夫》,戴望舒《啪物史观的文学论》,顾凤城《新兴文学概论》和《没落的灵魂》,王余杞《朋友与敌人》,健尼(高云览)《前夜》,周全平《残兵》,森堡(任钧)《藤森成吉集》、《爱与仇》、《隐秘的爱》,龚冰庐《炭矿夫》、《黎明之前》,潘汉年《离婚》,李辉英《万宝山》,沙汀《法律外的航线》,蒲风《茫茫夜》、《六月流火》,白特(杜谈)《还乡集》,台静农《建塔者》,侍桁《文学评论集》和《铁甲列车》,魏金枝《奶妈》,华蒂(叶以群)《文艺创作概论》,白薇《打出幽灵塔》,谷非(胡风)《洋鬼》,柳倩《生命的微突》,祝秀侠《巴比塞短篇作》,叶紫《丰收》,马宁《新恋》,陈子鹄《守宙之歌》,田间《中国.",371,cf16afb36df85da3a017fd88ec86667fa0b69a7c110e817a8221ad8ac0379430,343302,343673,D:\1大创\左联知识库项目\data\processed\runtime_sources\左联史.txt,A=王余杞;B=戴望舒,,no,no,pending_review,no,pending_cross_validation
REL-03572,ZLH-073,王余杞,ZLH-116,孙席珍,同属组织,critical,low,no,pending_review,左联史,zuolian_shi,231,左联史 第231页,"其他左联作家被禁的著译还有:戴平万《陆阿六》,杨郫人《狂澜》与《苍闷》,孙席珍《战场上》、《辛克莱译传》,冯宪章《梦后》、《叶山嘉树集》,何畏《文学方法论者蒲列哈诺夫》,戴望舒《啪物史观的文学论》,顾凤城《新兴文学概论》和《没落的灵魂》,王余杞《朋友与敌人》,健尼(高云览)《前夜》,周全平《残兵》,森堡(任钧)《藤森成吉集》、《爱与仇》、《隐秘的爱》,龚冰庐《炭矿夫》、《黎明之前》,潘汉年《离婚》,李辉英《万宝山》,沙汀《法律外的航线》,蒲风《茫茫夜》、《六月流火》,白特(杜谈)《还乡集》,台静农《建塔者》,侍桁《文学评论集》和《铁甲列车》,魏金枝《奶妈》,华蒂(叶以群)《文艺创作概论》,白薇《打出幽灵塔》,谷非(胡风)《洋鬼》,柳倩《生命的微突》,祝秀侠《巴比塞短篇作》,叶紫《丰收》,马宁《新恋》,陈子鹄《守宙之歌》,田间《中国.",371,cf16afb36df85da3a017fd88ec86667fa0b69a7c110e817a8221ad8ac0379430,343302,343673,D:\1大创\左联知识库项目\data\processed\runtime_sources\左联史.txt,A=王余杞;B=孙席珍,,no,no,pending_review,no,pending_cross_validation
REL-03575,ZLH-073,王余杞,ZLH-127,曹靖华,交游,low,medium,no,inferred,左联史,zuolian_shi,582,左联史 第582页,"我们愿意和站在同一战线的一切争取民族自由的斗士热烈地揭手!(名次先后,依新文字拼音为准)巴夫巴金白_曙曹靖华草明曹禺齐_同“陈占元大戈东平_董纯才_方光熊_方之中俯拾靳以莲玛以群杨晟姚野_夫_叶薛士尹庚克夫黎烈文_丽尼_李溶华梁雯若路_丁芦“烹度_陆鲁_迅_陆少懿_龙_乙“马子华马宗融茌_盾孟式钩_孟十还螂绀弩欧阳山澎岛任文川萧军萧乾萧红辛人加成孙用_宋之的徐螺世弥唐弛田菲田_间_天_虚_万迪鹳“王余杞王元亩_吴景崔_吴组湘晚如胡风华沙荒煤黄源_许天虹_渡_波跃先艾_蒋牧良赵家壁张天翼张香山周彦_周而复_周_文钟石苇宣言草稿分别由巴金、黎烈文各起草一份初稿,完稿后由黎烈文送到鲁迅家请先生审阅,在鲁迅指导下,黎烈文将两份草稿合而为一,略加整理后誉清。",328,0fbabd450d37790cafdd79813a828347adffa27c16c41c209813a1073b5ccd20,915673,916001,D:\1大创\左联知识库项目\data\processed\runtime_sources\左联史.txt,A=王余杞;B=曹靖华,,no,no,supported,yes,pending_cross_validation
REL-03581,ZLH-073,王余杞,ZLH-147,辛克莱,合作,critical,medium,no,pending_review,左联史,zuolian_shi,231,左联史 第231页,"其他左联作家被禁的著译还有:戴平万《陆阿六》,杨郫人《狂澜》与《苍闷》,孙席珍《战场上》、《辛克莱译传》,冯宪章《梦后》、《叶山嘉树集》,何畏《文学方法论者蒲列哈诺夫》,戴望舒《啪物史观的文学论》,顾凤城《新兴文学概论》和《没落的灵魂》,王余杞《朋友与敌人》,健尼(高云览)《前夜》,周全平《残兵》,森堡(任钧)《藤森成吉集》、《爱与仇》、《隐秘的爱》,龚冰庐《炭矿夫》、《黎明之前》,潘汉年《离婚》,李辉英《万宝山》,沙汀《法律外的航线》,蒲风《茫茫夜》、《六月流火》,白特(杜谈)《还乡集》,台静农《建塔者》,侍桁《文学评论集》和《铁甲列车》,魏金枝《奶妈》,华蒂(叶以群)《文艺创作概论》,白薇《打出幽灵塔》,谷非(胡风)《洋鬼》,柳倩《生命的微突》,祝秀侠《巴比塞短篇作》,叶紫《丰收》,马宁《新恋》,陈子鹄《守宙之歌》,田间《中国.",371,cf16afb36df85da3a017fd88ec86667fa0b69a7c110e817a8221ad8ac0379430,343302,343673,D:\1大创\左联知识库项目\data\processed\runtime_sources\左联史.txt,A=王余杞;B=辛克莱,,no,no,pending_review,no,pending_cross_validation
REL-03590,ZLH-076,马宁,ZLH-021,丁玲,同属组织,high,low,yes,pending_review,左联词典,zuolian_cidian,520,左联词典 第520页,“部份盟员“左联“时期活动篓介“介绍了丁玲、于伶、马宁、王西彦、王志之、王蕹嘉、方殷、艾芜、叶紫、田汉、田间、白曙、冯乃超、冯雪峰、冯锂、任白戈、任钧、阳翰笙、孙席珍、李伟森、吴奚如、应修人、沙汀、沈起子、张天翼、张松如、阿英、陈沂、林焕平、茅盾、郁达夫等31位盟员作家在左联时期的活动。,144,1c54b7552e43a916ff2acc15b4d28af1b87a832afae6bd45b668809cf99f7340,397549,397693,D:\1大创\左联知识库项目\data\processed\runtime_sources\左联词典.txt,A=马宁;B=丁玲,介绍,yes,no,pending_review,no,pending_cross_validation
REL-03591,ZLH-076,马宁,ZLH-024,艾芜,同属组织,high,low,yes,pending_review,左联词典,zuolian_cidian,520,左联词典 第520页,“部份盟员“左联“时期活动篓介“介绍了丁玲、于伶、马宁、王西彦、王志之、王蕹嘉、方殷、艾芜、叶紫、田汉、田间、白曙、冯乃超、冯雪峰、冯锂、任白戈、任钧、阳翰笙、孙席珍、李伟森、吴奚如、应修人、沙汀、沈起子、张天翼、张松如、阿英、陈沂、林焕平、茅盾、郁达夫等31位盟员作家在左联时期的活动。,144,1c54b7552e43a916ff2acc15b4d28af1b87a832afae6bd45b668809cf99f7340,397549,397693,D:\1大创\左联知识库项目\data\processed\runtime_sources\左联词典.txt,A=马宁;B=艾芜,介绍,yes,no,pending_review,no,pending_cross_validation
REL-03592,ZLH-076,马宁,ZLH-025,沙汀,同属组织,high,low,yes,pending_review,左联史,zuolian_shi,231,左联史 第231页,"其他左联作家被禁的著译还有:戴平万《陆阿六》,杨郫人《狂澜》与《苍闷》,孙席珍《战场上》、《辛克莱译传》,冯宪章《梦后》、《叶山嘉树集》,何畏《文学方法论者蒲列哈诺夫》,戴望舒《啪物史观的文学论》,顾凤城《新兴文学概论》和《没落的灵魂》,王余杞《朋友与敌人》,健尼(高云览)《前夜》,周全平《残兵》,森堡(任钧)《藤森成吉集》、《爱与仇》、《隐秘的爱》,龚冰庐《炭矿夫》、《黎明之前》,潘汉年《离婚》,李辉英《万宝山》,沙汀《法律外的航线》,蒲风《茫茫夜》、《六月流火》,白特(杜谈)《还乡集》,台静农《建塔者》,侍桁《文学评论集》和《铁甲列车》,魏金枝《奶妈》,华蒂(叶以群)《文艺创作概论》,白薇《打出幽灵塔》,谷非(胡风)《洋鬼》,柳倩《生命的微突》,祝秀侠《巴比塞短篇作》,叶紫《丰收》,马宁《新恋》,陈子鹄《守宙之歌》,田间《中国.",371,cf16afb36df85da3a017fd88ec86667fa0b69a7c110e817a8221ad8ac0379430,343302,343673,D:\1大创\左联知识库项目\data\processed\runtime_sources\左联史.txt,A=马宁;B=沙汀,,no,no,pending_review,no,pending_cross_validation
REL-03594,ZLH-076,马宁,ZLH-067,任钧,同属组织,high,low,yes,pending_review,左联史,zuolian_shi,91,左联史 第91页,"Smedley);森堡(任钧)有小说《两种不同的人类》,译诗《在劳动旗下》(日本绳田林藏);祝秀侠有论文《新兴文学批评观的一斑》、《辛克莱和这个时代》《高尔基的〈夜店)》;沈起予有论文《演剧的技术论》、《中国的五月与日本帝国主义》、《法国的新兴文坛》;王任叔有《十二个牺牲者;马宁有《西伯利亚》等。",149,646af0a4844014a53ef1034e2250c0159ffb2c356c3d24ba23285c2247b4373c,129915,130064,D:\1大创\左联知识库项目\data\processed\runtime_sources\左联史.txt,A=马宁;B=任钧,,no,yes,pending_review,no,pending_cross_validation
REL-03595,ZLH-076,马宁,ZLH-077,柳倩,同属组织,high,low,yes,pending_review,左联史,zuolian_shi,231,左联史 第231页,"其他左联作家被禁的著译还有:戴平万《陆阿六》,杨郫人《狂澜》与《苍闷》,孙席珍《战场上》、《辛克莱译传》,冯宪章《梦后》、《叶山嘉树集》,何畏《文学方法论者蒲列哈诺夫》,戴望舒《啪物史观的文学论》,顾凤城《新兴文学概论》和《没落的灵魂》,王余杞《朋友与敌人》,健尼(高云览)《前夜》,周全平《残兵》,森堡(任钧)《藤森成吉集》、《爱与仇》、《隐秘的爱》,龚冰庐《炭矿夫》、《黎明之前》,潘汉年《离婚》,李辉英《万宝山》,沙汀《法律外的航线》,蒲风《茫茫夜》、《六月流火》,白特(杜谈)《还乡集》,台静农《建塔者》,侍桁《文学评论集》和《铁甲列车》,魏金枝《奶妈》,华蒂(叶以群)《文艺创作概论》,白薇《打出幽灵塔》,谷非(胡风)《洋鬼》,柳倩《生命的微突》,祝秀侠《巴比塞短篇作》,叶紫《丰收》,马宁《新恋》,陈子鹄《守宙之歌》,田间《中国.",371,cf16afb36df85da3a017fd88ec86667fa0b69a7c110e817a8221ad8ac0379430,343302,343673,D:\1大创\左联知识库项目\data\processed\runtime_sources\左联史.txt,A=马宁;B=柳倩,,no,no,pending_review,no,pending_cross_validation
REL-03599,ZLH-077,柳倩,ZLH-083,林焕平,同属组织,critical,low,no,pending_review,左联史,zuolian_shi,157,左联史 第157页,"在这里发表诗作、诗论的左联成员很多,发表的各类诗歌有:蒲风《一九三二年交响曲)、《外白渡桥》、《村妇的晨起》、《牧童的歌》、《行不得呀哥哥》、《流浪人》,杨骚《小歌金陵》、《早魅一一长诗第一章》、《妹妹从乡下来》,柳倩《雪花飞)》、《樱花开》、《缝妇》、《长相思》、《舟子谣》、《乡下人》、《忽工》、《阻运》(诗剧),森堡(任钧)《回忆之塔、《谦让的邻人》、《钢铁的欢迎》,林焕平《一.",193,71d9d8bd5dd7438e6f20e61b64f0ecc2f2619f691f02bfa4f499c0a256f30cd8,227663,227856,D:\1大创\左联知识库项目\data\processed\runtime_sources\左联史.txt,A=柳倩;B=林焕平,,no,no,pending_review,no,pending_cross_validation
REL-03601,ZLH-077,柳倩,ZLH-091,叶以群,待核验,critical,low,no,pending_review,左联史,zuolian_shi,231,左联史 第231页,"其他左联作家被禁的著译还有:戴平万《陆阿六》,杨郫人《狂澜》与《苍闷》,孙席珍《战场上》、《辛克莱译传》,冯宪章《梦后》、《叶山嘉树集》,何畏《文学方法论者蒲列哈诺夫》,戴望舒《啪物史观的文学论》,顾凤城《新兴文学概论》和《没落的灵魂》,王余杞《朋友与敌人》,健尼(高云览)《前夜》,周全平《残兵》,森堡(任钧)《藤森成吉集》、《爱与仇》、《隐秘的爱》,龚冰庐《炭矿夫》、《黎明之前》,潘汉年《离婚》,李辉英《万宝山》,沙汀《法律外的航线》,蒲风《茫茫夜》、《六月流火》,白特(杜谈)《还乡集》,台静农《建塔者》,侍桁《文学评论集》和《铁甲列车》,魏金枝《奶妈》,华蒂(叶以群)《文艺创作概论》,白薇《打出幽灵塔》,谷非(胡风)《洋鬼》,柳倩《生命的微突》,祝秀侠《巴比塞短篇作》,叶紫《丰收》,马宁《新恋》,陈子鹄《守宙之歌》,田间《中国.",371,cf16afb36df85da3a017fd88ec86667fa0b69a7c110e817a8221ad8ac0379430,343302,343673,D:\1大创\左联知识库项目\data\processed\runtime_sources\左联史.txt,A=柳倩;B=叶以群,,no,no,pending_review,no,pending_cross_validation
REL-03602,ZLH-077,柳倩,ZLH-093,王亚平,签名联署,low,medium,no,inferred,左联史,zuolian_shi,461,左联史 第461页,"12月,郭沫若、许幸之、关霁、林林、渤波、雷石榆、白曙、柳倩、任钧、蒲风、洪道以及艾青、施谊、王亚平等24位左翼诗人联名发表宣言,组织“诗人协会“,出版《诗歌》杂志,杨骚、白微也是发起人。",94,54d4c873979312b5c863aea01c12ba8db71d0c92da6b42955820799d4e63c37c,707105,707199,D:\1大创\左联知识库项目\data\processed\runtime_sources\左联史.txt,A=柳倩;B=王亚平,联名,yes,no,supported,yes,pending_cross_validation
REL-03613,ZLH-077,柳倩,ZLH-116,孙席珍,同属组织,critical,low,no,pending_review,左联史,zuolian_shi,643,左联史 第643页,"请看这支诗人队伍吧:这里有被闻一多誉为“擎鼓诗人“的田间;有东北作家兼诗人的罗烽、舒群和白晓光(马加);有中国诗歌会诗人穆木天、任钧、蒲风、柳倩和杜谈;有从事中外文化交流的诗人萧三和雷石榆;有充满活力与智慧的诗坛新秀聂绀咕、关霁、渤波、白曙、洪道、林蒂,还有北方左联的诗人孙席珍、冈夫、公木、方殷、何菲、刘御(史巴克)、马子华,此外还有白薇、杨骚、冯润璋、许幸之、安娥、楼适夷、方之中、周文、刘若松〔(风斯)、庄启东、林林、周而复、欧阴凡海、陈子谷、史征军、刘宗璜、吴振刚(大保)、王蕾嘉也都为新诗歌的繁荣兴旺献出过自己的光与热….",266,7ab590a3260fc9ddb1115bf139953cb5d7a43e8a48e1f5e1618086dd2406e268,1009151,1009417,D:\1大创\左联知识库项目\data\processed\runtime_sources\左联史.txt,A=柳倩;B=孙席珍,,yes,no,pending_review,no,pending_cross_validation
REL-03615,ZLH-077,柳倩,ZLH-119,何家槐,交游,low,medium,no,inferred,左联史,zuolian_shi,621,左联史 第621页,"一八“说到新音乐运动》,柳倩《最后的皇国》,蒲风《我们不是雏鸡子》,舒群《小朋友》,何家槐《诬陷》,田间《给诗人》,林林《已是五年了》,尘无《从“九.",75,4273581d0a6a24ac7815a086ac920a4af5496294c2e5c052c807d549ffa26a28,975689,975764,D:\1大创\左联知识库项目\data\processed\runtime_sources\左联史.txt,A=柳倩;B=何家槐,,no,no,supported,yes,pending_cross_validation
REL-03626,ZLH-077,柳倩,ZLH-144,巴比塞,同属组织,critical,low,yes,pending_review,左联史,zuolian_shi,231,左联史 第231页,"其他左联作家被禁的著译还有:戴平万《陆阿六》,杨郫人《狂澜》与《苍闷》,孙席珍《战场上》、《辛克莱译传》,冯宪章《梦后》、《叶山嘉树集》,何畏《文学方法论者蒲列哈诺夫》,戴望舒《啪物史观的文学论》,顾凤城《新兴文学概论》和《没落的灵魂》,王余杞《朋友与敌人》,健尼(高云览)《前夜》,周全平《残兵》,森堡(任钧)《藤森成吉集》、《爱与仇》、《隐秘的爱》,龚冰庐《炭矿夫》、《黎明之前》,潘汉年《离婚》,李辉英《万宝山》,沙汀《法律外的航线》,蒲风《茫茫夜》、《六月流火》,白特(杜谈)《还乡集》,台静农《建塔者》,侍桁《文学评论集》和《铁甲列车》,魏金枝《奶妈》,华蒂(叶以群)《文艺创作概论》,白薇《打出幽灵塔》,谷非(胡风)《洋鬼》,柳倩《生命的微突》,祝秀侠《巴比塞短篇作》,叶紫《丰收》,马宁《新恋》,陈子鹄《守宙之歌》,田间《中国.",371,cf16afb36df85da3a017fd88ec86667fa0b69a7c110e817a8221ad8ac0379430,343302,343673,D:\1大创\左联知识库项目\data\processed\runtime_sources\左联史.txt,A=柳倩;B=巴比塞,,no,no,pending_review,no,pending_cross_validation
REL-03630,ZLH-080,陈企霞,ZLH-091,叶以群,同属组织,critical,low,no,pending_review,左联史,zuolian_shi,608,左联史 第608页,"22日下午1时50分举行“启灵祭“,胡风、张天翼、聂绀弩、欧阳山、周文等16位中外作家扶灵枢上车去万国公墓安营,唐瑜、张天虚、罗峰、尹庚、郁达夫、白薇、蒲风、何家槐、关露、欧查、钟敬之、陈企霞、胡依凡、方土人、徐懋庸、阿英、尘无、周而复、黑丁、洪道、马子华、夏征农、柳倩、周文、沙汀、艾芜、杨骚、梁文若、叶以群、丽尼、王任叔、郑伯奇、沈西苓、徐步、林娜(司马文森)、沈端先等左联成员为鲁迅先生送殡。",199,a61d2355e3428c1db60674b2dea25b5a831078c08ec7c517e8d2a791cb422b70,955640,955839,D:\1大创\左联知识库项目\data\processed\runtime_sources\左联史.txt,A=陈企霞;B=叶以群,,yes,no,pending_review,no,pending_cross_validation
REL-03651,ZLH-081,陈白尘,ZLH-082,宋之的,待核验,critical,low,yes,pending_review,左联史,zuolian_shi,725,左联史 第725页,"丨螯′`__′霉垩′__弓，'第三部全民的抗战松之的、阿英、陈白尘、陈凝秋、舒非春命莲春集体讨论,宋之的初稿,夏衍整理。",60,5a17ce5d98e2af209336cf1c2411b95519289dbc623b4df5de35525ddea4d9f9,1128541,1128601,D:\1大创\左联知识库项目\data\processed\runtime_sources\左联史.txt,A=陈白尘;B=宋之的,讨论,no,no,pending_review,no,pending_cross_validation
REL-03654,ZLH-081,陈白尘,ZLH-086,葛一虹,签名联署,low,medium,no,inferred,左联史,zuolian_shi,423,左联史 第423页,“在这份抗议宥言上签名的有左联成员田汉、洪深、阿英、阳翰笙、尤党、司徒慧敏、沈西苓、林娜、周钢鸣、林淡秋、洪道、徐懋庸、唐瑜、徐步、荒煤、许标之、舒群、罗烽、欧阳凡海、鲁思、戴平万、丽尼、钟敬之、龚川琦以及陈白尘、艾思奇、吊骥、论千里、章乃器、冼星海、马彦祥、张庚、葛一虹等共189人。,143,d43fb919e26a075b21a3b6e57071a1b617f6369d9aa3ef83195508a119cc9332,644899,645042,D:\1大创\左联知识库项目\data\processed\runtime_sources\左联史.txt,A=陈白尘;B=葛一虹,签名,yes,no,supported,yes,pending_cross_validation
REL-03656,ZLH-081,陈白尘,ZLH-096,王统照,同属组织,critical,low,yes,pending_review,左联词典,zuolian_cidian,105,左联词典 第105页,"叶圣陶、巴金、王统照、郑振铎、老舍、吾组组、白朗、陈白尘、艾青、臧克家等虽未加入左联,但他们和左联作家站在同一阵线,努力创造,他们的优秀作品同样丰富了我国现代文学的宝库。",85,a34d1a807390362d6017b2d9c7d599c4ebacbcdfc0b1f528361a6ba98039ca37,39816,39901,D:\1大创\左联知识库项目\data\processed\runtime_sources\左联词典.txt,A=陈白尘;B=王统照,,yes,no,pending_review,no,pending_cross_validation
REL-03674,ZLH-082,宋之的,ZLH-097,王西彦,同属组织,critical,low,yes,pending_review,左联词典,zuolian_cidian,431,左联词典 第431页,"指出鲁迅、郭沫苷、茅盾、巴金、张天翼、靳以、沈起子、沙汀、艾芜、夏札、欧阳山、丽尼、齐同、屈轶、芹萝、蒋牧良、萧军等作家创作质量的丰富“,端木芷良、荒煤、舒群、宋之的、左联作品简介罗烽、姚雪垠、王西彦、吴奚如、刘日羽等新作家“数量的众多“,是1935年一大特色。",131,410197658b42917867a44cbcffc0fb178aa2d47459fb4a114efc8391d1c254ed,322354,322485,D:\1大创\左联知识库项目\data\processed\runtime_sources\左联词典.txt,A=宋之的;B=王西彦,,yes,no,pending_review,no,pending_cross_validation
REL-03680,ZLH-082,宋之的,ZLH-116,孙席珍,同属组织,high,low,yes,pending_review,左联史,zuolian_shi,47,左联史 第47页,"(1)左联北方部的成立左联北方部的成立宣言及理论纲领蛛已于1930年9月8日印就,但成立大会却迟到9月18日下午2时才在北乐大学法学院礼堂举行,段雪笙、潘漠华、郑吟涛(即郑文波、郑蜀子)、孙席珍、谢冰莹、刘尊棋、杨刚、张秀岩、张璋、梁冰、台静农、陈璧如、宋之的、李长路等30余人出席。",142,c344e4c4765aa95d21b8bd41f47073b6ade8ca38291948dc8808723509386d02,62393,62535,D:\1大创\左联知识库项目\data\processed\runtime_sources\左联史.txt,A=宋之的;B=孙席珍,,yes,no,pending_review,no,pending_cross_validation
REL-03683,ZLH-082,宋之的,ZLH-127,曹靖华,待核验,critical,low,no,pending_review,左联史,zuolian_shi,582,左联史 第582页,"我们愿意和站在同一战线的一切争取民族自由的斗士热烈地揭手!(名次先后,依新文字拼音为准)巴夫巴金白_曙曹靖华草明曹禺齐_同“陈占元大戈东平_董纯才_方光熊_方之中俯拾靳以莲玛以群杨晟姚野_夫_叶薛士尹庚克夫黎烈文_丽尼_李溶华梁雯若路_丁芦“烹度_陆鲁_迅_陆少懿_龙_乙“马子华马宗融茌_盾孟式钩_孟十还螂绀弩欧阳山澎岛任文川萧军萧乾萧红辛人加成孙用_宋之的徐螺世弥唐弛田菲田_间_天_虚_万迪鹳“王余杞王元亩_吴景崔_吴组湘晚如胡风华沙荒煤黄源_许天虹_渡_波跃先艾_蒋牧良赵家壁张天翼张香山周彦_周而复_周_文钟石苇宣言草稿分别由巴金、黎烈文各起草一份初稿,完稿后由黎烈文送到鲁迅家请先生审阅,在鲁迅指导下,黎烈文将两份草稿合而为一,略加整理后誉清。",328,0fbabd450d37790cafdd79813a828347adffa27c16c41c209813a1073b5ccd20,915673,916001,D:\1大创\左联知识库项目\data\processed\runtime_sources\左联史.txt,A=宋之的;B=曹靖华,,no,no,pending_review,no,pending_cross_validation
REL-03698,ZLH-083,林焕平,ZLH-119,何家槐,待核验,critical,low,yes,pending_review,左联史,zuolian_shi,318,左联史 第318页,"葛尔特作何家槐译)、《多勃洛留波夫诞生百年纪念》(V、吉尔波丁作立波译)、《福曼诺夫的回忆录一〈夏伯阳〉作者逝世10周年纪念》(福曼诺夫夫人作黄峰译)、《罗曼罗兰七十回顾》(丽尼译)、《纪德的诗》(林焕平)、《纪念海涅逝世80周年》(东阜)、《--八七一年后的文学》(梅雨)、《诗人马耶闻夫斯基》(羡益)、《但丁的〈神曲?》(敏儿)等,所有这些文章都传递了进步思想,言之有物,值得一读。",193,af0d62d34da43d2cbdbbb7c0644aca607f90f23cb7da72a1d19c83c6d837e945,479224,479417,D:\1大创\左联知识库项目\data\processed\runtime_sources\左联史.txt,A=林焕平;B=何家槐,,no,yes,pending_review,no,pending_cross_validation
REL-03707,ZLH-083,林焕平,ZLH-141,高尔基,交游,low,medium,no,inferred,左联史,zuolian_shi,609,左联史 第609页,租日4黎锦明《两次访钟楼记》《追记鲁迅兆生》;标英条7【4李守章〔(李俊民)《不并的纪念》;|4李龚《悼鲁迅先生》;才|4林淡秋《难言的隐痛》;髌国|4林林《失了一个俞强的战士;TazEz【4林焕平《巴比塞-高尔基.,108,046ed083edad50d26a8eaaa70d9b8e81c918d6fa8ca34afc26f935c8fef23b2a,956471,956579,D:\1大创\左联知识库项目\data\processed\runtime_sources\左联史.txt,A=林焕平;B=高尔基,访,no,no,supported,yes,pending_cross_validation
REL-03709,ZLH-083,林焕平,ZLH-144,巴比塞,交游,low,medium,no,inferred,左联史,zuolian_shi,609,左联史 第609页,租日4黎锦明《两次访钟楼记》《追记鲁迅兆生》;标英条7【4李守章〔(李俊民)《不并的纪念》;|4李龚《悼鲁迅先生》;才|4林淡秋《难言的隐痛》;髌国|4林林《失了一个俞强的战士;TazEz【4林焕平《巴比塞-高尔基.,108,046ed083edad50d26a8eaaa70d9b8e81c918d6fa8ca34afc26f935c8fef23b2a,956471,956579,D:\1大创\左联知识库项目\data\processed\runtime_sources\左联史.txt,A=林焕平;B=巴比塞,访,no,no,supported,yes,pending_cross_validation
REL-03734,ZLH-085,方殷,ZLH-083,林焕平,同属组织,high,low,yes,pending_review,左联史,zuolian_shi,623,左联史 第623页,"10月1日出版会刊《诗歌杂志》,周而复、田间、雷石榆、蒲风、林林、柳倩、舒群、方殷、魏猛克、林焕平、渤波、魏晋等各地左联作家、诗人为它摸稿,又得到臧克家、王亚平、覃子豪、童普岚、邵冠祥等诗人的支持,广受读者欢迎。",106,d7616216f12f1f7946b568e360da5075bb3ccdb0523afb7ad7a979d3a3cd7f06,979872,979978,D:\1大创\左联知识库项目\data\processed\runtime_sources\左联史.txt,A=方殷;B=林焕平,支持,yes,no,pending_review,no,pending_cross_validation
REL-03735,ZLH-085,方殷,ZLH-097,王西彦,同属组织,high,low,yes,pending_review,左联词典,zuolian_cidian,520,左联词典 第520页,“部份盟员“左联“时期活动篓介“介绍了丁玲、于伶、马宁、王西彦、王志之、王蕹嘉、方殷、艾芜、叶紫、田汉、田间、白曙、冯乃超、冯雪峰、冯锂、任白戈、任钧、阳翰笙、孙席珍、李伟森、吴奚如、应修人、沙汀、沈起子、张天翼、张松如、阿英、陈沂、林焕平、茅盾、郁达夫等31位盟员作家在左联时期的活动。,144,1c54b7552e43a916ff2acc15b4d28af1b87a832afae6bd45b668809cf99f7340,397549,397693,D:\1大创\左联知识库项目\data\processed\runtime_sources\左联词典.txt,A=方殷;B=王西彦,介绍,yes,no,pending_review,no,pending_cross_validation
REL-03736,ZLH-086,葛一虹,ZLH-001,鲁迅,纪念/悼念,high,medium,no,pending_review,左联词典,zuolian_cidian,190,左联词典 第190页,"1934年盟“员蒋罗被捕,他把蒋弼初步编就的左翼机关刊《文学新辑》第一输的稿件秘密转移至莲-虹处,后经洪道、马子华、葛一虹等协力编完此刊,出版后,由葛一虹寄呈鲁迅先生一册,鲁迅还把此刊介绍给美国左翼文学团体。",104,8131dbec474570cbf8bcb453a2dac5fe3e197308b57f9ab6d4136a87cd33471f,112136,112240,D:\1大创\左联知识库项目\data\processed\runtime_sources\左联词典.txt,A=葛一虹;B=鲁迅,介绍,no,no,pending_review,no,pending_cross_validation
REL-03753,ZLH-087,于伶,ZLH-001,鲁迅,同属组织,high,low,yes,pending_review,左联史,zuolian_shi,62,左联史 第62页,"“理直气壮、实事〇于伶《相迅“北平五讲“及其他》,《鲁迅问忆录》一集,上海文艺出版社1978年1月。",50,9b7ae4c7f140f3b2e6bd734c348a5bf45a18e44ae988ee33f38d34204e327068,86214,86264,D:\1大创\左联知识库项目\data\processed\runtime_sources\左联史.txt,A=于伶;B=鲁迅,,no,no,pending_review,no,pending_cross_validation
REL-03754,ZLH-087,于伶,ZLH-043,端木蕻良,同属组织,high,low,yes,pending_review,左联史,zuolian_shi,49,左联史 第49页,"还有一部分盟员,后来经过长期不懈的努力,成为优秀的作家、诗人、学者,如碧野、端木蕻良、方纪、方殷、冯契、高敏夫、公木、金丁、梁斌、马加、王冶秋、王西彦、王瑶、王余杞、王志之、徐盈、于黑丁、于伶、赵俪生等,他们在抗日战争、解放战争以至新中国建立后,为新民主主义的文化事业和社会主义文艺学术事业,都作出了各自的贡献。",156,3980a70339f2cfd6c5b5c90748e6d5e128ec1c7d5079abd816b60618b241a65a,65121,65277,D:\1大创\左联知识库项目\data\processed\runtime_sources\左联史.txt,A=于伶;B=端木蕻良,,yes,no,pending_review,no,pending_cross_validation
REL-03756,ZLH-087,于伶,ZLH-083,林焕平,同属组织,high,low,yes,pending_review,左联词典,zuolian_cidian,520,左联词典 第520页,“部份盟员“左联“时期活动篓介“介绍了丁玲、于伶、马宁、王西彦、王志之、王蕹嘉、方殷、艾芜、叶紫、田汉、田间、白曙、冯乃超、冯雪峰、冯锂、任白戈、任钧、阳翰笙、孙席珍、李伟森、吴奚如、应修人、沙汀、沈起子、张天翼、张松如、阿英、陈沂、林焕平、茅盾、郁达夫等31位盟员作家在左联时期的活动。,144,1c54b7552e43a916ff2acc15b4d28af1b87a832afae6bd45b668809cf99f7340,397549,397693,D:\1大创\左联知识库项目\data\processed\runtime_sources\左联词典.txt,A=于伶;B=林焕平,介绍,yes,no,pending_review,no,pending_cross_validation
REL-03757,ZLH-087,于伶,ZLH-084,陆万美,同属组织,high,low,yes,pending_review,左联史,zuolian_shi,61,左联史 第61页,潘训、于伶、陆万美、陈沂、松之的以及共青团、反帝大同盟、互济会等团体的代表约20余人出席。,45,540f6f43efd7ecc5000abe496ce4f55421759ebca088d6741501efff7db6f2a4,84248,84293,D:\1大创\左联知识库项目\data\processed\runtime_sources\左联史.txt,A=于伶;B=陆万美,约,no,no,pending_review,no,pending_cross_validation
REL-03758,ZLH-087,于伶,ZLH-085,方殷,同属组织,high,low,yes,pending_review,左联词典,zuolian_cidian,520,左联词典 第520页,“部份盟员“左联“时期活动篓介“介绍了丁玲、于伶、马宁、王西彦、王志之、王蕹嘉、方殷、艾芜、叶紫、田汉、田间、白曙、冯乃超、冯雪峰、冯锂、任白戈、任钧、阳翰笙、孙席珍、李伟森、吴奚如、应修人、沙汀、沈起子、张天翼、张松如、阿英、陈沂、林焕平、茅盾、郁达夫等31位盟员作家在左联时期的活动。,144,1c54b7552e43a916ff2acc15b4d28af1b87a832afae6bd45b668809cf99f7340,397549,397693,D:\1大创\左联知识库项目\data\processed\runtime_sources\左联词典.txt,A=于伶;B=方殷,介绍,yes,no,pending_review,no,pending_cross_validation
REL-03759,ZLH-087,于伶,ZLH-097,王西彦,同属组织,high,low,yes,pending_review,左联词典,zuolian_cidian,520,左联词典 第520页,“部份盟员“左联“时期活动篓介“介绍了丁玲、于伶、马宁、王西彦、王志之、王蕹嘉、方殷、艾芜、叶紫、田汉、田间、白曙、冯乃超、冯雪峰、冯锂、任白戈、任钧、阳翰笙、孙席珍、李伟森、吴奚如、应修人、沙汀、沈起子、张天翼、张松如、阿英、陈沂、林焕平、茅盾、郁达夫等31位盟员作家在左联时期的活动。,144,1c54b7552e43a916ff2acc15b4d28af1b87a832afae6bd45b668809cf99f7340,397549,397693,D:\1大创\左联知识库项目\data\processed\runtime_sources\左联词典.txt,A=于伶;B=王西彦,介绍,yes,no,pending_review,no,pending_cross_validation
REL-03764,ZLH-091,叶以群,ZLH-100,姚蓬子,待核验,critical,low,no,pending_review,左联史,zuolian_shi,139,左联史 第139页,"高尔基也是中国人民热爱的革命作家,从1907年起,《东方杂志》、《小说海》、《小说月报》上就不时有中译的高尔基作品出现;左联成立前后,他的名著《母亲》由沈端先译成中文由大江书铺及开明书店先后出版,另一著名长篇小说《阿尔泰套诺夫家的事业》由柔石译成中文,1934年改题《颓废》由商务印书馆出版,译者署名赵璜;鲁迅编辑出版过《高尔基文录》(1930年8月光华书局初版时题名《戈理基文录》,再版时改现名);左联作家华蒂(叶以群)、森堡(任钧)、洪灵菲、蓬子也译过高尔基的小说:华蒂、森堡合译过短篇集《隐秘的爱》,洪灵菲和蓬子则分别译过他的自传体小说《我的童年》。",278,4158c4718c1be6165ce598e32ecbf3aa701ceeaf8f3bbb8e94915b9e60043cb2,202796,203074,D:\1大创\左联知识库项目\data\processed\runtime_sources\左联史.txt,A=叶以群;B=蓬子,编辑,no,no,pending_review,no,pending_cross_validation
REL-03769,ZLH-091,叶以群,ZLH-119,何家槐,待核验,critical,low,yes,pending_review,左联史,zuolian_shi,22,左联史 第22页,担任过部长的有周起应〔(周扬)、华蒂(叶以群)、森堡(任钧)、何家槐、何谷天(周文)、宋卢天(王尧山)等人。,54,c43d8f2ec9568fdf4d05e6811fed69d362ebb39d05044e8d1a06e14f0d4fab5c,22167,22221,D:\1大创\左联知识库项目\data\processed\runtime_sources\左联史.txt,A=叶以群;B=何家槐,,no,no,pending_review,no,pending_cross_validation
REL-03770,ZLH-091,叶以群,ZLH-120,夏征农,同属组织,critical,low,no,pending_review,左联词典,zuolian_cidian,107,左联词典 第107页,已矫担任过巨联执行委哗职务的人员有鲁迅、沈端先(夏街3、冯乃超、钱枪邱、囚汉、郑伯奇、洪灵芸、周全平、蒋光慈、胡也频、柔石、姚蓬子、阳翰笙、茅眉、周扬、周文、朗风、丁玲、楼适夷、华蒂(叶以群)、李辉英、汪金厂沙汀、艾草、夏征农、任臼戈等。,119,929d4ac647a93d4df7f93cc9dc7d6aa852b63758c4245152376e23630faf3a8b,41729,41848,D:\1大创\左联知识库项目\data\processed\runtime_sources\左联词典.txt,A=叶以群;B=夏征农,,yes,no,pending_review,no,pending_cross_validation
REL-03780,ZLH-091,叶以群,ZLH-141,高尔基,交游,low,medium,no,inferred,左联史,zuolian_shi,139,左联史 第139页,"高尔基也是中国人民热爱的革命作家,从1907年起,《东方杂志》、《小说海》、《小说月报》上就不时有中译的高尔基作品出现;左联成立前后,他的名著《母亲》由沈端先译成中文由大江书铺及开明书店先后出版,另一著名长篇小说《阿尔泰套诺夫家的事业》由柔石译成中文,1934年改题《颓废》由商务印书馆出版,译者署名赵璜;鲁迅编辑出版过《高尔基文录》(1930年8月光华书局初版时题名《戈理基文录》,再版时改现名);左联作家华蒂(叶以群)、森堡(任钧)、洪灵菲、蓬子也译过高尔基的小说:华蒂、森堡合译过短篇集《隐秘的爱》,洪灵菲和蓬子则分别译过他的自传体小说《我的童年》。",278,4158c4718c1be6165ce598e32ecbf3aa701ceeaf8f3bbb8e94915b9e60043cb2,202796,203074,D:\1大创\左联知识库项目\data\processed\runtime_sources\左联史.txt,A=叶以群;B=高尔基,编辑,no,no,supported,yes,pending_cross_validation
REL-03783,ZLH-091,叶以群,ZLH-144,巴比塞,地下通讯,low,medium,no,inferred,左联史,zuolian_shi,231,左联史 第231页,"其他左联作家被禁的著译还有:戴平万《陆阿六》,杨郫人《狂澜》与《苍闷》,孙席珍《战场上》、《辛克莱译传》,冯宪章《梦后》、《叶山嘉树集》,何畏《文学方法论者蒲列哈诺夫》,戴望舒《啪物史观的文学论》,顾凤城《新兴文学概论》和《没落的灵魂》,王余杞《朋友与敌人》,健尼(高云览)《前夜》,周全平《残兵》,森堡(任钧)《藤森成吉集》、《爱与仇》、《隐秘的爱》,龚冰庐《炭矿夫》、《黎明之前》,潘汉年《离婚》,李辉英《万宝山》,沙汀《法律外的航线》,蒲风《茫茫夜》、《六月流火》,白特(杜谈)《还乡集》,台静农《建塔者》,侍桁《文学评论集》和《铁甲列车》,魏金枝《奶妈》,华蒂(叶以群)《文艺创作概论》,白薇《打出幽灵塔》,谷非(胡风)《洋鬼》,柳倩《生命的微突》,祝秀侠《巴比塞短篇作》,叶紫《丰收》,马宁《新恋》,陈子鹄《守宙之歌》,田间《中国.",371,cf16afb36df85da3a017fd88ec86667fa0b69a7c110e817a8221ad8ac0379430,343302,343673,D:\1大创\左联知识库项目\data\processed\runtime_sources\左联史.txt,A=叶以群;B=巴比塞,,no,no,supported,yes,pending_cross_validation
REL-03787,ZLH-093,王亚平,ZLH-096,王统照,待核验,critical,low,yes,pending_review,左联词典,zuolian_cidian,193,左联词典 第193页,"在同年11月6日、20月《青岛民报,每周文艺》发表许剧《苍鹰塔里的浮士德》和许《庭院)《都市夜行人》,1935年夏,作家王余杞、王统照、王亚平、老舍、吴伯算、洪深、盎超、臧克家等聚集青岛。",94,fe2e9c0e8da1d69b45be3e26e5f6affe1938bd1912fa0197f07be172193a0978,115175,115269,D:\1大创\左联知识库项目\data\processed\runtime_sources\左联词典.txt,A=王亚平;B=王统照,,no,no,pending_review,no,pending_cross_validation
REL-03800,ZLH-093,王亚平,ZLH-144,巴比塞,合作,critical,medium,no,pending_review,左联史,zuolian_shi,58,左联史 第58页,10月5日第12期又发王亚平的诗《纪念巴比塞》。,24,759c335383e320f81431f863ae6168c4fe0a78ffaf4f7000639aecd462093784,79012,79036,D:\1大创\左联知识库项目\data\processed\runtime_sources\左联史.txt,A=王亚平;B=巴比塞,,no,no,pending_review,no,pending_cross_validation
REL-03803,ZLH-096,王统照,ZLH-105,沈起予,同属组织,critical,low,no,pending_review,左联史,zuolian_shi,577,左联史 第577页,"发起人为王任叔、王统照、方光焊、白薇、周立波、艾芜、沙汀、李健吾、李兰、沈起予、松云彬、何家槐、吴景粥、邱韵铎、周椰伽、林淡秋、邵洵美、茅眉、洪深、夏七尊、荒煤、徐调乍、徐蔚南、徐懋庸、马宗融、马国亮、许杰、曹聚仁、张梦麝、傅东华、杨骚、郑伯奇、郑振铎、赵家璧、Q荽盾《我走过的道路》(中)第312页,人民文学出版社1984年5月。",166,d0ba165308a8fd2df67fa0f85d6254be191ac75b8f0fcadc5001a0bc60a481c0,908771,908937,D:\1大创\左联知识库项目\data\processed\runtime_sources\左联史.txt,A=王统照;B=沈起予,发起,yes,no,pending_review,no,pending_cross_validation
REL-03807,ZLH-096,王统照,ZLH-117,陈波儿,同属组织,critical,low,no,pending_review,左联史,zuolian_shi,623,左联史 第623页,"为了争取沈钧儒等7位救国会领导人早日恢复自由,促进全民抗战,宋庆龄等16人发起“救国人狱运动“,左联作家张天翼是发起人之一,其余发起人还有何香凝、胡愈之、诸青来、张定夫、王统照、潘大造、沈兹九、陈波儿、胡子婴、刘良模、彭文应、潘仰山、张宗麟、汪馥炎等。",126,6c8a931a2b4d9aafeecdaa1e514ff82383c8d98712f9acb1be2b3ee2f7c16940,978714,978840,D:\1大创\左联知识库项目\data\processed\runtime_sources\左联史.txt,A=王统照;B=陈波儿,发起,yes,no,pending_review,no,pending_cross_validation
REL-03808,ZLH-096,王统照,ZLH-119,何家槐,签名联署,low,medium,no,inferred,左联史,zuolian_shi,577,左联史 第577页,"发起人为王任叔、王统照、方光焊、白薇、周立波、艾芜、沙汀、李健吾、李兰、沈起予、松云彬、何家槐、吴景粥、邱韵铎、周椰伽、林淡秋、邵洵美、茅眉、洪深、夏七尊、荒煤、徐调乍、徐蔚南、徐懋庸、马宗融、马国亮、许杰、曹聚仁、张梦麝、傅东华、杨骚、郑伯奇、郑振铎、赵家璧、Q荽盾《我走过的道路》(中)第312页,人民文学出版社1984年5月。",166,d0ba165308a8fd2df67fa0f85d6254be191ac75b8f0fcadc5001a0bc60a481c0,908771,908937,D:\1大创\左联知识库项目\data\processed\runtime_sources\左联史.txt,A=王统照;B=何家槐,发起,yes,no,supported,yes,pending_cross_validation
REL-03814,ZLH-096,王统照,ZLH-128,林语堂,交游,low,medium,no,inferred,左联词典,zuolian_cidian,330,左联词典 第330页,"9月20日,鲁迅、巴金、王统照、林语堂,周瘦鹃、茅盾、郭沫若、傅东华联名发表《文艺界同人为团结御侮与言论自由宣言》,载《新认识第2号。",67,cd1881f4ae3ce60aa7e2f347a1541abd84d6e5cd405d93b8e13622c9a79d3403,235968,236035,D:\1大创\左联知识库项目\data\processed\runtime_sources\左联词典.txt,A=王统照;B=林语堂,联名,no,yes,supported,yes,pending_cross_validation
REL-03815,ZLH-096,王统照,ZLH-129,胡愈之,同属组织,critical,low,no,pending_review,左联史,zuolian_shi,623,左联史 第623页,"为了争取沈钧儒等7位救国会领导人早日恢复自由,促进全民抗战,宋庆龄等16人发起“救国人狱运动“,左联作家张天翼是发起人之一,其余发起人还有何香凝、胡愈之、诸青来、张定夫、王统照、潘大造、沈兹九、陈波儿、胡子婴、刘良模、彭文应、潘仰山、张宗麟、汪馥炎等。",126,6c8a931a2b4d9aafeecdaa1e514ff82383c8d98712f9acb1be2b3ee2f7c16940,978714,978840,D:\1大创\左联知识库项目\data\processed\runtime_sources\左联史.txt,A=王统照;B=胡愈之,发起,yes,no,pending_review,no,pending_cross_validation
REL-03821,ZLH-096,王统照,ZLH-138,何香凝,同属组织,critical,low,no,pending_review,左联史,zuolian_shi,623,左联史 第623页,"为了争取沈钧儒等7位救国会领导人早日恢复自由,促进全民抗战,宋庆龄等16人发起“救国人狱运动“,左联作家张天翼是发起人之一,其余发起人还有何香凝、胡愈之、诸青来、张定夫、王统照、潘大造、沈兹九、陈波儿、胡子婴、刘良模、彭文应、潘仰山、张宗麟、汪馥炎等。",126,6c8a931a2b4d9aafeecdaa1e514ff82383c8d98712f9acb1be2b3ee2f7c16940,978714,978840,D:\1大创\左联知识库项目\data\processed\runtime_sources\左联史.txt,A=王统照;B=何香凝,发起,yes,no,pending_review,no,pending_cross_validation
REL-03822,ZLH-096,王统照,ZLH-139,陈望道,同属组织,critical,low,no,pending_review,左联史,zuolian_shi,568,左联史 第568页,"“0夏衍还代表文委分别和郑振铎、陈望道、巴金、王统照、叶圣陶几位知名作家谈话,传达萧三来信的内容,听取他们的意见(重点路这几位作家谈话,也是萧三来信中特别强调的)。",82,e8a5c28f0837fb94063252756868f529d346a61524a29506466405bd0343932e,893592,893674,D:\1大创\左联知识库项目\data\processed\runtime_sources\左联史.txt,A=王统照;B=陈望道,来信,no,no,pending_review,no,pending_cross_validation
REL-03826,ZLH-097,王西彦,ZLH-083,林焕平,同属组织,high,low,yes,pending_review,左联词典,zuolian_cidian,520,左联词典 第520页,“部份盟员“左联“时期活动篓介“介绍了丁玲、于伶、马宁、王西彦、王志之、王蕹嘉、方殷、艾芜、叶紫、田汉、田间、白曙、冯乃超、冯雪峰、冯锂、任白戈、任钧、阳翰笙、孙席珍、李伟森、吴奚如、应修人、沙汀、沈起子、张天翼、张松如、阿英、陈沂、林焕平、茅盾、郁达夫等31位盟员作家在左联时期的活动。,144,1c54b7552e43a916ff2acc15b4d28af1b87a832afae6bd45b668809cf99f7340,397549,397693,D:\1大创\左联知识库项目\data\processed\runtime_sources\左联词典.txt,A=王西彦;B=林焕平,介绍,yes,no,pending_review,no,pending_cross_validation
REL-03832,ZLH-097,王西彦,ZLH-120,夏征农,同属组织,critical,low,yes,pending_review,左联词典,zuolian_cidian,104,左联词典 第104页,"左联拥有一批贡献卓著、德高望重的老作家如鲁迅、茅盾、翔秋日、蒋光慈、田汉、洪深,左联诣生前已从事创作和翻译的柔石、洪灵菲、应修人、潘漠华、郑伯奇、王任叔、阳翰笙、阿英、丁玲、张天翼、冯雪峰、夏衍、周扬、胡风、周立波、穆木天、杨骚、白薇等,又培养了一批思想活既、颇具才华的文学新人如冯铿、沙汀、艾莅、欧阳山、草明、李辉英、周文、柏山、东平、征农、荒煤、葛琴、徐盈、叶紫、罗烽、舒群、端木蕻良、王西彦、王尘无、蒲风、田间、于伶、凌鹤、徐懋庸、聂绀弩、廖沫沙等,他们都为左翼文学奉献了自己的佳作,如鲁迅、瞿秋白、徐懋庸、聂绀弩、廖沫沙的杂文,茅盾的《于夜》蒋光意《咆哮了的土地》,胡也频《光明在我们的前面9,柔石、冯铿、丁玲、阳翰笙、沙汀、艾芜、欧阳山、草明、李辉英、周文、柏山、东平、征农、荒煤、葛琴、徐盈、叶紫、罗烽、舒群、端木蕻良、王西彦的小说.",373,38fb7f84d392c56ebfb19f4ba45e46afdcb5c041c850ce800ec1de1ef46653dc,39205,39578,D:\1大创\左联知识库项目\data\processed\runtime_sources\左联词典.txt,A=王西彦;B=征农,,yes,no,pending_review,no,pending_cross_validation
REL-03833,ZLH-097,王西彦,ZLH-127,曹靖华,同属组织,high,low,yes,pending_review,左联史,zuolian_shi,67,左联史 第67页,"1936年11月22日,北平作家协会成立大会在西单鸿春楼饭店以棣餐形式召开,孙席珍、曹靖华、高滔、王余杞、管舍予(张致祥)、李何林、杨丙辰、李辉英、顾额刚、滩岛、谭丕模等11人当选为执行委员,杨刚、冯沅君、陆侃如、紫扬、王西彦等5人当选为候补执行委员。",126,8e301863615b204b64623e098bdf59765305f0e7b8fc30cc64a55c7ec01dc363,93004,93130,D:\1大创\左联知识库项目\data\processed\runtime_sources\左联史.txt,A=王西彦;B=曹靖华,,yes,no,pending_review,no,pending_cross_validation
REL-03835,ZLH-097,王西彦,ZLH-141,高尔基,交游,low,medium,no,inferred,左联史,zuolian_shi,555,左联史 第555页,"1936年6月18日,苏联作家高尔基逝世,10月19日,鲁迅在上海病逝,北平左联发动进步文化界举行两次追悼大会,王西彦都参加了。",64,79246d73a14f3bc6e78167f6c7be1d10281270606372a85748ce5c846e8fbab0,872517,872581,D:\1大创\左联知识库项目\data\processed\runtime_sources\左联史.txt,A=王西彦;B=高尔基,参加,no,no,supported,yes,pending_cross_validation
REL-03837,ZLH-098,沈从文,ZLH-099,吴奔星,交游,low,medium,no,inferred,左联史,zuolian_shi,534,左联史 第534页,"为保卫左联、反击反动喵唧们的诬葭攻击,任白戈、李辉英、徐梵澄等左翼和进步作家发表文章,理直气壮地进行驳斥,连大学者胡适都不借宵小们对何家槐的所谓“揭发“是真实的,他致函作家沈从文,要求他出来说几句公道话,还要吴奔星不要介人此事,以免上当受骗、铸成大错。",126,7bf8962cf3d33d89da5aafb6bd965d88ecf5ae404d928ac2fa68d2b7df878d76,837230,837356,D:\1大创\左联知识库项目\data\processed\runtime_sources\左联史.txt,A=沈从文;B=吴奔星,致函,no,no,supported,yes,pending_cross_validation
REL-03844,ZLH-098,沈从文,ZLH-116,孙席珍,交游,low,medium,no,inferred,左联词典,zuolian_cidian,557,左联词典 第557页,"全书分两部分:第一部分是《鲁迅生平》和《药》、《一件小事》、《孔乙已》、《祝福》、《风筝)《论“他妈的“!1)、《离婚》等鲁迅作品7篇;第二部分是其他中国作家的小说17篇:《为奴隶的母亲》(柔石)、《自杀》(茅盾)、《拗汊》(茅盾)、《水》(丁玲)、《消息》(丁玲)、《狗》(巴金)、《柏子》(沈从文)、《阿娥》(孙席珍)、《在“大连号“轮船上》(田军)、《第三支枪》(田军)、《狗肉将军》(林语堂)、《皈依》(萧乾)、《紫藤与茵葡》(郁达夫)、《移行》(张天翼)、《十字架》(郭沫若)、《一部遗失了的日记片断》(失名)、《法律外的航线(沙汀)书后有附录两种,《现代中国文学运动》(尼姆,威尔士)和参考书目。",304,61010ef89ba6b2d0ea6003b4e257b22656db069d7ab697e4b0e74d4c3f643459,428626,428930,D:\1大创\左联知识库项目\data\processed\runtime_sources\左联词典.txt,A=沈从文;B=孙席珍,,no,no,supported,yes,pending_cross_validation
REL-03845,ZLH-098,沈从文,ZLH-119,何家槐,待核验,critical,low,no,pending_review,左联史,zuolian_shi,287,左联史 第287页,"就在何家槐遭到侍桔、林希隽之流猖狂攻击的严重时刻,3月13日,胡适给中国公学文学系教授、作家沈从文写信,并附上清道夫和侍桁的两篇文章。",67,1cbf570f505fa4a0da92b076873ebb0549f8f684fe277cb72328d0819947d2a7,430316,430383,D:\1大创\左联知识库项目\data\processed\runtime_sources\左联史.txt,A=沈从文;B=何家槐,写信,no,no,pending_review,no,pending_cross_validation
REL-03849,ZLH-098,沈从文,ZLH-124,李小峰,同属组织,critical,low,yes,pending_review,左联史,zuolian_shi,8,左联史 第8页,"伟大的爱国主义、民主主义、国际主义、共产主义战士宋庆龄以及藩元培、柳亚子、杨铨、沈钩儒、李公朴、王造时、章乃咤、史良、胡愈之等社会君流,反对蒋介石国民党的专制独裁、卖国投降,从政治上支持左联和左翼文学运动;学术界文艺界的陈望道、叶圣陶、郑振铎、曹靖华、巴金、夏不尊、李一埕、王统照、范文澜、明承仕、朱自清、艾思奇、唐弛、李何林、靳以、杜宣;新闻出版界的邹韬奋、杜重远、黎烈文、曹聚仁、赵家壁、黄源、萧乾、傅东华、赵景深、金仲华、徐调孝、章锡琛、吴朗西、马国亮、张梓生、孟十还、谢六逸、钱歌川、楼炜春、李小峰、费慎祥、杨晋豪、沈兹九、蔡幔晖和在国民党军队中工作的宣侠父等,都从各方面支持帮助左联,为左翼文学远动做了不少有益的工作;林语堂、施蛐存、沈从文、朱曼华等,与左联和左鬟文学运动存在距离或是分歧,但许多时侯还是认瞠帮助左联及左翼文学运动的。",372,bb2d6d0a3f3e97a0fbedbe4628d40e4880e1a96686ad1ae5d257116d616f4807,5710,6082,D:\1大创\左联知识库项目\data\processed\runtime_sources\左联史.txt,A=沈从文;B=李小峰,支持,yes,no,pending_review,no,pending_cross_validation
REL-03851,ZLH-098,沈从文,ZLH-128,林语堂,交游,low,medium,no,inferred,左联词典,zuolian_cidian,557,左联词典 第557页,"全书分两部分:第一部分是《鲁迅生平》和《药》、《一件小事》、《孔乙已》、《祝福》、《风筝)《论“他妈的“!1)、《离婚》等鲁迅作品7篇;第二部分是其他中国作家的小说17篇:《为奴隶的母亲》(柔石)、《自杀》(茅盾)、《拗汊》(茅盾)、《水》(丁玲)、《消息》(丁玲)、《狗》(巴金)、《柏子》(沈从文)、《阿娥》(孙席珍)、《在“大连号“轮船上》(田军)、《第三支枪》(田军)、《狗肉将军》(林语堂)、《皈依》(萧乾)、《紫藤与茵葡》(郁达夫)、《移行》(张天翼)、《十字架》(郭沫若)、《一部遗失了的日记片断》(失名)、《法律外的航线(沙汀)书后有附录两种,《现代中国文学运动》(尼姆,威尔士)和参考书目。",304,61010ef89ba6b2d0ea6003b4e257b22656db069d7ab697e4b0e74d4c3f643459,428626,428930,D:\1大创\左联知识库项目\data\processed\runtime_sources\左联词典.txt,A=沈从文;B=林语堂,,no,no,supported,yes,pending_cross_validation
REL-03860,ZLH-099,吴奔星,ZLH-119,何家槐,师生关系,high,medium,no,pending_review,左联史,zuolian_shi,534,左联史 第534页,"为保卫左联、反击反动喵唧们的诬葭攻击,任白戈、李辉英、徐梵澄等左翼和进步作家发表文章,理直气壮地进行驳斥,连大学者胡适都不借宵小们对何家槐的所谓“揭发“是真实的,他致函作家沈从文,要求他出来说几句公道话,还要吴奔星不要介人此事,以免上当受骗、铸成大错。",126,7bf8962cf3d33d89da5aafb6bd965d88ecf5ae404d928ac2fa68d2b7df878d76,837230,837356,D:\1大创\左联知识库项目\data\processed\runtime_sources\左联史.txt,A=吴奔星;B=何家槐,致函,no,no,pending_review,no,pending_cross_validation
REL-03864,ZLH-100,姚蓬子,ZLH-105,沈起予,合作,critical,medium,no,pending_review,左联史,zuolian_shi,153,左联史 第153页,"创刊号发表的小说有《二十一个》(张天翼)、《碑》(沈起予)、《天地之死》(白薇)、《自由在垃圾桶里》(魏金枝)、《胆怯列车》(巴比塞作蓬子译)、《鹿》(Rarga作穆木天译),诗《奉天驿中》(穆木天)、《雪夜》(蓬子),评论《--个空虚的作者》(侍桁)、《建塔者》(侍柬)。",137,170ed38255e5366c5dc6722d67381848abac6077c4e9f987127deedca01e1791,221738,221875,D:\1大创\左联知识库项目\data\processed\runtime_sources\左联史.txt,A=蓬子;B=沈起予,,no,no,pending_review,no,pending_cross_validation
REL-03868,ZLH-100,姚蓬子,ZLH-119,何家槐,待核验,critical,low,no,pending_review,左联词典,zuolian_cidian,559,左联词典 第559页,"回忆1931年编辑出版《一角丛书》的经过,其中述及左联成员为从书所写的如下作品:周扬《苏联的音乐》、欧阳山《马可尼传六沈起子《巴比塞评传》、沈端先(夏衍)《高尔基评传》、丁玲《法网》,郑伯奇《宽城子大将》、钱杏邮(阿英)《创作与生活、徐衍存(阿英)《炜色之家》张天翼《脊背与奶子》、何家槐《恶行、蓬子《浮世绘}彭家煌《在潮神府》等。",166,9bfeae48ae7766ca2004c78d033e64a53e8f9cfde0da136e34d93a8ac1752084,430434,430600,D:\1大创\左联知识库项目\data\processed\runtime_sources\左联词典.txt,A=蓬子;B=何家槐,编辑,no,yes,pending_review,no,pending_cross_validation
REL-03869,ZLH-100,姚蓬子,ZLH-120,夏征农,同属组织,critical,low,no,pending_review,左联史,zuolian_shi,627,左联史 第627页,"书业公会头头接到此令后,雷厉风行立即贯彻,于次日(12月5日)发出“上海市书业同业公会通告第223号“,指出:“内容反动,有违出版法第19条之规定“的书刊“一律禁止出售,以杜流传“,查禁书刊达29种,鲁迅作品被禁的除《南腔北调集》外,还有《准风月谈》《不三不四集》《鲁迅自选集》《相迅讽刺文集》《鲁迅杂文集》《鲁巡杂感集》《鲁迅最后速著》《鲁迅印象记》(含沙著)《论现在我们的文学运动》(鲁迅等著)《现阶段的文学论战》(林涤编)绞防文学论战》《租妻》(含沙著),还有一批刊物,如夏征农主编的《新认识》、黎烈文主编的《中流》、姚蓬子主编的《世界文化》、克夫等主编的《通俗文化》等。",289,85bf7506b0d8489b8322f6b6d630fd08f9cb66d93d53573e135e771a64ed9b78,985244,985533,D:\1大创\左联知识库项目\data\processed\runtime_sources\左联史.txt,A=姚蓬子;B=夏征农,主编,no,no,pending_review,no,pending_cross_validation
REL-03874,ZLH-100,姚蓬子,ZLH-129,胡愈之,同属组织,critical,low,yes,pending_review,左联史,zuolian_shi,140,左联史 第140页,三、推举傅东华、朗愈之、蓬子三人组成常务委员会。,24,4b7c5d68ca4e4c66ca797c0b7f108fa0ebd298de500d1aa743fa4a7f0316eb04,205506,205530,D:\1大创\左联知识库项目\data\processed\runtime_sources\左联史.txt,A=蓬子;B=愈之,,no,no,pending_review,no,pending_cross_validation
REL-03881,ZLH-100,姚蓬子,ZLH-141,高尔基,交游,low,medium,no,inferred,左联史,zuolian_shi,684,左联史 第684页,1928年就翻译介绍高尔基的还有左翼作家洪灵菲和蓬子。,27,9e5eaefa22bbbfd1cd46257b5720867ce4a0422ba0f053852beb2377006e614a,1068306,1068333,D:\1大创\左联知识库项目\data\processed\runtime_sources\左联史.txt,A=蓬子;B=高尔基,介绍,no,no,supported,yes,pending_cross_validation
REL-03883,ZLH-100,姚蓬子,ZLH-144,巴比塞,文学论战,low,medium,no,inferred,左联史,zuolian_shi,153,左联史 第153页,"创刊号发表的小说有《二十一个》(张天翼)、《碑》(沈起予)、《天地之死》(白薇)、《自由在垃圾桶里》(魏金枝)、《胆怯列车》(巴比塞作蓬子译)、《鹿》(Rarga作穆木天译),诗《奉天驿中》(穆木天)、《雪夜》(蓬子),评论《--个空虚的作者》(侍桁)、《建塔者》(侍柬)。",137,170ed38255e5366c5dc6722d67381848abac6077c4e9f987127deedca01e1791,221738,221875,D:\1大创\左联知识库项目\data\processed\runtime_sources\左联史.txt,A=蓬子;B=巴比塞,,no,no,supported,yes,pending_cross_validation
REL-03884,ZLH-100,姚蓬子,ZLH-145,萧伯纳,交游,low,medium,no,inferred,左联史,zuolian_shi,88,左联史 第88页,"“(文中未提瞿秋白的名字和《东洋人出兵》的书名)作者向全世界关注中国的人们介绍了1933年问世的一些中国左耀文学作品:茅盾的长篇小说《子夜》,短篇小说集《春蚕》,丁玲的长篇小说《母亲》,短篇小说集《夜会》,沙汀的短篇集《法律外的航线》,李辉英的长篇小说《万宝山》,张天翼的短篇小说集《蜜蜂》,长篇小说《一年》,蓬子的短篇集《剪影集》,还有《萧伯纳在上海》(也没有提编者鲁迅、乐雯),其中对《子夜》评价最高,认为它“以其伟大的力量,高妙的艺术手腕而出名,且被视为过去十年以至十五年来中国文学中之最大的成就。",252,1ca19985bad8d5ea9add2e930af80749a52c80e3f4535f1e57f4430acc3b4c03,124588,124840,D:\1大创\左联知识库项目\data\processed\runtime_sources\左联史.txt,A=蓬子;B=萧伯纳,介绍,no,yes,supported,yes,pending_cross_validation
REL-03887,ZLH-104,叶灵凤,ZLH-105,沈起予,待核验,critical,low,no,pending_review,左联史,zuolian_shi,98,左联史 第98页,名单如下:冯乃超华_汉_龚冰庐沈叶沉孟超俞_怀_邱韵铎沈端先潘汉年“王洁予冯润璋_顾凤城彭康许峻冯铿王任桐周全平_洪灵菲_戴平万“钱杏邵冯宪章鲁迅杜衡埕子柔石侍桁画室吴贯中黄_素郑伯奇鲁_史朱镜我_田汉王一榴_蒋光慈刘锡五_叶灵凤_郁达夫陶晶孙_戴望舒李初梨_林伯修殴_夫_徐迅雷_程少怀_陈正道_许幸之_郭沫若_沈起予被介绍加人的:仲_豪“徐耘阡_魏金枝届文泳涛丁锐人马宁_孙孟涛王润甫_卢苍雁张璞无产阶级文艺俱乐部的发起人李_平胡忠信阿细余惠“萧歌强其他各反动组织之名单不明。,240,451607e392e76506863cb80a4c973cbf07385569c9884fdd80d90b1d3fb68d03,141748,141988,D:\1大创\左联知识库项目\data\processed\runtime_sources\左联史.txt,A=叶灵凤;B=沈起予,介绍,no,no,pending_review,no,pending_cross_validation
REL-03889,ZLH-104,叶灵凤,ZLH-112,戴望舒,同属组织,critical,low,no,pending_review,左联史,zuolian_shi,98,左联史 第98页,名单如下:冯乃超华_汉_龚冰庐沈叶沉孟超俞_怀_邱韵铎沈端先潘汉年“王洁予冯润璋_顾凤城彭康许峻冯铿王任桐周全平_洪灵菲_戴平万“钱杏邵冯宪章鲁迅杜衡埕子柔石侍桁画室吴贯中黄_素郑伯奇鲁_史朱镜我_田汉王一榴_蒋光慈刘锡五_叶灵凤_郁达夫陶晶孙_戴望舒李初梨_林伯修殴_夫_徐迅雷_程少怀_陈正道_许幸之_郭沫若_沈起予被介绍加人的:仲_豪“徐耘阡_魏金枝届文泳涛丁锐人马宁_孙孟涛王润甫_卢苍雁张璞无产阶级文艺俱乐部的发起人李_平胡忠信阿细余惠“萧歌强其他各反动组织之名单不明。,240,451607e392e76506863cb80a4c973cbf07385569c9884fdd80d90b1d3fb68d03,141748,141988,D:\1大创\左联知识库项目\data\processed\runtime_sources\左联史.txt,A=叶灵凤;B=戴望舒,介绍,no,no,pending_review,no,pending_cross_validation
REL-03890,ZLH-104,叶灵凤,ZLH-113,施蛰存,同属组织,critical,low,yes,pending_review,左联史,zuolian_shi,17,左联史 第17页,"林伯修(杜国库)、洪灵菲、戴平万等的“我们社“和《我们月刊》,胡也频、丁玲的“《红黑》社“以及《现代小说》(叶灵凤编)、《无轨列车》(施蛟存等编)、《新文艺》(戴望舒、施蛰存等编)、《南国月刊》(田汉编)等,也都积极提倡无产阶级革命文学;此外还有一些小型文艺杂志如《洪荒》、《泰东月刊》、《戈壁》、《山雨》、《白露》等,也都属于《创造月刊》、《太阳月刊》的队列,做出了各自的努力,这些文艺社团的不少成员,后来也加人了左联。",211,09fce5d977522d996612573a2ffa0273c37d9272774844ebffce487d225480a6,15243,15454,D:\1大创\左联知识库项目\data\processed\runtime_sources\左联史.txt,A=叶灵凤;B=施蛰存,,no,no,pending_review,no,pending_cross_validation
REL-03902,ZLH-104,叶灵凤,ZLH-139,陈望道,同属组织,critical,low,no,pending_review,左联史,zuolian_shi,271,左联史 第271页,"1934年3月4日,郑振铎、叶圣陶、樊仲云、倪文宙、曹聚仁、杜衡、施蛐存、叶灵凤、陈望道、郑伯奇、赵家璧、铉歌川、赵景深、艾迪尘、陶亢德、傅东华、汪馥泉等30余位杂志编辑在南京路新亚酒店茶叙,商讨对这育复古歪风发表反对宣言。",112,b0396f4c2b3a32cd6eec3a091770df2d4b47225598ed437d26c2d16decda3954,406135,406247,D:\1大创\左联知识库项目\data\processed\runtime_sources\左联史.txt,A=叶灵凤;B=陈望道,编辑,yes,no,pending_review,no,pending_cross_validation
REL-03904,ZLH-104,叶灵凤,ZLH-144,巴比塞,签名联署,low,medium,no,inferred,左联史,zuolian_shi,561,左联史 第561页,"8月,传闻法国作家巴比塞将率代表团前来上海出席远东反战大会,叶灵凤在《中国著作家欢迎巴比塞代表团启事》上签名,支持反战大会召开,欢迎巴比塞来华。",72,3942cf8567f5d789a603f2cc9d45b0417a2ea738694ae49e49685a4dee7869d1,883665,883737,D:\1大创\左联知识库项目\data\processed\runtime_sources\左联史.txt,A=叶灵凤;B=巴比塞,签名,no,no,supported,yes,pending_cross_validation
REL-03908,ZLH-105,沈起予,ZLH-112,戴望舒,论战,critical,medium,no,pending_review,左联史,zuolian_shi,98,左联史 第98页,名单如下:冯乃超华_汉_龚冰庐沈叶沉孟超俞_怀_邱韵铎沈端先潘汉年“王洁予冯润璋_顾凤城彭康许峻冯铿王任桐周全平_洪灵菲_戴平万“钱杏邵冯宪章鲁迅杜衡埕子柔石侍桁画室吴贯中黄_素郑伯奇鲁_史朱镜我_田汉王一榴_蒋光慈刘锡五_叶灵凤_郁达夫陶晶孙_戴望舒李初梨_林伯修殴_夫_徐迅雷_程少怀_陈正道_许幸之_郭沫若_沈起予被介绍加人的:仲_豪“徐耘阡_魏金枝届文泳涛丁锐人马宁_孙孟涛王润甫_卢苍雁张璞无产阶级文艺俱乐部的发起人李_平胡忠信阿细余惠“萧歌强其他各反动组织之名单不明。,240,451607e392e76506863cb80a4c973cbf07385569c9884fdd80d90b1d3fb68d03,141748,141988,D:\1大创\左联知识库项目\data\processed\runtime_sources\左联史.txt,A=沈起予;B=戴望舒,介绍,no,no,pending_review,no,pending_cross_validation
REL-03910,ZLH-105,沈起予,ZLH-116,孙席珍,合作,critical,medium,no,pending_review,左联史,zuolian_shi,296,左联史 第296页,"《小品文和漫画》全书收57位作家的38篇文章(鲁迅两篇,其余每人1篇),其中左联作家的作品是:鲁迅《漫谈漫画》、《漫画而又漫画》,茅盾《小品文和气运》,许幸之《漫画与多弥哀,冶鹤《漫画与卡通影片》,郁达夫《小品文杂感》,佛朗(祝秀侠)《对“小品文“的意见》,王任叔《小品文的前途》,李辉英《“写点小品文罢“》,何谷天(周文)《小品文对于我》,徐懋庸《大处人手》,洪深《混》,沈起予《“小品“的小品》,聂绀弩《我对于小品文的意见》,胡风《略谈“小品文“与“漕画“》,王淑明《我们需要怎样的小品文》,孙席珍《关于小品文和漫画》,叶綦《我们需要小品文和漫画》,郑伯奇《小品文问答》,大家对小品文和漫画一一尤其是对小品文发表了许多精辟的见解:茅盾说:“我不相信“小品文“应该以自我中心,个人笔调,性灵,闲适为主。",352,103559ce8cec8769d14167f9c5e5de211f3af6a1aa21ef7b81bf4e3ade8e54ef,443874,444226,D:\1大创\左联知识库项目\data\processed\runtime_sources\左联史.txt,A=沈起予;B=孙席珍,,no,no,pending_review,no,pending_cross_validation
REL-03911,ZLH-105,沈起予,ZLH-119,何家槐,论战,critical,medium,no,pending_review,左联史,zuolian_shi,661,左联史 第661页,"1936年,洪深积极投人“国防戏剧“运动,他和沈起予、何家槐集体创作两个剧本:《走私》(洪深执笔)、《出发之前》(沈起予执笔);和尤党、章泡集体创作剧本《汉奸的子孙》(尤党执笔);和冼鹤、沈起予、张庚集体创作剧本《洋白精》(啧鹤执笔);和章混、夏衍、张庚、尤党、凌鹤、起予集体创作剧本《我们的故乡》(章泡执笔),成绩出色,劳苦功高。",166,fd674d3a333c0719f6a606ce411a1f8c0d47487e155de30164e573d4e7e1a276,1029561,1029727,D:\1大创\左联知识库项目\data\processed\runtime_sources\左联史.txt,A=沈起予;B=何家槐,,no,no,pending_review,no,pending_cross_validation
REL-03912,ZLH-105,沈起予,ZLH-120,夏征农,待核验,critical,low,no,pending_review,左联史,zuolian_shi,363,左联史 第363页,"“011月22日,上海《大晓报》学艺部举行座谈会,集体评议《赛金花》的上演,出席集评的有左翼作家钱亦石、阿英、沈起予、夏征农、柯灵、郑伯奇以及《大晚报》副刊编辑崔万秋,阿英记录。",89,9bf7f433a02b3f3d0773ab75376d6b4260a957515f04370bfc61d2dc5224bdf7,546785,546874,D:\1大创\左联知识库项目\data\processed\runtime_sources\左联史.txt,A=沈起予;B=夏征农,编辑,no,no,pending_review,no,pending_cross_validation
REL-03915,ZLH-105,沈起予,ZLH-123,邹韬奋,同属组织,critical,low,no,pending_review,左联史,zuolian_shi,201,左联史 第201页,"遭此厄运的左联作家有鲁迅、茅盾、楼适夷、沈起予、郑伯奇、冯雪峰、钱杏郭、田汉、洪深、彭康、朱镜我、丁九(应修人)、丁玲、潘汉年、郝达夫、戴平万等,还有许多进步作家如胡愈之、邹韬奋、杜重运、王统照、叶圣陶、郑振铎、杨杏佛、潘梓年、黎烈文、施蛟存、曹聚仁等,达数十人之多,可见其仇恨光明与进步的疯狂。",148,416b570dc6cae75d7263bb5cbf6d82cf4d4043d8b4f92cca9e16aac74550ca30,300770,300918,D:\1大创\左联知识库项目\data\processed\runtime_sources\左联史.txt,A=沈起予;B=邹韬奋,,yes,no,pending_review,no,pending_cross_validation
REL-03917,ZLH-105,沈起予,ZLH-128,林语堂,交游,low,medium,no,inferred,左联史,zuolian_shi,596,左联史 第596页,签名者:巴_金_王统煌包天笑_沈起予_林语堂_洪深周瘦鹃茅盾陈望道_郭沫若夏丐尊_张天翼伟东华_叶绍钩“郑振铁郑伯奇赵家壁_黎烈文_鲁_迅谢冰心“丰子恺在宜言上签名的这21位作家包括两个口号论战双方及其他各流派的代表作家。,111,7545a05e2aead4e760582f22a1f168d40a4d5a45e9d4371354f7ce72a30a9ce2,938355,938466,D:\1大创\左联知识库项目\data\processed\runtime_sources\左联史.txt,A=沈起予;B=林语堂,签名,no,no,supported,yes,pending_cross_validation
REL-03918,ZLH-105,沈起予,ZLH-129,胡愈之,同属组织,critical,low,no,pending_review,左联史,zuolian_shi,142,左联史 第142页,"参与发起组织“中国著作家抗日会“1932年2月8日,上海进步文化界开会发起组织“中国著作家抗日会“,郁达夫、何丹仁(冯雪峰)、郑伯奇、丁玲、沈起予、何畏、穆木天等数十人出席,何丹仁、朐愈之、叶绍钩、王亚南等11人任机关刊编辑委员会委员。",118,e0d32cb5e84f943fc633f9eb33c38885b847d254e337a5b48b045fb627375389,207753,207871,D:\1大创\左联知识库项目\data\processed\runtime_sources\左联史.txt,A=沈起予;B=愈之,发起,yes,no,pending_review,no,pending_cross_validation
REL-03919,ZLH-105,沈起予,ZLH-130,杨杏佛,交游,low,medium,no,inferred,左联史,zuolian_shi,201,左联史 第201页,"诸如说“沈起予、郑伯奇、冯雪峰已投降AB团“啦,说电影《三个摩登的女性》的字幕是“出于鲁迅手笔“啦,在杨杏佛惨遮蓝衣社特务暗杀后,《社会新闻》更“描出左翼作家的懦怯来“(鲁迅语),一位“道“先生著文说:“最近上海暗杀之风甚盛,文人的脑筋最数锐,胆二最小而脚步最快,他们都以避暑为名离开了上海。",146,ad4cd3412cf0fa0b4f25c4c74aa5998d018e6d22708bab71e40a94d2a669c6f2,301425,301571,D:\1大创\左联知识库项目\data\processed\runtime_sources\左联史.txt,A=沈起予;B=杨杏佛,,no,no,supported,yes,pending_cross_validation
REL-03925,ZLH-105,沈起予,ZLH-139,陈望道,同属组织,critical,low,no,pending_review,左联史,zuolian_shi,596,左联史 第596页,签名者:巴_金_王统煌包天笑_沈起予_林语堂_洪深周瘦鹃茅盾陈望道_郭沫若夏丐尊_张天翼伟东华_叶绍钩“郑振铁郑伯奇赵家壁_黎烈文_鲁_迅谢冰心“丰子恺在宜言上签名的这21位作家包括两个口号论战双方及其他各流派的代表作家。,111,7545a05e2aead4e760582f22a1f168d40a4d5a45e9d4371354f7ce72a30a9ce2,938355,938466,D:\1大创\左联知识库项目\data\processed\runtime_sources\左联史.txt,A=沈起予;B=陈望道,签名,no,no,pending_review,no,pending_cross_validation
REL-03926,ZLH-105,沈起予,ZLH-141,高尔基,交游,low,medium,no,inferred,左联史,zuolian_shi,688,左联史 第688页,沈起予译过高尔基的《给青年作家》、《论散文》、《戏曲论》、《儿童文学的“主题“论》、《论创作技巧3。,50,5e64d1e5cea6662af8217d2c67543d5c8bcc8800148a5aafb026df7383bb724a,1073940,1073990,D:\1大创\左联知识库项目\data\processed\runtime_sources\左联史.txt,A=沈起予;B=高尔基,,no,no,supported,yes,pending_cross_validation
REL-03929,ZLH-105,沈起予,ZLH-144,巴比塞,交游,low,medium,no,inferred,左联史,zuolian_shi,153,左联史 第153页,"创刊号发表的小说有《二十一个》(张天翼)、《碑》(沈起予)、《天地之死》(白薇)、《自由在垃圾桶里》(魏金枝)、《胆怯列车》(巴比塞作蓬子译)、《鹿》(Rarga作穆木天译),诗《奉天驿中》(穆木天)、《雪夜》(蓬子),评论《--个空虚的作者》(侍桁)、《建塔者》(侍柬)。",137,170ed38255e5366c5dc6722d67381848abac6077c4e9f987127deedca01e1791,221738,221875,D:\1大创\左联知识库项目\data\processed\runtime_sources\左联史.txt,A=沈起予;B=巴比塞,,no,no,supported,yes,pending_cross_validation
REL-03931,ZLH-105,沈起予,ZLH-147,辛克莱,交游,low,medium,no,inferred,左联史,zuolian_shi,91,左联史 第91页,"Smedley);森堡(任钧)有小说《两种不同的人类》,译诗《在劳动旗下》(日本绳田林藏);祝秀侠有论文《新兴文学批评观的一斑》、《辛克莱和这个时代》《高尔基的〈夜店)》;沈起予有论文《演剧的技术论》、《中国的五月与日本帝国主义》、《法国的新兴文坛》;王任叔有《十二个牺牲者;马宁有《西伯利亚》等。",149,646af0a4844014a53ef1034e2250c0159ffb2c356c3d24ba23285c2247b4373c,129915,130064,D:\1大创\左联知识库项目\data\processed\runtime_sources\左联史.txt,A=沈起予;B=辛克莱,,no,yes,supported,yes,pending_cross_validation
REL-03942,ZLH-107,孙师毅,ZLH-139,陈望道,同属组织,critical,low,yes,pending_review,左联史,zuolian_shi,142,左联史 第142页,"何丹仁(冯雪峰)和施存统、邓初民、孙师毅、胡秋原、王礼锡、陈望道等7人当选为筹备会委员,进行筹备工作。",51,7b2c14f3fae403db6d1cf1b92f3bc196091a7203e1cca218b0711931a9a45f71,207668,207719,D:\1大创\左联知识库项目\data\processed\runtime_sources\左联史.txt,A=孙师毅;B=陈望道,,yes,no,pending_review,no,pending_cross_validation
REL-03946,ZLH-112,戴望舒,ZLH-113,施蛰存,待核验,critical,low,yes,pending_review,左联史,zuolian_shi,17,左联史 第17页,"林伯修(杜国库)、洪灵菲、戴平万等的“我们社“和《我们月刊》,胡也频、丁玲的“《红黑》社“以及《现代小说》(叶灵凤编)、《无轨列车》(施蛟存等编)、《新文艺》(戴望舒、施蛰存等编)、《南国月刊》(田汉编)等,也都积极提倡无产阶级革命文学;此外还有一些小型文艺杂志如《洪荒》、《泰东月刊》、《戈壁》、《山雨》、《白露》等,也都属于《创造月刊》、《太阳月刊》的队列,做出了各自的努力,这些文艺社团的不少成员,后来也加人了左联。",211,09fce5d977522d996612573a2ffa0273c37d9272774844ebffce487d225480a6,15243,15454,D:\1大创\左联知识库项目\data\processed\runtime_sources\左联史.txt,A=戴望舒;B=施蛰存,,no,no,pending_review,no,pending_cross_validation
REL-03947,ZLH-112,戴望舒,ZLH-114,刘呐鸥,待核验,high,low,yes,pending_review,左联史,zuolian_shi,682,左联史 第682页,"翻译过程中虚心向前辈学者请教,译成后也常请友人斧正,例如翻诙苏联卢那卡尔斯基《艺术之社会的基础》一书时他就向对卢氏恺想、著作了解较多的刘呐鸥和鲁迅先生请教,又路同辈文友戴望舒、江馥泉商讨,复又得陈望道先生的帮助,力求译文的准确。",114,6d36ebeb7363f0dfca09c559c95c228a1700d9bcd4cb7c768d2b605edc7eda54,1064575,1064689,D:\1大创\左联知识库项目\data\processed\runtime_sources\左联史.txt,A=戴望舒;B=刘呐鸥,,no,yes,pending_review,no,pending_cross_validation
REL-03949,ZLH-112,戴望舒,ZLH-116,孙席珍,论战,critical,medium,no,pending_review,左联史,zuolian_shi,231,左联史 第231页,"其他左联作家被禁的著译还有:戴平万《陆阿六》,杨郫人《狂澜》与《苍闷》,孙席珍《战场上》、《辛克莱译传》,冯宪章《梦后》、《叶山嘉树集》,何畏《文学方法论者蒲列哈诺夫》,戴望舒《啪物史观的文学论》,顾凤城《新兴文学概论》和《没落的灵魂》,王余杞《朋友与敌人》,健尼(高云览)《前夜》,周全平《残兵》,森堡(任钧)《藤森成吉集》、《爱与仇》、《隐秘的爱》,龚冰庐《炭矿夫》、《黎明之前》,潘汉年《离婚》,李辉英《万宝山》,沙汀《法律外的航线》,蒲风《茫茫夜》、《六月流火》,白特(杜谈)《还乡集》,台静农《建塔者》,侍桁《文学评论集》和《铁甲列车》,魏金枝《奶妈》,华蒂(叶以群)《文艺创作概论》,白薇《打出幽灵塔》,谷非(胡风)《洋鬼》,柳倩《生命的微突》,祝秀侠《巴比塞短篇作》,叶紫《丰收》,马宁《新恋》,陈子鹄《守宙之歌》,田间《中国.",371,cf16afb36df85da3a017fd88ec86667fa0b69a7c110e817a8221ad8ac0379430,343302,343673,D:\1大创\左联知识库项目\data\processed\runtime_sources\左联史.txt,A=戴望舒;B=孙席珍,,no,no,pending_review,no,pending_cross_validation
REL-03950,ZLH-112,戴望舒,ZLH-119,何家槐,创作合作,low,medium,no,inferred,左联史,zuolian_shi,562,左联史 第562页,"与戴望舒合编“现代创作丛刊“,收左联作家张天翼、丁玲、魏金枝、何家槐、穆木天等的作品9种。",45,9f0ad809b4abd1d4079dec77d69b4f3754cf3c9901c2e859591ae1d8464bc96e,884903,884948,D:\1大创\左联知识库项目\data\processed\runtime_sources\左联史.txt,A=戴望舒;B=何家槐,合编,no,no,supported,yes,pending_cross_validation
REL-03960,ZLH-112,戴望舒,ZLH-139,陈望道,交游,low,medium,no,inferred,左联史,zuolian_shi,682,左联史 第682页,"翻译过程中虚心向前辈学者请教,译成后也常请友人斧正,例如翻诙苏联卢那卡尔斯基《艺术之社会的基础》一书时他就向对卢氏恺想、著作了解较多的刘呐鸥和鲁迅先生请教,又路同辈文友戴望舒、江馥泉商讨,复又得陈望道先生的帮助,力求译文的准确。",114,6d36ebeb7363f0dfca09c559c95c228a1700d9bcd4cb7c768d2b605edc7eda54,1064575,1064689,D:\1大创\左联知识库项目\data\processed\runtime_sources\左联史.txt,A=戴望舒;B=陈望道,,no,yes,supported,yes,pending_cross_validation
REL-03961,ZLH-112,戴望舒,ZLH-141,高尔基,交游,low,medium,no,inferred,左联词典,zuolian_cidian,493,左联词典 第493页,"注重文艺批评和文艺理论,发表过《东平的眉目》(郭沫名)、《论戴望舒的诗》(薹风)、《读大板井》(穆木天)和《之术本质的地是战斗3(高尔基作,代石译)、《苏维埃文学底新现实主义》(吉尔波丁作,梅雨译)、《到苏维埃之路》(高尔基左联报刊简介作,代石译),外国文学作品方面发表过《文明的齿轮》(巴比嗜作,张罗天译)、《幼年》(托尔斯泰作,北芒译)、普希金的诗,左祝理的散文等。",185,fba95b004e3b117ea29c1ac696fb29d9956acf19c9b55f08b9d3c98201ca4943,375268,375453,D:\1大创\左联知识库项目\data\processed\runtime_sources\左联词典.txt,A=戴望舒;B=高尔基,,no,no,supported,yes,pending_cross_validation
REL-03964,ZLH-112,戴望舒,ZLH-147,辛克莱,待核验,critical,low,no,pending_review,左联史,zuolian_shi,231,左联史 第231页,"其他左联作家被禁的著译还有:戴平万《陆阿六》,杨郫人《狂澜》与《苍闷》,孙席珍《战场上》、《辛克莱译传》,冯宪章《梦后》、《叶山嘉树集》,何畏《文学方法论者蒲列哈诺夫》,戴望舒《啪物史观的文学论》,顾凤城《新兴文学概论》和《没落的灵魂》,王余杞《朋友与敌人》,健尼(高云览)《前夜》,周全平《残兵》,森堡(任钧)《藤森成吉集》、《爱与仇》、《隐秘的爱》,龚冰庐《炭矿夫》、《黎明之前》,潘汉年《离婚》,李辉英《万宝山》,沙汀《法律外的航线》,蒲风《茫茫夜》、《六月流火》,白特(杜谈)《还乡集》,台静农《建塔者》,侍桁《文学评论集》和《铁甲列车》,魏金枝《奶妈》,华蒂(叶以群)《文艺创作概论》,白薇《打出幽灵塔》,谷非(胡风)《洋鬼》,柳倩《生命的微突》,祝秀侠《巴比塞短篇作》,叶紫《丰收》,马宁《新恋》,陈子鹄《守宙之歌》,田间《中国.",371,cf16afb36df85da3a017fd88ec86667fa0b69a7c110e817a8221ad8ac0379430,343302,343673,D:\1大创\左联知识库项目\data\processed\runtime_sources\左联史.txt,A=戴望舒;B=辛克莱,,no,no,pending_review,no,pending_cross_validation
REL-03968,ZLH-114,刘呐鸥,ZLH-115,穆时英,论战,high,medium,no,pending_review,左联词典,zuolian_cidian,146,左联词典 第146页,"作品有论文《中国电影之路》(1933)、《清算刘呐鸥的理论》(1934)、《论穆时英的电影批评底基础》(19353、《一个电影批评人的独白》(1936),电影评论《评(压迥》(1933)、《关于〈新女性〉的影片。",106,171c518bc0c08e92beece10b65a74aa054e90505283eb624460f66f527a2a91f,73491,73597,D:\1大创\左联知识库项目\data\processed\runtime_sources\左联词典.txt,A=刘呐鸥;B=穆时英,,no,yes,pending_review,no,pending_cross_validation
REL-03970,ZLH-114,刘呐鸥,ZLH-139,陈望道,待核验,high,low,yes,pending_review,左联史,zuolian_shi,682,左联史 第682页,"翻译过程中虚心向前辈学者请教,译成后也常请友人斧正,例如翻诙苏联卢那卡尔斯基《艺术之社会的基础》一书时他就向对卢氏恺想、著作了解较多的刘呐鸥和鲁迅先生请教,又路同辈文友戴望舒、江馥泉商讨,复又得陈望道先生的帮助,力求译文的准确。",114,6d36ebeb7363f0dfca09c559c95c228a1700d9bcd4cb7c768d2b605edc7eda54,1064575,1064689,D:\1大创\左联知识库项目\data\processed\runtime_sources\左联史.txt,A=刘呐鸥;B=陈望道,,no,yes,pending_review,no,pending_cross_validation
REL-03980,ZLH-116,孙席珍,ZLH-001,鲁迅,同属组织,high,low,yes,pending_review,左联史,zuolian_shi,496,左联史 第496页,"10月19日,鲁迅在上海逝世,北平文化界人士筹备召开鲁迅追悼大会,孙席珍为发起人之一,并出席大会。",49,ea5ac1d9b911784dd1d76bdc7ea1251eba584420477d97a7883d0135511e256e,769299,769348,D:\1大创\左联知识库项目\data\processed\runtime_sources\左联史.txt,A=孙席珍;B=鲁迅,发起,no,no,pending_review,no,pending_cross_validation
REL-03981,ZLH-116,孙席珍,ZLH-009,郑伯奇,同属组织,high,low,yes,pending_review,左联词典,zuolian_cidian,606,左联词典 第606页,"特别是讲演会、座谈会,举凡对革命青年有教育意义的工作,席珍同志是最积极的参205加者关于北方左联的事情囡忆录。",55,2c2fbee4c415c5010e844c67442c8abe8681e5998f5805d783406476d5818adc,470633,470688,D:\1大创\左联知识库项目\data\processed\runtime_sources\左联词典.txt,A=席珍;B=席珍,座谈,no,no,pending_review,no,pending_cross_validation
REL-03984,ZLH-116,孙席珍,ZLH-083,林焕平,同属组织,high,low,yes,pending_review,左联词典,zuolian_cidian,520,左联词典 第520页,“部份盟员“左联“时期活动篓介“介绍了丁玲、于伶、马宁、王西彦、王志之、王蕹嘉、方殷、艾芜、叶紫、田汉、田间、白曙、冯乃超、冯雪峰、冯锂、任白戈、任钧、阳翰笙、孙席珍、李伟森、吴奚如、应修人、沙汀、沈起子、张天翼、张松如、阿英、陈沂、林焕平、茅盾、郁达夫等31位盟员作家在左联时期的活动。,144,1c54b7552e43a916ff2acc15b4d28af1b87a832afae6bd45b668809cf99f7340,397549,397693,D:\1大创\左联知识库项目\data\processed\runtime_sources\左联词典.txt,A=孙席珍;B=林焕平,介绍,yes,no,pending_review,no,pending_cross_validation
REL-03985,ZLH-116,孙席珍,ZLH-084,陆万美,同属组织,high,low,yes,pending_review,左联史,zuolian_shi,50,左联史 第50页,"发表的小说、散文有王志之《拾圆爱国》,半林(谷万川)《叔父》与《盐》,澎岛《火灾》,金丁《反复》,陆绿曦(陆万美)《迎向死灭走去》,木农(公木)《父与子》,松之的《动荡中的北平》与《战线》,孙席珍的诗《遣怀(4首)》,评论与研究有谷万川《论文学上底腐败的自由主义》,张松甫(公木)《新诗歌的内容与形式》,雪笙《不走正路的安德伦》,马致干《没落贵族的诗人李长吉》,荒之《1933年日本普罗文学运动的展望》等。",203,cbdd42fe5ee183a4e509390a6f8c7cb4bcab3b6365e20aed01c8bc5992b8b04b,66684,66887,D:\1大创\左联知识库项目\data\processed\runtime_sources\左联史.txt,A=孙席珍;B=陆万美,,no,yes,pending_review,no,pending_cross_validation
REL-03986,ZLH-116,孙席珍,ZLH-085,方殷,同属组织,high,low,yes,pending_review,左联词典,zuolian_cidian,520,左联词典 第520页,“部份盟员“左联“时期活动篓介“介绍了丁玲、于伶、马宁、王西彦、王志之、王蕹嘉、方殷、艾芜、叶紫、田汉、田间、白曙、冯乃超、冯雪峰、冯锂、任白戈、任钧、阳翰笙、孙席珍、李伟森、吴奚如、应修人、沙汀、沈起子、张天翼、张松如、阿英、陈沂、林焕平、茅盾、郁达夫等31位盟员作家在左联时期的活动。,144,1c54b7552e43a916ff2acc15b4d28af1b87a832afae6bd45b668809cf99f7340,397549,397693,D:\1大创\左联知识库项目\data\processed\runtime_sources\左联词典.txt,A=孙席珍;B=方殷,介绍,yes,no,pending_review,no,pending_cross_validation
REL-03987,ZLH-116,孙席珍,ZLH-087,于伶,同属组织,high,low,yes,pending_review,左联词典,zuolian_cidian,520,左联词典 第520页,“部份盟员“左联“时期活动篓介“介绍了丁玲、于伶、马宁、王西彦、王志之、王蕹嘉、方殷、艾芜、叶紫、田汉、田间、白曙、冯乃超、冯雪峰、冯锂、任白戈、任钧、阳翰笙、孙席珍、李伟森、吴奚如、应修人、沙汀、沈起子、张天翼、张松如、阿英、陈沂、林焕平、茅盾、郁达夫等31位盟员作家在左联时期的活动。,144,1c54b7552e43a916ff2acc15b4d28af1b87a832afae6bd45b668809cf99f7340,397549,397693,D:\1大创\左联知识库项目\data\processed\runtime_sources\左联词典.txt,A=孙席珍;B=于伶,介绍,yes,no,pending_review,no,pending_cross_validation
REL-03988,ZLH-116,孙席珍,ZLH-097,王西彦,同属组织,high,low,yes,pending_review,左联词典,zuolian_cidian,520,左联词典 第520页,“部份盟员“左联“时期活动篓介“介绍了丁玲、于伶、马宁、王西彦、王志之、王蕹嘉、方殷、艾芜、叶紫、田汉、田间、白曙、冯乃超、冯雪峰、冯锂、任白戈、任钧、阳翰笙、孙席珍、李伟森、吴奚如、应修人、沙汀、沈起子、张天翼、张松如、阿英、陈沂、林焕平、茅盾、郁达夫等31位盟员作家在左联时期的活动。,144,1c54b7552e43a916ff2acc15b4d28af1b87a832afae6bd45b668809cf99f7340,397549,397693,D:\1大创\左联知识库项目\data\processed\runtime_sources\左联词典.txt,A=孙席珍;B=王西彦,介绍,yes,no,pending_review,no,pending_cross_validation
REL-03993,ZLH-116,孙席珍,ZLH-127,曹靖华,空间共现,low,medium,no,inferred,左联史,zuolian_shi,66,左联史 第66页,"吴承仕、曹靖华、许德珩、杨秀峰、黄松龄、孙席珍、齐燕铭以及从日本回国的陈北鸥、魏猛克、陶然等都参加了筹划,从而使这次悼念活动具有了十分广泛的统一战线的性质。",78,749ec2e85791290d0d79257524d6672b19e88a2c718cb8c9e4337cd32fa0752a,91915,91993,D:\1大创\左联知识库项目\data\processed\runtime_sources\左联史.txt,A=孙席珍;B=曹靖华,参加,no,no,inferred,no,pending_cross_validation
REL-03994,ZLH-116,孙席珍,ZLH-128,林语堂,交游,low,medium,no,inferred,左联词典,zuolian_cidian,557,左联词典 第557页,"全书分两部分:第一部分是《鲁迅生平》和《药》、《一件小事》、《孔乙已》、《祝福》、《风筝)《论“他妈的“!1)、《离婚》等鲁迅作品7篇;第二部分是其他中国作家的小说17篇:《为奴隶的母亲》(柔石)、《自杀》(茅盾)、《拗汊》(茅盾)、《水》(丁玲)、《消息》(丁玲)、《狗》(巴金)、《柏子》(沈从文)、《阿娥》(孙席珍)、《在“大连号“轮船上》(田军)、《第三支枪》(田军)、《狗肉将军》(林语堂)、《皈依》(萧乾)、《紫藤与茵葡》(郁达夫)、《移行》(张天翼)、《十字架》(郭沫若)、《一部遗失了的日记片断》(失名)、《法律外的航线(沙汀)书后有附录两种,《现代中国文学运动》(尼姆,威尔士)和参考书目。",304,61010ef89ba6b2d0ea6003b4e257b22656db069d7ab697e4b0e74d4c3f643459,428626,428930,D:\1大创\左联知识库项目\data\processed\runtime_sources\左联词典.txt,A=孙席珍;B=林语堂,,no,no,supported,yes,pending_cross_validation
REL-04000,ZLH-116,孙席珍,ZLH-141,高尔基,交游,low,medium,no,inferred,左联史,zuolian_shi,66,左联史 第66页,"“07月,高尔基追悼大会在西直门外东北大学隆重举行,孙席珍主持大会并致词,曹靖华作高尔基生平及创作活动的报告,魏猛克等发言,朗诵了丁非(孙席珍〉所作的换诗,美国革命作家史沫特荼也应邀在大会上致词。",98,862a97bf85ef48a9d351b99b20272796e78558fa6516f22c23088f93f14acc5d,91993,92091,D:\1大创\左联知识库项目\data\processed\runtime_sources\左联史.txt,A=孙席珍;B=高尔基,邀,no,no,supported,yes,pending_cross_validation
REL-04001,ZLH-116,孙席珍,ZLH-144,巴比塞,交游,medium,medium,no,inferred,左联词典,zuolian_cidian,606,左联词典 第606页,"孙席珍作,载《新文学史料》1989年4期,回忆北方左联的酝酿、成立,左翼文学期刊的出版,鲁迅的“北平五讲“,“北方文总“的成立,欢迎“巴比塞代表团“筹备会代表被捕,北方左联解散和北平作家协会成立等.",99,7cc9e5da2a49900f710d61b2b1e4c1a9307a8cb77e2dd101f6740a9c8123dc57,470688,470787,D:\1大创\左联知识库项目\data\processed\runtime_sources\左联词典.txt,A=孙席珍;B=巴比塞,,no,yes,supported,yes,pending_cross_validation
REL-04003,ZLH-116,孙席珍,ZLH-147,辛克莱,论战,critical,medium,no,pending_review,左联史,zuolian_shi,231,左联史 第231页,"其他左联作家被禁的著译还有:戴平万《陆阿六》,杨郫人《狂澜》与《苍闷》,孙席珍《战场上》、《辛克莱译传》,冯宪章《梦后》、《叶山嘉树集》,何畏《文学方法论者蒲列哈诺夫》,戴望舒《啪物史观的文学论》,顾凤城《新兴文学概论》和《没落的灵魂》,王余杞《朋友与敌人》,健尼(高云览)《前夜》,周全平《残兵》,森堡(任钧)《藤森成吉集》、《爱与仇》、《隐秘的爱》,龚冰庐《炭矿夫》、《黎明之前》,潘汉年《离婚》,李辉英《万宝山》,沙汀《法律外的航线》,蒲风《茫茫夜》、《六月流火》,白特(杜谈)《还乡集》,台静农《建塔者》,侍桁《文学评论集》和《铁甲列车》,魏金枝《奶妈》,华蒂(叶以群)《文艺创作概论》,白薇《打出幽灵塔》,谷非(胡风)《洋鬼》,柳倩《生命的微突》,祝秀侠《巴比塞短篇作》,叶紫《丰收》,马宁《新恋》,陈子鹄《守宙之歌》,田间《中国.",371,cf16afb36df85da3a017fd88ec86667fa0b69a7c110e817a8221ad8ac0379430,343302,343673,D:\1大创\左联知识库项目\data\processed\runtime_sources\左联史.txt,A=孙席珍;B=辛克莱,,no,no,pending_review,no,pending_cross_validation
REL-04004,ZLH-116,孙席珍,ZLH-150,萧三,同属组织,critical,low,yes,pending_review,左联史,zuolian_shi,643,左联史 第643页,"请看这支诗人队伍吧:这里有被闻一多誉为“擎鼓诗人“的田间;有东北作家兼诗人的罗烽、舒群和白晓光(马加);有中国诗歌会诗人穆木天、任钧、蒲风、柳倩和杜谈;有从事中外文化交流的诗人萧三和雷石榆;有充满活力与智慧的诗坛新秀聂绀咕、关霁、渤波、白曙、洪道、林蒂,还有北方左联的诗人孙席珍、冈夫、公木、方殷、何菲、刘御(史巴克)、马子华,此外还有白薇、杨骚、冯润璋、许幸之、安娥、楼适夷、方之中、周文、刘若松〔(风斯)、庄启东、林林、周而复、欧阴凡海、陈子谷、史征军、刘宗璜、吴振刚(大保)、王蕾嘉也都为新诗歌的繁荣兴旺献出过自己的光与热….",266,7ab590a3260fc9ddb1115bf139953cb5d7a43e8a48e1f5e1618086dd2406e268,1009151,1009417,D:\1大创\左联知识库项目\data\processed\runtime_sources\左联史.txt,A=孙席珍;B=萧三,,yes,no,pending_review,no,pending_cross_validation
REL-04007,ZLH-117,陈波儿,ZLH-129,胡愈之,同属组织,critical,low,no,pending_review,左联史,zuolian_shi,623,左联史 第623页,"为了争取沈钧儒等7位救国会领导人早日恢复自由,促进全民抗战,宋庆龄等16人发起“救国人狱运动“,左联作家张天翼是发起人之一,其余发起人还有何香凝、胡愈之、诸青来、张定夫、王统照、潘大造、沈兹九、陈波儿、胡子婴、刘良模、彭文应、潘仰山、张宗麟、汪馥炎等。",126,6c8a931a2b4d9aafeecdaa1e514ff82383c8d98712f9acb1be2b3ee2f7c16940,978714,978840,D:\1大创\左联知识库项目\data\processed\runtime_sources\左联史.txt,A=陈波儿;B=胡愈之,发起,yes,no,pending_review,no,pending_cross_validation
REL-04011,ZLH-117,陈波儿,ZLH-138,何香凝,同属组织,critical,low,no,pending_review,左联史,zuolian_shi,623,左联史 第623页,"为了争取沈钧儒等7位救国会领导人早日恢复自由,促进全民抗战,宋庆龄等16人发起“救国人狱运动“,左联作家张天翼是发起人之一,其余发起人还有何香凝、胡愈之、诸青来、张定夫、王统照、潘大造、沈兹九、陈波儿、胡子婴、刘良模、彭文应、潘仰山、张宗麟、汪馥炎等。",126,6c8a931a2b4d9aafeecdaa1e514ff82383c8d98712f9acb1be2b3ee2f7c16940,978714,978840,D:\1大创\左联知识库项目\data\processed\runtime_sources\左联史.txt,A=陈波儿;B=何香凝,发起,yes,no,pending_review,no,pending_cross_validation
REL-04012,ZLH-119,何家槐,ZLH-120,夏征农,同属组织,critical,low,no,pending_review,左联史,zuolian_shi,233,左联史 第233页,"第2期、第3期直到第6期,每期如此,《出狱》(何家槐)、《禾场上》(征农)、《雪地》(何谷天)、《人与人之间》(李守章)、《献给失掉了自由的铁》(冰莹)、《“九.",81,77aac0fd4e17336569f3e5f42e36dda9fe756a236e7cc1e4acec4b01050e1429,346591,346672,D:\1大创\左联知识库项目\data\processed\runtime_sources\左联史.txt,A=何家槐;B=征农,,no,no,pending_review,no,pending_cross_validation
REL-04026,ZLH-119,何家槐,ZLH-141,高尔基,交游,low,medium,no,inferred,左联词典,zuolian_cidian,559,左联词典 第559页,"回忆1931年编辑出版《一角丛书》的经过,其中述及左联成员为从书所写的如下作品:周扬《苏联的音乐》、欧阳山《马可尼传六沈起子《巴比塞评传》、沈端先(夏衍)《高尔基评传》、丁玲《法网》,郑伯奇《宽城子大将》、钱杏邮(阿英)《创作与生活、徐衍存(阿英)《炜色之家》张天翼《脊背与奶子》、何家槐《恶行、蓬子《浮世绘}彭家煌《在潮神府》等。",166,9bfeae48ae7766ca2004c78d033e64a53e8f9cfde0da136e34d93a8ac1752084,430434,430600,D:\1大创\左联知识库项目\data\processed\runtime_sources\左联词典.txt,A=何家槐;B=高尔基,编辑,no,yes,supported,yes,pending_cross_validation
REL-04029,ZLH-119,何家槐,ZLH-144,巴比塞,创作合作,low,medium,no,inferred,左联史,zuolian_shi,329,左联史 第329页,"奥斯特洛夫斯基的长篇小说《钢铁是怎样炼成的》,周立波决定翻译苏联作家萧洛霍夫的长篇小说《被开垦的处女地》,林淡秋决定翻译苏联作家卡达耶夫的长篇小说《时间呀,前进1》,何家槐决定翻译英国作家福斯特的理论著作《小说与民众5,徐懋庸本人,当时正在翻译俄国作家梭罗古勃的长篇小说《小鬼》,且已成大半,他决定抓紧译完这部作品,然后再翻译法国作家巴比塞的传记作品《斯大林传》。",182,c3db468285da58a9e3508e7e0384ed695da29265cc92654a95421f2c890d6f15,496992,497174,D:\1大创\左联知识库项目\data\processed\runtime_sources\左联史.txt,A=何家槐;B=巴比塞,,no,no,supported,yes,pending_cross_validation
REL-04039,ZLH-120,夏征农,ZLH-139,陈望道,交游,low,medium,no,inferred,左联史,zuolian_shi,489,左联史 第489页,"1934年9月20日,小品文半月刊《太白》创刊,征农应主编陈望道之邀,任助编。",39,4eb986a46c646b74458370f83e686ea97a0607ebcca427b273e6cd3e3a7187ff,756294,756333,D:\1大创\左联知识库项目\data\processed\runtime_sources\左联史.txt,A=征农;B=陈望道,主编,no,no,supported,yes,pending_cross_validation
REL-04044,ZLH-120,夏征农,ZLH-150,萧三,待核验,critical,low,no,pending_review,左联史,zuolian_shi,315,左联史 第315页,"在左联遭受严重压迫的时候,他主编的《新生》杂志发表过公汗(鲁迅)、苟眉、小山(萧三)、屈轶(王任叔)、征农、力生(徐懋庸)、李辉英、佛朗(祝秀侠)、陈乃昌等左联作家的许多作品,有力地支持了左翼文艺运动,左联的同志们永远感谢他的善良与真诚。",119,343666923f5c93f260be5c1842873722b705bfcef24697c57cd275a1e411f121,474402,474521,D:\1大创\左联知识库项目\data\processed\runtime_sources\左联史.txt,A=征农;B=萧三,主编,no,no,pending_review,no,pending_cross_validation
REL-04051,ZLH-121,内山完造,ZLH-134,鹿地亘,交游,low,medium,no,inferred,左联史,zuolian_shi,605,左联史 第605页,"6时许,生前友好冯雪峰、黄源、萧军、内山完造、鹿地亘夫妇闻讯后即赶到鲁迅寓所。",39,65356ae76ec6a832fb0b061195cbb8dea1e2dd97e47eee426f3b7b85ba277c0b,952574,952613,D:\1大创\左联知识库项目\data\processed\runtime_sources\左联史.txt,A=内山完造;B=鹿地亘,,no,no,supported,yes,pending_cross_validation
REL-04052,ZLH-121,内山完造,ZLH-135,池田幸子,亲属关系,medium,medium,no,inferred,左联史,zuolian_shi,616,左联史 第616页,"鲁迅的日本友人内山完造、夺田杏花、鹿地亘和池田幸子夫妇,还有须藤五百三医师在11月15日、16日就发表回忆鲁迅的一组文章:内山完造《忆鲁迅先生》《鲁迅先生》,奥田杏花《我们最后的谈话》,鹿地亘《鲁迅和我》,池田并子《最后一天的鲁迅》,须藤五百三《医学者所见的鲁迅先生》;不久,增田涉发表《忆鲁迅》,小田狱夫和秋田雨雀分别发表自己的回忆录题目均为《忆鲁迅》,此外还有室伏高信《鲁迅的印象》、山本实彦《鲁迅的死》、佐藤春夫《鲁迅传》和《月光与少年一一鲁迅的艺术》、新居格《高尔基的存在》等文,描绘了作者们各自对鲁迅的理解与认识。",262,b3f4156b8c64e115fe4e9a1f3f55bdb078330d2a0c1b5835ab731efab4447274,967410,967672,D:\1大创\左联知识库项目\data\processed\runtime_sources\左联史.txt,A=内山完造;B=池田幸子,,no,yes,supported,yes,pending_cross_validation
REL-04053,ZLH-121,内山完造,ZLH-136,宋庆龄,交游,low,medium,no,inferred,左联史,zuolian_shi,606,左联史 第606页,"在宋庆龄的主持下商定了“鲁迅治丧委员会“最初的名单,蔡元培、马相伯、宋庆龄、毛泽东、内山完造、A.",49,6c35e21fcef4856504588fd04f4e50b50850c6b9cc78be22c5c0631ae73b7755,952751,952800,D:\1大创\左联知识库项目\data\processed\runtime_sources\左联史.txt,A=内山完造;B=宋庆龄,,no,no,supported,yes,pending_cross_validation
REL-04054,ZLH-121,内山完造,ZLH-137,蔡元培,交游,low,medium,no,inferred,左联史,zuolian_shi,606,左联史 第606页,"在宋庆龄的主持下商定了“鲁迅治丧委员会“最初的名单,蔡元培、马相伯、宋庆龄、毛泽东、内山完造、A.",49,6c35e21fcef4856504588fd04f4e50b50850c6b9cc78be22c5c0631ae73b7755,952751,952800,D:\1大创\左联知识库项目\data\processed\runtime_sources\左联史.txt,A=内山完造;B=蔡元培,,no,no,supported,yes,pending_cross_validation
REL-04057,ZLH-121,内山完造,ZLH-150,萧三,文学论战,low,medium,no,inferred,左联史,zuolian_shi,83,左联史 第83页,"第八节“左联的对外联系中国左翼作家联盟有一位出色的对外联络员萧三,还有许多真诚的外国朋友:美国的史沫特荷、斯诺、伊罗生;日本人内山完造、山上正义、尾崎秀实、增田涉、鹿地亘等。",87,a5bdfbad8fdcaa687c9a5519c5fc3933b695e052a81244f388b20d352802a0bb,118033,118120,D:\1大创\左联知识库项目\data\processed\runtime_sources\左联史.txt,A=内山完造;B=萧三,,no,no,supported,yes,pending_cross_validation
REL-04071,ZLH-122,许广平,ZLH-145,萧伯纳,待核验,critical,low,yes,pending_review,左联史,zuolian_shi,193,左联史 第193页,"翌日,许广平便去四川北路各处购买当天出版的中外报纸,回来后和杨之华一起将有关萧的文章一一剪下,瞿秋白将外文报道译成中文,又将所有文章分成五部分并加上小标题:一、“Welcome“,二、“昱萧的国际联合战线“,三、“政治的凹凶镜“,四、“萧伯纳的真话“,五、“萧伯纳及其批评“,又写了一篇异常尖锐深刻的卷头语《写在前面一一他并非西洋唐伯虎》,说“他从资产阶级社会里出来,而揭穿这个社会的内幕。",195,62d662c4507be85de8e8d78461b3ce123140bcc1efcd7c8d26cf06096a8cea5f,288300,288495,D:\1大创\左联知识库项目\data\processed\runtime_sources\左联史.txt,A=许广平;B=萧伯纳,一起,no,no,pending_review,no,pending_cross_validation
REL-04072,ZLH-122,许广平,ZLH-150,萧三,交游,low,medium,no,inferred,左联史,zuolian_shi,567,左联史 第567页,"@“此件鲁迅收到后,由许广平抄录一份存底,萧三写信时间应为11月,他在回忆录中多次说过。",44,20aaaaa460e18b7029008504c806920992003ca5859f33bd04771fdbd15be2f7,893304,893348,D:\1大创\左联知识库项目\data\processed\runtime_sources\左联史.txt,A=许广平;B=萧三,写信,no,yes,supported,yes,pending_cross_validation
REL-04076,ZLH-123,邹韬奋,ZLH-129,胡愈之,交游,low,medium,no,inferred,左联史,zuolian_shi,718,左联史 第718页,"“9月17日,生活书店的邹韬奋、毕云程、胡愈之,译文社的鲁迅、荃盾,文学社的郑振铎、傅东华在新亚饭店聚餐时,生活书店方面正式公开提出要撒换黄源《译文》月刊编辑的职务,并欲迫使鲁迅同意他们的无理要求。",99,dc8a0bd3caa06ac357acf548d466f3c0af97a7dbcce9b057b625f3da85116eba,1118011,1118110,D:\1大创\左联知识库项目\data\processed\runtime_sources\左联史.txt,A=邹韬奋;B=胡愈之,编辑,no,no,supported,yes,pending_cross_validation
REL-04077,ZLH-123,邹韬奋,ZLH-130,杨杏佛,同属组织,critical,low,no,pending_review,左联史,zuolian_shi,445,左联史 第445页,"5月24日,蔡元培、杨杏佛、柳亚子、邹韬奋等38位社会名流与进步文化人联名致电南京国民党当局,要求立即释放丁玲、潘桐年,或由法庭向社会公开宣判。",72,6709b2364ed59b86b7edf48d38153adcdbc296b2473af2a190bf374e01cd9ac5,681698,681770,D:\1大创\左联知识库项目\data\processed\runtime_sources\左联史.txt,A=邹韬奋;B=杨杏佛,联名,yes,no,pending_review,no,pending_cross_validation
REL-04081,ZLH-123,邹韬奋,ZLH-137,蔡元培,交游,low,medium,no,inferred,左联史,zuolian_shi,284,左联史 第284页,"1935年底,上海成立了“中国新文字研究会“,陶行知、邹韬奋等为理事,起草了《我们对于推行新文字的意见》,蔡元培,鲁迅、柳亚子、陈望道等文化界人士668人在意见书上签名,赞同使用、推广拉丁新文字。",98,53bd7fda93a589386fc9a57b7dc16892dcd677b9b32b64d9fb4a816e31f7f376,426066,426164,D:\1大创\左联知识库项目\data\processed\runtime_sources\左联史.txt,A=邹韬奋;B=蔡元培,签名,no,no,supported,yes,pending_cross_validation
REL-04083,ZLH-123,邹韬奋,ZLH-139,陈望道,交游,low,medium,no,inferred,左联史,zuolian_shi,284,左联史 第284页,"1935年底,上海成立了“中国新文字研究会“,陶行知、邹韬奋等为理事,起草了《我们对于推行新文字的意见》,蔡元培,鲁迅、柳亚子、陈望道等文化界人士668人在意见书上签名,赞同使用、推广拉丁新文字。",98,53bd7fda93a589386fc9a57b7dc16892dcd677b9b32b64d9fb4a816e31f7f376,426066,426164,D:\1大创\左联知识库项目\data\processed\runtime_sources\左联史.txt,A=邹韬奋;B=陈望道,签名,no,no,supported,yes,pending_cross_validation
REL-04084,ZLH-123,邹韬奋,ZLH-141,高尔基,交游,low,medium,no,inferred,鲁迅日记,luxun_diary,,鲁迅日记 页码未识别,邹韬奋寄赠《革命文豪高尔基》一本。,17,d5c80d687532023248b2a64e6922a54a1d420f039039efcbaf2c42b1d8f71a9d,145272,145289,D:\1大创\左联知识库项目\research\raw_texts\日记全编：全2册 (鲁迅 著) (Z-Library).txt,A=邹韬奋;B=高尔基,赠,no,no,supported,yes,pending_cross_validation
REL-04087,ZLH-124,李小峰,ZLH-128,林语堂,交游,low,medium,no,inferred,鲁迅日记,luxun_diary,,鲁迅日记 页码未识别,晚李小峰及其夫人招饮于中有天，同席郁达夫、王映霞、林和清、林语堂及其夫人、章衣萍、吴曙天、董秋芳、三弟及广平，饮后大醉，回寓欧吐。,65,960fd37d84e6d9f58aabf5803ba132421ca9dec72e876575b0ad005480aea663,19306,19371,D:\1大创\左联知识库项目\research\raw_texts\日记全编：全2册 (鲁迅 著) (Z-Library).txt,A=李小峰;B=林语堂,,no,no,supported,yes,pending_cross_validation
REL-04093,ZLH-127,曹靖华,ZLH-129,胡愈之,创作合作,low,medium,no,inferred,左联史,zuolian_shi,606,左联史 第606页,"史沫特莱、沈钧儒、茅盾、萧参共9人,后增加曹靖华、许寿裳、胡愈之、胡风、周作人和周建人共15人。",48,df6e0260135c55864486a14f591b5e88f146827687e83b79ad46e763305fe4da,952800,952848,D:\1大创\左联知识库项目\data\processed\runtime_sources\左联史.txt,A=曹靖华;B=胡愈之,,no,no,supported,yes,pending_cross_validation
REL-04102,ZLH-127,曹靖华,ZLH-141,高尔基,交游,low,medium,no,inferred,左联史,zuolian_shi,66,左联史 第66页,"“07月,高尔基追悼大会在西直门外东北大学隆重举行,孙席珍主持大会并致词,曹靖华作高尔基生平及创作活动的报告,魏猛克等发言,朗诵了丁非(孙席珍〉所作的换诗,美国革命作家史沫特荼也应邀在大会上致词。",98,862a97bf85ef48a9d351b99b20272796e78558fa6516f22c23088f93f14acc5d,91993,92091,D:\1大创\左联知识库项目\data\processed\runtime_sources\左联史.txt,A=曹靖华;B=高尔基,邀,no,no,supported,yes,pending_cross_validation
REL-04103,ZLH-127,曹靖华,ZLH-142,法捷耶夫,时空共现,low,medium,no,inferred,左联史,zuolian_shi,689,左联史 第689页,"鲁迅得到了拉迪诺夫的法捷耶夫油画肖像和威缓斯拉夫崔夫的6幅插图,这是远在苏联的挚友曹靖华不远万里寄来的,肖像是精美的,早有佳作的定评;那些插画和中国的白描相似,不算精彩,但也画出了游击战士的生活和内心世界。",103,cbed9bd1303580bdbd10338ed51e66b23c778b233be9a9bb393459088feaaecc,1076133,1076236,D:\1大创\左联知识库项目\data\processed\runtime_sources\左联史.txt,A=曹靖华;B=法捷耶夫,,no,no,inferred,no,pending_cross_validation
REL-04107,ZLH-127,曹靖华,ZLH-147,辛克莱,待核验,critical,low,yes,pending_review,左联史,zuolian_shi,509,左联史 第509页,"1932年回国,来到上海,正式加人中国左翼作家联盟,为左联文艺大众化委员会成员,他和何谷天(周文)一同从事将外国文学名著改写成“大众本“的工作,当时,何谷天改写鲁迅、曹靖华译的苏联小说《毁灭》、《铁流》,尹庚改写易坎人(郭沫若〉译的美国辛克莱小说《石炭王》、《屠场》,何谷天的两种“大众本“出版了,之庚改写的两种却被禁止出版,只得将它们拿到工人读书会去,作为他们的阅读参考。",187,d89652dc6e621581092d9d6d93d4bebc1f766900314c94badfe6c0e8cc3fd717,792376,792563,D:\1大创\左联知识库项目\data\processed\runtime_sources\左联史.txt,A=曹靖华;B=辛克莱,一同,no,no,pending_review,no,pending_cross_validation
REL-04108,ZLH-127,曹靖华,ZLH-150,萧三,交游,low,medium,no,inferred,左联史,zuolian_shi,83,左联史 第83页,"萧三经曹靖华介绍,给鲁迅先生写信汇报此事,很希望左联能派一两位代表来。",35,c6da9b7921f3e43b441a87590f0cd6e1dc06b4ba8b6c2e1345514408254d0334,118450,118485,D:\1大创\左联知识库项目\data\processed\runtime_sources\左联史.txt,A=曹靖华;B=萧三,写信,no,no,supported,yes,pending_cross_validation
REL-04110,ZLH-128,林语堂,ZLH-130,杨杏佛,交游,low,medium,no,inferred,鲁迅日记,luxun_diary,,鲁迅日记 页码未识别,午杨杏佛邀往新雅午餐，及林语堂、李济之。,20,b3226fe889d8d14eee4edc5b21203fc631cf434f4ea0592413d240e357f4a196,136662,136682,D:\1大创\左联知识库项目\research\raw_texts\日记全编：全2册 (鲁迅 著) (Z-Library).txt,A=林语堂;B=杨杏佛,邀,no,no,supported,yes,pending_cross_validation
REL-04115,ZLH-128,林语堂,ZLH-136,宋庆龄,地下通讯,low,medium,no,inferred,左联史,zuolian_shi,247,左联史 第247页,"斯沫特荼应宋庆龄和林语堂之请,给北平分盟的胡适写去一封英文信,并随信附去刘尊棋两封来信的副本。",47,1656aca353ff298c1c8201490339d724a893b7e5b7baec87997d12bbe5966b4b,368015,368062,D:\1大创\左联知识库项目\data\processed\runtime_sources\左联史.txt,A=林语堂;B=宋庆龄,来信,no,no,supported,yes,pending_cross_validation
REL-04116,ZLH-128,林语堂,ZLH-137,蔡元培,交游,low,medium,no,inferred,左联史,zuolian_shi,186,左联史 第186页,"1932年7月12日,松庆龄发起组织“牛兰夫妇营救委员会“,左联有鲁迅、丁玲参加,柳亚子、蔡元培、林语堂、埃德加.",57,333b47345620485c4bdf6e90f168fc2c44bb02336c00fb034d8675274564ddb2,277976,278033,D:\1大创\左联知识库项目\data\processed\runtime_sources\左联史.txt,A=林语堂;B=蔡元培,发起,no,no,supported,yes,pending_cross_validation
REL-04117,ZLH-128,林语堂,ZLH-139,陈望道,交游,low,medium,no,inferred,左联史,zuolian_shi,596,左联史 第596页,签名者:巴_金_王统煌包天笑_沈起予_林语堂_洪深周瘦鹃茅盾陈望道_郭沫若夏丐尊_张天翼伟东华_叶绍钩“郑振铁郑伯奇赵家壁_黎烈文_鲁_迅谢冰心“丰子恺在宜言上签名的这21位作家包括两个口号论战双方及其他各流派的代表作家。,111,7545a05e2aead4e760582f22a1f168d40a4d5a45e9d4371354f7ce72a30a9ce2,938355,938466,D:\1大创\左联知识库项目\data\processed\runtime_sources\左联史.txt,A=林语堂;B=陈望道,签名,no,no,supported,yes,pending_cross_validation
REL-04121,ZLH-128,林语堂,ZLH-145,萧伯纳,交游,low,medium,no,inferred,鲁迅日记,luxun_diary,,鲁迅日记 页码未识别,午后汽车赍蔡先生信来，即乘车赴宋庆龄夫人宅午餐，同席为萧伯纳、伊、斯沫特列女士、杨杏佛、林语堂、蔡先生、孙夫人，共七人，饭毕照相二枚。,67,bab988157f7956540c67003da1b0d95b6d650d3db5378d08682a2b06ba576086,136248,136315,D:\1大创\左联知识库项目\research\raw_texts\日记全编：全2册 (鲁迅 著) (Z-Library).txt,A=林语堂;B=萧伯纳,,no,no,supported,yes,pending_cross_validation
REL-04130,ZLH-129,胡愈之,ZLH-138,何香凝,同属组织,critical,low,no,pending_review,左联史,zuolian_shi,623,左联史 第623页,"为了争取沈钧儒等7位救国会领导人早日恢复自由,促进全民抗战,宋庆龄等16人发起“救国人狱运动“,左联作家张天翼是发起人之一,其余发起人还有何香凝、胡愈之、诸青来、张定夫、王统照、潘大造、沈兹九、陈波儿、胡子婴、刘良模、彭文应、潘仰山、张宗麟、汪馥炎等。",126,6c8a931a2b4d9aafeecdaa1e514ff82383c8d98712f9acb1be2b3ee2f7c16940,978714,978840,D:\1大创\左联知识库项目\data\processed\runtime_sources\左联史.txt,A=胡愈之;B=何香凝,发起,yes,no,pending_review,no,pending_cross_validation
REL-04131,ZLH-129,胡愈之,ZLH-139,陈望道,交游,low,medium,no,inferred,左联史,zuolian_shi,272,左联史 第272页,"在前述儿位左联作家发表文章前后,许多进步文化人如陈望道、朐愈之、周谷城、夏丐尊、曹聚仁、陈子展、傅东华、乐朋炳、胡绳等也发表文章,参与讨论。",70,c1b0ece4e463d936dc404cd48806d42175460913b5e69990f079938b8c94db1c,408459,408529,D:\1大创\左联知识库项目\data\processed\runtime_sources\左联史.txt,A=愈之;B=陈望道,讨论,no,no,supported,yes,pending_cross_validation
REL-04134,ZLH-129,胡愈之,ZLH-144,巴比塞,同属组织,critical,low,yes,pending_review,左联史,zuolian_shi,467,左联史 第467页,"1933年,人们对巴比塞代表团即将来华的消息抱有很大的希望,希望它的到来以及远东反战大会的召开会给中国带来和平,以鲁迅、胡愈之为首的105位左翼作家和进步文化人联名发表《中国著作家欢迎巴比塞代表团启事》(载8月16日《大美晓报》),彭家煌在启事上签名。",126,1d6c6dbfa367b48d37e632b5f3f0a9ff17a29a48dabccc2a8e1a358d6fa9ba60,717595,717721,D:\1大创\左联知识库项目\data\processed\runtime_sources\左联史.txt,A=胡愈之;B=巴比塞,联名,no,no,pending_review,no,pending_cross_validation
REL-04139,ZLH-130,杨杏佛,ZLH-136,宋庆龄,交游,low,medium,no,inferred,左联词典,zuolian_cidian,266,左联词典 第266页,"1933年初,根据上海反帝大同盟的决定,参与宋庆龄、杨杏佛发起的群众组织国民御侮自救会的筹备组织工作.",51,d52fb74fbcc0294938cd937332f08af42ee8b61d832fcb66cbe3ce3062475447,179426,179477,D:\1大创\左联知识库项目\data\processed\runtime_sources\左联词典.txt,A=杨杏佛;B=宋庆龄,发起,no,no,supported,yes,pending_cross_validation
REL-04140,ZLH-130,杨杏佛,ZLH-137,蔡元培,交游,low,medium,no,inferred,左联史,zuolian_shi,238,左联史 第238页,"反动派杀害杨杏佛的另一目的是威胁、警告宏庆龄、蔡元培,妄图阻止他们继续投身反帝反蒋的爱国运动。",47,4e619d79898b8b23ddc2e5368e0f2bee269f3055ba8c96e2bfe8b37cec72bb72,354279,354326,D:\1大创\左联知识库项目\data\processed\runtime_sources\左联史.txt,A=杨杏佛;B=蔡元培,,no,no,supported,yes,pending_cross_validation
REL-04145,ZLH-130,杨杏佛,ZLH-145,萧伯纳,同属组织,high,low,yes,pending_review,左联史,zuolian_shi,192,左联史 第192页,"2月16日下午,萧伯纳乘坐英国皇后号邮轮来到上海,宋庆龄、杨杏佛等去码头欢迎,萧伯纳到莉利哀路宋庆龄寓所休息,鲁迅也应邀去见萧,并合影留念。",70,e1df91fb992575670ed426a54d9e1d7434c1cd70fbeb2f123ba18353a8f3181a,287537,287607,D:\1大创\左联知识库项目\data\processed\runtime_sources\左联史.txt,A=杨杏佛;B=萧伯纳,邀,no,no,pending_review,no,pending_cross_validation
REL-04152,ZLH-131,艾格尼丝·史沫特莱,ZLH-141,高尔基,交游,medium,medium,no,inferred,左联史,zuolian_shi,91,左联史 第91页,"Smedley);森堡(任钧)有小说《两种不同的人类》,译诗《在劳动旗下》(日本绳田林藏);祝秀侠有论文《新兴文学批评观的一斑》、《辛克莱和这个时代》《高尔基的〈夜店)》;沈起予有论文《演剧的技术论》、《中国的五月与日本帝国主义》、《法国的新兴文坛》;王任叔有《十二个牺牲者;马宁有《西伯利亚》等。",149,646af0a4844014a53ef1034e2250c0159ffb2c356c3d24ba23285c2247b4373c,129915,130064,D:\1大创\左联知识库项目\data\processed\runtime_sources\左联史.txt,A=Smedley;B=高尔基,,no,yes,supported,yes,pending_cross_validation
REL-04182,ZLH-134,鹿地亘,ZLH-135,池田幸子,亲属关系,medium,medium,no,inferred,左联史,zuolian_shi,616,左联史 第616页,"鲁迅的日本友人内山完造、夺田杏花、鹿地亘和池田幸子夫妇,还有须藤五百三医师在11月15日、16日就发表回忆鲁迅的一组文章:内山完造《忆鲁迅先生》《鲁迅先生》,奥田杏花《我们最后的谈话》,鹿地亘《鲁迅和我》,池田并子《最后一天的鲁迅》,须藤五百三《医学者所见的鲁迅先生》;不久,增田涉发表《忆鲁迅》,小田狱夫和秋田雨雀分别发表自己的回忆录题目均为《忆鲁迅》,此外还有室伏高信《鲁迅的印象》、山本实彦《鲁迅的死》、佐藤春夫《鲁迅传》和《月光与少年一一鲁迅的艺术》、新居格《高尔基的存在》等文,描绘了作者们各自对鲁迅的理解与认识。",262,b3f4156b8c64e115fe4e9a1f3f55bdb078330d2a0c1b5835ab731efab4447274,967410,967672,D:\1大创\左联知识库项目\data\processed\runtime_sources\左联史.txt,A=鹿地亘;B=池田幸子,,no,yes,supported,yes,pending_cross_validation
REL-04186,ZLH-134,鹿地亘,ZLH-141,高尔基,交游,low,medium,no,inferred,左联词典,zuolian_cidian,332,左联词典 第332页,"鹿地亘等国际友人建立了友谊,他为山上正义校阅《阿Q正传)日文译稿,并作注释85条;他支持史沫特莱把左联抗议国民党反动派杀害大批左翼作家的战斗宣言译为英文寄往国外,其中一份寄给了高尔基,战斗在血泊中的我国左翼文学运动从而赢得了国际的声捷;他为斯诺和伊罗生编选英译中国现代小说集《活的中国示《草鞋脚》提供具体帮助,使它们得以顺利完成或出版。",168,2c5fb207201be0d4712576711180779556be041250d2ee86b6ec3a12b8b165e9,237704,237872,D:\1大创\左联知识库项目\data\processed\runtime_sources\左联词典.txt,A=鹿地亘;B=高尔基,支持,no,no,supported,yes,pending_cross_validation
REL-04188,ZLH-134,鹿地亘,ZLH-150,萧三,同属组织,critical,low,no,pending_review,左联史,zuolian_shi,83,左联史 第83页,"第八节“左联的对外联系中国左翼作家联盟有一位出色的对外联络员萧三,还有许多真诚的外国朋友:美国的史沫特荷、斯诺、伊罗生;日本人内山完造、山上正义、尾崎秀实、增田涉、鹿地亘等。",87,a5bdfbad8fdcaa687c9a5519c5fc3933b695e052a81244f388b20d352802a0bb,118033,118120,D:\1大创\左联知识库项目\data\processed\runtime_sources\左联史.txt,A=鹿地亘;B=萧三,,no,no,pending_review,no,pending_cross_validation
REL-04190,ZLH-136,宋庆龄,ZLH-137,蔡元培,交游,low,medium,no,inferred,左联史,zuolian_shi,246,左联史 第246页,"一天,他们真的得到了一张旧报纸,是1932年12月18日上海《申报》,他和难友们看到一条消息:宋庆龄、蔡元培等在上海组织中国民权保障同盟,这使大家很受鼓舞。",78,1b3a67abbfdafb600cc4346119e6fbf22920db1de17cf2785e7bbc7d03094f3c,366195,366273,D:\1大创\左联知识库项目\data\processed\runtime_sources\左联史.txt,A=宋庆龄;B=蔡元培,组织,no,no,supported,yes,pending_cross_validation
REL-04191,ZLH-136,宋庆龄,ZLH-138,何香凝,交游,low,medium,no,inferred,左联史,zuolian_shi,253,左联史 第253页,"1934年7月,穆木天再次被捕人狱,原因是他1933年参加抗日活动,担任了以宋庆龄、何香凝等为首的抗日团体“国民御侮自救会“秘书长,后经画家黄苗子营救9月出狱。",80,38fe5cfe48d706492e7fa4a7dee156ff986ca19159b42077c17a270f43e08027,376380,376460,D:\1大创\左联知识库项目\data\processed\runtime_sources\左联史.txt,A=宋庆龄;B=何香凝,参加,no,no,supported,yes,pending_cross_validation
REL-04195,ZLH-136,宋庆龄,ZLH-144,巴比塞,地下通讯,low,medium,no,inferred,左联史,zuolian_shi,189,左联史 第189页,"7月28日,上海《大美晚报》刊登报道《全世界反战会议准9月在沪开会》,还发表了宋庆龄的宣言《反对帝国主义战争1》同时传出一个令人振奋的消息:法国著名作家、杰出的反法西斯战士巴比塞已在来华途中,不久将抵达上海,这使身处水深火热中的中国人民和左翼文化界深受鼓舞,人们从巴比塞及其率领的代表团身上,似乎看到了和平的希望,感受到了正义的伟大力量。",169,2be8b01926fbdd6091969cbe4a2f1b636b160cb8cee8b60bc93a0ba45a89b60f,282051,282220,D:\1大创\左联知识库项目\data\processed\runtime_sources\左联史.txt,A=宋庆龄;B=巴比塞,,no,no,supported,yes,pending_cross_validation
REL-04196,ZLH-136,宋庆龄,ZLH-145,萧伯纳,交游,low,medium,no,inferred,左联史,zuolian_shi,192,左联史 第192页,"2月16日下午,萧伯纳乘坐英国皇后号邮轮来到上海,宋庆龄、杨杏佛等去码头欢迎,萧伯纳到莉利哀路宋庆龄寓所休息,鲁迅也应邀去见萧,并合影留念。",70,e1df91fb992575670ed426a54d9e1d7434c1cd70fbeb2f123ba18353a8f3181a,287537,287607,D:\1大创\左联知识库项目\data\processed\runtime_sources\左联史.txt,A=宋庆龄;B=萧伯纳,邀,no,no,supported,yes,pending_cross_validation
REL-04200,ZLH-137,蔡元培,ZLH-139,陈望道,交游,low,medium,no,inferred,左联史,zuolian_shi,284,左联史 第284页,"1935年底,上海成立了“中国新文字研究会“,陶行知、邹韬奋等为理事,起草了《我们对于推行新文字的意见》,蔡元培,鲁迅、柳亚子、陈望道等文化界人士668人在意见书上签名,赞同使用、推广拉丁新文字。",98,53bd7fda93a589386fc9a57b7dc16892dcd677b9b32b64d9fb4a816e31f7f376,426066,426164,D:\1大创\左联知识库项目\data\processed\runtime_sources\左联史.txt,A=蔡元培;B=陈望道,签名,no,no,supported,yes,pending_cross_validation
REL-04211,ZLH-139,陈望道,ZLH-150,萧三,交游,low,medium,no,inferred,左联史,zuolian_shi,568,左联史 第568页,"“0夏衍还代表文委分别和郑振铎、陈望道、巴金、王统照、叶圣陶几位知名作家谈话,传达萧三来信的内容,听取他们的意见(重点路这几位作家谈话,也是萧三来信中特别强调的)。",82,e8a5c28f0837fb94063252756868f529d346a61524a29506466405bd0343932e,893592,893674,D:\1大创\左联知识库项目\data\processed\runtime_sources\左联史.txt,A=陈望道;B=萧三,来信,no,no,supported,yes,pending_cross_validation
REL-04212,ZLH-141,高尔基,ZLH-142,法捷耶夫,交游,low,medium,no,inferred,左联词典,zuolian_cidian,503,左联词典 第503页,"助力介绍世界进步美术,刊登过高尔基、法捷耶夫、单拉特珂夫的照片、画像,格罗斯、台尼、柳濑正梦的漫画以及《贫农委员会会议)《红军会议》等油画.",70,b0e34bb65ccf2b2e1beb5dba8f9e418a6c2fc8332900146dc14582c8067da9ca,383989,384059,D:\1大创\左联知识库项目\data\processed\runtime_sources\左联词典.txt,A=高尔基;B=法捷耶夫,介绍,no,no,supported,yes,pending_cross_validation
REL-04214,ZLH-141,高尔基,ZLH-144,巴比塞,地下通讯,low,medium,no,inferred,左联史,zuolian_shi,609,左联史 第609页,租日4黎锦明《两次访钟楼记》《追记鲁迅兆生》;标英条7【4李守章〔(李俊民)《不并的纪念》;|4李龚《悼鲁迅先生》;才|4林淡秋《难言的隐痛》;髌国|4林林《失了一个俞强的战士;TazEz【4林焕平《巴比塞-高尔基.,108,046ed083edad50d26a8eaaa70d9b8e81c918d6fa8ca34afc26f935c8fef23b2a,956471,956579,D:\1大创\左联知识库项目\data\processed\runtime_sources\左联史.txt,A=高尔基;B=巴比塞,访,no,no,supported,yes,pending_cross_validation
REL-04215,ZLH-141,高尔基,ZLH-145,萧伯纳,交游,low,medium,no,inferred,左联史,zuolian_shi,686,左联史 第686页,"附辑2个,其一是高尔基给象征主义者安菲塔特洛夫的信,其二是高尔基和英国作家萧伯纳的通信。",44,31bb271b9edcb105ded808064b8b4f711e679ef6092613f6b87e788e1ef632ba,1071438,1071482,D:\1大创\左联知识库项目\data\processed\runtime_sources\左联史.txt,A=高尔基;B=萧伯纳,通信,no,no,supported,yes,pending_cross_validation
REL-04216,ZLH-141,高尔基,ZLH-147,辛克莱,交游,low,medium,no,inferred,左联史,zuolian_shi,309,左联史 第309页,"在中国,契识夫的小说《决斗》被禁止,因为“决斗“一语同于“斗争“,即被认为“阶级斗争“;高尔基的小说《母亥》,约翰里德的小说《震动世界的十天》,辛克莱的《煤油》以(及)其他几百种书,在中国都被禁止。",99,7601de059e590f9d95f6c5aae95b32ac06bb81bbdf0d1614878d7250bac7335f,465931,466030,D:\1大创\左联知识库项目\data\processed\runtime_sources\左联史.txt,A=高尔基;B=辛克莱,约,no,no,supported,yes,pending_cross_validation
REL-04218,ZLH-141,高尔基,ZLH-150,萧三,交游,low,medium,no,inferred,左联史,zuolian_shi,308,左联史 第308页,"大会进行到第10天,即8月26日,高尔基在他的郊区别坐里设晚宴招待部分作家代表及外国来宾,萧三和胡兰畦也受到邀请。",57,623e84f633e46250fb514484592f469ff576ca860d108dc62256e216ece00be2,463676,463733,D:\1大创\左联知识库项目\data\processed\runtime_sources\左联史.txt,A=高尔基;B=萧三,邀,no,no,supported,yes,pending_cross_validation
REL-04227,ZLH-144,巴比塞,ZLH-145,萧伯纳,交游,low,medium,no,inferred,左联史,zuolian_shi,507,左联史 第507页,罗兰七十岁生辰》、《纪念巴比塞》》《萧伯纳不老》、《美国市民的嘲笑者马克-吐温》、《美国黑人文学》、《〈萌芽〉五十年》、《泰初有为一一读哥德的〈浮土德〉有感》、《詹姆斯.,85,59150ae440d1586e42f123e6db433c22b1b618634776127f87948fcf7c7e2a2c,789844,789929,D:\1大创\左联知识库项目\data\processed\runtime_sources\左联史.txt,A=巴比塞;B=萧伯纳,,no,no,supported,yes,pending_cross_validation
REL-04228,ZLH-144,巴比塞,ZLH-147,辛克莱,亲属关系,medium,medium,no,inferred,左联史,zuolian_shi,213,左联史 第213页,"1933年1月,德国纳粹头目帐特勒在极右势力支持下任德国总理,5月10日,德国举行“烦书节“,荬毁巴比塞、辛克莱、杰克-伦敦、雷马克等各国进步作家的大批作品,如此野蛮地大规模毁灭人类文明成果,而且还要办个“节“,实在称得上是人类文化史上最肮脏的行为,而德国的法西斯分子竟然“万民欢腾“,说它“象征的是国社党统治的道德与智慧的特质!“希特勒的中国“黄脸干儿“们也兴高采烈地欢呼:“国社党….",194,527936e7561aa7e1066eaa81f7da10aef4f970e296e81d8e67fdf21a6db55bb3,320450,320644,D:\1大创\左联知识库项目\data\processed\runtime_sources\左联史.txt,A=巴比塞;B=辛克莱,支持,no,no,supported,yes,pending_cross_validation
REL-04236,ZLH-150,萧三,ZLH-025,沙汀,纪念/悼念,high,medium,no,pending_review,左联史,zuolian_shi,465,左联史 第465页,"萧三在苏联期间经常给鲁迅写信报告国际革命作家联盟情况,寄赠《国际文学)、《太平洋灯塔》、《萧三的诗》等书刊,鲁迅也将茅盾、周起应(周扬)、沈端先(夏衍)、张天翼、郑伯奇、周文、沙汀、白薇等左翼作家的作品寄给萧三。",106,8c99ec852386f446851d6dd8143a3dfdc157df6633ef6f3ddf2312cc42c83e8a,714747,714853,D:\1大创\左联知识库项目\data\processed\runtime_sources\左联史.txt,A=萧三;B=沙汀,写信,no,no,pending_review,no,pending_cross_validation
