source_id,source_kind,title,citation,source_path,source_url,evidence_layer,availability
SRC-0001,raw_workbook,《左联相关档案资源目录》原始表格,,D:\1大创\左联知识库项目\input_输入\raw_excel_原始表格\《左联相关档案资源目录》.xlsx,,excel_candidate_fact,local
SRC-0002,local_text_citation,鲁迅日记,鲁迅日记 1933年5月17日,D:\1大创\左联知识库项目\input_输入\raw_texts_原始文本\日记全编：全2册 (鲁迅 著) (Z-Library).txt,,txt_local_evidence,local
SRC-0003,local_text_citation,鲁迅日记,鲁迅日记 1934年10月2日,D:\1大创\左联知识库项目\input_输入\raw_texts_原始文本\日记全编：全2册 (鲁迅 著) (Z-Library).txt,,txt_local_evidence,local
SRC-0004,local_text_citation,鲁迅日记,鲁迅日记 1933年1月14日,D:\1大创\左联知识库项目\input_输入\raw_texts_原始文本\日记全编：全2册 (鲁迅 著) (Z-Library).txt,,txt_local_evidence,local
SRC-0005,local_text_citation,鲁迅日记,鲁迅日记 1933年2月14日,D:\1大创\左联知识库项目\input_输入\raw_texts_原始文本\日记全编：全2册 (鲁迅 著) (Z-Library).txt,,txt_local_evidence,local
SRC-0006,local_text_citation,左联词典,左联词典 第96页,D:\1大创\左联知识库项目\input_输入\raw_texts_原始文本\左联词典.txt,,txt_local_evidence,local
SRC-0007,local_text_citation,左联词典,左联词典 第104页,D:\1大创\左联知识库项目\input_输入\raw_texts_原始文本\左联词典.txt,,txt_local_evidence,local
SRC-0008,local_text_citation,左联词典,左联词典 第131页,D:\1大创\左联知识库项目\input_输入\raw_texts_原始文本\左联词典.txt,,txt_local_evidence,local
SRC-0009,local_text_citation,左联词典,左联词典 第171页,D:\1大创\左联知识库项目\input_输入\raw_texts_原始文本\左联词典.txt,,txt_local_evidence,local
SRC-0010,local_text_citation,左联词典,左联词典 第193页,D:\1大创\左联知识库项目\input_输入\raw_texts_原始文本\左联词典.txt,,txt_local_evidence,local
SRC-0011,local_text_citation,左联词典,左联词典 第102页,D:\1大创\左联知识库项目\input_输入\raw_texts_原始文本\左联词典.txt,,txt_local_evidence,local
SRC-0012,local_text_citation,左联词典,左联词典 第107页,D:\1大创\左联知识库项目\input_输入\raw_texts_原始文本\左联词典.txt,,txt_local_evidence,local
SRC-0013,local_text_citation,左联词典,左联词典 第123页,D:\1大创\左联知识库项目\input_输入\raw_texts_原始文本\左联词典.txt,,txt_local_evidence,local
SRC-0014,local_text_citation,左联词典,左联词典 第128页,D:\1大创\左联知识库项目\input_输入\raw_texts_原始文本\左联词典.txt,,txt_local_evidence,local
SRC-0015,local_text_citation,鲁迅日记,鲁迅日记 1929年12月26日,D:\1大创\左联知识库项目\input_输入\raw_texts_原始文本\日记全编：全2册 (鲁迅 著) (Z-Library).txt,,txt_local_evidence,local
SRC-0016,local_text_citation,鲁迅日记,鲁迅日记 1929年3月20日,D:\1大创\左联知识库项目\input_输入\raw_texts_原始文本\日记全编：全2册 (鲁迅 著) (Z-Library).txt,,txt_local_evidence,local
SRC-0017,local_text_citation,鲁迅日记,鲁迅日记 1929年4月23日,D:\1大创\左联知识库项目\input_输入\raw_texts_原始文本\日记全编：全2册 (鲁迅 著) (Z-Library).txt,,txt_local_evidence,local
SRC-0018,local_text_citation,鲁迅日记,鲁迅日记 1929年4月27日,D:\1大创\左联知识库项目\input_输入\raw_texts_原始文本\日记全编：全2册 (鲁迅 著) (Z-Library).txt,,txt_local_evidence,local
SRC-0019,local_text_citation,鲁迅日记,鲁迅日记 1929年7月20日,D:\1大创\左联知识库项目\input_输入\raw_texts_原始文本\日记全编：全2册 (鲁迅 著) (Z-Library).txt,,txt_local_evidence,local
SRC-0020,local_text_citation,鲁迅日记,鲁迅日记 1930年3月23日,D:\1大创\左联知识库项目\input_输入\raw_texts_原始文本\日记全编：全2册 (鲁迅 著) (Z-Library).txt,,txt_local_evidence,local
SRC-0021,local_text_citation,鲁迅日记,鲁迅日记 1930年3月24日,D:\1大创\左联知识库项目\input_输入\raw_texts_原始文本\日记全编：全2册 (鲁迅 著) (Z-Library).txt,,txt_local_evidence,local
SRC-0022,local_text_citation,鲁迅日记,鲁迅日记 1930年3月26日,D:\1大创\左联知识库项目\input_输入\raw_texts_原始文本\日记全编：全2册 (鲁迅 著) (Z-Library).txt,,txt_local_evidence,local
SRC-0023,local_text_citation,鲁迅日记,鲁迅日记 1930年3月28日,D:\1大创\左联知识库项目\input_输入\raw_texts_原始文本\日记全编：全2册 (鲁迅 著) (Z-Library).txt,,txt_local_evidence,local
SRC-0024,local_text_citation,鲁迅日记,鲁迅日记 1930年4月12日,D:\1大创\左联知识库项目\input_输入\raw_texts_原始文本\日记全编：全2册 (鲁迅 著) (Z-Library).txt,,txt_local_evidence,local
SRC-0025,local_text_citation,鲁迅日记,鲁迅日记 1930年4月15日,D:\1大创\左联知识库项目\input_输入\raw_texts_原始文本\日记全编：全2册 (鲁迅 著) (Z-Library).txt,,txt_local_evidence,local
SRC-0026,local_text_citation,鲁迅日记,鲁迅日记 1930年4月8日,D:\1大创\左联知识库项目\input_输入\raw_texts_原始文本\日记全编：全2册 (鲁迅 著) (Z-Library).txt,,txt_local_evidence,local
SRC-0027,local_text_citation,鲁迅日记,鲁迅日记 1930年5月28日,D:\1大创\左联知识库项目\input_输入\raw_texts_原始文本\日记全编：全2册 (鲁迅 著) (Z-Library).txt,,txt_local_evidence,local
SRC-0028,local_text_citation,鲁迅日记,鲁迅日记 1930年6月2日,D:\1大创\左联知识库项目\input_输入\raw_texts_原始文本\日记全编：全2册 (鲁迅 著) (Z-Library).txt,,txt_local_evidence,local
SRC-0029,local_text_citation,鲁迅日记,鲁迅日记 1929年10月13日,D:\1大创\左联知识库项目\input_输入\raw_texts_原始文本\日记全编：全2册 (鲁迅 著) (Z-Library).txt,,txt_local_evidence,local
SRC-0030,local_text_citation,鲁迅日记,鲁迅日记 1929年10月15日,D:\1大创\左联知识库项目\input_输入\raw_texts_原始文本\日记全编：全2册 (鲁迅 著) (Z-Library).txt,,txt_local_evidence,local
SRC-0031,local_text_citation,鲁迅日记,鲁迅日记 1929年8月10日,D:\1大创\左联知识库项目\input_输入\raw_texts_原始文本\日记全编：全2册 (鲁迅 著) (Z-Library).txt,,txt_local_evidence,local
SRC-0032,local_text_citation,鲁迅日记,鲁迅日记 1929年8月15日,D:\1大创\左联知识库项目\input_输入\raw_texts_原始文本\日记全编：全2册 (鲁迅 著) (Z-Library).txt,,txt_local_evidence,local
SRC-0033,local_text_citation,鲁迅日记,鲁迅日记 1929年8月7日,D:\1大创\左联知识库项目\input_输入\raw_texts_原始文本\日记全编：全2册 (鲁迅 著) (Z-Library).txt,,txt_local_evidence,local
SRC-0034,local_text_citation,鲁迅日记,鲁迅日记 1933年12月23日,D:\1大创\左联知识库项目\input_输入\raw_texts_原始文本\日记全编：全2册 (鲁迅 著) (Z-Library).txt,,txt_local_evidence,local
SRC-0035,local_text_citation,左联词典,左联词典 第5页,D:\1大创\左联知识库项目\input_输入\raw_texts_原始文本\左联词典.txt,,txt_local_evidence,local
SRC-0036,local_text_citation,左联词典,左联词典 第125页,D:\1大创\左联知识库项目\input_输入\raw_texts_原始文本\左联词典.txt,,txt_local_evidence,local
SRC-0037,local_text_citation,左联词典,左联词典 第167页,D:\1大创\左联知识库项目\input_输入\raw_texts_原始文本\左联词典.txt,,txt_local_evidence,local
SRC-0038,local_text_citation,左联词典,左联词典 第106页,D:\1大创\左联知识库项目\input_输入\raw_texts_原始文本\左联词典.txt,,txt_local_evidence,local
SRC-0039,local_text_citation,左联词典,左联词典 第108页,D:\1大创\左联知识库项目\input_输入\raw_texts_原始文本\左联词典.txt,,txt_local_evidence,local
SRC-0040,local_text_citation,鲁迅日记,鲁迅日记 1930年10月4日,D:\1大创\左联知识库项目\input_输入\raw_texts_原始文本\日记全编：全2册 (鲁迅 著) (Z-Library).txt,,txt_local_evidence,local
SRC-0041,local_text_citation,鲁迅日记,鲁迅日记 1936年7月9日,D:\1大创\左联知识库项目\input_输入\raw_texts_原始文本\日记全编：全2册 (鲁迅 著) (Z-Library).txt,,txt_local_evidence,local
SRC-0042,citation_only,左联回忆录,左联回忆录 第700页,,,citation_reference,citation_only
SRC-0043,local_text_citation,鲁迅日记,鲁迅日记 1933年9月28日,D:\1大创\左联知识库项目\input_输入\raw_texts_原始文本\日记全编：全2册 (鲁迅 著) (Z-Library).txt,,txt_local_evidence,local
SRC-0044,local_text_citation,鲁迅日记,鲁迅日记 1934年11月17日,D:\1大创\左联知识库项目\input_输入\raw_texts_原始文本\日记全编：全2册 (鲁迅 著) (Z-Library).txt,,txt_local_evidence,local
SRC-0045,local_text_citation,鲁迅日记,鲁迅日记 1935年2月21日,D:\1大创\左联知识库项目\input_输入\raw_texts_原始文本\日记全编：全2册 (鲁迅 著) (Z-Library).txt,,txt_local_evidence,local
SRC-0046,local_text_citation,鲁迅日记,鲁迅日记 1935年2月26日,D:\1大创\左联知识库项目\input_输入\raw_texts_原始文本\日记全编：全2册 (鲁迅 著) (Z-Library).txt,,txt_local_evidence,local
SRC-0047,local_text_citation,鲁迅日记,鲁迅日记 1935年3月26日,D:\1大创\左联知识库项目\input_输入\raw_texts_原始文本\日记全编：全2册 (鲁迅 著) (Z-Library).txt,,txt_local_evidence,local
SRC-0048,local_text_citation,鲁迅日记,鲁迅日记 1935年6月12日,D:\1大创\左联知识库项目\input_输入\raw_texts_原始文本\日记全编：全2册 (鲁迅 著) (Z-Library).txt,,txt_local_evidence,local
SRC-0049,local_text_citation,鲁迅日记,鲁迅日记 1935年6月14日,D:\1大创\左联知识库项目\input_输入\raw_texts_原始文本\日记全编：全2册 (鲁迅 著) (Z-Library).txt,,txt_local_evidence,local
SRC-0050,local_text_citation,鲁迅日记,鲁迅日记 1935年6月2日,D:\1大创\左联知识库项目\input_输入\raw_texts_原始文本\日记全编：全2册 (鲁迅 著) (Z-Library).txt,,txt_local_evidence,local
SRC-0051,local_text_citation,鲁迅日记,鲁迅日记 1935年7月2日,D:\1大创\左联知识库项目\input_输入\raw_texts_原始文本\日记全编：全2册 (鲁迅 著) (Z-Library).txt,,txt_local_evidence,local
SRC-0052,local_text_citation,鲁迅日记,鲁迅日记 1935年8月22日,D:\1大创\左联知识库项目\input_输入\raw_texts_原始文本\日记全编：全2册 (鲁迅 著) (Z-Library).txt,,txt_local_evidence,local
SRC-0053,local_text_citation,鲁迅日记,鲁迅日记 1935年9月1日,D:\1大创\左联知识库项目\input_输入\raw_texts_原始文本\日记全编：全2册 (鲁迅 著) (Z-Library).txt,,txt_local_evidence,local
SRC-0054,local_text_citation,左联词典,左联词典 第132页,D:\1大创\左联知识库项目\input_输入\raw_texts_原始文本\左联词典.txt,,txt_local_evidence,local
SRC-0055,local_text_citation,左联词典,左联词典 第142页,D:\1大创\左联知识库项目\input_输入\raw_texts_原始文本\左联词典.txt,,txt_local_evidence,local
SRC-0056,local_text_citation,左联词典,左联词典 第204页,D:\1大创\左联知识库项目\input_输入\raw_texts_原始文本\左联词典.txt,,txt_local_evidence,local
SRC-0057,local_text_citation,左联词典,左联词典 第140页,D:\1大创\左联知识库项目\input_输入\raw_texts_原始文本\左联词典.txt,,txt_local_evidence,local
SRC-0058,local_text_citation,左联词典,左联词典 第238页,D:\1大创\左联知识库项目\input_输入\raw_texts_原始文本\左联词典.txt,,txt_local_evidence,local
SRC-0059,local_text_citation,左联词典,左联词典 第139页,D:\1大创\左联知识库项目\input_输入\raw_texts_原始文本\左联词典.txt,,txt_local_evidence,local
SRC-0060,local_text_citation,左联词典,左联词典 第168页,D:\1大创\左联知识库项目\input_输入\raw_texts_原始文本\左联词典.txt,,txt_local_evidence,local
SRC-0061,local_text_citation,鲁迅日记,鲁迅日记 1933年3月1日,D:\1大创\左联知识库项目\input_输入\raw_texts_原始文本\日记全编：全2册 (鲁迅 著) (Z-Library).txt,,txt_local_evidence,local
SRC-0062,local_text_citation,鲁迅日记,鲁迅日记 1928年12月28日,D:\1大创\左联知识库项目\input_输入\raw_texts_原始文本\日记全编：全2册 (鲁迅 著) (Z-Library).txt,,txt_local_evidence,local
SRC-0063,local_text_citation,鲁迅日记,鲁迅日记 1929年10月10日,D:\1大创\左联知识库项目\input_输入\raw_texts_原始文本\日记全编：全2册 (鲁迅 著) (Z-Library).txt,,txt_local_evidence,local
SRC-0064,local_text_citation,鲁迅日记,鲁迅日记 1929年11月26日,D:\1大创\左联知识库项目\input_输入\raw_texts_原始文本\日记全编：全2册 (鲁迅 著) (Z-Library).txt,,txt_local_evidence,local
SRC-0065,local_text_citation,鲁迅日记,鲁迅日记 1929年1月24日,D:\1大创\左联知识库项目\input_输入\raw_texts_原始文本\日记全编：全2册 (鲁迅 著) (Z-Library).txt,,txt_local_evidence,local
SRC-0066,local_text_citation,鲁迅日记,鲁迅日记 1929年1月30日,D:\1大创\左联知识库项目\input_输入\raw_texts_原始文本\日记全编：全2册 (鲁迅 著) (Z-Library).txt,,txt_local_evidence,local
SRC-0067,local_text_citation,鲁迅日记,鲁迅日记 1929年1月31日,D:\1大创\左联知识库项目\input_输入\raw_texts_原始文本\日记全编：全2册 (鲁迅 著) (Z-Library).txt,,txt_local_evidence,local
SRC-0068,local_text_citation,鲁迅日记,鲁迅日记 1929年2月8日,D:\1大创\左联知识库项目\input_输入\raw_texts_原始文本\日记全编：全2册 (鲁迅 著) (Z-Library).txt,,txt_local_evidence,local
SRC-0069,local_text_citation,鲁迅日记,鲁迅日记 1929年4月28日,D:\1大创\左联知识库项目\input_输入\raw_texts_原始文本\日记全编：全2册 (鲁迅 著) (Z-Library).txt,,txt_local_evidence,local
SRC-0070,local_text_citation,鲁迅日记,鲁迅日记 1929年8月27日,D:\1大创\左联知识库项目\input_输入\raw_texts_原始文本\日记全编：全2册 (鲁迅 著) (Z-Library).txt,,txt_local_evidence,local
SRC-0071,local_text_citation,鲁迅日记,鲁迅日记 1929年9月25日,D:\1大创\左联知识库项目\input_输入\raw_texts_原始文本\日记全编：全2册 (鲁迅 著) (Z-Library).txt,,txt_local_evidence,local
SRC-0072,local_text_citation,鲁迅日记,鲁迅日记 1930年1月26日,D:\1大创\左联知识库项目\input_输入\raw_texts_原始文本\日记全编：全2册 (鲁迅 著) (Z-Library).txt,,txt_local_evidence,local
SRC-0073,local_text_citation,鲁迅日记,鲁迅日记 1930年1月5日,D:\1大创\左联知识库项目\input_输入\raw_texts_原始文本\日记全编：全2册 (鲁迅 著) (Z-Library).txt,,txt_local_evidence,local
SRC-0074,local_text_citation,鲁迅日记,鲁迅日记 1930年6月13日,D:\1大创\左联知识库项目\input_输入\raw_texts_原始文本\日记全编：全2册 (鲁迅 著) (Z-Library).txt,,txt_local_evidence,local
SRC-0075,local_text_citation,鲁迅日记,鲁迅日记 1931年8月31日,D:\1大创\左联知识库项目\input_输入\raw_texts_原始文本\日记全编：全2册 (鲁迅 著) (Z-Library).txt,,txt_local_evidence,local
SRC-0076,local_text_citation,鲁迅日记,鲁迅日记 1932年2月25日,D:\1大创\左联知识库项目\input_输入\raw_texts_原始文本\日记全编：全2册 (鲁迅 著) (Z-Library).txt,,txt_local_evidence,local
SRC-0077,local_text_citation,鲁迅日记,鲁迅日记 1932年3月3日,D:\1大创\左联知识库项目\input_输入\raw_texts_原始文本\日记全编：全2册 (鲁迅 著) (Z-Library).txt,,txt_local_evidence,local
SRC-0078,local_text_citation,鲁迅日记,鲁迅日记 1932年3月7日,D:\1大创\左联知识库项目\input_输入\raw_texts_原始文本\日记全编：全2册 (鲁迅 著) (Z-Library).txt,,txt_local_evidence,local
SRC-0079,local_text_citation,鲁迅日记,鲁迅日记 1932年7月12日,D:\1大创\左联知识库项目\input_输入\raw_texts_原始文本\日记全编：全2册 (鲁迅 著) (Z-Library).txt,,txt_local_evidence,local
SRC-0080,local_text_citation,鲁迅日记,鲁迅日记 1933年2月8日,D:\1大创\左联知识库项目\input_输入\raw_texts_原始文本\日记全编：全2册 (鲁迅 著) (Z-Library).txt,,txt_local_evidence,local
SRC-0081,local_text_citation,鲁迅日记,鲁迅日记 1933年2月9日,D:\1大创\左联知识库项目\input_输入\raw_texts_原始文本\日记全编：全2册 (鲁迅 著) (Z-Library).txt,,txt_local_evidence,local
SRC-0082,local_text_citation,鲁迅日记,鲁迅日记 1933年4月3日,D:\1大创\左联知识库项目\input_输入\raw_texts_原始文本\日记全编：全2册 (鲁迅 著) (Z-Library).txt,,txt_local_evidence,local
SRC-0083,local_text_citation,鲁迅日记,鲁迅日记 1934年5月19日,D:\1大创\左联知识库项目\input_输入\raw_texts_原始文本\日记全编：全2册 (鲁迅 著) (Z-Library).txt,,txt_local_evidence,local
SRC-0084,local_text_citation,鲁迅日记,鲁迅日记 1928年11月29日,D:\1大创\左联知识库项目\input_输入\raw_texts_原始文本\日记全编：全2册 (鲁迅 著) (Z-Library).txt,,txt_local_evidence,local
SRC-0085,local_text_citation,鲁迅日记,鲁迅日记 1928年12月12日,D:\1大创\左联知识库项目\input_输入\raw_texts_原始文本\日记全编：全2册 (鲁迅 著) (Z-Library).txt,,txt_local_evidence,local
SRC-0086,local_text_citation,鲁迅日记,鲁迅日记 1928年12月13日,D:\1大创\左联知识库项目\input_输入\raw_texts_原始文本\日记全编：全2册 (鲁迅 著) (Z-Library).txt,,txt_local_evidence,local
SRC-0087,local_text_citation,鲁迅日记,鲁迅日记 1929年10月21日,D:\1大创\左联知识库项目\input_输入\raw_texts_原始文本\日记全编：全2册 (鲁迅 著) (Z-Library).txt,,txt_local_evidence,local
SRC-0088,local_text_citation,鲁迅日记,鲁迅日记 1929年10月2日,D:\1大创\左联知识库项目\input_输入\raw_texts_原始文本\日记全编：全2册 (鲁迅 著) (Z-Library).txt,,txt_local_evidence,local
SRC-0089,local_text_citation,鲁迅日记,鲁迅日记 1929年10月3日,D:\1大创\左联知识库项目\input_输入\raw_texts_原始文本\日记全编：全2册 (鲁迅 著) (Z-Library).txt,,txt_local_evidence,local
SRC-0090,local_text_citation,鲁迅日记,鲁迅日记 1929年11月13日,D:\1大创\左联知识库项目\input_输入\raw_texts_原始文本\日记全编：全2册 (鲁迅 著) (Z-Library).txt,,txt_local_evidence,local
SRC-0091,local_text_citation,鲁迅日记,鲁迅日记 1929年11月15日,D:\1大创\左联知识库项目\input_输入\raw_texts_原始文本\日记全编：全2册 (鲁迅 著) (Z-Library).txt,,txt_local_evidence,local
SRC-0092,local_text_citation,鲁迅日记,鲁迅日记 1929年2月6日,D:\1大创\左联知识库项目\input_输入\raw_texts_原始文本\日记全编：全2册 (鲁迅 著) (Z-Library).txt,,txt_local_evidence,local
SRC-0093,local_text_citation,鲁迅日记,鲁迅日记 1929年3月29日,D:\1大创\左联知识库项目\input_输入\raw_texts_原始文本\日记全编：全2册 (鲁迅 著) (Z-Library).txt,,txt_local_evidence,local
SRC-0094,local_text_citation,鲁迅日记,鲁迅日记 1929年3月9日,D:\1大创\左联知识库项目\input_输入\raw_texts_原始文本\日记全编：全2册 (鲁迅 著) (Z-Library).txt,,txt_local_evidence,local
SRC-0095,local_text_citation,鲁迅日记,鲁迅日记 1929年4月10日,D:\1大创\左联知识库项目\input_输入\raw_texts_原始文本\日记全编：全2册 (鲁迅 著) (Z-Library).txt,,txt_local_evidence,local
SRC-0096,local_text_citation,鲁迅日记,鲁迅日记 1929年7月6日,D:\1大创\左联知识库项目\input_输入\raw_texts_原始文本\日记全编：全2册 (鲁迅 著) (Z-Library).txt,,txt_local_evidence,local
SRC-0097,local_text_citation,鲁迅日记,鲁迅日记 1929年8月17日,D:\1大创\左联知识库项目\input_输入\raw_texts_原始文本\日记全编：全2册 (鲁迅 著) (Z-Library).txt,,txt_local_evidence,local
SRC-0098,local_text_citation,鲁迅日记,鲁迅日记 1929年8月18日,D:\1大创\左联知识库项目\input_输入\raw_texts_原始文本\日记全编：全2册 (鲁迅 著) (Z-Library).txt,,txt_local_evidence,local
SRC-0099,local_text_citation,鲁迅日记,鲁迅日记 1929年8月20日 等4条,D:\1大创\左联知识库项目\input_输入\raw_texts_原始文本\日记全编：全2册 (鲁迅 著) (Z-Library).txt,,txt_local_evidence,local
SRC-0100,local_text_citation,鲁迅日记,鲁迅日记 1929年9月11日,D:\1大创\左联知识库项目\input_输入\raw_texts_原始文本\日记全编：全2册 (鲁迅 著) (Z-Library).txt,,txt_local_evidence,local
SRC-0101,local_text_citation,鲁迅日记,鲁迅日记 1929年9月9日,D:\1大创\左联知识库项目\input_输入\raw_texts_原始文本\日记全编：全2册 (鲁迅 著) (Z-Library).txt,,txt_local_evidence,local
SRC-0102,local_text_citation,鲁迅日记,鲁迅日记 1930年4月21日,D:\1大创\左联知识库项目\input_输入\raw_texts_原始文本\日记全编：全2册 (鲁迅 著) (Z-Library).txt,,txt_local_evidence,local
SRC-0103,local_text_citation,鲁迅日记,鲁迅日记 1930年9月30日,D:\1大创\左联知识库项目\input_输入\raw_texts_原始文本\日记全编：全2册 (鲁迅 著) (Z-Library).txt,,txt_local_evidence,local
SRC-0104,local_text_citation,鲁迅日记,鲁迅日记 1932年3月15日,D:\1大创\左联知识库项目\input_输入\raw_texts_原始文本\日记全编：全2册 (鲁迅 著) (Z-Library).txt,,txt_local_evidence,local
SRC-0105,local_text_citation,鲁迅日记,鲁迅日记 1932年7月16日,D:\1大创\左联知识库项目\input_输入\raw_texts_原始文本\日记全编：全2册 (鲁迅 著) (Z-Library).txt,,txt_local_evidence,local
SRC-0106,local_text_citation,鲁迅日记,鲁迅日记 1932年7月18日,D:\1大创\左联知识库项目\input_输入\raw_texts_原始文本\日记全编：全2册 (鲁迅 著) (Z-Library).txt,,txt_local_evidence,local
SRC-0107,local_text_citation,鲁迅日记,鲁迅日记 1933年1月25日,D:\1大创\左联知识库项目\input_输入\raw_texts_原始文本\日记全编：全2册 (鲁迅 著) (Z-Library).txt,,txt_local_evidence,local
SRC-0108,local_text_citation,鲁迅日记,鲁迅日记 1933年1月7日,D:\1大创\左联知识库项目\input_输入\raw_texts_原始文本\日记全编：全2册 (鲁迅 著) (Z-Library).txt,,txt_local_evidence,local
SRC-0109,local_text_citation,鲁迅日记,鲁迅日记 1933年2月15日,D:\1大创\左联知识库项目\input_输入\raw_texts_原始文本\日记全编：全2册 (鲁迅 著) (Z-Library).txt,,txt_local_evidence,local
SRC-0110,local_text_citation,鲁迅日记,鲁迅日记 1933年5月18日,D:\1大创\左联知识库项目\input_输入\raw_texts_原始文本\日记全编：全2册 (鲁迅 著) (Z-Library).txt,,txt_local_evidence,local
SRC-0111,local_text_citation,鲁迅日记,鲁迅日记 1933年9月29日,D:\1大创\左联知识库项目\input_输入\raw_texts_原始文本\日记全编：全2册 (鲁迅 著) (Z-Library).txt,,txt_local_evidence,local
SRC-0112,local_text_citation,鲁迅日记,鲁迅日记 1934年7月14日,D:\1大创\左联知识库项目\input_输入\raw_texts_原始文本\日记全编：全2册 (鲁迅 著) (Z-Library).txt,,txt_local_evidence,local
SRC-0113,local_text_citation,鲁迅日记,鲁迅日记 1934年9月10日,D:\1大创\左联知识库项目\input_输入\raw_texts_原始文本\日记全编：全2册 (鲁迅 著) (Z-Library).txt,,txt_local_evidence,local
SRC-0114,local_text_citation,鲁迅日记,鲁迅日记 1934年9月12日,D:\1大创\左联知识库项目\input_输入\raw_texts_原始文本\日记全编：全2册 (鲁迅 著) (Z-Library).txt,,txt_local_evidence,local
SRC-0115,local_text_citation,鲁迅日记,鲁迅日记 1935年3月21日,D:\1大创\左联知识库项目\input_输入\raw_texts_原始文本\日记全编：全2册 (鲁迅 著) (Z-Library).txt,,txt_local_evidence,local
SRC-0116,local_text_citation,鲁迅日记,鲁迅日记 1929年8月29日,D:\1大创\左联知识库项目\input_输入\raw_texts_原始文本\日记全编：全2册 (鲁迅 著) (Z-Library).txt,,txt_local_evidence,local
SRC-0117,local_text_citation,鲁迅日记,鲁迅日记 1930年3月30日,D:\1大创\左联知识库项目\input_输入\raw_texts_原始文本\日记全编：全2册 (鲁迅 著) (Z-Library).txt,,txt_local_evidence,local
SRC-0118,local_text_citation,鲁迅日记,鲁迅日记 1930年4月11日,D:\1大创\左联知识库项目\input_输入\raw_texts_原始文本\日记全编：全2册 (鲁迅 著) (Z-Library).txt,,txt_local_evidence,local
SRC-0119,local_text_citation,鲁迅日记,鲁迅日记 1930年4月18日,D:\1大创\左联知识库项目\input_输入\raw_texts_原始文本\日记全编：全2册 (鲁迅 著) (Z-Library).txt,,txt_local_evidence,local
SRC-0120,local_text_citation,鲁迅日记,鲁迅日记 1930年4月9日,D:\1大创\左联知识库项目\input_输入\raw_texts_原始文本\日记全编：全2册 (鲁迅 著) (Z-Library).txt,,txt_local_evidence,local
SRC-0121,local_text_citation,鲁迅日记,鲁迅日记 1930年6月10日,D:\1大创\左联知识库项目\input_输入\raw_texts_原始文本\日记全编：全2册 (鲁迅 著) (Z-Library).txt,,txt_local_evidence,local
SRC-0122,local_text_citation,鲁迅日记,鲁迅日记 1930年6月17日,D:\1大创\左联知识库项目\input_输入\raw_texts_原始文本\日记全编：全2册 (鲁迅 著) (Z-Library).txt,,txt_local_evidence,local
SRC-0123,local_text_citation,鲁迅日记,鲁迅日记 1930年6月7日,D:\1大创\左联知识库项目\input_输入\raw_texts_原始文本\日记全编：全2册 (鲁迅 著) (Z-Library).txt,,txt_local_evidence,local
SRC-0124,local_text_citation,左联词典,左联词典 第118页,D:\1大创\左联知识库项目\input_输入\raw_texts_原始文本\左联词典.txt,,txt_local_evidence,local
SRC-0125,local_text_citation,左联词典,左联词典 第175页,D:\1大创\左联知识库项目\input_输入\raw_texts_原始文本\左联词典.txt,,txt_local_evidence,local
SRC-0126,local_text_citation,左联词典,左联词典 第192页,D:\1大创\左联知识库项目\input_输入\raw_texts_原始文本\左联词典.txt,,txt_local_evidence,local
SRC-0127,local_text_citation,左联词典,左联词典 第212页,D:\1大创\左联知识库项目\input_输入\raw_texts_原始文本\左联词典.txt,,txt_local_evidence,local
SRC-0128,local_text_citation,左联词典,左联词典 第239页,D:\1大创\左联知识库项目\input_输入\raw_texts_原始文本\左联词典.txt,,txt_local_evidence,local
SRC-0129,local_text_citation,左联词典,左联词典 第200页,D:\1大创\左联知识库项目\input_输入\raw_texts_原始文本\左联词典.txt,,txt_local_evidence,local
SRC-0130,local_text_citation,鲁迅日记,鲁迅日记 1936年7月18日,D:\1大创\左联知识库项目\input_输入\raw_texts_原始文本\日记全编：全2册 (鲁迅 著) (Z-Library).txt,,txt_local_evidence,local
SRC-0131,local_text_citation,左联词典,左联词典 第145页,D:\1大创\左联知识库项目\input_输入\raw_texts_原始文本\左联词典.txt,,txt_local_evidence,local
SRC-0132,local_text_citation,左联词典,左联词典 第157页,D:\1大创\左联知识库项目\input_输入\raw_texts_原始文本\左联词典.txt,,txt_local_evidence,local
SRC-0133,local_text_citation,左联词典,左联词典 第169页,D:\1大创\左联知识库项目\input_输入\raw_texts_原始文本\左联词典.txt,,txt_local_evidence,local
SRC-0134,local_text_citation,左联词典,左联词典 第198页,D:\1大创\左联知识库项目\input_输入\raw_texts_原始文本\左联词典.txt,,txt_local_evidence,local
SRC-0135,local_text_citation,左联词典,左联词典 第109页,D:\1大创\左联知识库项目\input_输入\raw_texts_原始文本\左联词典.txt,,txt_local_evidence,local
SRC-0136,local_text_citation,左联词典,左联词典 第162页,D:\1大创\左联知识库项目\input_输入\raw_texts_原始文本\左联词典.txt,,txt_local_evidence,local
SRC-0137,local_text_citation,左联词典,左联词典 第190页,D:\1大创\左联知识库项目\input_输入\raw_texts_原始文本\左联词典.txt,,txt_local_evidence,local
SRC-0138,local_text_citation,左联词典,左联词典 第247页,D:\1大创\左联知识库项目\input_输入\raw_texts_原始文本\左联词典.txt,,txt_local_evidence,local
SRC-0139,local_text_citation,左联词典,左联词典 第155页,D:\1大创\左联知识库项目\input_输入\raw_texts_原始文本\左联词典.txt,,txt_local_evidence,local
SRC-0140,local_text_citation,左联词典,左联词典 第227页,D:\1大创\左联知识库项目\input_输入\raw_texts_原始文本\左联词典.txt,,txt_local_evidence,local
SRC-0141,local_text_citation,左联词典,左联词典 第114页,D:\1大创\左联知识库项目\input_输入\raw_texts_原始文本\左联词典.txt,,txt_local_evidence,local
SRC-0142,local_text_citation,左联词典,左联词典 第156页,D:\1大创\左联知识库项目\input_输入\raw_texts_原始文本\左联词典.txt,,txt_local_evidence,local
SRC-0143,local_text_citation,左联词典,左联词典 第158页,D:\1大创\左联知识库项目\input_输入\raw_texts_原始文本\左联词典.txt,,txt_local_evidence,local
SRC-0144,local_text_citation,左联词典,左联词典 第219页,D:\1大创\左联知识库项目\input_输入\raw_texts_原始文本\左联词典.txt,,txt_local_evidence,local
SRC-0145,local_text_citation,左联词典,左联词典 第228页,D:\1大创\左联知识库项目\input_输入\raw_texts_原始文本\左联词典.txt,,txt_local_evidence,local
SRC-0146,local_text_citation,左联词典,左联词典 第262页,D:\1大创\左联知识库项目\input_输入\raw_texts_原始文本\左联词典.txt,,txt_local_evidence,local
SRC-0147,local_text_citation,左联词典,左联词典 第263页,D:\1大创\左联知识库项目\input_输入\raw_texts_原始文本\左联词典.txt,,txt_local_evidence,local
SRC-0148,local_text_citation,左联词典,左联词典 第278页,D:\1大创\左联知识库项目\input_输入\raw_texts_原始文本\左联词典.txt,,txt_local_evidence,local
SRC-0149,local_text_citation,左联词典,左联词典 第252页,D:\1大创\左联知识库项目\input_输入\raw_texts_原始文本\左联词典.txt,,txt_local_evidence,local
SRC-0150,local_text_citation,左联词典,左联词典 第331页,D:\1大创\左联知识库项目\input_输入\raw_texts_原始文本\左联词典.txt,,txt_local_evidence,local
SRC-0151,local_text_citation,左联词典,左联词典 第483页,D:\1大创\左联知识库项目\input_输入\raw_texts_原始文本\左联词典.txt,,txt_local_evidence,local
SRC-0152,local_text_citation,左联词典,左联词典 第143页,D:\1大创\左联知识库项目\input_输入\raw_texts_原始文本\左联词典.txt,,txt_local_evidence,local
SRC-0153,local_text_citation,左联词典,左联词典 第173页,D:\1大创\左联知识库项目\input_输入\raw_texts_原始文本\左联词典.txt,,txt_local_evidence,local
SRC-0154,local_text_citation,左联词典,左联词典 第163页,D:\1大创\左联知识库项目\input_输入\raw_texts_原始文本\左联词典.txt,,txt_local_evidence,local
SRC-0155,local_text_citation,左联词典,左联词典 第179页,D:\1大创\左联知识库项目\input_输入\raw_texts_原始文本\左联词典.txt,,txt_local_evidence,local
SRC-0156,local_text_citation,左联词典,左联词典 第180页,D:\1大创\左联知识库项目\input_输入\raw_texts_原始文本\左联词典.txt,,txt_local_evidence,local
SRC-0157,local_text_citation,左联词典,左联词典 第242页,D:\1大创\左联知识库项目\input_输入\raw_texts_原始文本\左联词典.txt,,txt_local_evidence,local
SRC-0158,local_text_citation,左联词典,左联词典 第402页,D:\1大创\左联知识库项目\input_输入\raw_texts_原始文本\左联词典.txt,,txt_local_evidence,local
SRC-0159,local_text_citation,左联词典,左联词典 第161页,D:\1大创\左联知识库项目\input_输入\raw_texts_原始文本\左联词典.txt,,txt_local_evidence,local
SRC-0160,local_text_citation,左联词典,左联词典 第207页,D:\1大创\左联知识库项目\input_输入\raw_texts_原始文本\左联词典.txt,,txt_local_evidence,local
SRC-0161,local_text_citation,左联词典,左联词典 第513页,D:\1大创\左联知识库项目\input_输入\raw_texts_原始文本\左联词典.txt,,txt_local_evidence,local
SRC-0162,local_text_citation,左联词典,左联词典 第685页,D:\1大创\左联知识库项目\input_输入\raw_texts_原始文本\左联词典.txt,,txt_local_evidence,local
SRC-0163,local_text_citation,左联词典,左联词典 第336页,D:\1大创\左联知识库项目\input_输入\raw_texts_原始文本\左联词典.txt,,txt_local_evidence,local
SRC-0164,local_text_citation,左联词典,左联词典 第358页,D:\1大创\左联知识库项目\input_输入\raw_texts_原始文本\左联词典.txt,,txt_local_evidence,local
SRC-0165,local_text_citation,左联词典,左联词典 第460页,D:\1大创\左联知识库项目\input_输入\raw_texts_原始文本\左联词典.txt,,txt_local_evidence,local
SRC-0166,local_text_citation,左联词典,左联词典 第224页,D:\1大创\左联知识库项目\input_输入\raw_texts_原始文本\左联词典.txt,,txt_local_evidence,local
SRC-0167,local_text_citation,左联词典,左联词典 第476页,D:\1大创\左联知识库项目\input_输入\raw_texts_原始文本\左联词典.txt,,txt_local_evidence,local
SRC-0168,local_text_citation,左联词典,左联词典 第489页,D:\1大创\左联知识库项目\input_输入\raw_texts_原始文本\左联词典.txt,,txt_local_evidence,local
SRC-0169,local_text_citation,左联词典,左联词典 第496页,D:\1大创\左联知识库项目\input_输入\raw_texts_原始文本\左联词典.txt,,txt_local_evidence,local
SRC-0170,local_text_citation,左联史,左联史 第191页,D:\1大创\左联知识库项目\input_输入\raw_texts_原始文本\左联史.txt,,txt_local_evidence,local
SRC-0171,local_text_citation,左联词典,左联词典 第136页,D:\1大创\左联知识库项目\input_输入\raw_texts_原始文本\左联词典.txt,,txt_local_evidence,local
SRC-0172,local_text_citation,左联词典,左联词典 第166页,D:\1大创\左联知识库项目\input_输入\raw_texts_原始文本\左联词典.txt,,txt_local_evidence,local
SRC-0173,local_text_citation,左联词典,左联词典 第486页,D:\1大创\左联知识库项目\input_输入\raw_texts_原始文本\左联词典.txt,,txt_local_evidence,local
SRC-0174,local_text_citation,鲁迅日记,鲁迅日记 1928年11月30日,D:\1大创\左联知识库项目\input_输入\raw_texts_原始文本\日记全编：全2册 (鲁迅 著) (Z-Library).txt,,txt_local_evidence,local
SRC-0175,local_text_citation,左联词典,左联词典 第181页,D:\1大创\左联知识库项目\input_输入\raw_texts_原始文本\左联词典.txt,,txt_local_evidence,local
SRC-0176,local_text_citation,左联词典,左联词典 第477页,D:\1大创\左联知识库项目\input_输入\raw_texts_原始文本\左联词典.txt,,txt_local_evidence,local
SRC-0177,local_text_citation,左联词典,左联词典 第525页,D:\1大创\左联知识库项目\input_输入\raw_texts_原始文本\左联词典.txt,,txt_local_evidence,local
SRC-0178,local_text_citation,左联词典,左联词典 第563页,D:\1大创\左联知识库项目\input_输入\raw_texts_原始文本\左联词典.txt,,txt_local_evidence,local
SRC-0179,local_text_citation,左联词典,左联词典 第184页,D:\1大创\左联知识库项目\input_输入\raw_texts_原始文本\左联词典.txt,,txt_local_evidence,local
SRC-0180,local_text_citation,左联词典,左联词典 第229页,D:\1大创\左联知识库项目\input_输入\raw_texts_原始文本\左联词典.txt,,txt_local_evidence,local
SRC-0181,local_text_citation,左联词典,左联词典 第487页,D:\1大创\左联知识库项目\input_输入\raw_texts_原始文本\左联词典.txt,,txt_local_evidence,local
SRC-0182,local_text_citation,鲁迅日记,鲁迅日记 1929年6月1日,D:\1大创\左联知识库项目\input_输入\raw_texts_原始文本\日记全编：全2册 (鲁迅 著) (Z-Library).txt,,txt_local_evidence,local
SRC-0183,local_text_citation,鲁迅日记,鲁迅日记 1929年5月20日,D:\1大创\左联知识库项目\input_输入\raw_texts_原始文本\日记全编：全2册 (鲁迅 著) (Z-Library).txt,,txt_local_evidence,local
SRC-0184,local_text_citation,鲁迅日记,鲁迅日记 1929年5月28日,D:\1大创\左联知识库项目\input_输入\raw_texts_原始文本\日记全编：全2册 (鲁迅 著) (Z-Library).txt,,txt_local_evidence,local
SRC-0185,local_text_citation,鲁迅日记,鲁迅日记 1929年10月20日,D:\1大创\左联知识库项目\input_输入\raw_texts_原始文本\日记全编：全2册 (鲁迅 著) (Z-Library).txt,,txt_local_evidence,local
SRC-0186,local_text_citation,鲁迅日记,鲁迅日记 1929年10月21日 等4条,D:\1大创\左联知识库项目\input_输入\raw_texts_原始文本\日记全编：全2册 (鲁迅 著) (Z-Library).txt,,txt_local_evidence,local
SRC-0187,local_text_citation,鲁迅日记,鲁迅日记 1929年10月5日,D:\1大创\左联知识库项目\input_输入\raw_texts_原始文本\日记全编：全2册 (鲁迅 著) (Z-Library).txt,,txt_local_evidence,local
SRC-0188,local_text_citation,鲁迅日记,鲁迅日记 1929年11月18日,D:\1大创\左联知识库项目\input_输入\raw_texts_原始文本\日记全编：全2册 (鲁迅 著) (Z-Library).txt,,txt_local_evidence,local
SRC-0189,local_text_citation,鲁迅日记,鲁迅日记 1929年3月18日,D:\1大创\左联知识库项目\input_输入\raw_texts_原始文本\日记全编：全2册 (鲁迅 著) (Z-Library).txt,,txt_local_evidence,local
SRC-0190,local_text_citation,鲁迅日记,鲁迅日记 1929年3月23日,D:\1大创\左联知识库项目\input_输入\raw_texts_原始文本\日记全编：全2册 (鲁迅 著) (Z-Library).txt,,txt_local_evidence,local
SRC-0191,local_text_citation,鲁迅日记,鲁迅日记 1929年4月16日,D:\1大创\左联知识库项目\input_输入\raw_texts_原始文本\日记全编：全2册 (鲁迅 著) (Z-Library).txt,,txt_local_evidence,local
SRC-0192,local_text_citation,鲁迅日记,鲁迅日记 1929年6月11日,D:\1大创\左联知识库项目\input_输入\raw_texts_原始文本\日记全编：全2册 (鲁迅 著) (Z-Library).txt,,txt_local_evidence,local
SRC-0193,local_text_citation,鲁迅日记,鲁迅日记 1929年6月19日,D:\1大创\左联知识库项目\input_输入\raw_texts_原始文本\日记全编：全2册 (鲁迅 著) (Z-Library).txt,,txt_local_evidence,local
SRC-0194,local_text_citation,鲁迅日记,鲁迅日记 1929年6月22日 等4条,D:\1大创\左联知识库项目\input_输入\raw_texts_原始文本\日记全编：全2册 (鲁迅 著) (Z-Library).txt,,txt_local_evidence,local
SRC-0195,local_text_citation,鲁迅日记,鲁迅日记 1929年7月13日 等5条,D:\1大创\左联知识库项目\input_输入\raw_texts_原始文本\日记全编：全2册 (鲁迅 著) (Z-Library).txt,,txt_local_evidence,local
SRC-0196,local_text_citation,鲁迅日记,鲁迅日记 1929年7月3日,D:\1大创\左联知识库项目\input_输入\raw_texts_原始文本\日记全编：全2册 (鲁迅 著) (Z-Library).txt,,txt_local_evidence,local
SRC-0197,local_text_citation,鲁迅日记,鲁迅日记 1929年7月9日,D:\1大创\左联知识库项目\input_输入\raw_texts_原始文本\日记全编：全2册 (鲁迅 著) (Z-Library).txt,,txt_local_evidence,local
SRC-0198,local_text_citation,鲁迅日记,鲁迅日记 1929年8月13日,D:\1大创\左联知识库项目\input_输入\raw_texts_原始文本\日记全编：全2册 (鲁迅 著) (Z-Library).txt,,txt_local_evidence,local
SRC-0199,local_text_citation,鲁迅日记,鲁迅日记 1929年8月21日,D:\1大创\左联知识库项目\input_输入\raw_texts_原始文本\日记全编：全2册 (鲁迅 著) (Z-Library).txt,,txt_local_evidence,local
SRC-0200,local_text_citation,鲁迅日记,鲁迅日记 1929年9月23日,D:\1大创\左联知识库项目\input_输入\raw_texts_原始文本\日记全编：全2册 (鲁迅 著) (Z-Library).txt,,txt_local_evidence,local
SRC-0201,local_text_citation,鲁迅日记,鲁迅日记 1929年9月28日,D:\1大创\左联知识库项目\input_输入\raw_texts_原始文本\日记全编：全2册 (鲁迅 著) (Z-Library).txt,,txt_local_evidence,local
SRC-0202,local_text_citation,鲁迅日记,鲁迅日记 1930年1月19日,D:\1大创\左联知识库项目\input_输入\raw_texts_原始文本\日记全编：全2册 (鲁迅 著) (Z-Library).txt,,txt_local_evidence,local
SRC-0203,local_text_citation,鲁迅日记,鲁迅日记 1930年1月20日,D:\1大创\左联知识库项目\input_输入\raw_texts_原始文本\日记全编：全2册 (鲁迅 著) (Z-Library).txt,,txt_local_evidence,local
SRC-0204,local_text_citation,鲁迅日记,鲁迅日记 1930年2月15日,D:\1大创\左联知识库项目\input_输入\raw_texts_原始文本\日记全编：全2册 (鲁迅 著) (Z-Library).txt,,txt_local_evidence,local
SRC-0205,local_text_citation,鲁迅日记,鲁迅日记 1930年2月3日,D:\1大创\左联知识库项目\input_输入\raw_texts_原始文本\日记全编：全2册 (鲁迅 著) (Z-Library).txt,,txt_local_evidence,local
SRC-0206,local_text_citation,鲁迅日记,鲁迅日记 1930年3月12日,D:\1大创\左联知识库项目\input_输入\raw_texts_原始文本\日记全编：全2册 (鲁迅 著) (Z-Library).txt,,txt_local_evidence,local
SRC-0207,local_text_citation,鲁迅日记,鲁迅日记 1930年5月5日,D:\1大创\左联知识库项目\input_输入\raw_texts_原始文本\日记全编：全2册 (鲁迅 著) (Z-Library).txt,,txt_local_evidence,local
SRC-0208,local_text_citation,鲁迅日记,鲁迅日记 1930年8月14日,D:\1大创\左联知识库项目\input_输入\raw_texts_原始文本\日记全编：全2册 (鲁迅 著) (Z-Library).txt,,txt_local_evidence,local
SRC-0209,local_text_citation,鲁迅日记,鲁迅日记 1932年12月22日,D:\1大创\左联知识库项目\input_输入\raw_texts_原始文本\日记全编：全2册 (鲁迅 著) (Z-Library).txt,,txt_local_evidence,local
SRC-0210,local_text_citation,鲁迅日记,鲁迅日记 1932年12月26日,D:\1大创\左联知识库项目\input_输入\raw_texts_原始文本\日记全编：全2册 (鲁迅 著) (Z-Library).txt,,txt_local_evidence,local
SRC-0211,local_text_citation,鲁迅日记,鲁迅日记 1932年4月26日,D:\1大创\左联知识库项目\input_输入\raw_texts_原始文本\日记全编：全2册 (鲁迅 著) (Z-Library).txt,,txt_local_evidence,local
SRC-0212,local_text_citation,鲁迅日记,鲁迅日记 1932年4月27日,D:\1大创\左联知识库项目\input_输入\raw_texts_原始文本\日记全编：全2册 (鲁迅 著) (Z-Library).txt,,txt_local_evidence,local
SRC-0213,local_text_citation,鲁迅日记,鲁迅日记 1932年5月12日,D:\1大创\左联知识库项目\input_输入\raw_texts_原始文本\日记全编：全2册 (鲁迅 著) (Z-Library).txt,,txt_local_evidence,local
SRC-0214,local_text_citation,鲁迅日记,鲁迅日记 1932年6月10日,D:\1大创\左联知识库项目\input_输入\raw_texts_原始文本\日记全编：全2册 (鲁迅 著) (Z-Library).txt,,txt_local_evidence,local
SRC-0215,local_text_citation,鲁迅日记,鲁迅日记 1932年6月30日,D:\1大创\左联知识库项目\input_输入\raw_texts_原始文本\日记全编：全2册 (鲁迅 著) (Z-Library).txt,,txt_local_evidence,local
SRC-0216,local_text_citation,鲁迅日记,鲁迅日记 1932年6月5日,D:\1大创\左联知识库项目\input_输入\raw_texts_原始文本\日记全编：全2册 (鲁迅 著) (Z-Library).txt,,txt_local_evidence,local
SRC-0217,local_text_citation,鲁迅日记,鲁迅日记 1932年7月3日,D:\1大创\左联知识库项目\input_输入\raw_texts_原始文本\日记全编：全2册 (鲁迅 著) (Z-Library).txt,,txt_local_evidence,local
SRC-0218,local_text_citation,鲁迅日记,鲁迅日记 1932年7月8日,D:\1大创\左联知识库项目\input_输入\raw_texts_原始文本\日记全编：全2册 (鲁迅 著) (Z-Library).txt,,txt_local_evidence,local
SRC-0219,local_text_citation,鲁迅日记,鲁迅日记 1933年2月18日,D:\1大创\左联知识库项目\input_输入\raw_texts_原始文本\日记全编：全2册 (鲁迅 著) (Z-Library).txt,,txt_local_evidence,local
SRC-0220,local_text_citation,鲁迅日记,鲁迅日记 1933年2月24日 等4条,D:\1大创\左联知识库项目\input_输入\raw_texts_原始文本\日记全编：全2册 (鲁迅 著) (Z-Library).txt,,txt_local_evidence,local
SRC-0221,local_text_citation,鲁迅日记,鲁迅日记 1933年3月10日,D:\1大创\左联知识库项目\input_输入\raw_texts_原始文本\日记全编：全2册 (鲁迅 著) (Z-Library).txt,,txt_local_evidence,local
SRC-0222,local_text_citation,鲁迅日记,鲁迅日记 1933年5月12日,D:\1大创\左联知识库项目\input_输入\raw_texts_原始文本\日记全编：全2册 (鲁迅 著) (Z-Library).txt,,txt_local_evidence,local
SRC-0223,local_text_citation,鲁迅日记,鲁迅日记 1933年8月24日,D:\1大创\左联知识库项目\input_输入\raw_texts_原始文本\日记全编：全2册 (鲁迅 著) (Z-Library).txt,,txt_local_evidence,local
SRC-0224,local_text_citation,鲁迅日记,鲁迅日记 1933年8月9日,D:\1大创\左联知识库项目\input_输入\raw_texts_原始文本\日记全编：全2册 (鲁迅 著) (Z-Library).txt,,txt_local_evidence,local
SRC-0225,local_text_citation,鲁迅日记,鲁迅日记 1934年10月5日,D:\1大创\左联知识库项目\input_输入\raw_texts_原始文本\日记全编：全2册 (鲁迅 著) (Z-Library).txt,,txt_local_evidence,local
SRC-0226,local_text_citation,鲁迅日记,鲁迅日记 1934年11月19日 等6条,D:\1大创\左联知识库项目\input_输入\raw_texts_原始文本\日记全编：全2册 (鲁迅 著) (Z-Library).txt,,txt_local_evidence,local
SRC-0227,local_text_citation,鲁迅日记,鲁迅日记 1934年11月6日,D:\1大创\左联知识库项目\input_输入\raw_texts_原始文本\日记全编：全2册 (鲁迅 著) (Z-Library).txt,,txt_local_evidence,local
SRC-0228,local_text_citation,鲁迅日记,鲁迅日记 1934年11月7日,D:\1大创\左联知识库项目\input_输入\raw_texts_原始文本\日记全编：全2册 (鲁迅 著) (Z-Library).txt,,txt_local_evidence,local
SRC-0229,local_text_citation,鲁迅日记,鲁迅日记 1934年12月8日,D:\1大创\左联知识库项目\input_输入\raw_texts_原始文本\日记全编：全2册 (鲁迅 著) (Z-Library).txt,,txt_local_evidence,local
SRC-0230,local_text_citation,鲁迅日记,鲁迅日记 1934年6月28日,D:\1大创\左联知识库项目\input_输入\raw_texts_原始文本\日记全编：全2册 (鲁迅 著) (Z-Library).txt,,txt_local_evidence,local
SRC-0231,local_text_citation,鲁迅日记,鲁迅日记 1934年8月7日,D:\1大创\左联知识库项目\input_输入\raw_texts_原始文本\日记全编：全2册 (鲁迅 著) (Z-Library).txt,,txt_local_evidence,local
SRC-0232,local_text_citation,鲁迅日记,鲁迅日记 1935年11月27日,D:\1大创\左联知识库项目\input_输入\raw_texts_原始文本\日记全编：全2册 (鲁迅 著) (Z-Library).txt,,txt_local_evidence,local
SRC-0233,local_text_citation,鲁迅日记,鲁迅日记 1935年1月11日,D:\1大创\左联知识库项目\input_输入\raw_texts_原始文本\日记全编：全2册 (鲁迅 著) (Z-Library).txt,,txt_local_evidence,local
SRC-0234,local_text_citation,鲁迅日记,鲁迅日记 1935年1月21日,D:\1大创\左联知识库项目\input_输入\raw_texts_原始文本\日记全编：全2册 (鲁迅 著) (Z-Library).txt,,txt_local_evidence,local
SRC-0235,local_text_citation,鲁迅日记,鲁迅日记 1935年2月22日,D:\1大创\左联知识库项目\input_输入\raw_texts_原始文本\日记全编：全2册 (鲁迅 著) (Z-Library).txt,,txt_local_evidence,local
SRC-0236,local_text_citation,鲁迅日记,鲁迅日记 1935年6月16日,D:\1大创\左联知识库项目\input_输入\raw_texts_原始文本\日记全编：全2册 (鲁迅 著) (Z-Library).txt,,txt_local_evidence,local
SRC-0237,local_text_citation,鲁迅日记,鲁迅日记 1935年6月1日,D:\1大创\左联知识库项目\input_输入\raw_texts_原始文本\日记全编：全2册 (鲁迅 著) (Z-Library).txt,,txt_local_evidence,local
SRC-0238,local_text_citation,鲁迅日记,鲁迅日记 1935年6月23日,D:\1大创\左联知识库项目\input_输入\raw_texts_原始文本\日记全编：全2册 (鲁迅 著) (Z-Library).txt,,txt_local_evidence,local
SRC-0239,local_text_citation,鲁迅日记,鲁迅日记 1935年7月17日,D:\1大创\左联知识库项目\input_输入\raw_texts_原始文本\日记全编：全2册 (鲁迅 著) (Z-Library).txt,,txt_local_evidence,local
SRC-0240,local_text_citation,鲁迅日记,鲁迅日记 1935年7月18日,D:\1大创\左联知识库项目\input_输入\raw_texts_原始文本\日记全编：全2册 (鲁迅 著) (Z-Library).txt,,txt_local_evidence,local
SRC-0241,local_text_citation,鲁迅日记,鲁迅日记 1935年7月22日,D:\1大创\左联知识库项目\input_输入\raw_texts_原始文本\日记全编：全2册 (鲁迅 著) (Z-Library).txt,,txt_local_evidence,local
SRC-0242,local_text_citation,鲁迅日记,鲁迅日记 1935年8月15日,D:\1大创\左联知识库项目\input_输入\raw_texts_原始文本\日记全编：全2册 (鲁迅 著) (Z-Library).txt,,txt_local_evidence,local
SRC-0243,local_text_citation,鲁迅日记,鲁迅日记 1935年8月24日,D:\1大创\左联知识库项目\input_输入\raw_texts_原始文本\日记全编：全2册 (鲁迅 著) (Z-Library).txt,,txt_local_evidence,local
SRC-0244,local_text_citation,鲁迅日记,鲁迅日记 1936年4月21日,D:\1大创\左联知识库项目\input_输入\raw_texts_原始文本\日记全编：全2册 (鲁迅 著) (Z-Library).txt,,txt_local_evidence,local
SRC-0245,local_text_citation,鲁迅日记,鲁迅日记 1936年5月22日,D:\1大创\左联知识库项目\input_输入\raw_texts_原始文本\日记全编：全2册 (鲁迅 著) (Z-Library).txt,,txt_local_evidence,local
SRC-0246,local_text_citation,鲁迅日记,鲁迅日记 1936年5月8日,D:\1大创\左联知识库项目\input_输入\raw_texts_原始文本\日记全编：全2册 (鲁迅 著) (Z-Library).txt,,txt_local_evidence,local
SRC-0247,local_text_citation,鲁迅日记,鲁迅日记 1936年5月9日,D:\1大创\左联知识库项目\input_输入\raw_texts_原始文本\日记全编：全2册 (鲁迅 著) (Z-Library).txt,,txt_local_evidence,local
SRC-0248,local_text_citation,鲁迅日记,鲁迅日记 1936年7月21日,D:\1大创\左联知识库项目\input_输入\raw_texts_原始文本\日记全编：全2册 (鲁迅 著) (Z-Library).txt,,txt_local_evidence,local
SRC-0249,local_text_citation,左联词典,左联词典 第580页,D:\1大创\左联知识库项目\input_输入\raw_texts_原始文本\左联词典.txt,,txt_local_evidence,local
SRC-0250,local_text_citation,左联史,左联史 第440页,D:\1大创\左联知识库项目\input_输入\raw_texts_原始文本\左联史.txt,,txt_local_evidence,local
SRC-0251,local_text_citation,左联词典,左联词典 第186页,D:\1大创\左联知识库项目\input_输入\raw_texts_原始文本\左联词典.txt,,txt_local_evidence,local
SRC-0252,local_text_citation,左联词典,左联词典 第287页,D:\1大创\左联知识库项目\input_输入\raw_texts_原始文本\左联词典.txt,,txt_local_evidence,local
SRC-0253,local_text_citation,左联词典,左联词典 第288页,D:\1大创\左联知识库项目\input_输入\raw_texts_原始文本\左联词典.txt,,txt_local_evidence,local
SRC-0254,local_text_citation,左联词典,左联词典 第308页,D:\1大创\左联知识库项目\input_输入\raw_texts_原始文本\左联词典.txt,,txt_local_evidence,local
SRC-0255,local_text_citation,左联词典,左联词典 第438页,D:\1大创\左联知识库项目\input_输入\raw_texts_原始文本\左联词典.txt,,txt_local_evidence,local
SRC-0256,local_text_citation,左联词典,左联词典 第280页,D:\1大创\左联知识库项目\input_输入\raw_texts_原始文本\左联词典.txt,,txt_local_evidence,local
SRC-0257,local_text_citation,左联词典,左联词典 第457页,D:\1大创\左联知识库项目\input_输入\raw_texts_原始文本\左联词典.txt,,txt_local_evidence,local
SRC-0258,local_text_citation,左联词典,左联词典 第488页,D:\1大创\左联知识库项目\input_输入\raw_texts_原始文本\左联词典.txt,,txt_local_evidence,local
SRC-0259,local_text_citation,左联词典,左联词典 第275页,D:\1大创\左联知识库项目\input_输入\raw_texts_原始文本\左联词典.txt,,txt_local_evidence,local
SRC-0260,local_text_citation,左联词典,左联词典 第431页,D:\1大创\左联知识库项目\input_输入\raw_texts_原始文本\左联词典.txt,,txt_local_evidence,local
SRC-0261,local_text_citation,左联词典,左联词典 第343页,D:\1大创\左联知识库项目\input_输入\raw_texts_原始文本\左联词典.txt,,txt_local_evidence,local
SRC-0262,local_text_citation,左联词典,左联词典 第491页,D:\1大创\左联知识库项目\input_输入\raw_texts_原始文本\左联词典.txt,,txt_local_evidence,local
SRC-0263,local_text_citation,左联词典,左联词典 第499页,D:\1大创\左联知识库项目\input_输入\raw_texts_原始文本\左联词典.txt,,txt_local_evidence,local
SRC-0264,local_text_citation,左联词典,左联词典 第330页,D:\1大创\左联知识库项目\input_输入\raw_texts_原始文本\左联词典.txt,,txt_local_evidence,local
SRC-0265,local_text_citation,左联词典,左联词典 第500页,D:\1大创\左联知识库项目\input_输入\raw_texts_原始文本\左联词典.txt,,txt_local_evidence,local
SRC-0266,local_text_citation,左联词典,左联词典 第557页,D:\1大创\左联知识库项目\input_输入\raw_texts_原始文本\左联词典.txt,,txt_local_evidence,local
SRC-0267,local_text_citation,左联词典,左联词典 第285页,D:\1大创\左联知识库项目\input_输入\raw_texts_原始文本\左联词典.txt,,txt_local_evidence,local
SRC-0268,local_text_citation,左联词典,左联词典 第515页,D:\1大创\左联知识库项目\input_输入\raw_texts_原始文本\左联词典.txt,,txt_local_evidence,local
SRC-0269,local_text_citation,左联词典,左联词典 第512页,D:\1大创\左联知识库项目\input_输入\raw_texts_原始文本\左联词典.txt,,txt_local_evidence,local
SRC-0270,local_text_citation,左联词典,左联词典 第133页,D:\1大创\左联知识库项目\input_输入\raw_texts_原始文本\左联词典.txt,,txt_local_evidence,local
SRC-0271,local_text_citation,左联词典,左联词典 第254页,D:\1大创\左联知识库项目\input_输入\raw_texts_原始文本\左联词典.txt,,txt_local_evidence,local
SRC-0272,local_text_citation,左联词典,左联词典 第294页,D:\1大创\左联知识库项目\input_输入\raw_texts_原始文本\左联词典.txt,,txt_local_evidence,local
SRC-0273,local_text_citation,左联词典,左联词典 第300页,D:\1大创\左联知识库项目\input_输入\raw_texts_原始文本\左联词典.txt,,txt_local_evidence,local
SRC-0274,local_text_citation,左联词典,左联词典 第159页,D:\1大创\左联知识库项目\input_输入\raw_texts_原始文本\左联词典.txt,,txt_local_evidence,local
SRC-0275,local_text_citation,左联词典,左联词典 第268页,D:\1大创\左联知识库项目\input_输入\raw_texts_原始文本\左联词典.txt,,txt_local_evidence,local
SRC-0276,local_text_citation,左联词典,左联词典 第243页,D:\1大创\左联知识库项目\input_输入\raw_texts_原始文本\左联词典.txt,,txt_local_evidence,local
SRC-0277,local_text_citation,左联词典,左联词典 第353页,D:\1大创\左联知识库项目\input_输入\raw_texts_原始文本\左联词典.txt,,txt_local_evidence,local
SRC-0278,local_text_citation,左联词典,左联词典 第505页,D:\1大创\左联知识库项目\input_输入\raw_texts_原始文本\左联词典.txt,,txt_local_evidence,local
SRC-0279,local_text_citation,左联词典,左联词典 第547页,D:\1大创\左联知识库项目\input_输入\raw_texts_原始文本\左联词典.txt,,txt_local_evidence,local
SRC-0280,local_text_citation,左联史,左联史 第17页,D:\1大创\左联知识库项目\input_输入\raw_texts_原始文本\左联史.txt,,txt_local_evidence,local
SRC-0281,local_text_citation,左联史,左联史 第305页,D:\1大创\左联知识库项目\input_输入\raw_texts_原始文本\左联史.txt,,txt_local_evidence,local
SRC-0282,local_text_citation,左联史,左联史 第730页,D:\1大创\左联知识库项目\input_输入\raw_texts_原始文本\左联史.txt,,txt_local_evidence,local
SRC-0283,local_text_citation,左联史,左联史 第97页,D:\1大创\左联知识库项目\input_输入\raw_texts_原始文本\左联史.txt,,txt_local_evidence,local
SRC-0284,local_text_citation,左联史,左联史 第498页,D:\1大创\左联知识库项目\input_输入\raw_texts_原始文本\左联史.txt,,txt_local_evidence,local
SRC-0285,local_text_citation,左联词典,左联词典 第138页,D:\1大创\左联知识库项目\input_输入\raw_texts_原始文本\左联词典.txt,,txt_local_evidence,local
SRC-0286,local_text_citation,左联词典,左联词典 第178页,D:\1大创\左联知识库项目\input_输入\raw_texts_原始文本\左联词典.txt,,txt_local_evidence,local
SRC-0287,local_text_citation,左联词典,左联词典 第209页,D:\1大创\左联知识库项目\input_输入\raw_texts_原始文本\左联词典.txt,,txt_local_evidence,local
SRC-0288,local_text_citation,左联词典,左联词典 第302页,D:\1大创\左联知识库项目\input_输入\raw_texts_原始文本\左联词典.txt,,txt_local_evidence,local
SRC-0289,local_text_citation,左联词典,左联词典 第445页,D:\1大创\左联知识库项目\input_输入\raw_texts_原始文本\左联词典.txt,,txt_local_evidence,local
SRC-0290,local_text_citation,鲁迅日记,鲁迅日记 1931年8月21日,D:\1大创\左联知识库项目\input_输入\raw_texts_原始文本\日记全编：全2册 (鲁迅 著) (Z-Library).txt,,txt_local_evidence,local
SRC-0291,local_text_citation,鲁迅日记,鲁迅日记 1929年5月18日,D:\1大创\左联知识库项目\input_输入\raw_texts_原始文本\日记全编：全2册 (鲁迅 著) (Z-Library).txt,,txt_local_evidence,local
SRC-0292,local_text_citation,鲁迅日记,鲁迅日记 1929年5月21日,D:\1大创\左联知识库项目\input_输入\raw_texts_原始文本\日记全编：全2册 (鲁迅 著) (Z-Library).txt,,txt_local_evidence,local
SRC-0293,local_text_citation,鲁迅日记,鲁迅日记 1929年5月22日,D:\1大创\左联知识库项目\input_输入\raw_texts_原始文本\日记全编：全2册 (鲁迅 著) (Z-Library).txt,,txt_local_evidence,local
SRC-0294,local_text_citation,鲁迅日记,鲁迅日记 1929年5月23日,D:\1大创\左联知识库项目\input_输入\raw_texts_原始文本\日记全编：全2册 (鲁迅 著) (Z-Library).txt,,txt_local_evidence,local
SRC-0295,local_text_citation,鲁迅日记,鲁迅日记 1929年5月24日,D:\1大创\左联知识库项目\input_输入\raw_texts_原始文本\日记全编：全2册 (鲁迅 著) (Z-Library).txt,,txt_local_evidence,local
SRC-0296,local_text_citation,鲁迅日记,鲁迅日记 1929年5月25日,D:\1大创\左联知识库项目\input_输入\raw_texts_原始文本\日记全编：全2册 (鲁迅 著) (Z-Library).txt,,txt_local_evidence,local
SRC-0297,local_text_citation,鲁迅日记,鲁迅日记 1929年5月27日,D:\1大创\左联知识库项目\input_输入\raw_texts_原始文本\日记全编：全2册 (鲁迅 著) (Z-Library).txt,,txt_local_evidence,local
SRC-0298,local_text_citation,鲁迅日记,鲁迅日记 1929年5月29日,D:\1大创\左联知识库项目\input_输入\raw_texts_原始文本\日记全编：全2册 (鲁迅 著) (Z-Library).txt,,txt_local_evidence,local
SRC-0299,local_text_citation,鲁迅日记,鲁迅日记 1929年5月30日,D:\1大创\左联知识库项目\input_输入\raw_texts_原始文本\日记全编：全2册 (鲁迅 著) (Z-Library).txt,,txt_local_evidence,local
SRC-0300,local_text_citation,鲁迅日记,鲁迅日记 1932年11月13日,D:\1大创\左联知识库项目\input_输入\raw_texts_原始文本\日记全编：全2册 (鲁迅 著) (Z-Library).txt,,txt_local_evidence,local
SRC-0301,local_text_citation,鲁迅日记,鲁迅日记 1932年11月14日,D:\1大创\左联知识库项目\input_输入\raw_texts_原始文本\日记全编：全2册 (鲁迅 著) (Z-Library).txt,,txt_local_evidence,local
SRC-0302,local_text_citation,鲁迅日记,鲁迅日记 1932年11月15日,D:\1大创\左联知识库项目\input_输入\raw_texts_原始文本\日记全编：全2册 (鲁迅 著) (Z-Library).txt,,txt_local_evidence,local
SRC-0303,local_text_citation,鲁迅日记,鲁迅日记 1932年11月16日,D:\1大创\左联知识库项目\input_输入\raw_texts_原始文本\日记全编：全2册 (鲁迅 著) (Z-Library).txt,,txt_local_evidence,local
SRC-0304,local_text_citation,鲁迅日记,鲁迅日记 1932年11月17日,D:\1大创\左联知识库项目\input_输入\raw_texts_原始文本\日记全编：全2册 (鲁迅 著) (Z-Library).txt,,txt_local_evidence,local
SRC-0305,local_text_citation,鲁迅日记,鲁迅日记 1932年11月18日,D:\1大创\左联知识库项目\input_输入\raw_texts_原始文本\日记全编：全2册 (鲁迅 著) (Z-Library).txt,,txt_local_evidence,local
SRC-0306,local_text_citation,鲁迅日记,鲁迅日记 1932年11月20日,D:\1大创\左联知识库项目\input_输入\raw_texts_原始文本\日记全编：全2册 (鲁迅 著) (Z-Library).txt,,txt_local_evidence,local
SRC-0307,local_text_citation,鲁迅日记,鲁迅日记 1932年11月21日,D:\1大创\左联知识库项目\input_输入\raw_texts_原始文本\日记全编：全2册 (鲁迅 著) (Z-Library).txt,,txt_local_evidence,local
SRC-0308,local_text_citation,鲁迅日记,鲁迅日记 1932年11月22日,D:\1大创\左联知识库项目\input_输入\raw_texts_原始文本\日记全编：全2册 (鲁迅 著) (Z-Library).txt,,txt_local_evidence,local
SRC-0309,local_text_citation,鲁迅日记,鲁迅日记 1932年11月23日,D:\1大创\左联知识库项目\input_输入\raw_texts_原始文本\日记全编：全2册 (鲁迅 著) (Z-Library).txt,,txt_local_evidence,local
SRC-0310,local_text_citation,鲁迅日记,鲁迅日记 1932年11月25日,D:\1大创\左联知识库项目\input_输入\raw_texts_原始文本\日记全编：全2册 (鲁迅 著) (Z-Library).txt,,txt_local_evidence,local
SRC-0311,local_text_citation,鲁迅日记,鲁迅日记 1932年11月26日,D:\1大创\左联知识库项目\input_输入\raw_texts_原始文本\日记全编：全2册 (鲁迅 著) (Z-Library).txt,,txt_local_evidence,local
SRC-0312,local_text_citation,鲁迅日记,鲁迅日记 1932年11月27日,D:\1大创\左联知识库项目\input_输入\raw_texts_原始文本\日记全编：全2册 (鲁迅 著) (Z-Library).txt,,txt_local_evidence,local
SRC-0313,local_text_citation,鲁迅日记,鲁迅日记 1932年1月12日,D:\1大创\左联知识库项目\input_输入\raw_texts_原始文本\日记全编：全2册 (鲁迅 著) (Z-Library).txt,,txt_local_evidence,local
SRC-0314,local_text_citation,鲁迅日记,鲁迅日记 1932年3月16日,D:\1大创\左联知识库项目\input_输入\raw_texts_原始文本\日记全编：全2册 (鲁迅 著) (Z-Library).txt,,txt_local_evidence,local
SRC-0315,local_text_citation,鲁迅日记,鲁迅日记 1928年11月27日,D:\1大创\左联知识库项目\input_输入\raw_texts_原始文本\日记全编：全2册 (鲁迅 著) (Z-Library).txt,,txt_local_evidence,local
SRC-0316,local_text_citation,鲁迅日记,鲁迅日记 1929年11月23日,D:\1大创\左联知识库项目\input_输入\raw_texts_原始文本\日记全编：全2册 (鲁迅 著) (Z-Library).txt,,txt_local_evidence,local
SRC-0317,local_text_citation,鲁迅日记,鲁迅日记 1929年5月2日,D:\1大创\左联知识库项目\input_输入\raw_texts_原始文本\日记全编：全2册 (鲁迅 著) (Z-Library).txt,,txt_local_evidence,local
SRC-0318,local_text_citation,鲁迅日记,鲁迅日记 1929年7月10日,D:\1大创\左联知识库项目\input_输入\raw_texts_原始文本\日记全编：全2册 (鲁迅 著) (Z-Library).txt,,txt_local_evidence,local
SRC-0319,local_text_citation,鲁迅日记,鲁迅日记 1929年8月16日,D:\1大创\左联知识库项目\input_输入\raw_texts_原始文本\日记全编：全2册 (鲁迅 著) (Z-Library).txt,,txt_local_evidence,local
SRC-0320,local_text_citation,鲁迅日记,鲁迅日记 1929年8月26日,D:\1大创\左联知识库项目\input_输入\raw_texts_原始文本\日记全编：全2册 (鲁迅 著) (Z-Library).txt,,txt_local_evidence,local
SRC-0321,local_text_citation,鲁迅日记,鲁迅日记 1929年8月28日,D:\1大创\左联知识库项目\input_输入\raw_texts_原始文本\日记全编：全2册 (鲁迅 著) (Z-Library).txt,,txt_local_evidence,local
SRC-0322,local_text_citation,鲁迅日记,鲁迅日记 1930年11月22日,D:\1大创\左联知识库项目\input_输入\raw_texts_原始文本\日记全编：全2册 (鲁迅 著) (Z-Library).txt,,txt_local_evidence,local
SRC-0323,local_text_citation,鲁迅日记,鲁迅日记 1931年10月11日,D:\1大创\左联知识库项目\input_输入\raw_texts_原始文本\日记全编：全2册 (鲁迅 著) (Z-Library).txt,,txt_local_evidence,local
SRC-0324,local_text_citation,鲁迅日记,鲁迅日记 1931年2月13日,D:\1大创\左联知识库项目\input_输入\raw_texts_原始文本\日记全编：全2册 (鲁迅 著) (Z-Library).txt,,txt_local_evidence,local
SRC-0325,local_text_citation,鲁迅日记,鲁迅日记 1932年10月17日,D:\1大创\左联知识库项目\input_输入\raw_texts_原始文本\日记全编：全2册 (鲁迅 著) (Z-Library).txt,,txt_local_evidence,local
SRC-0326,local_text_citation,鲁迅日记,鲁迅日记 1932年2月10日,D:\1大创\左联知识库项目\input_输入\raw_texts_原始文本\日记全编：全2册 (鲁迅 著) (Z-Library).txt,,txt_local_evidence,local
SRC-0327,local_text_citation,鲁迅日记,鲁迅日记 1932年2月8日,D:\1大创\左联知识库项目\input_输入\raw_texts_原始文本\日记全编：全2册 (鲁迅 著) (Z-Library).txt,,txt_local_evidence,local
SRC-0328,local_text_citation,鲁迅日记,鲁迅日记 1933年1月20日,D:\1大创\左联知识库项目\input_输入\raw_texts_原始文本\日记全编：全2册 (鲁迅 著) (Z-Library).txt,,txt_local_evidence,local
SRC-0329,local_text_citation,鲁迅日记,鲁迅日记 1935年8月30日,D:\1大创\左联知识库项目\input_输入\raw_texts_原始文本\日记全编：全2册 (鲁迅 著) (Z-Library).txt,,txt_local_evidence,local
SRC-0330,local_text_citation,鲁迅日记,鲁迅日记 1928年11月26日,D:\1大创\左联知识库项目\input_输入\raw_texts_原始文本\日记全编：全2册 (鲁迅 著) (Z-Library).txt,,txt_local_evidence,local
SRC-0331,local_text_citation,鲁迅日记,鲁迅日记 1928年12月2日,D:\1大创\左联知识库项目\input_输入\raw_texts_原始文本\日记全编：全2册 (鲁迅 著) (Z-Library).txt,,txt_local_evidence,local
SRC-0332,local_text_citation,鲁迅日记,鲁迅日记 1928年12月5日,D:\1大创\左联知识库项目\input_输入\raw_texts_原始文本\日记全编：全2册 (鲁迅 著) (Z-Library).txt,,txt_local_evidence,local
SRC-0333,local_text_citation,鲁迅日记,鲁迅日记 1928年12月7日 等6条,D:\1大创\左联知识库项目\input_输入\raw_texts_原始文本\日记全编：全2册 (鲁迅 著) (Z-Library).txt,,txt_local_evidence,local
SRC-0334,local_text_citation,鲁迅日记,鲁迅日记 1929年10月19日,D:\1大创\左联知识库项目\input_输入\raw_texts_原始文本\日记全编：全2册 (鲁迅 著) (Z-Library).txt,,txt_local_evidence,local
SRC-0335,local_text_citation,鲁迅日记,鲁迅日记 1929年10月28日,D:\1大创\左联知识库项目\input_输入\raw_texts_原始文本\日记全编：全2册 (鲁迅 著) (Z-Library).txt,,txt_local_evidence,local
SRC-0336,local_text_citation,鲁迅日记,鲁迅日记 1929年11月11日 等7条,D:\1大创\左联知识库项目\input_输入\raw_texts_原始文本\日记全编：全2册 (鲁迅 著) (Z-Library).txt,,txt_local_evidence,local
SRC-0337,local_text_citation,鲁迅日记,鲁迅日记 1929年11月4日,D:\1大创\左联知识库项目\input_输入\raw_texts_原始文本\日记全编：全2册 (鲁迅 著) (Z-Library).txt,,txt_local_evidence,local
SRC-0338,local_text_citation,鲁迅日记,鲁迅日记 1929年11月6日,D:\1大创\左联知识库项目\input_输入\raw_texts_原始文本\日记全编：全2册 (鲁迅 著) (Z-Library).txt,,txt_local_evidence,local
SRC-0339,local_text_citation,鲁迅日记,鲁迅日记 1929年12月10日,D:\1大创\左联知识库项目\input_输入\raw_texts_原始文本\日记全编：全2册 (鲁迅 著) (Z-Library).txt,,txt_local_evidence,local
SRC-0340,local_text_citation,鲁迅日记,鲁迅日记 1929年12月15日,D:\1大创\左联知识库项目\input_输入\raw_texts_原始文本\日记全编：全2册 (鲁迅 著) (Z-Library).txt,,txt_local_evidence,local
SRC-0341,local_text_citation,鲁迅日记,鲁迅日记 1929年12月4日,D:\1大创\左联知识库项目\input_输入\raw_texts_原始文本\日记全编：全2册 (鲁迅 著) (Z-Library).txt,,txt_local_evidence,local
SRC-0342,local_text_citation,鲁迅日记,鲁迅日记 1929年1月15日 等7条,D:\1大创\左联知识库项目\input_输入\raw_texts_原始文本\日记全编：全2册 (鲁迅 著) (Z-Library).txt,,txt_local_evidence,local
SRC-0343,local_text_citation,鲁迅日记,鲁迅日记 1929年1月5日,D:\1大创\左联知识库项目\input_输入\raw_texts_原始文本\日记全编：全2册 (鲁迅 著) (Z-Library).txt,,txt_local_evidence,local
SRC-0344,local_text_citation,鲁迅日记,鲁迅日记 1929年1月8日,D:\1大创\左联知识库项目\input_输入\raw_texts_原始文本\日记全编：全2册 (鲁迅 著) (Z-Library).txt,,txt_local_evidence,local
SRC-0345,local_text_citation,鲁迅日记,鲁迅日记 1929年2月16日,D:\1大创\左联知识库项目\input_输入\raw_texts_原始文本\日记全编：全2册 (鲁迅 著) (Z-Library).txt,,txt_local_evidence,local
SRC-0346,local_text_citation,鲁迅日记,鲁迅日记 1929年2月17日 等7条,D:\1大创\左联知识库项目\input_输入\raw_texts_原始文本\日记全编：全2册 (鲁迅 著) (Z-Library).txt,,txt_local_evidence,local
SRC-0347,local_text_citation,鲁迅日记,鲁迅日记 1929年2月4日,D:\1大创\左联知识库项目\input_输入\raw_texts_原始文本\日记全编：全2册 (鲁迅 著) (Z-Library).txt,,txt_local_evidence,local
SRC-0348,local_text_citation,鲁迅日记,鲁迅日记 1929年3月3日,D:\1大创\左联知识库项目\input_输入\raw_texts_原始文本\日记全编：全2册 (鲁迅 著) (Z-Library).txt,,txt_local_evidence,local
SRC-0349,local_text_citation,鲁迅日记,鲁迅日记 1929年3月5日,D:\1大创\左联知识库项目\input_输入\raw_texts_原始文本\日记全编：全2册 (鲁迅 著) (Z-Library).txt,,txt_local_evidence,local
SRC-0350,local_text_citation,鲁迅日记,鲁迅日记 1929年3月6日 等6条,D:\1大创\左联知识库项目\input_输入\raw_texts_原始文本\日记全编：全2册 (鲁迅 著) (Z-Library).txt,,txt_local_evidence,local
SRC-0351,local_text_citation,鲁迅日记,鲁迅日记 1929年4月4日,D:\1大创\左联知识库项目\input_输入\raw_texts_原始文本\日记全编：全2册 (鲁迅 著) (Z-Library).txt,,txt_local_evidence,local
SRC-0352,local_text_citation,鲁迅日记,鲁迅日记 1929年4月6日,D:\1大创\左联知识库项目\input_输入\raw_texts_原始文本\日记全编：全2册 (鲁迅 著) (Z-Library).txt,,txt_local_evidence,local
SRC-0353,local_text_citation,鲁迅日记,鲁迅日记 1929年4月8日 等7条,D:\1大创\左联知识库项目\input_输入\raw_texts_原始文本\日记全编：全2册 (鲁迅 著) (Z-Library).txt,,txt_local_evidence,local
SRC-0354,local_text_citation,鲁迅日记,鲁迅日记 1929年5月12日,D:\1大创\左联知识库项目\input_输入\raw_texts_原始文本\日记全编：全2册 (鲁迅 著) (Z-Library).txt,,txt_local_evidence,local
SRC-0355,local_text_citation,鲁迅日记,鲁迅日记 1929年5月1日,D:\1大创\左联知识库项目\input_输入\raw_texts_原始文本\日记全编：全2册 (鲁迅 著) (Z-Library).txt,,txt_local_evidence,local
SRC-0356,local_text_citation,鲁迅日记,鲁迅日记 1929年6月10日 等7条,D:\1大创\左联知识库项目\input_输入\raw_texts_原始文本\日记全编：全2册 (鲁迅 著) (Z-Library).txt,,txt_local_evidence,local
SRC-0357,local_text_citation,鲁迅日记,鲁迅日记 1929年6月8日,D:\1大创\左联知识库项目\input_输入\raw_texts_原始文本\日记全编：全2册 (鲁迅 著) (Z-Library).txt,,txt_local_evidence,local
SRC-0358,local_text_citation,鲁迅日记,鲁迅日记 1929年7月11日,D:\1大创\左联知识库项目\input_输入\raw_texts_原始文本\日记全编：全2册 (鲁迅 著) (Z-Library).txt,,txt_local_evidence,local
SRC-0359,local_text_citation,鲁迅日记,鲁迅日记 1929年7月13日 等7条,D:\1大创\左联知识库项目\input_输入\raw_texts_原始文本\日记全编：全2册 (鲁迅 著) (Z-Library).txt,,txt_local_evidence,local
SRC-0360,local_text_citation,鲁迅日记,鲁迅日记 1929年8月12日,D:\1大创\左联知识库项目\input_输入\raw_texts_原始文本\日记全编：全2册 (鲁迅 著) (Z-Library).txt,,txt_local_evidence,local
SRC-0361,local_text_citation,鲁迅日记,鲁迅日记 1929年9月10日,D:\1大创\左联知识库项目\input_输入\raw_texts_原始文本\日记全编：全2册 (鲁迅 著) (Z-Library).txt,,txt_local_evidence,local
SRC-0362,local_text_citation,鲁迅日记,鲁迅日记 1929年9月7日,D:\1大创\左联知识库项目\input_输入\raw_texts_原始文本\日记全编：全2册 (鲁迅 著) (Z-Library).txt,,txt_local_evidence,local
SRC-0363,local_text_citation,鲁迅日记,鲁迅日记 1930年10月13日,D:\1大创\左联知识库项目\input_输入\raw_texts_原始文本\日记全编：全2册 (鲁迅 著) (Z-Library).txt,,txt_local_evidence,local
SRC-0364,local_text_citation,鲁迅日记,鲁迅日记 1930年10月15日 等5条,D:\1大创\左联知识库项目\input_输入\raw_texts_原始文本\日记全编：全2册 (鲁迅 著) (Z-Library).txt,,txt_local_evidence,local
SRC-0365,local_text_citation,鲁迅日记,鲁迅日记 1930年10月2日,D:\1大创\左联知识库项目\input_输入\raw_texts_原始文本\日记全编：全2册 (鲁迅 著) (Z-Library).txt,,txt_local_evidence,local
SRC-0366,local_text_citation,鲁迅日记,鲁迅日记 1930年12月6日,D:\1大创\左联知识库项目\input_输入\raw_texts_原始文本\日记全编：全2册 (鲁迅 著) (Z-Library).txt,,txt_local_evidence,local
SRC-0367,local_text_citation,鲁迅日记,鲁迅日记 1930年2月5日,D:\1大创\左联知识库项目\input_输入\raw_texts_原始文本\日记全编：全2册 (鲁迅 著) (Z-Library).txt,,txt_local_evidence,local
SRC-0368,local_text_citation,鲁迅日记,鲁迅日记 1930年4月16日,D:\1大创\左联知识库项目\input_输入\raw_texts_原始文本\日记全编：全2册 (鲁迅 著) (Z-Library).txt,,txt_local_evidence,local
SRC-0369,local_text_citation,鲁迅日记,鲁迅日记 1930年4月17日 等6条,D:\1大创\左联知识库项目\input_输入\raw_texts_原始文本\日记全编：全2册 (鲁迅 著) (Z-Library).txt,,txt_local_evidence,local
SRC-0370,local_text_citation,鲁迅日记,鲁迅日记 1930年7月6日,D:\1大创\左联知识库项目\input_输入\raw_texts_原始文本\日记全编：全2册 (鲁迅 著) (Z-Library).txt,,txt_local_evidence,local
SRC-0371,local_text_citation,鲁迅日记,鲁迅日记 1930年9月10日,D:\1大创\左联知识库项目\input_输入\raw_texts_原始文本\日记全编：全2册 (鲁迅 著) (Z-Library).txt,,txt_local_evidence,local
SRC-0372,local_text_citation,鲁迅日记,鲁迅日记 1930年9月22日,D:\1大创\左联知识库项目\input_输入\raw_texts_原始文本\日记全编：全2册 (鲁迅 著) (Z-Library).txt,,txt_local_evidence,local
SRC-0373,local_text_citation,鲁迅日记,鲁迅日记 1930年9月3日,D:\1大创\左联知识库项目\input_输入\raw_texts_原始文本\日记全编：全2册 (鲁迅 著) (Z-Library).txt,,txt_local_evidence,local
SRC-0374,local_text_citation,鲁迅日记,鲁迅日记 1931年10月19日,D:\1大创\左联知识库项目\input_输入\raw_texts_原始文本\日记全编：全2册 (鲁迅 著) (Z-Library).txt,,txt_local_evidence,local
SRC-0375,local_text_citation,鲁迅日记,鲁迅日记 1931年10月6日,D:\1大创\左联知识库项目\input_输入\raw_texts_原始文本\日记全编：全2册 (鲁迅 著) (Z-Library).txt,,txt_local_evidence,local
SRC-0376,local_text_citation,鲁迅日记,鲁迅日记 1931年10月9日,D:\1大创\左联知识库项目\input_输入\raw_texts_原始文本\日记全编：全2册 (鲁迅 著) (Z-Library).txt,,txt_local_evidence,local
SRC-0377,local_text_citation,鲁迅日记,鲁迅日记 1931年11月17日 等6条,D:\1大创\左联知识库项目\input_输入\raw_texts_原始文本\日记全编：全2册 (鲁迅 著) (Z-Library).txt,,txt_local_evidence,local
SRC-0378,local_text_citation,鲁迅日记,鲁迅日记 1931年11月6日,D:\1大创\左联知识库项目\input_输入\raw_texts_原始文本\日记全编：全2册 (鲁迅 著) (Z-Library).txt,,txt_local_evidence,local
SRC-0379,local_text_citation,鲁迅日记,鲁迅日记 1931年11月8日,D:\1大创\左联知识库项目\input_输入\raw_texts_原始文本\日记全编：全2册 (鲁迅 著) (Z-Library).txt,,txt_local_evidence,local
SRC-0380,local_text_citation,鲁迅日记,鲁迅日记 1931年12月12日,D:\1大创\左联知识库项目\input_输入\raw_texts_原始文本\日记全编：全2册 (鲁迅 著) (Z-Library).txt,,txt_local_evidence,local
SRC-0381,local_text_citation,鲁迅日记,鲁迅日记 1931年12月19日 等5条,D:\1大创\左联知识库项目\input_输入\raw_texts_原始文本\日记全编：全2册 (鲁迅 著) (Z-Library).txt,,txt_local_evidence,local
SRC-0382,local_text_citation,鲁迅日记,鲁迅日记 1931年12月1日,D:\1大创\左联知识库项目\input_输入\raw_texts_原始文本\日记全编：全2册 (鲁迅 著) (Z-Library).txt,,txt_local_evidence,local
SRC-0383,local_text_citation,鲁迅日记,鲁迅日记 1931年1月23日,D:\1大创\左联知识库项目\input_输入\raw_texts_原始文本\日记全编：全2册 (鲁迅 著) (Z-Library).txt,,txt_local_evidence,local
SRC-0384,local_text_citation,鲁迅日记,鲁迅日记 1931年2月2日,D:\1大创\左联知识库项目\input_输入\raw_texts_原始文本\日记全编：全2册 (鲁迅 著) (Z-Library).txt,,txt_local_evidence,local
SRC-0385,local_text_citation,鲁迅日记,鲁迅日记 1931年2月3日,D:\1大创\左联知识库项目\input_输入\raw_texts_原始文本\日记全编：全2册 (鲁迅 著) (Z-Library).txt,,txt_local_evidence,local
SRC-0386,local_text_citation,鲁迅日记,鲁迅日记 1931年2月5日 等7条,D:\1大创\左联知识库项目\input_输入\raw_texts_原始文本\日记全编：全2册 (鲁迅 著) (Z-Library).txt,,txt_local_evidence,local
SRC-0387,local_text_citation,鲁迅日记,鲁迅日记 1931年3月18日,D:\1大创\左联知识库项目\input_输入\raw_texts_原始文本\日记全编：全2册 (鲁迅 著) (Z-Library).txt,,txt_local_evidence,local
SRC-0388,local_text_citation,鲁迅日记,鲁迅日记 1931年3月20日,D:\1大创\左联知识库项目\input_输入\raw_texts_原始文本\日记全编：全2册 (鲁迅 著) (Z-Library).txt,,txt_local_evidence,local
SRC-0389,local_text_citation,鲁迅日记,鲁迅日记 1931年4月26日,D:\1大创\左联知识库项目\input_输入\raw_texts_原始文本\日记全编：全2册 (鲁迅 著) (Z-Library).txt,,txt_local_evidence,local
SRC-0390,local_text_citation,鲁迅日记,鲁迅日记 1931年6月1日,D:\1大创\左联知识库项目\input_输入\raw_texts_原始文本\日记全编：全2册 (鲁迅 著) (Z-Library).txt,,txt_local_evidence,local
SRC-0391,local_text_citation,鲁迅日记,鲁迅日记 1931年6月24日,D:\1大创\左联知识库项目\input_输入\raw_texts_原始文本\日记全编：全2册 (鲁迅 著) (Z-Library).txt,,txt_local_evidence,local
SRC-0392,local_text_citation,鲁迅日记,鲁迅日记 1931年6月2日,D:\1大创\左联知识库项目\input_输入\raw_texts_原始文本\日记全编：全2册 (鲁迅 著) (Z-Library).txt,,txt_local_evidence,local
SRC-0393,local_text_citation,鲁迅日记,鲁迅日记 1931年7月14日,D:\1大创\左联知识库项目\input_输入\raw_texts_原始文本\日记全编：全2册 (鲁迅 著) (Z-Library).txt,,txt_local_evidence,local
SRC-0394,local_text_citation,鲁迅日记,鲁迅日记 1931年7月15日,D:\1大创\左联知识库项目\input_输入\raw_texts_原始文本\日记全编：全2册 (鲁迅 著) (Z-Library).txt,,txt_local_evidence,local
SRC-0395,local_text_citation,鲁迅日记,鲁迅日记 1931年7月18日 等6条,D:\1大创\左联知识库项目\input_输入\raw_texts_原始文本\日记全编：全2册 (鲁迅 著) (Z-Library).txt,,txt_local_evidence,local
SRC-0396,local_text_citation,鲁迅日记,鲁迅日记 1931年8月15日,D:\1大创\左联知识库项目\input_输入\raw_texts_原始文本\日记全编：全2册 (鲁迅 著) (Z-Library).txt,,txt_local_evidence,local
SRC-0397,local_text_citation,鲁迅日记,鲁迅日记 1931年8月8日,D:\1大创\左联知识库项目\input_输入\raw_texts_原始文本\日记全编：全2册 (鲁迅 著) (Z-Library).txt,,txt_local_evidence,local
SRC-0398,local_text_citation,鲁迅日记,鲁迅日记 1931年8月9日,D:\1大创\左联知识库项目\input_输入\raw_texts_原始文本\日记全编：全2册 (鲁迅 著) (Z-Library).txt,,txt_local_evidence,local
SRC-0399,local_text_citation,鲁迅日记,鲁迅日记 1931年9月11日,D:\1大创\左联知识库项目\input_输入\raw_texts_原始文本\日记全编：全2册 (鲁迅 著) (Z-Library).txt,,txt_local_evidence,local
SRC-0400,local_text_citation,鲁迅日记,鲁迅日记 1931年9月15日,D:\1大创\左联知识库项目\input_输入\raw_texts_原始文本\日记全编：全2册 (鲁迅 著) (Z-Library).txt,,txt_local_evidence,local
SRC-0401,local_text_citation,鲁迅日记,鲁迅日记 1931年9月16日,D:\1大创\左联知识库项目\input_输入\raw_texts_原始文本\日记全编：全2册 (鲁迅 著) (Z-Library).txt,,txt_local_evidence,local
SRC-0402,local_text_citation,鲁迅日记,鲁迅日记 1932年10月13日,D:\1大创\左联知识库项目\input_输入\raw_texts_原始文本\日记全编：全2册 (鲁迅 著) (Z-Library).txt,,txt_local_evidence,local
SRC-0403,local_text_citation,鲁迅日记,鲁迅日记 1932年10月20日 等4条,D:\1大创\左联知识库项目\input_输入\raw_texts_原始文本\日记全编：全2册 (鲁迅 著) (Z-Library).txt,,txt_local_evidence,local
SRC-0404,local_text_citation,鲁迅日记,鲁迅日记 1932年10月3日,D:\1大创\左联知识库项目\input_输入\raw_texts_原始文本\日记全编：全2册 (鲁迅 著) (Z-Library).txt,,txt_local_evidence,local
SRC-0405,local_text_citation,鲁迅日记,鲁迅日记 1932年12月13日,D:\1大创\左联知识库项目\input_输入\raw_texts_原始文本\日记全编：全2册 (鲁迅 著) (Z-Library).txt,,txt_local_evidence,local
SRC-0406,local_text_citation,鲁迅日记,鲁迅日记 1932年12月21日,D:\1大创\左联知识库项目\input_输入\raw_texts_原始文本\日记全编：全2册 (鲁迅 著) (Z-Library).txt,,txt_local_evidence,local
SRC-0407,local_text_citation,鲁迅日记,鲁迅日记 1932年12月24日,D:\1大创\左联知识库项目\input_输入\raw_texts_原始文本\日记全编：全2册 (鲁迅 著) (Z-Library).txt,,txt_local_evidence,local
SRC-0408,local_text_citation,鲁迅日记,鲁迅日记 1932年1月14日,D:\1大创\左联知识库项目\input_输入\raw_texts_原始文本\日记全编：全2册 (鲁迅 著) (Z-Library).txt,,txt_local_evidence,local
SRC-0409,local_text_citation,鲁迅日记,鲁迅日记 1932年1月20日,D:\1大创\左联知识库项目\input_输入\raw_texts_原始文本\日记全编：全2册 (鲁迅 著) (Z-Library).txt,,txt_local_evidence,local
SRC-0410,local_text_citation,鲁迅日记,鲁迅日记 1932年4月13日,D:\1大创\左联知识库项目\input_输入\raw_texts_原始文本\日记全编：全2册 (鲁迅 著) (Z-Library).txt,,txt_local_evidence,local
SRC-0411,local_text_citation,鲁迅日记,鲁迅日记 1932年4月14日 等7条,D:\1大创\左联知识库项目\input_输入\raw_texts_原始文本\日记全编：全2册 (鲁迅 著) (Z-Library).txt,,txt_local_evidence,local
SRC-0412,local_text_citation,鲁迅日记,鲁迅日记 1932年4月6日,D:\1大创\左联知识库项目\input_输入\raw_texts_原始文本\日记全编：全2册 (鲁迅 著) (Z-Library).txt,,txt_local_evidence,local
SRC-0413,local_text_citation,鲁迅日记,鲁迅日记 1932年5月13日,D:\1大创\左联知识库项目\input_输入\raw_texts_原始文本\日记全编：全2册 (鲁迅 著) (Z-Library).txt,,txt_local_evidence,local
SRC-0414,local_text_citation,鲁迅日记,鲁迅日记 1932年5月14日 等5条,D:\1大创\左联知识库项目\input_输入\raw_texts_原始文本\日记全编：全2册 (鲁迅 著) (Z-Library).txt,,txt_local_evidence,local
SRC-0415,local_text_citation,鲁迅日记,鲁迅日记 1932年5月8日,D:\1大创\左联知识库项目\input_输入\raw_texts_原始文本\日记全编：全2册 (鲁迅 著) (Z-Library).txt,,txt_local_evidence,local
SRC-0416,local_text_citation,鲁迅日记,鲁迅日记 1932年6月13日,D:\1大创\左联知识库项目\input_输入\raw_texts_原始文本\日记全编：全2册 (鲁迅 著) (Z-Library).txt,,txt_local_evidence,local
SRC-0417,local_text_citation,鲁迅日记,鲁迅日记 1932年6月23日,D:\1大创\左联知识库项目\input_输入\raw_texts_原始文本\日记全编：全2册 (鲁迅 著) (Z-Library).txt,,txt_local_evidence,local
SRC-0418,local_text_citation,鲁迅日记,鲁迅日记 1932年7月26日,D:\1大创\左联知识库项目\input_输入\raw_texts_原始文本\日记全编：全2册 (鲁迅 著) (Z-Library).txt,,txt_local_evidence,local
SRC-0419,local_text_citation,鲁迅日记,鲁迅日记 1932年8月13日,D:\1大创\左联知识库项目\input_输入\raw_texts_原始文本\日记全编：全2册 (鲁迅 著) (Z-Library).txt,,txt_local_evidence,local
SRC-0420,local_text_citation,鲁迅日记,鲁迅日记 1932年8月16日,D:\1大创\左联知识库项目\input_输入\raw_texts_原始文本\日记全编：全2册 (鲁迅 著) (Z-Library).txt,,txt_local_evidence,local
SRC-0421,local_text_citation,鲁迅日记,鲁迅日记 1932年8月26日,D:\1大创\左联知识库项目\input_输入\raw_texts_原始文本\日记全编：全2册 (鲁迅 著) (Z-Library).txt,,txt_local_evidence,local
SRC-0422,local_text_citation,鲁迅日记,鲁迅日记 1932年9月14日,D:\1大创\左联知识库项目\input_输入\raw_texts_原始文本\日记全编：全2册 (鲁迅 著) (Z-Library).txt,,txt_local_evidence,local
SRC-0423,local_text_citation,鲁迅日记,鲁迅日记 1932年9月24日,D:\1大创\左联知识库项目\input_输入\raw_texts_原始文本\日记全编：全2册 (鲁迅 著) (Z-Library).txt,,txt_local_evidence,local
SRC-0424,local_text_citation,鲁迅日记,鲁迅日记 1933年10月16日,D:\1大创\左联知识库项目\input_输入\raw_texts_原始文本\日记全编：全2册 (鲁迅 著) (Z-Library).txt,,txt_local_evidence,local
SRC-0425,local_text_citation,鲁迅日记,鲁迅日记 1933年10月17日 等4条,D:\1大创\左联知识库项目\input_输入\raw_texts_原始文本\日记全编：全2册 (鲁迅 著) (Z-Library).txt,,txt_local_evidence,local
SRC-0426,local_text_citation,鲁迅日记,鲁迅日记 1933年10月5日,D:\1大创\左联知识库项目\input_输入\raw_texts_原始文本\日记全编：全2册 (鲁迅 著) (Z-Library).txt,,txt_local_evidence,local
SRC-0427,local_text_citation,鲁迅日记,鲁迅日记 1933年11月15日,D:\1大创\左联知识库项目\input_输入\raw_texts_原始文本\日记全编：全2册 (鲁迅 著) (Z-Library).txt,,txt_local_evidence,local
SRC-0428,local_text_citation,鲁迅日记,鲁迅日记 1933年11月16日,D:\1大创\左联知识库项目\input_输入\raw_texts_原始文本\日记全编：全2册 (鲁迅 著) (Z-Library).txt,,txt_local_evidence,local
SRC-0429,local_text_citation,鲁迅日记,鲁迅日记 1933年11月29日,D:\1大创\左联知识库项目\input_输入\raw_texts_原始文本\日记全编：全2册 (鲁迅 著) (Z-Library).txt,,txt_local_evidence,local
SRC-0430,local_text_citation,鲁迅日记,鲁迅日记 1933年12月10日 等6条,D:\1大创\左联知识库项目\input_输入\raw_texts_原始文本\日记全编：全2册 (鲁迅 著) (Z-Library).txt,,txt_local_evidence,local
SRC-0431,local_text_citation,鲁迅日记,鲁迅日记 1933年12月2日,D:\1大创\左联知识库项目\input_输入\raw_texts_原始文本\日记全编：全2册 (鲁迅 著) (Z-Library).txt,,txt_local_evidence,local
SRC-0432,local_text_citation,鲁迅日记,鲁迅日记 1933年12月3日,D:\1大创\左联知识库项目\input_输入\raw_texts_原始文本\日记全编：全2册 (鲁迅 著) (Z-Library).txt,,txt_local_evidence,local
SRC-0433,local_text_citation,鲁迅日记,鲁迅日记 1933年1月15日 等4条,D:\1大创\左联知识库项目\input_输入\raw_texts_原始文本\日记全编：全2册 (鲁迅 著) (Z-Library).txt,,txt_local_evidence,local
SRC-0434,local_text_citation,鲁迅日记,鲁迅日记 1933年1月3日,D:\1大创\左联知识库项目\input_输入\raw_texts_原始文本\日记全编：全2册 (鲁迅 著) (Z-Library).txt,,txt_local_evidence,local
SRC-0435,local_text_citation,鲁迅日记,鲁迅日记 1933年1月6日,D:\1大创\左联知识库项目\input_输入\raw_texts_原始文本\日记全编：全2册 (鲁迅 著) (Z-Library).txt,,txt_local_evidence,local
SRC-0436,local_text_citation,鲁迅日记,鲁迅日记 1933年2月12日,D:\1大创\左联知识库项目\input_输入\raw_texts_原始文本\日记全编：全2册 (鲁迅 著) (Z-Library).txt,,txt_local_evidence,local
SRC-0437,local_text_citation,鲁迅日记,鲁迅日记 1933年2月21日,D:\1大创\左联知识库项目\input_输入\raw_texts_原始文本\日记全编：全2册 (鲁迅 著) (Z-Library).txt,,txt_local_evidence,local
SRC-0438,local_text_citation,鲁迅日记,鲁迅日记 1933年2月27日,D:\1大创\左联知识库项目\input_输入\raw_texts_原始文本\日记全编：全2册 (鲁迅 著) (Z-Library).txt,,txt_local_evidence,local
SRC-0439,local_text_citation,鲁迅日记,鲁迅日记 1933年3月14日,D:\1大创\左联知识库项目\input_输入\raw_texts_原始文本\日记全编：全2册 (鲁迅 著) (Z-Library).txt,,txt_local_evidence,local
SRC-0440,local_text_citation,鲁迅日记,鲁迅日记 1933年3月15日 等11条,D:\1大创\左联知识库项目\input_输入\raw_texts_原始文本\日记全编：全2册 (鲁迅 著) (Z-Library).txt,,txt_local_evidence,local
SRC-0441,local_text_citation,鲁迅日记,鲁迅日记 1933年3月2日,D:\1大创\左联知识库项目\input_输入\raw_texts_原始文本\日记全编：全2册 (鲁迅 著) (Z-Library).txt,,txt_local_evidence,local
SRC-0442,local_text_citation,鲁迅日记,鲁迅日记 1933年4月12日 等8条,D:\1大创\左联知识库项目\input_输入\raw_texts_原始文本\日记全编：全2册 (鲁迅 著) (Z-Library).txt,,txt_local_evidence,local
SRC-0443,local_text_citation,鲁迅日记,鲁迅日记 1933年4月5日,D:\1大创\左联知识库项目\input_输入\raw_texts_原始文本\日记全编：全2册 (鲁迅 著) (Z-Library).txt,,txt_local_evidence,local
SRC-0444,local_text_citation,鲁迅日记,鲁迅日记 1933年5月13日,D:\1大创\左联知识库项目\input_输入\raw_texts_原始文本\日记全编：全2册 (鲁迅 著) (Z-Library).txt,,txt_local_evidence,local
SRC-0445,local_text_citation,鲁迅日记,鲁迅日记 1933年5月15日 等5条,D:\1大创\左联知识库项目\input_输入\raw_texts_原始文本\日记全编：全2册 (鲁迅 著) (Z-Library).txt,,txt_local_evidence,local
SRC-0446,local_text_citation,鲁迅日记,鲁迅日记 1933年5月3日,D:\1大创\左联知识库项目\input_输入\raw_texts_原始文本\日记全编：全2册 (鲁迅 著) (Z-Library).txt,,txt_local_evidence,local
SRC-0447,local_text_citation,鲁迅日记,鲁迅日记 1933年6月13日,D:\1大创\左联知识库项目\input_输入\raw_texts_原始文本\日记全编：全2册 (鲁迅 著) (Z-Library).txt,,txt_local_evidence,local
SRC-0448,local_text_citation,鲁迅日记,鲁迅日记 1933年6月24日,D:\1大创\左联知识库项目\input_输入\raw_texts_原始文本\日记全编：全2册 (鲁迅 著) (Z-Library).txt,,txt_local_evidence,local
SRC-0449,local_text_citation,鲁迅日记,鲁迅日记 1933年6月26日,D:\1大创\左联知识库项目\input_输入\raw_texts_原始文本\日记全编：全2册 (鲁迅 著) (Z-Library).txt,,txt_local_evidence,local
SRC-0450,local_text_citation,鲁迅日记,鲁迅日记 1933年7月15日 等4条,D:\1大创\左联知识库项目\input_输入\raw_texts_原始文本\日记全编：全2册 (鲁迅 著) (Z-Library).txt,,txt_local_evidence,local
SRC-0451,local_text_citation,鲁迅日记,鲁迅日记 1933年7月3日,D:\1大创\左联知识库项目\input_输入\raw_texts_原始文本\日记全编：全2册 (鲁迅 著) (Z-Library).txt,,txt_local_evidence,local
SRC-0452,local_text_citation,鲁迅日记,鲁迅日记 1933年7月8日,D:\1大创\左联知识库项目\input_输入\raw_texts_原始文本\日记全编：全2册 (鲁迅 著) (Z-Library).txt,,txt_local_evidence,local
SRC-0453,local_text_citation,鲁迅日记,鲁迅日记 1933年8月16日 等4条,D:\1大创\左联知识库项目\input_输入\raw_texts_原始文本\日记全编：全2册 (鲁迅 著) (Z-Library).txt,,txt_local_evidence,local
SRC-0454,local_text_citation,鲁迅日记,鲁迅日记 1933年8月2日,D:\1大创\左联知识库项目\input_输入\raw_texts_原始文本\日记全编：全2册 (鲁迅 著) (Z-Library).txt,,txt_local_evidence,local
SRC-0455,local_text_citation,鲁迅日记,鲁迅日记 1933年8月4日,D:\1大创\左联知识库项目\input_输入\raw_texts_原始文本\日记全编：全2册 (鲁迅 著) (Z-Library).txt,,txt_local_evidence,local
SRC-0456,local_text_citation,鲁迅日记,鲁迅日记 1933年9月18日,D:\1大创\左联知识库项目\input_输入\raw_texts_原始文本\日记全编：全2册 (鲁迅 著) (Z-Library).txt,,txt_local_evidence,local
SRC-0457,local_text_citation,鲁迅日记,鲁迅日记 1933年9月19日 等5条,D:\1大创\左联知识库项目\input_输入\raw_texts_原始文本\日记全编：全2册 (鲁迅 著) (Z-Library).txt,,txt_local_evidence,local
SRC-0458,local_text_citation,鲁迅日记,鲁迅日记 1933年9月4日,D:\1大创\左联知识库项目\input_输入\raw_texts_原始文本\日记全编：全2册 (鲁迅 著) (Z-Library).txt,,txt_local_evidence,local
SRC-0459,local_text_citation,鲁迅日记,鲁迅日记 1934年12月10日,D:\1大创\左联知识库项目\input_输入\raw_texts_原始文本\日记全编：全2册 (鲁迅 著) (Z-Library).txt,,txt_local_evidence,local
SRC-0460,local_text_citation,鲁迅日记,鲁迅日记 1934年1月22日,D:\1大创\左联知识库项目\input_输入\raw_texts_原始文本\日记全编：全2册 (鲁迅 著) (Z-Library).txt,,txt_local_evidence,local
SRC-0461,local_text_citation,鲁迅日记,鲁迅日记 1934年2月14日 等5条,D:\1大创\左联知识库项目\input_输入\raw_texts_原始文本\日记全编：全2册 (鲁迅 著) (Z-Library).txt,,txt_local_evidence,local
SRC-0462,local_text_citation,鲁迅日记,鲁迅日记 1934年2月6日,D:\1大创\左联知识库项目\input_输入\raw_texts_原始文本\日记全编：全2册 (鲁迅 著) (Z-Library).txt,,txt_local_evidence,local
SRC-0463,local_text_citation,鲁迅日记,鲁迅日记 1934年2月7日,D:\1大创\左联知识库项目\input_输入\raw_texts_原始文本\日记全编：全2册 (鲁迅 著) (Z-Library).txt,,txt_local_evidence,local
SRC-0464,local_text_citation,鲁迅日记,鲁迅日记 1934年3月20日,D:\1大创\左联知识库项目\input_输入\raw_texts_原始文本\日记全编：全2册 (鲁迅 著) (Z-Library).txt,,txt_local_evidence,local
SRC-0465,local_text_citation,鲁迅日记,鲁迅日记 1934年3月9日,D:\1大创\左联知识库项目\input_输入\raw_texts_原始文本\日记全编：全2册 (鲁迅 著) (Z-Library).txt,,txt_local_evidence,local
SRC-0466,local_text_citation,鲁迅日记,鲁迅日记 1934年4月11日,D:\1大创\左联知识库项目\input_输入\raw_texts_原始文本\日记全编：全2册 (鲁迅 著) (Z-Library).txt,,txt_local_evidence,local
SRC-0467,local_text_citation,鲁迅日记,鲁迅日记 1934年4月7日,D:\1大创\左联知识库项目\input_输入\raw_texts_原始文本\日记全编：全2册 (鲁迅 著) (Z-Library).txt,,txt_local_evidence,local
SRC-0468,local_text_citation,鲁迅日记,鲁迅日记 1934年5月12日,D:\1大创\左联知识库项目\input_输入\raw_texts_原始文本\日记全编：全2册 (鲁迅 著) (Z-Library).txt,,txt_local_evidence,local
SRC-0469,local_text_citation,鲁迅日记,鲁迅日记 1934年5月17日,D:\1大创\左联知识库项目\input_输入\raw_texts_原始文本\日记全编：全2册 (鲁迅 著) (Z-Library).txt,,txt_local_evidence,local
SRC-0470,local_text_citation,鲁迅日记,鲁迅日记 1934年5月19日 等5条,D:\1大创\左联知识库项目\input_输入\raw_texts_原始文本\日记全编：全2册 (鲁迅 著) (Z-Library).txt,,txt_local_evidence,local
SRC-0471,local_text_citation,鲁迅日记,鲁迅日记 1934年6月2日,D:\1大创\左联知识库项目\input_输入\raw_texts_原始文本\日记全编：全2册 (鲁迅 著) (Z-Library).txt,,txt_local_evidence,local
SRC-0472,local_text_citation,鲁迅日记,鲁迅日记 1934年7月31日,D:\1大创\左联知识库项目\input_输入\raw_texts_原始文本\日记全编：全2册 (鲁迅 著) (Z-Library).txt,,txt_local_evidence,local
SRC-0473,local_text_citation,鲁迅日记,鲁迅日记 1934年8月12日,D:\1大创\左联知识库项目\input_输入\raw_texts_原始文本\日记全编：全2册 (鲁迅 著) (Z-Library).txt,,txt_local_evidence,local
SRC-0474,local_text_citation,鲁迅日记,鲁迅日记 1934年8月2日,D:\1大创\左联知识库项目\input_输入\raw_texts_原始文本\日记全编：全2册 (鲁迅 著) (Z-Library).txt,,txt_local_evidence,local
SRC-0475,local_text_citation,鲁迅日记,鲁迅日记 1935年11月30日,D:\1大创\左联知识库项目\input_输入\raw_texts_原始文本\日记全编：全2册 (鲁迅 著) (Z-Library).txt,,txt_local_evidence,local
SRC-0476,local_text_citation,鲁迅日记,鲁迅日记 1935年12月21日,D:\1大创\左联知识库项目\input_输入\raw_texts_原始文本\日记全编：全2册 (鲁迅 著) (Z-Library).txt,,txt_local_evidence,local
SRC-0477,local_text_citation,鲁迅日记,鲁迅日记 1935年12月23日,D:\1大创\左联知识库项目\input_输入\raw_texts_原始文本\日记全编：全2册 (鲁迅 著) (Z-Library).txt,,txt_local_evidence,local
SRC-0478,local_text_citation,鲁迅日记,鲁迅日记 1935年1月24日,D:\1大创\左联知识库项目\input_输入\raw_texts_原始文本\日记全编：全2册 (鲁迅 著) (Z-Library).txt,,txt_local_evidence,local
SRC-0479,local_text_citation,鲁迅日记,鲁迅日记 1935年2月16日,D:\1大创\左联知识库项目\input_输入\raw_texts_原始文本\日记全编：全2册 (鲁迅 著) (Z-Library).txt,,txt_local_evidence,local
SRC-0480,local_text_citation,鲁迅日记,鲁迅日记 1935年4月13日,D:\1大创\左联知识库项目\input_输入\raw_texts_原始文本\日记全编：全2册 (鲁迅 著) (Z-Library).txt,,txt_local_evidence,local
SRC-0481,local_text_citation,鲁迅日记,鲁迅日记 1935年5月1日,D:\1大创\左联知识库项目\input_输入\raw_texts_原始文本\日记全编：全2册 (鲁迅 著) (Z-Library).txt,,txt_local_evidence,local
SRC-0482,local_text_citation,鲁迅日记,鲁迅日记 1935年5月21日,D:\1大创\左联知识库项目\input_输入\raw_texts_原始文本\日记全编：全2册 (鲁迅 著) (Z-Library).txt,,txt_local_evidence,local
SRC-0483,local_text_citation,鲁迅日记,鲁迅日记 1935年5月22日,D:\1大创\左联知识库项目\input_输入\raw_texts_原始文本\日记全编：全2册 (鲁迅 著) (Z-Library).txt,,txt_local_evidence,local
SRC-0484,local_text_citation,鲁迅日记,鲁迅日记 1935年6月17日,D:\1大创\左联知识库项目\input_输入\raw_texts_原始文本\日记全编：全2册 (鲁迅 著) (Z-Library).txt,,txt_local_evidence,local
SRC-0485,local_text_citation,鲁迅日记,鲁迅日记 1935年8月14日,D:\1大创\左联知识库项目\input_输入\raw_texts_原始文本\日记全编：全2册 (鲁迅 著) (Z-Library).txt,,txt_local_evidence,local
SRC-0486,local_text_citation,鲁迅日记,鲁迅日记 1935年9月14日,D:\1大创\左联知识库项目\input_输入\raw_texts_原始文本\日记全编：全2册 (鲁迅 著) (Z-Library).txt,,txt_local_evidence,local
SRC-0487,local_text_citation,鲁迅日记,鲁迅日记 1935年9月28日,D:\1大创\左联知识库项目\input_输入\raw_texts_原始文本\日记全编：全2册 (鲁迅 著) (Z-Library).txt,,txt_local_evidence,local
SRC-0488,local_text_citation,鲁迅日记,鲁迅日记 1935年9月5日,D:\1大创\左联知识库项目\input_输入\raw_texts_原始文本\日记全编：全2册 (鲁迅 著) (Z-Library).txt,,txt_local_evidence,local
SRC-0489,local_text_citation,鲁迅日记,鲁迅日记 1936年1月12日,D:\1大创\左联知识库项目\input_输入\raw_texts_原始文本\日记全编：全2册 (鲁迅 著) (Z-Library).txt,,txt_local_evidence,local
SRC-0490,local_text_citation,鲁迅日记,鲁迅日记 1936年1月17日,D:\1大创\左联知识库项目\input_输入\raw_texts_原始文本\日记全编：全2册 (鲁迅 著) (Z-Library).txt,,txt_local_evidence,local
SRC-0491,local_text_citation,鲁迅日记,鲁迅日记 1929年7月28日,D:\1大创\左联知识库项目\input_输入\raw_texts_原始文本\日记全编：全2册 (鲁迅 著) (Z-Library).txt,,txt_local_evidence,local
SRC-0492,local_text_citation,鲁迅日记,鲁迅日记 1932年12月23日,D:\1大创\左联知识库项目\input_输入\raw_texts_原始文本\日记全编：全2册 (鲁迅 著) (Z-Library).txt,,txt_local_evidence,local
SRC-0493,local_text_citation,左联词典,左联词典 第216页,D:\1大创\左联知识库项目\input_输入\raw_texts_原始文本\左联词典.txt,,txt_local_evidence,local
SRC-0494,local_text_citation,左联词典,左联词典 第236页,D:\1大创\左联知识库项目\input_输入\raw_texts_原始文本\左联词典.txt,,txt_local_evidence,local
SRC-0495,local_text_citation,左联词典,左联词典 第251页,D:\1大创\左联知识库项目\input_输入\raw_texts_原始文本\左联词典.txt,,txt_local_evidence,local
SRC-0496,local_text_citation,鲁迅日记,鲁迅日记 1929年7月7日,D:\1大创\左联知识库项目\input_输入\raw_texts_原始文本\日记全编：全2册 (鲁迅 著) (Z-Library).txt,,txt_local_evidence,local
SRC-0497,local_text_citation,鲁迅日记,鲁迅日记 1928年11月24日,D:\1大创\左联知识库项目\input_输入\raw_texts_原始文本\日记全编：全2册 (鲁迅 著) (Z-Library).txt,,txt_local_evidence,local
SRC-0498,local_text_citation,鲁迅日记,鲁迅日记 1929年3月6日,D:\1大创\左联知识库项目\input_输入\raw_texts_原始文本\日记全编：全2册 (鲁迅 著) (Z-Library).txt,,txt_local_evidence,local
SRC-0499,local_text_citation,鲁迅日记,鲁迅日记 1933年2月16日,D:\1大创\左联知识库项目\input_输入\raw_texts_原始文本\日记全编：全2册 (鲁迅 著) (Z-Library).txt,,txt_local_evidence,local
SRC-0500,local_text_citation,鲁迅日记,鲁迅日记 1933年2月19日,D:\1大创\左联知识库项目\input_输入\raw_texts_原始文本\日记全编：全2册 (鲁迅 著) (Z-Library).txt,,txt_local_evidence,local
SRC-0501,local_text_citation,鲁迅日记,鲁迅日记 1933年3月28日,D:\1大创\左联知识库项目\input_输入\raw_texts_原始文本\日记全编：全2册 (鲁迅 著) (Z-Library).txt,,txt_local_evidence,local
SRC-0502,local_text_citation,鲁迅日记,鲁迅日记 1933年3月5日,D:\1大创\左联知识库项目\input_输入\raw_texts_原始文本\日记全编：全2册 (鲁迅 著) (Z-Library).txt,,txt_local_evidence,local
SRC-0503,local_text_citation,鲁迅日记,鲁迅日记 1933年4月30日,D:\1大创\左联知识库项目\input_输入\raw_texts_原始文本\日记全编：全2册 (鲁迅 著) (Z-Library).txt,,txt_local_evidence,local
SRC-0504,local_text_citation,鲁迅日记,鲁迅日记 1933年5月10日,D:\1大创\左联知识库项目\input_输入\raw_texts_原始文本\日记全编：全2册 (鲁迅 著) (Z-Library).txt,,txt_local_evidence,local
SRC-0505,local_text_citation,鲁迅日记,鲁迅日记 1933年5月19日,D:\1大创\左联知识库项目\input_输入\raw_texts_原始文本\日记全编：全2册 (鲁迅 著) (Z-Library).txt,,txt_local_evidence,local
SRC-0506,local_text_citation,鲁迅日记,鲁迅日记 1933年6月20日 等4条,D:\1大创\左联知识库项目\input_输入\raw_texts_原始文本\日记全编：全2册 (鲁迅 著) (Z-Library).txt,,txt_local_evidence,local
SRC-0507,local_text_citation,鲁迅日记,鲁迅日记 1933年6月6日,D:\1大创\左联知识库项目\input_输入\raw_texts_原始文本\日记全编：全2册 (鲁迅 著) (Z-Library).txt,,txt_local_evidence,local
SRC-0508,local_text_citation,鲁迅日记,鲁迅日记 1933年6月8日,D:\1大创\左联知识库项目\input_输入\raw_texts_原始文本\日记全编：全2册 (鲁迅 著) (Z-Library).txt,,txt_local_evidence,local
SRC-0509,local_text_citation,鲁迅日记,鲁迅日记 1933年8月16日 等5条,D:\1大创\左联知识库项目\input_输入\raw_texts_原始文本\日记全编：全2册 (鲁迅 著) (Z-Library).txt,,txt_local_evidence,local
SRC-0510,local_text_citation,鲁迅日记,鲁迅日记 1933年8月1日,D:\1大创\左联知识库项目\input_输入\raw_texts_原始文本\日记全编：全2册 (鲁迅 著) (Z-Library).txt,,txt_local_evidence,local
SRC-0511,local_text_citation,鲁迅日记,鲁迅日记 1934年1月18日,D:\1大创\左联知识库项目\input_输入\raw_texts_原始文本\日记全编：全2册 (鲁迅 著) (Z-Library).txt,,txt_local_evidence,local
SRC-0512,local_text_citation,鲁迅日记,鲁迅日记 1934年1月7日,D:\1大创\左联知识库项目\input_输入\raw_texts_原始文本\日记全编：全2册 (鲁迅 著) (Z-Library).txt,,txt_local_evidence,local
SRC-0513,local_text_citation,鲁迅日记,鲁迅日记 1934年3月18日,D:\1大创\左联知识库项目\input_输入\raw_texts_原始文本\日记全编：全2册 (鲁迅 著) (Z-Library).txt,,txt_local_evidence,local
SRC-0514,local_text_citation,鲁迅日记,鲁迅日记 1934年4月14日,D:\1大创\左联知识库项目\input_输入\raw_texts_原始文本\日记全编：全2册 (鲁迅 著) (Z-Library).txt,,txt_local_evidence,local
SRC-0515,local_text_citation,鲁迅日记,鲁迅日记 1934年4月15日,D:\1大创\左联知识库项目\input_输入\raw_texts_原始文本\日记全编：全2册 (鲁迅 著) (Z-Library).txt,,txt_local_evidence,local
SRC-0516,local_text_citation,鲁迅日记,鲁迅日记 1934年4月9日,D:\1大创\左联知识库项目\input_输入\raw_texts_原始文本\日记全编：全2册 (鲁迅 著) (Z-Library).txt,,txt_local_evidence,local
SRC-0517,local_text_citation,鲁迅日记,鲁迅日记 1934年5月4日,D:\1大创\左联知识库项目\input_输入\raw_texts_原始文本\日记全编：全2册 (鲁迅 著) (Z-Library).txt,,txt_local_evidence,local
SRC-0518,local_text_citation,鲁迅日记,鲁迅日记 1934年5月5日,D:\1大创\左联知识库项目\input_输入\raw_texts_原始文本\日记全编：全2册 (鲁迅 著) (Z-Library).txt,,txt_local_evidence,local
SRC-0519,local_text_citation,鲁迅日记,鲁迅日记 1934年5月9日,D:\1大创\左联知识库项目\input_输入\raw_texts_原始文本\日记全编：全2册 (鲁迅 著) (Z-Library).txt,,txt_local_evidence,local
SRC-0520,local_text_citation,鲁迅日记,鲁迅日记 1934年8月29日,D:\1大创\左联知识库项目\input_输入\raw_texts_原始文本\日记全编：全2册 (鲁迅 著) (Z-Library).txt,,txt_local_evidence,local
SRC-0521,local_text_citation,左联词典,左联词典 第324页,D:\1大创\左联知识库项目\input_输入\raw_texts_原始文本\左联词典.txt,,txt_local_evidence,local
SRC-0522,local_text_citation,左联词典,左联词典 第596页,D:\1大创\左联知识库项目\input_输入\raw_texts_原始文本\左联词典.txt,,txt_local_evidence,local
SRC-0523,local_text_citation,左联词典,左联词典 第674页,D:\1大创\左联知识库项目\input_输入\raw_texts_原始文本\左联词典.txt,,txt_local_evidence,local
SRC-0524,local_text_citation,左联史,左联史 第192页,D:\1大创\左联知识库项目\input_输入\raw_texts_原始文本\左联史.txt,,txt_local_evidence,local
SRC-0525,local_text_citation,左联史,左联史 第201页,D:\1大创\左联知识库项目\input_输入\raw_texts_原始文本\左联史.txt,,txt_local_evidence,local
SRC-0526,local_text_citation,左联史,左联史 第204页,D:\1大创\左联知识库项目\input_输入\raw_texts_原始文本\左联史.txt,,txt_local_evidence,local
SRC-0527,local_text_citation,左联史,左联史 第238页,D:\1大创\左联知识库项目\input_输入\raw_texts_原始文本\左联史.txt,,txt_local_evidence,local
SRC-0528,local_text_citation,左联史,左联史 第239页,D:\1大创\左联知识库项目\input_输入\raw_texts_原始文本\左联史.txt,,txt_local_evidence,local
SRC-0529,local_text_citation,左联词典,左联词典 第210页,D:\1大创\左联知识库项目\input_输入\raw_texts_原始文本\左联词典.txt,,txt_local_evidence,local
SRC-0530,local_text_citation,左联词典,左联词典 第233页,D:\1大创\左联知识库项目\input_输入\raw_texts_原始文本\左联词典.txt,,txt_local_evidence,local
SRC-0531,local_text_citation,左联词典,左联词典 第261页,D:\1大创\左联知识库项目\input_输入\raw_texts_原始文本\左联词典.txt,,txt_local_evidence,local
SRC-0532,local_text_citation,左联词典,左联词典 第270页,D:\1大创\左联知识库项目\input_输入\raw_texts_原始文本\左联词典.txt,,txt_local_evidence,local
SRC-0533,local_text_citation,左联词典,左联词典 第202页,D:\1大创\左联知识库项目\input_输入\raw_texts_原始文本\左联词典.txt,,txt_local_evidence,local
SRC-0534,local_text_citation,左联词典,左联词典 第284页,D:\1大创\左联知识库项目\input_输入\raw_texts_原始文本\左联词典.txt,,txt_local_evidence,local
SRC-0535,local_text_citation,左联词典,左联词典 第332页,D:\1大创\左联知识库项目\input_输入\raw_texts_原始文本\左联词典.txt,,txt_local_evidence,local
SRC-0536,local_text_citation,左联词典,左联词典 第481页,D:\1大创\左联知识库项目\input_输入\raw_texts_原始文本\左联词典.txt,,txt_local_evidence,local
SRC-0537,local_text_citation,左联史,左联史 第616页,D:\1大创\左联知识库项目\input_输入\raw_texts_原始文本\左联史.txt,,txt_local_evidence,local
SRC-0538,local_text_citation,左联词典,左联词典 第354页,D:\1大创\左联知识库项目\input_输入\raw_texts_原始文本\左联词典.txt,,txt_local_evidence,local
SRC-0539,local_text_citation,左联词典,左联词典 第361页,D:\1大创\左联知识库项目\input_输入\raw_texts_原始文本\左联词典.txt,,txt_local_evidence,local
SRC-0540,local_text_citation,鲁迅日记,鲁迅日记 1929年5月11日,D:\1大创\左联知识库项目\input_输入\raw_texts_原始文本\日记全编：全2册 (鲁迅 著) (Z-Library).txt,,txt_local_evidence,local
SRC-0541,local_text_citation,鲁迅日记,鲁迅日记 1930年2月8日,D:\1大创\左联知识库项目\input_输入\raw_texts_原始文本\日记全编：全2册 (鲁迅 著) (Z-Library).txt,,txt_local_evidence,local
SRC-0542,local_text_citation,鲁迅日记,鲁迅日记 1930年4月24日,D:\1大创\左联知识库项目\input_输入\raw_texts_原始文本\日记全编：全2册 (鲁迅 著) (Z-Library).txt,,txt_local_evidence,local
SRC-0543,local_text_citation,鲁迅日记,鲁迅日记 1930年4月26日,D:\1大创\左联知识库项目\input_输入\raw_texts_原始文本\日记全编：全2册 (鲁迅 著) (Z-Library).txt,,txt_local_evidence,local
SRC-0544,local_text_citation,鲁迅日记,鲁迅日记 1930年4月4日,D:\1大创\左联知识库项目\input_输入\raw_texts_原始文本\日记全编：全2册 (鲁迅 著) (Z-Library).txt,,txt_local_evidence,local
SRC-0545,local_text_citation,鲁迅日记,鲁迅日记 1934年10月24日,D:\1大创\左联知识库项目\input_输入\raw_texts_原始文本\日记全编：全2册 (鲁迅 著) (Z-Library).txt,,txt_local_evidence,local
SRC-0546,local_text_citation,鲁迅日记,鲁迅日记 1934年10月3日,D:\1大创\左联知识库项目\input_输入\raw_texts_原始文本\日记全编：全2册 (鲁迅 著) (Z-Library).txt,,txt_local_evidence,local
SRC-0547,local_text_citation,鲁迅日记,鲁迅日记 1934年11月26日,D:\1大创\左联知识库项目\input_输入\raw_texts_原始文本\日记全编：全2册 (鲁迅 著) (Z-Library).txt,,txt_local_evidence,local
SRC-0548,local_text_citation,鲁迅日记,鲁迅日记 1934年8月28日,D:\1大创\左联知识库项目\input_输入\raw_texts_原始文本\日记全编：全2册 (鲁迅 著) (Z-Library).txt,,txt_local_evidence,local
SRC-0549,local_text_citation,鲁迅日记,鲁迅日记 1934年8月31日,D:\1大创\左联知识库项目\input_输入\raw_texts_原始文本\日记全编：全2册 (鲁迅 著) (Z-Library).txt,,txt_local_evidence,local
SRC-0550,local_text_citation,鲁迅日记,鲁迅日记 1934年9月20日,D:\1大创\左联知识库项目\input_输入\raw_texts_原始文本\日记全编：全2册 (鲁迅 著) (Z-Library).txt,,txt_local_evidence,local
SRC-0551,local_text_citation,鲁迅日记,鲁迅日记 1934年9月23日,D:\1大创\左联知识库项目\input_输入\raw_texts_原始文本\日记全编：全2册 (鲁迅 著) (Z-Library).txt,,txt_local_evidence,local
SRC-0552,local_text_citation,鲁迅日记,鲁迅日记 1934年9月26日,D:\1大创\左联知识库项目\input_输入\raw_texts_原始文本\日记全编：全2册 (鲁迅 著) (Z-Library).txt,,txt_local_evidence,local
SRC-0553,local_text_citation,鲁迅日记,鲁迅日记 1935年1月26日,D:\1大创\左联知识库项目\input_输入\raw_texts_原始文本\日记全编：全2册 (鲁迅 著) (Z-Library).txt,,txt_local_evidence,local
SRC-0554,local_text_citation,鲁迅日记,鲁迅日记 1935年1月30日,D:\1大创\左联知识库项目\input_输入\raw_texts_原始文本\日记全编：全2册 (鲁迅 著) (Z-Library).txt,,txt_local_evidence,local
SRC-0555,local_text_citation,鲁迅日记,鲁迅日记 1935年2月13日,D:\1大创\左联知识库项目\input_输入\raw_texts_原始文本\日记全编：全2册 (鲁迅 著) (Z-Library).txt,,txt_local_evidence,local
SRC-0556,local_text_citation,鲁迅日记,鲁迅日记 1935年2月15日 等4条,D:\1大创\左联知识库项目\input_输入\raw_texts_原始文本\日记全编：全2册 (鲁迅 著) (Z-Library).txt,,txt_local_evidence,local
SRC-0557,local_text_citation,鲁迅日记,鲁迅日记 1935年2月8日,D:\1大创\左联知识库项目\input_输入\raw_texts_原始文本\日记全编：全2册 (鲁迅 著) (Z-Library).txt,,txt_local_evidence,local
SRC-0558,local_text_citation,鲁迅日记,鲁迅日记 1935年3月1日,D:\1大创\左联知识库项目\input_输入\raw_texts_原始文本\日记全编：全2册 (鲁迅 著) (Z-Library).txt,,txt_local_evidence,local
SRC-0559,local_text_citation,鲁迅日记,鲁迅日记 1935年3月8日,D:\1大创\左联知识库项目\input_输入\raw_texts_原始文本\日记全编：全2册 (鲁迅 著) (Z-Library).txt,,txt_local_evidence,local
SRC-0560,local_text_citation,鲁迅日记,鲁迅日记 1935年4月3日,D:\1大创\左联知识库项目\input_输入\raw_texts_原始文本\日记全编：全2册 (鲁迅 著) (Z-Library).txt,,txt_local_evidence,local
SRC-0561,local_text_citation,鲁迅日记,鲁迅日记 1935年4月7日,D:\1大创\左联知识库项目\input_输入\raw_texts_原始文本\日记全编：全2册 (鲁迅 著) (Z-Library).txt,,txt_local_evidence,local
SRC-0562,local_text_citation,鲁迅日记,鲁迅日记 1935年4月8日 等7条,D:\1大创\左联知识库项目\input_输入\raw_texts_原始文本\日记全编：全2册 (鲁迅 著) (Z-Library).txt,,txt_local_evidence,local
SRC-0563,local_text_citation,鲁迅日记,鲁迅日记 1935年5月30日,D:\1大创\左联知识库项目\input_输入\raw_texts_原始文本\日记全编：全2册 (鲁迅 著) (Z-Library).txt,,txt_local_evidence,local
SRC-0564,local_text_citation,鲁迅日记,鲁迅日记 1935年5月9日,D:\1大创\左联知识库项目\input_输入\raw_texts_原始文本\日记全编：全2册 (鲁迅 著) (Z-Library).txt,,txt_local_evidence,local
SRC-0565,local_text_citation,鲁迅日记,鲁迅日记 1935年6月20日,D:\1大创\左联知识库项目\input_输入\raw_texts_原始文本\日记全编：全2册 (鲁迅 著) (Z-Library).txt,,txt_local_evidence,local
SRC-0566,local_text_citation,鲁迅日记,鲁迅日记 1935年6月7日,D:\1大创\左联知识库项目\input_输入\raw_texts_原始文本\日记全编：全2册 (鲁迅 著) (Z-Library).txt,,txt_local_evidence,local
SRC-0567,local_text_citation,鲁迅日记,鲁迅日记 1935年7月24日,D:\1大创\左联知识库项目\input_输入\raw_texts_原始文本\日记全编：全2册 (鲁迅 著) (Z-Library).txt,,txt_local_evidence,local
SRC-0568,local_text_citation,鲁迅日记,鲁迅日记 1935年8月11日 等6条,D:\1大创\左联知识库项目\input_输入\raw_texts_原始文本\日记全编：全2册 (鲁迅 著) (Z-Library).txt,,txt_local_evidence,local
SRC-0569,local_text_citation,鲁迅日记,鲁迅日记 1935年8月28日,D:\1大创\左联知识库项目\input_输入\raw_texts_原始文本\日记全编：全2册 (鲁迅 著) (Z-Library).txt,,txt_local_evidence,local
SRC-0570,local_text_citation,鲁迅日记,鲁迅日记 1935年8月3日,D:\1大创\左联知识库项目\input_输入\raw_texts_原始文本\日记全编：全2册 (鲁迅 著) (Z-Library).txt,,txt_local_evidence,local
SRC-0571,local_text_citation,左联词典,左联词典 第474页,D:\1大创\左联知识库项目\input_输入\raw_texts_原始文本\左联词典.txt,,txt_local_evidence,local
SRC-0572,local_text_citation,左联词典,左联词典 第503页,D:\1大创\左联知识库项目\input_输入\raw_texts_原始文本\左联词典.txt,,txt_local_evidence,local
SRC-0573,local_text_citation,左联史,左联史 第139页,D:\1大创\左联知识库项目\input_输入\raw_texts_原始文本\左联史.txt,,txt_local_evidence,local
SRC-0574,local_text_citation,左联史,左联史 第186页,D:\1大创\左联知识库项目\input_输入\raw_texts_原始文本\左联史.txt,,txt_local_evidence,local
SRC-0575,local_text_citation,左联史,左联史 第190页,D:\1大创\左联知识库项目\input_输入\raw_texts_原始文本\左联史.txt,,txt_local_evidence,local
SRC-0576,local_text_citation,左联史,左联史 第268页,D:\1大创\左联知识库项目\input_输入\raw_texts_原始文本\左联史.txt,,txt_local_evidence,local
SRC-0577,local_text_citation,左联词典,左联词典 第111页,D:\1大创\左联知识库项目\input_输入\raw_texts_原始文本\左联词典.txt,,txt_local_evidence,local
SRC-0578,local_text_citation,左联词典,左联词典 第153页,D:\1大创\左联知识库项目\input_输入\raw_texts_原始文本\左联词典.txt,,txt_local_evidence,local
SRC-0579,local_text_citation,左联词典,左联词典 第567页,D:\1大创\左联知识库项目\input_输入\raw_texts_原始文本\左联词典.txt,,txt_local_evidence,local
SRC-0580,local_text_citation,左联词典,左联词典 第706页,D:\1大创\左联知识库项目\input_输入\raw_texts_原始文本\左联词典.txt,,txt_local_evidence,local
SRC-0581,local_text_citation,左联词典,左联词典 第319页,D:\1大创\左联知识库项目\input_输入\raw_texts_原始文本\左联词典.txt,,txt_local_evidence,local
SRC-0582,local_text_citation,左联词典,左联词典 第628页,D:\1大创\左联知识库项目\input_输入\raw_texts_原始文本\左联词典.txt,,txt_local_evidence,local
SRC-0583,local_text_citation,左联词典,左联词典 第6页,D:\1大创\左联知识库项目\input_输入\raw_texts_原始文本\左联词典.txt,,txt_local_evidence,local
SRC-0584,local_text_citation,左联词典,左联词典 第127页,D:\1大创\左联知识库项目\input_输入\raw_texts_原始文本\左联词典.txt,,txt_local_evidence,local
SRC-0585,local_text_citation,左联词典,左联词典 第301页,D:\1大创\左联知识库项目\input_输入\raw_texts_原始文本\左联词典.txt,,txt_local_evidence,local
SRC-0586,local_text_citation,左联词典,左联词典 第188页,D:\1大创\左联知识库项目\input_输入\raw_texts_原始文本\左联词典.txt,,txt_local_evidence,local
SRC-0587,citation_only,左联回忆录,左联回忆录 第699页,,,citation_reference,citation_only
SRC-0588,local_text_citation,左联词典,左联词典 第694页,D:\1大创\左联知识库项目\input_输入\raw_texts_原始文本\左联词典.txt,,txt_local_evidence,local
SRC-0589,local_text_citation,左联词典,左联词典 第135页,D:\1大创\左联知识库项目\input_输入\raw_texts_原始文本\左联词典.txt,,txt_local_evidence,local
SRC-0590,local_text_citation,左联词典,左联词典 第291页,D:\1大创\左联知识库项目\input_输入\raw_texts_原始文本\左联词典.txt,,txt_local_evidence,local
SRC-0591,local_text_citation,左联词典,左联词典 第328页,D:\1大创\左联知识库项目\input_输入\raw_texts_原始文本\左联词典.txt,,txt_local_evidence,local
SRC-0592,local_text_citation,左联词典,左联词典 第341页,D:\1大创\左联知识库项目\input_输入\raw_texts_原始文本\左联词典.txt,,txt_local_evidence,local
SRC-0593,local_text_citation,左联词典,左联词典 第490页,D:\1大创\左联知识库项目\input_输入\raw_texts_原始文本\左联词典.txt,,txt_local_evidence,local
SRC-0594,local_text_citation,左联词典,左联词典 第259页,D:\1大创\左联知识库项目\input_输入\raw_texts_原始文本\左联词典.txt,,txt_local_evidence,local
SRC-0595,local_text_citation,左联词典,左联词典 第260页,D:\1大创\左联知识库项目\input_输入\raw_texts_原始文本\左联词典.txt,,txt_local_evidence,local
SRC-0596,local_text_citation,左联词典,左联词典 第119页,D:\1大创\左联知识库项目\input_输入\raw_texts_原始文本\左联词典.txt,,txt_local_evidence,local
SRC-0597,local_text_citation,左联词典,左联词典 第141页,D:\1大创\左联知识库项目\input_输入\raw_texts_原始文本\左联词典.txt,,txt_local_evidence,local
SRC-0598,local_text_citation,左联词典,左联词典 第321页,D:\1大创\左联知识库项目\input_输入\raw_texts_原始文本\左联词典.txt,,txt_local_evidence,local
SRC-0599,local_text_citation,左联词典,左联词典 第327页,D:\1大创\左联知识库项目\input_输入\raw_texts_原始文本\左联词典.txt,,txt_local_evidence,local
SRC-0600,local_text_citation,左联词典,左联词典 第189页,D:\1大创\左联知识库项目\input_输入\raw_texts_原始文本\左联词典.txt,,txt_local_evidence,local
SRC-0601,local_text_citation,左联词典,左联词典 第215页,D:\1大创\左联知识库项目\input_输入\raw_texts_原始文本\左联词典.txt,,txt_local_evidence,local
SRC-0602,local_text_citation,左联词典,左联词典 第359页,D:\1大创\左联知识库项目\input_输入\raw_texts_原始文本\左联词典.txt,,txt_local_evidence,local
SRC-0603,local_text_citation,左联词典,左联词典 第281页,D:\1大创\左联知识库项目\input_输入\raw_texts_原始文本\左联词典.txt,,txt_local_evidence,local
SRC-0604,local_text_citation,左联词典,左联词典 第283页,D:\1大创\左联知识库项目\input_输入\raw_texts_原始文本\左联词典.txt,,txt_local_evidence,local
SRC-0605,local_text_citation,左联词典,左联词典 第272页,D:\1大创\左联知识库项目\input_输入\raw_texts_原始文本\左联词典.txt,,txt_local_evidence,local
SRC-0606,local_text_citation,左联词典,左联词典 第274页,D:\1大创\左联知识库项目\input_输入\raw_texts_原始文本\左联词典.txt,,txt_local_evidence,local
SRC-0607,local_text_citation,左联词典,左联词典 第501页,D:\1大创\左联知识库项目\input_输入\raw_texts_原始文本\左联词典.txt,,txt_local_evidence,local
SRC-0608,local_text_citation,左联词典,左联词典 第520页,D:\1大创\左联知识库项目\input_输入\raw_texts_原始文本\左联词典.txt,,txt_local_evidence,local
SRC-0609,local_text_citation,左联词典,左联词典 第537页,D:\1大创\左联知识库项目\input_输入\raw_texts_原始文本\左联词典.txt,,txt_local_evidence,local
SRC-0610,local_text_citation,左联词典,左联词典 第437页,D:\1大创\左联知识库项目\input_输入\raw_texts_原始文本\左联词典.txt,,txt_local_evidence,local
SRC-0611,local_text_citation,左联词典,左联词典 第480页,D:\1大创\左联知识库项目\input_输入\raw_texts_原始文本\左联词典.txt,,txt_local_evidence,local
SRC-0612,local_text_citation,左联词典,左联词典 第531页,D:\1大创\左联知识库项目\input_输入\raw_texts_原始文本\左联词典.txt,,txt_local_evidence,local
SRC-0613,local_text_citation,左联词典,左联词典 第482页,D:\1大创\左联知识库项目\input_输入\raw_texts_原始文本\左联词典.txt,,txt_local_evidence,local
SRC-0614,local_text_citation,左联词典,左联词典 第345页,D:\1大创\左联知识库项目\input_输入\raw_texts_原始文本\左联词典.txt,,txt_local_evidence,local
SRC-0615,local_text_citation,左联词典,左联词典 第623页,D:\1大创\左联知识库项目\input_输入\raw_texts_原始文本\左联词典.txt,,txt_local_evidence,local
SRC-0616,local_text_citation,左联史,左联史 第500页,D:\1大创\左联知识库项目\input_输入\raw_texts_原始文本\左联史.txt,,txt_local_evidence,local
SRC-0617,local_text_citation,左联史,左联史 第505页,D:\1大创\左联知识库项目\input_输入\raw_texts_原始文本\左联史.txt,,txt_local_evidence,local
SRC-0618,local_text_citation,左联史,左联史 第579页,D:\1大创\左联知识库项目\input_输入\raw_texts_原始文本\左联史.txt,,txt_local_evidence,local
SRC-0619,local_text_citation,左联史,左联史 第594页,D:\1大创\左联知识库项目\input_输入\raw_texts_原始文本\左联史.txt,,txt_local_evidence,local
SRC-0620,local_text_citation,左联史,左联史 第725页,D:\1大创\左联知识库项目\input_输入\raw_texts_原始文本\左联史.txt,,txt_local_evidence,local
SRC-0621,local_text_citation,左联史,左联史 第619页,D:\1大创\左联知识库项目\input_输入\raw_texts_原始文本\左联史.txt,,txt_local_evidence,local
SRC-0622,local_text_citation,左联史,左联史 第620页,D:\1大创\左联知识库项目\input_输入\raw_texts_原始文本\左联史.txt,,txt_local_evidence,local
SRC-0623,local_text_citation,左联词典,左联词典 第619页,D:\1大创\左联知识库项目\input_输入\raw_texts_原始文本\左联词典.txt,,txt_local_evidence,local
SRC-0624,local_text_citation,左联词典,左联词典 第492页,D:\1大创\左联知识库项目\input_输入\raw_texts_原始文本\左联词典.txt,,txt_local_evidence,local
SRC-0625,local_text_citation,左联词典,左联词典 第624页,D:\1大创\左联知识库项目\input_输入\raw_texts_原始文本\左联词典.txt,,txt_local_evidence,local
SRC-0626,local_text_citation,左联史,左联史 第49页,D:\1大创\左联知识库项目\input_输入\raw_texts_原始文本\左联史.txt,,txt_local_evidence,local
SRC-0627,local_text_citation,左联史,左联史 第50页,D:\1大创\左联知识库项目\input_输入\raw_texts_原始文本\左联史.txt,,txt_local_evidence,local
SRC-0628,local_text_citation,左联史,左联史 第61页,D:\1大创\左联知识库项目\input_输入\raw_texts_原始文本\左联史.txt,,txt_local_evidence,local
SRC-0629,local_text_citation,左联史,左联史 第527页,D:\1大创\左联知识库项目\input_输入\raw_texts_原始文本\左联史.txt,,txt_local_evidence,local
SRC-0630,local_text_citation,左联史,左联史 第548页,D:\1大创\左联知识库项目\input_输入\raw_texts_原始文本\左联史.txt,,txt_local_evidence,local
SRC-0631,local_text_citation,左联词典,左联词典 第554页,D:\1大创\左联知识库项目\input_输入\raw_texts_原始文本\左联词典.txt,,txt_local_evidence,local
SRC-0632,local_text_citation,左联词典,左联词典 第100页,D:\1大创\左联知识库项目\input_输入\raw_texts_原始文本\左联词典.txt,,txt_local_evidence,local
SRC-0633,local_text_citation,左联词典,左联词典 第626页,D:\1大创\左联知识库项目\input_输入\raw_texts_原始文本\左联词典.txt,,txt_local_evidence,local
SRC-0634,local_text_citation,左联词典,左联词典 第484页,D:\1大创\左联知识库项目\input_输入\raw_texts_原始文本\左联词典.txt,,txt_local_evidence,local
SRC-0635,local_text_citation,左联词典,左联词典 第444页,D:\1大创\左联知识库项目\input_输入\raw_texts_原始文本\左联词典.txt,,txt_local_evidence,local
SRC-0636,local_text_citation,左联史,左联史 第324页,D:\1大创\左联知识库项目\input_输入\raw_texts_原始文本\左联史.txt,,txt_local_evidence,local
SRC-0637,local_text_citation,左联史,左联史 第606页,D:\1大创\左联知识库项目\input_输入\raw_texts_原始文本\左联史.txt,,txt_local_evidence,local
SRC-0638,local_text_citation,左联词典,左联词典 第574页,D:\1大创\左联知识库项目\input_输入\raw_texts_原始文本\左联词典.txt,,txt_local_evidence,local
SRC-0639,local_text_citation,左联词典,左联词典 第271页,D:\1大创\左联知识库项目\input_输入\raw_texts_原始文本\左联词典.txt,,txt_local_evidence,local
SRC-0640,local_text_citation,左联史,左联史 第240页,D:\1大创\左联知识库项目\input_输入\raw_texts_原始文本\左联史.txt,,txt_local_evidence,local
SRC-0641,local_text_citation,左联史,左联史 第445页,D:\1大创\左联知识库项目\input_输入\raw_texts_原始文本\左联史.txt,,txt_local_evidence,local
SRC-0642,local_text_citation,左联词典,左联词典 第621页,D:\1大创\左联知识库项目\input_输入\raw_texts_原始文本\左联词典.txt,,txt_local_evidence,local
SRC-0643,local_text_citation,左联词典,左联词典 第682页,D:\1大创\左联知识库项目\input_输入\raw_texts_原始文本\左联词典.txt,,txt_local_evidence,local
SRC-0644,local_text_citation,左联词典,左联词典 第454页,D:\1大创\左联知识库项目\input_输入\raw_texts_原始文本\左联词典.txt,,txt_local_evidence,local
SRC-0645,local_text_citation,左联词典,左联词典 第253页,D:\1大创\左联知识库项目\input_输入\raw_texts_原始文本\左联词典.txt,,txt_local_evidence,local
SRC-0646,local_text_citation,左联词典,左联词典 第593页,D:\1大创\左联知识库项目\input_输入\raw_texts_原始文本\左联词典.txt,,txt_local_evidence,local
SRC-0647,local_text_citation,左联词典,左联词典 第504页,D:\1大创\左联知识库项目\input_输入\raw_texts_原始文本\左联词典.txt,,txt_local_evidence,local
SRC-0648,local_text_citation,左联词典,左联词典 第559页,D:\1大创\左联知识库项目\input_输入\raw_texts_原始文本\左联词典.txt,,txt_local_evidence,local
SRC-0649,local_text_citation,左联词典,左联词典 第507页,D:\1大创\左联知识库项目\input_输入\raw_texts_原始文本\左联词典.txt,,txt_local_evidence,local
SRC-0650,local_text_citation,左联词典,左联词典 第498页,D:\1大创\左联知识库项目\input_输入\raw_texts_原始文本\左联词典.txt,,txt_local_evidence,local
SRC-0651,local_text_citation,左联史,左联史 第40页,D:\1大创\左联知识库项目\input_输入\raw_texts_原始文本\左联史.txt,,txt_local_evidence,local
SRC-0652,local_text_citation,左联史,左联史 第434页,D:\1大创\左联知识库项目\input_输入\raw_texts_原始文本\左联史.txt,,txt_local_evidence,local
SRC-0653,local_text_citation,左联词典,左联词典 第473页,D:\1大创\左联知识库项目\input_输入\raw_texts_原始文本\左联词典.txt,,txt_local_evidence,local
SRC-0654,local_text_citation,左联史,左联史 第698页,D:\1大创\左联知识库项目\input_输入\raw_texts_原始文本\左联史.txt,,txt_local_evidence,local
SRC-0655,local_text_citation,左联史,左联史 第713页,D:\1大创\左联知识库项目\input_输入\raw_texts_原始文本\左联史.txt,,txt_local_evidence,local
SRC-0656,local_text_citation,左联词典,左联词典 第546页,D:\1大创\左联知识库项目\input_输入\raw_texts_原始文本\左联词典.txt,,txt_local_evidence,local
SRC-0657,local_text_citation,左联词典,左联词典 第657页,D:\1大创\左联知识库项目\input_输入\raw_texts_原始文本\左联词典.txt,,txt_local_evidence,local
SRC-0658,local_text_citation,左联史,左联史 第437页,D:\1大创\左联知识库项目\input_输入\raw_texts_原始文本\左联史.txt,,txt_local_evidence,local
SRC-0659,local_text_citation,左联史,左联史 第318页,D:\1大创\左联知识库项目\input_输入\raw_texts_原始文本\左联史.txt,,txt_local_evidence,local
SRC-0660,local_text_citation,左联史,左联史 第710页,D:\1大创\左联知识库项目\input_输入\raw_texts_原始文本\左联史.txt,,txt_local_evidence,local
SRC-0661,local_text_citation,左联词典,左联词典 第613页,D:\1大创\左联知识库项目\input_输入\raw_texts_原始文本\左联词典.txt,,txt_local_evidence,local
SRC-0662,local_text_citation,左联词典,左联词典 第676页,D:\1大创\左联知识库项目\input_输入\raw_texts_原始文本\左联词典.txt,,txt_local_evidence,local
SRC-0663,local_text_citation,左联史,左联史 第136页,D:\1大创\左联知识库项目\input_输入\raw_texts_原始文本\左联史.txt,,txt_local_evidence,local
SRC-0664,local_text_citation,左联史,左联史 第142页,D:\1大创\左联知识库项目\input_输入\raw_texts_原始文本\左联史.txt,,txt_local_evidence,local
SRC-0665,local_text_citation,左联史,左联史 第271页,D:\1大创\左联知识库项目\input_输入\raw_texts_原始文本\左联史.txt,,txt_local_evidence,local
SRC-0666,local_text_citation,左联史,左联史 第561页,D:\1大创\左联知识库项目\input_输入\raw_texts_原始文本\左联史.txt,,txt_local_evidence,local
SRC-0667,local_text_citation,左联史,左联史 第327页,D:\1大创\左联知识库项目\input_输入\raw_texts_原始文本\左联史.txt,,txt_local_evidence,local
SRC-0668,local_text_citation,左联史,左联史 第193页,D:\1大创\左联知识库项目\input_输入\raw_texts_原始文本\左联史.txt,,txt_local_evidence,local
SRC-0669,local_text_citation,左联词典,左联词典 第680页,D:\1大创\左联知识库项目\input_输入\raw_texts_原始文本\左联词典.txt,,txt_local_evidence,local
SRC-0670,local_text_citation,左联史,左联史 第161页,D:\1大创\左联知识库项目\input_输入\raw_texts_原始文本\左联史.txt,,txt_local_evidence,local
SRC-0671,local_text_citation,左联史,左联史 第680页,D:\1大创\左联知识库项目\input_输入\raw_texts_原始文本\左联史.txt,,txt_local_evidence,local
SRC-0672,local_text_citation,左联史,左联史 第692页,D:\1大创\左联知识库项目\input_输入\raw_texts_原始文本\左联史.txt,,txt_local_evidence,local
SRC-0673,local_text_citation,左联词典,左联词典 第475页,D:\1大创\左联知识库项目\input_输入\raw_texts_原始文本\左联词典.txt,,txt_local_evidence,local
SRC-0674,local_text_citation,左联词典,左联词典 第702页,D:\1大创\左联知识库项目\input_输入\raw_texts_原始文本\左联词典.txt,,txt_local_evidence,local
SRC-0675,local_text_citation,左联词典,左联词典 第703页,D:\1大创\左联知识库项目\input_输入\raw_texts_原始文本\左联词典.txt,,txt_local_evidence,local
SRC-0676,local_text_citation,左联词典,左联词典 第110页,D:\1大创\左联知识库项目\input_输入\raw_texts_原始文本\左联词典.txt,,txt_local_evidence,local
SRC-0677,local_text_citation,左联词典,左联词典 第317页,D:\1大创\左联知识库项目\input_输入\raw_texts_原始文本\左联词典.txt,,txt_local_evidence,local
SRC-0678,local_text_citation,左联词典,左联词典 第164页,D:\1大创\左联知识库项目\input_输入\raw_texts_原始文本\左联词典.txt,,txt_local_evidence,local
SRC-0679,local_text_citation,左联词典,左联词典 第318页,D:\1大创\左联知识库项目\input_输入\raw_texts_原始文本\左联词典.txt,,txt_local_evidence,local
SRC-0680,local_text_citation,左联词典,左联词典 第241页,D:\1大创\左联知识库项目\input_输入\raw_texts_原始文本\左联词典.txt,,txt_local_evidence,local
SRC-0681,local_text_citation,左联词典,左联词典 第277页,D:\1大创\左联知识库项目\input_输入\raw_texts_原始文本\左联词典.txt,,txt_local_evidence,local
SRC-0682,local_text_citation,左联词典,左联词典 第299页,D:\1大创\左联知识库项目\input_输入\raw_texts_原始文本\左联词典.txt,,txt_local_evidence,local
SRC-0683,local_text_citation,左联词典,左联词典 第256页,D:\1大创\左联知识库项目\input_输入\raw_texts_原始文本\左联词典.txt,,txt_local_evidence,local
SRC-0684,local_text_citation,左联词典,左联词典 第326页,D:\1大创\左联知识库项目\input_输入\raw_texts_原始文本\左联词典.txt,,txt_local_evidence,local
SRC-0685,local_text_citation,左联词典,左联词典 第479页,D:\1大创\左联知识库项目\input_输入\raw_texts_原始文本\左联词典.txt,,txt_local_evidence,local
SRC-0686,local_text_citation,左联词典,左联词典 第365页,D:\1大创\左联知识库项目\input_输入\raw_texts_原始文本\左联词典.txt,,txt_local_evidence,local
SRC-0687,local_text_citation,左联词典,左联词典 第429页,D:\1大创\左联知识库项目\input_输入\raw_texts_原始文本\左联词典.txt,,txt_local_evidence,local
SRC-0688,local_text_citation,左联词典,左联词典 第172页,D:\1大创\左联知识库项目\input_输入\raw_texts_原始文本\左联词典.txt,,txt_local_evidence,local
SRC-0689,local_text_citation,左联词典,左联词典 第329页,D:\1大创\左联知识库项目\input_输入\raw_texts_原始文本\左联词典.txt,,txt_local_evidence,local
SRC-0690,local_text_citation,左联词典,左联词典 第443页,D:\1大创\左联知识库项目\input_输入\raw_texts_原始文本\左联词典.txt,,txt_local_evidence,local
SRC-0691,local_text_citation,左联词典,左联词典 第656页,D:\1大创\左联知识库项目\input_输入\raw_texts_原始文本\左联词典.txt,,txt_local_evidence,local
SRC-0692,local_text_citation,左联词典,左联词典 第536页,D:\1大创\左联知识库项目\input_输入\raw_texts_原始文本\左联词典.txt,,txt_local_evidence,local
SRC-0693,local_text_citation,左联词典,左联词典 第517页,D:\1大创\左联知识库项目\input_输入\raw_texts_原始文本\左联词典.txt,,txt_local_evidence,local
SRC-0694,local_text_citation,左联词典,左联词典 第560页,D:\1大创\左联知识库项目\input_输入\raw_texts_原始文本\左联词典.txt,,txt_local_evidence,local
SRC-0695,local_text_citation,左联史,左联史 第25页,D:\1大创\左联知识库项目\input_输入\raw_texts_原始文本\左联史.txt,,txt_local_evidence,local
SRC-0696,local_text_citation,左联词典,左联词典 第497页,D:\1大创\左联知识库项目\input_输入\raw_texts_原始文本\左联词典.txt,,txt_local_evidence,local
SRC-0697,local_text_citation,左联词典,左联词典 第177页,D:\1大创\左联知识库项目\input_输入\raw_texts_原始文本\左联词典.txt,,txt_local_evidence,local
SRC-0698,local_text_citation,左联史,左联史 第368页,D:\1大创\左联知识库项目\input_输入\raw_texts_原始文本\左联史.txt,,txt_local_evidence,local
SRC-0699,local_text_citation,左联史,左联史 第388页,D:\1大创\左联知识库项目\input_输入\raw_texts_原始文本\左联史.txt,,txt_local_evidence,local
SRC-0700,local_text_citation,左联史,左联史 第424页,D:\1大创\左联知识库项目\input_输入\raw_texts_原始文本\左联史.txt,,txt_local_evidence,local
SRC-0701,local_text_citation,左联史,左联史 第362页,D:\1大创\左联知识库项目\input_输入\raw_texts_原始文本\左联史.txt,,txt_local_evidence,local
SRC-0702,local_text_citation,左联词典,左联词典 第611页,D:\1大创\左联知识库项目\input_输入\raw_texts_原始文本\左联词典.txt,,txt_local_evidence,local
SRC-0703,local_text_citation,左联史,左联史 第475页,D:\1大创\左联知识库项目\input_输入\raw_texts_原始文本\左联史.txt,,txt_local_evidence,local
SRC-0704,local_text_citation,左联史,左联史 第9页,D:\1大创\左联知识库项目\input_输入\raw_texts_原始文本\左联史.txt,,txt_local_evidence,local
SRC-0705,local_text_citation,左联史,左联史 第351页,D:\1大创\左联知识库项目\input_输入\raw_texts_原始文本\左联史.txt,,txt_local_evidence,local
SRC-0706,local_text_citation,左联词典,左联词典 第635页,D:\1大创\左联知识库项目\input_输入\raw_texts_原始文本\左联词典.txt,,txt_local_evidence,local
SRC-0707,local_text_citation,左联史,左联史 第158页,D:\1大创\左联知识库项目\input_输入\raw_texts_原始文本\左联史.txt,,txt_local_evidence,local
SRC-0708,local_text_citation,左联史,左联史 第358页,D:\1大创\左联知识库项目\input_输入\raw_texts_原始文本\左联史.txt,,txt_local_evidence,local
SRC-0709,local_text_citation,左联史,左联史 第458页,D:\1大创\左联知识库项目\input_输入\raw_texts_原始文本\左联史.txt,,txt_local_evidence,local
SRC-0710,local_text_citation,左联史,左联史 第729页,D:\1大创\左联知识库项目\input_输入\raw_texts_原始文本\左联史.txt,,txt_local_evidence,local
SRC-0711,local_text_citation,左联史,左联史 第20页,D:\1大创\左联知识库项目\input_输入\raw_texts_原始文本\左联史.txt,,txt_local_evidence,local
SRC-0712,local_text_citation,左联史,左联史 第98页,D:\1大创\左联知识库项目\input_输入\raw_texts_原始文本\左联史.txt,,txt_local_evidence,local
SRC-0713,local_text_citation,左联史,左联史 第369页,D:\1大创\左联知识库项目\input_输入\raw_texts_原始文本\左联史.txt,,txt_local_evidence,local
SRC-0714,local_text_citation,左联史,左联史 第404页,D:\1大创\左联知识库项目\input_输入\raw_texts_原始文本\左联史.txt,,txt_local_evidence,local
SRC-0715,local_text_citation,左联史,左联史 第682页,D:\1大创\左联知识库项目\input_输入\raw_texts_原始文本\左联史.txt,,txt_local_evidence,local
SRC-0716,local_text_citation,左联词典,左联词典 第662页,D:\1大创\左联知识库项目\input_输入\raw_texts_原始文本\左联词典.txt,,txt_local_evidence,local
SRC-0717,local_text_citation,左联史,左联史 第89页,D:\1大创\左联知识库项目\input_输入\raw_texts_原始文本\左联史.txt,,txt_local_evidence,local
SRC-0718,local_text_citation,左联史,左联史 第464页,D:\1大创\左联知识库项目\input_输入\raw_texts_原始文本\左联史.txt,,txt_local_evidence,local
SRC-0719,local_text_citation,左联史,左联史 第214页,D:\1大创\左联知识库项目\input_输入\raw_texts_原始文本\左联史.txt,,txt_local_evidence,local
SRC-0720,local_text_citation,左联史,左联史 第215页,D:\1大创\左联知识库项目\input_输入\raw_texts_原始文本\左联史.txt,,txt_local_evidence,local
SRC-0721,local_text_citation,左联词典,左联词典 第556页,D:\1大创\左联知识库项目\input_输入\raw_texts_原始文本\左联词典.txt,,txt_local_evidence,local
SRC-0722,local_text_citation,左联史,左联史 第179页,D:\1大创\左联知识库项目\input_输入\raw_texts_原始文本\左联史.txt,,txt_local_evidence,local
SRC-0723,local_text_citation,左联史,左联史 第703页,D:\1大创\左联知识库项目\input_输入\raw_texts_原始文本\左联史.txt,,txt_local_evidence,local
SRC-0724,local_text_citation,左联史,左联史 第711页,D:\1大创\左联知识库项目\input_输入\raw_texts_原始文本\左联史.txt,,txt_local_evidence,local
SRC-0725,local_text_citation,左联史,左联史 第18页,D:\1大创\左联知识库项目\input_输入\raw_texts_原始文本\左联史.txt,,txt_local_evidence,local
SRC-0726,local_text_citation,左联史,左联史 第231页,D:\1大创\左联知识库项目\input_输入\raw_texts_原始文本\左联史.txt,,txt_local_evidence,local
SRC-0727,local_text_citation,左联史,左联史 第466页,D:\1大创\左联知识库项目\input_输入\raw_texts_原始文本\左联史.txt,,txt_local_evidence,local
SRC-0728,local_text_citation,左联词典,左联词典 第269页,D:\1大创\左联知识库项目\input_输入\raw_texts_原始文本\左联词典.txt,,txt_local_evidence,local
SRC-0729,local_text_citation,左联词典,左联词典 第334页,D:\1大创\左联知识库项目\input_输入\raw_texts_原始文本\左联词典.txt,,txt_local_evidence,local
SRC-0730,local_text_citation,左联词典,左联词典 第170页,D:\1大创\左联知识库项目\input_输入\raw_texts_原始文本\左联词典.txt,,txt_local_evidence,local
SRC-0731,local_text_citation,左联词典,左联词典 第295页,D:\1大创\左联知识库项目\input_输入\raw_texts_原始文本\左联词典.txt,,txt_local_evidence,local
SRC-0732,local_text_citation,左联词典,左联词典 第297页,D:\1大创\左联知识库项目\input_输入\raw_texts_原始文本\左联词典.txt,,txt_local_evidence,local
SRC-0733,local_text_citation,左联词典,左联词典 第30页,D:\1大创\左联知识库项目\input_输入\raw_texts_原始文本\左联词典.txt,,txt_local_evidence,local
SRC-0734,local_text_citation,左联词典,左联词典 第282页,D:\1大创\左联知识库项目\input_输入\raw_texts_原始文本\左联词典.txt,,txt_local_evidence,local
SRC-0735,local_text_citation,左联词典,左联词典 第637页,D:\1大创\左联知识库项目\input_输入\raw_texts_原始文本\左联词典.txt,,txt_local_evidence,local
SRC-0736,local_text_citation,左联词典,左联词典 第643页,D:\1大创\左联知识库项目\input_输入\raw_texts_原始文本\左联词典.txt,,txt_local_evidence,local
SRC-0737,local_text_citation,左联词典,左联词典 第639页,D:\1大创\左联知识库项目\input_输入\raw_texts_原始文本\左联词典.txt,,txt_local_evidence,local
SRC-0738,local_text_citation,左联史,左联史 第624页,D:\1大创\左联知识库项目\input_输入\raw_texts_原始文本\左联史.txt,,txt_local_evidence,local
SRC-0739,local_text_citation,左联史,左联史 第22页,D:\1大创\左联知识库项目\input_输入\raw_texts_原始文本\左联史.txt,,txt_local_evidence,local
SRC-0740,local_text_citation,左联史,左联史 第106页,D:\1大创\左联知识库项目\input_输入\raw_texts_原始文本\左联史.txt,,txt_local_evidence,local
SRC-0741,local_text_citation,左联史,左联史 第707页,D:\1大创\左联知识库项目\input_输入\raw_texts_原始文本\左联史.txt,,txt_local_evidence,local
SRC-0742,local_text_citation,左联词典,左联词典 第360页,D:\1大创\左联知识库项目\input_输入\raw_texts_原始文本\左联词典.txt,,txt_local_evidence,local
SRC-0743,local_text_citation,左联史,左联史 第509页,D:\1大创\左联知识库项目\input_输入\raw_texts_原始文本\左联史.txt,,txt_local_evidence,local
SRC-0744,local_text_citation,左联词典,左联词典 第689页,D:\1大创\左联知识库项目\input_输入\raw_texts_原始文本\左联词典.txt,,txt_local_evidence,local
SRC-0745,local_text_citation,左联词典,左联词典 第532页,D:\1大创\左联知识库项目\input_输入\raw_texts_原始文本\左联词典.txt,,txt_local_evidence,local
SRC-0746,local_text_citation,左联史,左联史 第605页,D:\1大创\左联知识库项目\input_输入\raw_texts_原始文本\左联史.txt,,txt_local_evidence,local
SRC-0747,local_text_citation,左联史,左联史 第8页,D:\1大创\左联知识库项目\input_输入\raw_texts_原始文本\左联史.txt,,txt_local_evidence,local
SRC-0748,local_text_citation,左联词典,左联词典 第521页,D:\1大创\左联知识库项目\input_输入\raw_texts_原始文本\左联词典.txt,,txt_local_evidence,local
SRC-0749,local_text_citation,左联史,左联史 第38页,D:\1大创\左联知识库项目\input_输入\raw_texts_原始文本\左联史.txt,,txt_local_evidence,local
SRC-0750,local_text_citation,左联史,左联史 第90页,D:\1大创\左联知识库项目\input_输入\raw_texts_原始文本\左联史.txt,,txt_local_evidence,local
SRC-0751,local_text_citation,左联史,左联史 第688页,D:\1大创\左联知识库项目\input_输入\raw_texts_原始文本\左联史.txt,,txt_local_evidence,local
SRC-0752,local_text_citation,左联史,左联史 第724页,D:\1大创\左联知识库项目\input_输入\raw_texts_原始文本\左联史.txt,,txt_local_evidence,local
SRC-0753,local_text_citation,左联史,左联史 第503页,D:\1大创\左联知识库项目\input_输入\raw_texts_原始文本\左联史.txt,,txt_local_evidence,local
SRC-0754,local_text_citation,左联史,左联史 第102页,D:\1大创\左联知识库项目\input_输入\raw_texts_原始文本\左联史.txt,,txt_local_evidence,local
SRC-0755,local_text_citation,左联词典,左联词典 第658页,D:\1大创\左联知识库项目\input_输入\raw_texts_原始文本\左联词典.txt,,txt_local_evidence,local
SRC-0756,local_text_citation,左联词典,左联词典 第126页,D:\1大创\左联知识库项目\input_输入\raw_texts_原始文本\左联词典.txt,,txt_local_evidence,local
SRC-0757,local_text_citation,左联词典,左联词典 第523页,D:\1大创\左联知识库项目\input_输入\raw_texts_原始文本\左联词典.txt,,txt_local_evidence,local
SRC-0758,local_text_citation,左联词典,左联词典 第561页,D:\1大创\左联知识库项目\input_输入\raw_texts_原始文本\左联词典.txt,,txt_local_evidence,local
SRC-0759,local_text_citation,左联词典,左联词典 第577页,D:\1大创\左联知识库项目\input_输入\raw_texts_原始文本\左联词典.txt,,txt_local_evidence,local
SRC-0760,local_text_citation,左联词典,左联词典 第267页,D:\1大创\左联知识库项目\input_输入\raw_texts_原始文本\左联词典.txt,,txt_local_evidence,local
SRC-0761,local_text_citation,左联词典,左联词典 第17页,D:\1大创\左联知识库项目\input_输入\raw_texts_原始文本\左联词典.txt,,txt_local_evidence,local
SRC-0762,local_text_citation,左联史,左联史 第19页,D:\1大创\左联知识库项目\input_输入\raw_texts_原始文本\左联史.txt,,txt_local_evidence,local
SRC-0763,local_text_citation,左联词典,左联词典 第93页,D:\1大创\左联知识库项目\input_输入\raw_texts_原始文本\左联词典.txt,,txt_local_evidence,local
SRC-0764,local_text_citation,左联词典,左联词典 第470页,D:\1大创\左联知识库项目\input_输入\raw_texts_原始文本\左联词典.txt,,txt_local_evidence,local
SRC-0765,local_text_citation,左联词典,左联词典 第696页,D:\1大创\左联知识库项目\input_输入\raw_texts_原始文本\左联词典.txt,,txt_local_evidence,local
SRC-0766,local_text_citation,左联史,左联史 第453页,D:\1大创\左联知识库项目\input_输入\raw_texts_原始文本\左联史.txt,,txt_local_evidence,local
SRC-0767,local_text_citation,左联史,左联史 第23页,D:\1大创\左联知识库项目\input_输入\raw_texts_原始文本\左联史.txt,,txt_local_evidence,local
SRC-0768,local_text_citation,左联史,左联史 第550页,D:\1大创\左联知识库项目\input_输入\raw_texts_原始文本\左联史.txt,,txt_local_evidence,local
SRC-0769,local_text_citation,左联史,左联史 第467页,D:\1大创\左联知识库项目\input_输入\raw_texts_原始文本\左联史.txt,,txt_local_evidence,local
SRC-0770,local_text_citation,左联史,左联史 第456页,D:\1大创\左联知识库项目\input_输入\raw_texts_原始文本\左联史.txt,,txt_local_evidence,local
SRC-0771,local_text_citation,左联史,左联史 第30页,D:\1大创\左联知识库项目\input_输入\raw_texts_原始文本\左联史.txt,,txt_local_evidence,local
SRC-0772,local_text_citation,左联史,左联史 第27页,D:\1大创\左联知识库项目\input_输入\raw_texts_原始文本\左联史.txt,,txt_local_evidence,local
SRC-0773,local_text_citation,左联史,左联史 第37页,D:\1大创\左联知识库项目\input_输入\raw_texts_原始文本\左联史.txt,,txt_local_evidence,local
SRC-0774,local_text_citation,左联史,左联史 第474页,D:\1大创\左联知识库项目\input_输入\raw_texts_原始文本\左联史.txt,,txt_local_evidence,local
SRC-0775,local_text_citation,左联词典,左联词典 第286页,D:\1大创\左联知识库项目\input_输入\raw_texts_原始文本\左联词典.txt,,txt_local_evidence,local
SRC-0776,local_text_citation,左联词典,左联词典 第633页,D:\1大创\左联知识库项目\input_输入\raw_texts_原始文本\左联词典.txt,,txt_local_evidence,local
SRC-0777,local_text_citation,左联词典,左联词典 第506页,D:\1大创\左联知识库项目\input_输入\raw_texts_原始文本\左联词典.txt,,txt_local_evidence,local
SRC-0778,local_text_citation,左联词典,左联词典 第678页,D:\1大创\左联知识库项目\input_输入\raw_texts_原始文本\左联词典.txt,,txt_local_evidence,local
SRC-0779,local_text_citation,左联史,左联史 第504页,D:\1大创\左联知识库项目\input_输入\raw_texts_原始文本\左联史.txt,,txt_local_evidence,local
SRC-0780,local_text_citation,左联史,左联史 第269页,D:\1大创\左联知识库项目\input_输入\raw_texts_原始文本\左联史.txt,,txt_local_evidence,local
SRC-0781,local_text_citation,左联词典,左联词典 第306页,D:\1大创\左联知识库项目\input_输入\raw_texts_原始文本\左联词典.txt,,txt_local_evidence,local
SRC-0782,local_text_citation,左联史,左联史 第71页,D:\1大创\左联知识库项目\input_输入\raw_texts_原始文本\左联史.txt,,txt_local_evidence,local
SRC-0783,local_text_citation,左联史,左联史 第524页,D:\1大创\左联知识库项目\input_输入\raw_texts_原始文本\左联史.txt,,txt_local_evidence,local
SRC-0784,local_text_citation,左联史,左联史 第552页,D:\1大创\左联知识库项目\input_输入\raw_texts_原始文本\左联史.txt,,txt_local_evidence,local
SRC-0785,local_text_citation,左联词典,左联词典 第461页,D:\1大创\左联知识库项目\input_输入\raw_texts_原始文本\左联词典.txt,,txt_local_evidence,local
SRC-0786,local_text_citation,左联史,左联史 第244页,D:\1大创\左联知识库项目\input_输入\raw_texts_原始文本\左联史.txt,,txt_local_evidence,local
SRC-0787,local_text_citation,左联史,左联史 第285页,D:\1大创\左联知识库项目\input_输入\raw_texts_原始文本\左联史.txt,,txt_local_evidence,local
SRC-0788,local_text_citation,左联史,左联史 第140页,D:\1大创\左联知识库项目\input_输入\raw_texts_原始文本\左联史.txt,,txt_local_evidence,local
SRC-0789,local_text_citation,左联词典,左联词典 第605页,D:\1大创\左联知识库项目\input_输入\raw_texts_原始文本\左联词典.txt,,txt_local_evidence,local
SRC-0790,local_text_citation,左联史,左联史 第618页,D:\1大创\左联知识库项目\input_输入\raw_texts_原始文本\左联史.txt,,txt_local_evidence,local
SRC-0791,local_text_citation,左联词典,左联词典 第644页,D:\1大创\左联知识库项目\input_输入\raw_texts_原始文本\左联词典.txt,,txt_local_evidence,local
SRC-0792,local_text_citation,左联词典,左联词典 第427页,D:\1大创\左联知识库项目\input_输入\raw_texts_原始文本\左联词典.txt,,txt_local_evidence,local
SRC-0793,local_text_citation,左联史,左联史 第479页,D:\1大创\左联知识库项目\input_输入\raw_texts_原始文本\左联史.txt,,txt_local_evidence,local
SRC-0794,local_text_citation,左联词典,左联词典 第63页,D:\1大创\左联知识库项目\input_输入\raw_texts_原始文本\左联词典.txt,,txt_local_evidence,local
SRC-0795,local_text_citation,左联词典,左联词典 第208页,D:\1大创\左联知识库项目\input_输入\raw_texts_原始文本\左联词典.txt,,txt_local_evidence,local
SRC-0796,local_text_citation,左联史,左联史 第230页,D:\1大创\左联知识库项目\input_输入\raw_texts_原始文本\左联史.txt,,txt_local_evidence,local
SRC-0797,local_text_citation,左联史,左联史 第507页,D:\1大创\左联知识库项目\input_输入\raw_texts_原始文本\左联史.txt,,txt_local_evidence,local
SRC-0798,local_text_citation,左联史,左联史 第535页,D:\1大创\左联知识库项目\input_输入\raw_texts_原始文本\左联史.txt,,txt_local_evidence,local
SRC-0799,local_text_citation,左联史,左联史 第717页,D:\1大创\左联知识库项目\input_输入\raw_texts_原始文本\左联史.txt,,txt_local_evidence,local
SRC-0800,local_text_citation,左联史,左联史 第676页,D:\1大创\左联知识库项目\input_输入\raw_texts_原始文本\左联史.txt,,txt_local_evidence,local
SRC-0801,local_text_citation,左联史,左联史 第712页,D:\1大创\左联知识库项目\input_输入\raw_texts_原始文本\左联史.txt,,txt_local_evidence,local
SRC-0802,local_text_citation,左联词典,左联词典 第151页,D:\1大创\左联知识库项目\input_输入\raw_texts_原始文本\左联词典.txt,,txt_local_evidence,local
SRC-0803,local_text_citation,左联词典,左联词典 第669页,D:\1大创\左联知识库项目\input_输入\raw_texts_原始文本\左联词典.txt,,txt_local_evidence,local
SRC-0804,local_text_citation,左联词典,左联词典 第494页,D:\1大创\左联知识库项目\input_输入\raw_texts_原始文本\左联词典.txt,,txt_local_evidence,local
SRC-0805,local_text_citation,左联词典,左联词典 第379页,D:\1大创\左联知识库项目\input_输入\raw_texts_原始文本\左联词典.txt,,txt_local_evidence,local
SRC-0806,local_text_citation,左联词典,左联词典 第199页,D:\1大创\左联知识库项目\input_输入\raw_texts_原始文本\左联词典.txt,,txt_local_evidence,local
SRC-0807,local_text_citation,左联词典,左联词典 第464页,D:\1大创\左联知识库项目\input_输入\raw_texts_原始文本\左联词典.txt,,txt_local_evidence,local
SRC-0808,local_text_citation,左联史,左联史 第168页,D:\1大创\左联知识库项目\input_输入\raw_texts_原始文本\左联史.txt,,txt_local_evidence,local
SRC-0809,local_text_citation,左联史,左联史 第410页,D:\1大创\左联知识库项目\input_输入\raw_texts_原始文本\左联史.txt,,txt_local_evidence,local
SRC-0810,local_text_citation,左联史,左联史 第423页,D:\1大创\左联知识库项目\input_输入\raw_texts_原始文本\左联史.txt,,txt_local_evidence,local
SRC-0811,local_text_citation,左联史,左联史 第508页,D:\1大创\左联知识库项目\input_输入\raw_texts_原始文本\左联史.txt,,txt_local_evidence,local
SRC-0812,local_text_citation,左联史,左联史 第528页,D:\1大创\左联知识库项目\input_输入\raw_texts_原始文本\左联史.txt,,txt_local_evidence,local
SRC-0813,local_text_citation,左联史,左联史 第36页,D:\1大创\左联知识库项目\input_输入\raw_texts_原始文本\左联史.txt,,txt_local_evidence,local
SRC-0814,local_text_citation,左联史,左联史 第88页,D:\1大创\左联知识库项目\input_输入\raw_texts_原始文本\左联史.txt,,txt_local_evidence,local
SRC-0815,local_text_citation,左联史,左联史 第189页,D:\1大创\左联知识库项目\input_输入\raw_texts_原始文本\左联史.txt,,txt_local_evidence,local
SRC-0816,local_text_citation,左联史,左联史 第251页,D:\1大创\左联知识库项目\input_输入\raw_texts_原始文本\左联史.txt,,txt_local_evidence,local
SRC-0817,local_text_citation,左联史,左联史 第494页,D:\1大创\左联知识库项目\input_输入\raw_texts_原始文本\左联史.txt,,txt_local_evidence,local
SRC-0818,local_text_citation,左联史,左联史 第91页,D:\1大创\左联知识库项目\input_输入\raw_texts_原始文本\左联史.txt,,txt_local_evidence,local
SRC-0819,local_text_citation,左联词典,左联词典 第103页,D:\1大创\左联知识库项目\input_输入\raw_texts_原始文本\左联词典.txt,,txt_local_evidence,local
SRC-0820,local_text_citation,左联词典,左联词典 第313页,D:\1大创\左联知识库项目\input_输入\raw_texts_原始文本\左联词典.txt,,txt_local_evidence,local
SRC-0821,local_text_citation,左联词典,左联词典 第641页,D:\1大创\左联知识库项目\input_输入\raw_texts_原始文本\左联词典.txt,,txt_local_evidence,local
SRC-0822,local_text_citation,左联词典,左联词典 第226页,D:\1大创\左联知识库项目\input_输入\raw_texts_原始文本\左联词典.txt,,txt_local_evidence,local
SRC-0823,local_text_citation,左联词典,左联词典 第493页,D:\1大创\左联知识库项目\input_输入\raw_texts_原始文本\左联词典.txt,,txt_local_evidence,local
SRC-0824,local_text_citation,左联史,左联史 第397页,D:\1大创\左联知识库项目\input_输入\raw_texts_原始文本\左联史.txt,,txt_local_evidence,local
SRC-0825,local_text_citation,左联词典,左联词典 第322页,D:\1大创\左联知识库项目\input_输入\raw_texts_原始文本\左联词典.txt,,txt_local_evidence,local
SRC-0826,local_text_citation,左联史,左联史 第411页,D:\1大创\左联知识库项目\input_输入\raw_texts_原始文本\左联史.txt,,txt_local_evidence,local
SRC-0827,local_text_citation,左联史,左联史 第45页,D:\1大创\左联知识库项目\input_输入\raw_texts_原始文本\左联史.txt,,txt_local_evidence,local
SRC-0828,local_text_citation,左联史,左联史 第233页,D:\1大创\左联知识库项目\input_输入\raw_texts_原始文本\左联史.txt,,txt_local_evidence,local
SRC-0829,local_text_citation,左联史,左联史 第435页,D:\1大创\左联知识库项目\input_输入\raw_texts_原始文本\左联史.txt,,txt_local_evidence,local
SRC-0830,local_text_citation,左联史,左联史 第502页,D:\1大创\左联知识库项目\input_输入\raw_texts_原始文本\左联史.txt,,txt_local_evidence,local
SRC-0831,local_text_citation,左联史,左联史 第446页,D:\1大创\左联知识库项目\input_输入\raw_texts_原始文本\左联史.txt,,txt_local_evidence,local
SRC-0832,local_text_citation,左联史,左联史 第174页,D:\1大创\左联知识库项目\input_输入\raw_texts_原始文本\左联史.txt,,txt_local_evidence,local
SRC-0833,local_text_citation,左联史,左联史 第472页,D:\1大创\左联知识库项目\input_输入\raw_texts_原始文本\左联史.txt,,txt_local_evidence,local
SRC-0834,local_text_citation,左联史,左联史 第668页,D:\1大创\左联知识库项目\input_输入\raw_texts_原始文本\左联史.txt,,txt_local_evidence,local
SRC-0835,local_text_citation,左联词典,左联词典 第66页,D:\1大创\左联知识库项目\input_输入\raw_texts_原始文本\左联词典.txt,,txt_local_evidence,local
SRC-0836,local_text_citation,左联词典,左联词典 第649页,D:\1大创\左联知识库项目\input_输入\raw_texts_原始文本\左联词典.txt,,txt_local_evidence,local
SRC-0837,local_text_citation,左联史,左联史 第296页,D:\1大创\左联知识库项目\input_输入\raw_texts_原始文本\左联史.txt,,txt_local_evidence,local
SRC-0838,local_text_citation,左联史,左联史 第642页,D:\1大创\左联知识库项目\input_输入\raw_texts_原始文本\左联史.txt,,txt_local_evidence,local
SRC-0839,local_text_citation,左联史,左联史 第665页,D:\1大创\左联知识库项目\input_输入\raw_texts_原始文本\左联史.txt,,txt_local_evidence,local
SRC-0840,local_text_citation,左联史,左联史 第534页,D:\1大创\左联知识库项目\input_输入\raw_texts_原始文本\左联史.txt,,txt_local_evidence,local
SRC-0841,local_text_citation,左联史,左联史 第602页,D:\1大创\左联知识库项目\input_输入\raw_texts_原始文本\左联史.txt,,txt_local_evidence,local
SRC-0842,local_text_citation,左联词典,左联词典 第116页,D:\1大创\左联知识库项目\input_输入\raw_texts_原始文本\左联词典.txt,,txt_local_evidence,local
SRC-0843,local_text_citation,左联词典,左联词典 第344页,D:\1大创\左联知识库项目\input_输入\raw_texts_原始文本\左联词典.txt,,txt_local_evidence,local
SRC-0844,local_text_citation,左联词典,左联词典 第665页,D:\1大创\左联知识库项目\input_输入\raw_texts_原始文本\左联词典.txt,,txt_local_evidence,local
SRC-0845,local_text_citation,左联词典,左联词典 第666页,D:\1大创\左联知识库项目\input_输入\raw_texts_原始文本\左联词典.txt,,txt_local_evidence,local
SRC-0846,local_text_citation,左联词典,左联词典 第335页,D:\1大创\左联知识库项目\input_输入\raw_texts_原始文本\左联词典.txt,,txt_local_evidence,local
SRC-0847,local_text_citation,左联词典,左联词典 第411页,D:\1大创\左联知识库项目\input_输入\raw_texts_原始文本\左联词典.txt,,txt_local_evidence,local
SRC-0848,local_text_citation,左联词典,左联词典 第604页,D:\1大创\左联知识库项目\input_输入\raw_texts_原始文本\左联词典.txt,,txt_local_evidence,local
SRC-0849,local_text_citation,左联词典,左联词典 第565页,D:\1大创\左联知识库项目\input_输入\raw_texts_原始文本\左联词典.txt,,txt_local_evidence,local
SRC-0850,local_text_citation,左联史,左联史 第15页,D:\1大创\左联知识库项目\input_输入\raw_texts_原始文本\左联史.txt,,txt_local_evidence,local
SRC-0851,local_text_citation,左联史,左联史 第330页,D:\1大创\左联知识库项目\input_输入\raw_texts_原始文本\左联史.txt,,txt_local_evidence,local
SRC-0852,local_text_citation,左联史,左联史 第608页,D:\1大创\左联知识库项目\input_输入\raw_texts_原始文本\左联史.txt,,txt_local_evidence,local
SRC-0853,local_text_citation,左联史,左联史 第719页,D:\1大创\左联知识库项目\input_输入\raw_texts_原始文本\左联史.txt,,txt_local_evidence,local
SRC-0854,local_text_citation,左联词典,左联词典 第570页,D:\1大创\左联知识库项目\input_输入\raw_texts_原始文本\左联词典.txt,,txt_local_evidence,local
SRC-0855,local_text_citation,左联史,左联史 第284页,D:\1大创\左联知识库项目\input_输入\raw_texts_原始文本\左联史.txt,,txt_local_evidence,local
SRC-0856,local_text_citation,左联史,左联史 第684页,D:\1大创\左联知识库项目\input_输入\raw_texts_原始文本\左联史.txt,,txt_local_evidence,local
SRC-0857,local_text_citation,左联史,左联史 第482页,D:\1大创\左联知识库项目\input_输入\raw_texts_原始文本\左联史.txt,,txt_local_evidence,local
SRC-0858,local_text_citation,左联词典,左联词典 第240页,D:\1大创\左联知识库项目\input_输入\raw_texts_原始文本\左联词典.txt,,txt_local_evidence,local
SRC-0859,local_text_citation,左联词典,左联词典 第357页,D:\1大创\左联知识库项目\input_输入\raw_texts_原始文本\左联词典.txt,,txt_local_evidence,local
SRC-0860,local_text_citation,左联词典,左联词典 第176页,D:\1大创\左联知识库项目\input_输入\raw_texts_原始文本\左联词典.txt,,txt_local_evidence,local
SRC-0861,local_text_citation,左联词典,左联词典 第309页,D:\1大创\左联知识库项目\input_输入\raw_texts_原始文本\左联词典.txt,,txt_local_evidence,local
SRC-0862,local_text_citation,左联词典,左联词典 第564页,D:\1大创\左联知识库项目\input_输入\raw_texts_原始文本\左联词典.txt,,txt_local_evidence,local
SRC-0863,local_text_citation,左联词典,左联词典 第320页,D:\1大创\左联知识库项目\input_输入\raw_texts_原始文本\左联词典.txt,,txt_local_evidence,local
SRC-0864,local_text_citation,左联词典,左联词典 第550页,D:\1大创\左联知识库项目\input_输入\raw_texts_原始文本\左联词典.txt,,txt_local_evidence,local
SRC-0865,local_text_citation,左联词典,左联词典 第453页,D:\1大创\左联知识库项目\input_输入\raw_texts_原始文本\左联词典.txt,,txt_local_evidence,local
SRC-0866,local_text_citation,左联词典,左联词典 第686页,D:\1大创\左联知识库项目\input_输入\raw_texts_原始文本\左联词典.txt,,txt_local_evidence,local
SRC-0867,local_text_citation,左联史,左联史 第16页,D:\1大创\左联知识库项目\input_输入\raw_texts_原始文本\左联史.txt,,txt_local_evidence,local
SRC-0868,local_text_citation,左联史,左联史 第213页,D:\1大创\左联知识库项目\input_输入\raw_texts_原始文本\左联史.txt,,txt_local_evidence,local
SRC-0869,local_text_citation,左联史,左联史 第155页,D:\1大创\左联知识库项目\input_输入\raw_texts_原始文本\左联史.txt,,txt_local_evidence,local
SRC-0870,local_text_citation,左联史,左联史 第518页,D:\1大创\左联知识库项目\input_输入\raw_texts_原始文本\左联史.txt,,txt_local_evidence,local
SRC-0871,local_text_citation,左联史,左联史 第635页,D:\1大创\左联知识库项目\input_输入\raw_texts_原始文本\左联史.txt,,txt_local_evidence,local
SRC-0872,local_text_citation,左联史,左联史 第632页,D:\1大创\左联知识库项目\input_输入\raw_texts_原始文本\左联史.txt,,txt_local_evidence,local
SRC-0873,local_text_citation,左联史,左联史 第693页,D:\1大创\左联知识库项目\input_输入\raw_texts_原始文本\左联史.txt,,txt_local_evidence,local
SRC-0874,local_text_citation,左联词典,左联词典 第211页,D:\1大创\左联知识库项目\input_输入\raw_texts_原始文本\左联词典.txt,,txt_local_evidence,local
SRC-0875,local_text_citation,左联词典,左联词典 第562页,D:\1大创\左联知识库项目\input_输入\raw_texts_原始文本\左联词典.txt,,txt_local_evidence,local
SRC-0876,local_text_citation,左联史,左联史 第659页,D:\1大创\左联知识库项目\input_输入\raw_texts_原始文本\左联史.txt,,txt_local_evidence,local
SRC-0877,local_text_citation,左联词典,左联词典 第293页,D:\1大创\左联知识库项目\input_输入\raw_texts_原始文本\左联词典.txt,,txt_local_evidence,local
SRC-0878,local_text_citation,左联史,左联史 第373页,D:\1大创\左联知识库项目\input_输入\raw_texts_原始文本\左联史.txt,,txt_local_evidence,local
SRC-0879,local_text_citation,左联史,左联史 第374页,D:\1大创\左联知识库项目\input_输入\raw_texts_原始文本\左联史.txt,,txt_local_evidence,local
SRC-0880,local_text_citation,左联史,左联史 第443页,D:\1大创\左联知识库项目\input_输入\raw_texts_原始文本\左联史.txt,,txt_local_evidence,local
SRC-0881,local_text_citation,左联史,左联史 第521页,D:\1大创\左联知识库项目\input_输入\raw_texts_原始文本\左联史.txt,,txt_local_evidence,local
SRC-0882,local_text_citation,左联词典,左联词典 第392页,D:\1大创\左联知识库项目\input_输入\raw_texts_原始文本\左联词典.txt,,txt_local_evidence,local
SRC-0883,local_text_citation,左联词典,左联词典 第502页,D:\1大创\左联知识库项目\input_输入\raw_texts_原始文本\左联词典.txt,,txt_local_evidence,local
SRC-0884,local_text_citation,左联词典,左联词典 第382页,D:\1大创\左联知识库项目\input_输入\raw_texts_原始文本\左联词典.txt,,txt_local_evidence,local
SRC-0885,local_text_citation,左联词典,左联词典 第592页,D:\1大创\左联知识库项目\input_输入\raw_texts_原始文本\左联词典.txt,,txt_local_evidence,local
SRC-0886,local_text_citation,左联史,左联史 第491页,D:\1大创\左联知识库项目\input_输入\raw_texts_原始文本\左联史.txt,,txt_local_evidence,local
SRC-0887,local_text_citation,左联史,左联史 第26页,D:\1大创\左联知识库项目\input_输入\raw_texts_原始文本\左联史.txt,,txt_local_evidence,local
SRC-0888,local_text_citation,左联史,左联史 第143页,D:\1大创\左联知识库项目\input_输入\raw_texts_原始文本\左联史.txt,,txt_local_evidence,local
SRC-0889,local_text_citation,左联史,左联史 第29页,D:\1大创\左联知识库项目\input_输入\raw_texts_原始文本\左联史.txt,,txt_local_evidence,local
SRC-0890,local_text_citation,左联史,左联史 第468页,D:\1大创\左联知识库项目\input_输入\raw_texts_原始文本\左联史.txt,,txt_local_evidence,local
SRC-0891,local_text_citation,左联词典,左联词典 第298页,D:\1大创\左联知识库项目\input_输入\raw_texts_原始文本\左联词典.txt,,txt_local_evidence,local
SRC-0892,local_text_citation,左联词典,左联词典 第276页,D:\1大创\左联知识库项目\input_输入\raw_texts_原始文本\左联词典.txt,,txt_local_evidence,local
SRC-0893,local_text_citation,左联词典,左联词典 第485页,D:\1大创\左联知识库项目\input_输入\raw_texts_原始文本\左联词典.txt,,txt_local_evidence,local
SRC-0894,local_text_citation,左联词典,左联词典 第12页,D:\1大创\左联知识库项目\input_输入\raw_texts_原始文本\左联词典.txt,,txt_local_evidence,local
SRC-0895,local_text_citation,左联史,左联史 第188页,D:\1大创\左联知识库项目\input_输入\raw_texts_原始文本\左联史.txt,,txt_local_evidence,local
SRC-0896,local_text_citation,左联词典,左联词典 第147页,D:\1大创\左联知识库项目\input_输入\raw_texts_原始文本\左联词典.txt,,txt_local_evidence,local
SRC-0897,local_text_citation,左联词典,左联词典 第205页,D:\1大创\左联知识库项目\input_输入\raw_texts_原始文本\左联词典.txt,,txt_local_evidence,local
SRC-0898,local_text_citation,左联词典,左联词典 第232页,D:\1大创\左联知识库项目\input_输入\raw_texts_原始文本\左联词典.txt,,txt_local_evidence,local
SRC-0899,local_text_citation,左联词典,左联词典 第478页,D:\1大创\左联知识库项目\input_输入\raw_texts_原始文本\左联词典.txt,,txt_local_evidence,local
SRC-0900,local_text_citation,左联词典,左联词典 第526页,D:\1大创\左联知识库项目\input_输入\raw_texts_原始文本\左联词典.txt,,txt_local_evidence,local
SRC-0901,local_text_citation,左联词典,左联词典 第201页,D:\1大创\左联知识库项目\input_输入\raw_texts_原始文本\左联词典.txt,,txt_local_evidence,local
SRC-0902,local_text_citation,左联词典,左联词典 第472页,D:\1大创\左联知识库项目\input_输入\raw_texts_原始文本\左联词典.txt,,txt_local_evidence,local
SRC-0903,local_text_citation,左联词典,左联词典 第634页,D:\1大创\左联知识库项目\input_输入\raw_texts_原始文本\左联词典.txt,,txt_local_evidence,local
SRC-0904,local_text_citation,左联词典,左联词典 第495页,D:\1大创\左联知识库项目\input_输入\raw_texts_原始文本\左联词典.txt,,txt_local_evidence,local
SRC-0905,local_text_citation,左联词典,左联词典 第697页,D:\1大创\左联知识库项目\input_输入\raw_texts_原始文本\左联词典.txt,,txt_local_evidence,local
SRC-0906,local_text_citation,左联史,左联史 第431页,D:\1大创\左联知识库项目\input_输入\raw_texts_原始文本\左联史.txt,,txt_local_evidence,local
SRC-0907,local_text_citation,左联史,左联史 第496页,D:\1大创\左联知识库项目\input_输入\raw_texts_原始文本\左联史.txt,,txt_local_evidence,local
SRC-0908,local_text_citation,左联词典,左联词典 第296页,D:\1大创\左联知识库项目\input_输入\raw_texts_原始文本\左联词典.txt,,txt_local_evidence,local
SRC-0909,local_text_citation,左联词典,左联词典 第14页,D:\1大创\左联知识库项目\input_输入\raw_texts_原始文本\左联词典.txt,,txt_local_evidence,local
SRC-0910,local_text_citation,左联史,左联史 第109页,D:\1大创\左联知识库项目\input_输入\raw_texts_原始文本\左联史.txt,,txt_local_evidence,local
SRC-0911,local_text_citation,左联史,左联史 第686页,D:\1大创\左联知识库项目\input_输入\raw_texts_原始文本\左联史.txt,,txt_local_evidence,local
SRC-0912,local_text_citation,左联史,左联史 第125页,D:\1大创\左联知识库项目\input_输入\raw_texts_原始文本\左联史.txt,,txt_local_evidence,local
SRC-0913,local_text_citation,左联词典,左联词典 第32页,D:\1大创\左联知识库项目\input_输入\raw_texts_原始文本\左联词典.txt,,txt_local_evidence,local
SRC-0914,local_text_citation,左联词典,左联词典 第553页,D:\1大创\左联知识库项目\input_输入\raw_texts_原始文本\左联词典.txt,,txt_local_evidence,local
SRC-0915,local_text_citation,左联词典,左联词典 第436页,D:\1大创\左联知识库项目\input_输入\raw_texts_原始文本\左联词典.txt,,txt_local_evidence,local
SRC-0916,local_text_citation,左联史,左联史 第553页,D:\1大创\左联知识库项目\input_输入\raw_texts_原始文本\左联史.txt,,txt_local_evidence,local
SRC-0917,local_text_citation,左联词典,左联词典 第549页,D:\1大创\左联知识库项目\input_输入\raw_texts_原始文本\左联词典.txt,,txt_local_evidence,local
SRC-0918,local_text_citation,左联词典,左联词典 第601页,D:\1大创\左联知识库项目\input_输入\raw_texts_原始文本\左联词典.txt,,txt_local_evidence,local
SRC-0919,local_text_citation,左联史,左联史 第130页,D:\1大创\左联知识库项目\input_输入\raw_texts_原始文本\左联史.txt,,txt_local_evidence,local
SRC-0920,local_text_citation,左联史,左联史 第121页,D:\1大创\左联知识库项目\input_输入\raw_texts_原始文本\左联史.txt,,txt_local_evidence,local
SRC-0921,local_text_citation,左联词典,左联词典 第174页,D:\1大创\左联知识库项目\input_输入\raw_texts_原始文本\左联词典.txt,,txt_local_evidence,local
SRC-0922,local_text_citation,左联词典,左联词典 第609页,D:\1大创\左联知识库项目\input_输入\raw_texts_原始文本\左联词典.txt,,txt_local_evidence,local
SRC-0923,local_text_citation,左联词典,左联词典 第667页,D:\1大创\左联知识库项目\input_输入\raw_texts_原始文本\左联词典.txt,,txt_local_evidence,local
SRC-0924,local_text_citation,左联史,左联史 第526页,D:\1大创\左联知识库项目\input_输入\raw_texts_原始文本\左联史.txt,,txt_local_evidence,local
SRC-0925,local_text_citation,左联史,左联史 第41页,D:\1大创\左联知识库项目\input_输入\raw_texts_原始文本\左联史.txt,,txt_local_evidence,local
SRC-0926,local_text_citation,左联史,左联史 第532页,D:\1大创\左联知识库项目\input_输入\raw_texts_原始文本\左联史.txt,,txt_local_evidence,local
SRC-0927,local_text_citation,左联词典,左联词典 第10页,D:\1大创\左联知识库项目\input_输入\raw_texts_原始文本\左联词典.txt,,txt_local_evidence,local
SRC-0928,local_text_citation,左联词典,左联词典 第548页,D:\1大创\左联知识库项目\input_输入\raw_texts_原始文本\左联词典.txt,,txt_local_evidence,local
SRC-0929,local_text_citation,左联词典,左联词典 第214页,D:\1大创\左联知识库项目\input_输入\raw_texts_原始文本\左联词典.txt,,txt_local_evidence,local
SRC-0930,local_text_citation,左联词典,左联词典 第312页,D:\1大创\左联知识库项目\input_输入\raw_texts_原始文本\左联词典.txt,,txt_local_evidence,local
SRC-0931,local_text_citation,左联词典,左联词典 第225页,D:\1大创\左联知识库项目\input_输入\raw_texts_原始文本\左联词典.txt,,txt_local_evidence,local
SRC-0932,local_text_citation,左联词典,左联词典 第54页,D:\1大创\左联知识库项目\input_输入\raw_texts_原始文本\左联词典.txt,,txt_local_evidence,local
SRC-0933,local_text_citation,左联词典,左联词典 第266页,D:\1大创\左联知识库项目\input_输入\raw_texts_原始文本\左联词典.txt,,txt_local_evidence,local
SRC-0934,local_text_citation,左联史,左联史 第520页,D:\1大创\左联知识库项目\input_输入\raw_texts_原始文本\左联史.txt,,txt_local_evidence,local
SRC-0935,local_text_citation,左联史,左联史 第310页,D:\1大创\左联知识库项目\input_输入\raw_texts_原始文本\左联史.txt,,txt_local_evidence,local
SRC-0936,local_text_citation,左联史,左联史 第309页,D:\1大创\左联知识库项目\input_输入\raw_texts_原始文本\左联史.txt,,txt_local_evidence,local
SRC-0937,local_text_citation,左联词典,左联词典 第409页,D:\1大创\左联知识库项目\input_输入\raw_texts_原始文本\左联词典.txt,,txt_local_evidence,local
SRC-0938,local_text_citation,左联史,左联史 第267页,D:\1大创\左联知识库项目\input_输入\raw_texts_原始文本\左联史.txt,,txt_local_evidence,local
SRC-0939,local_text_citation,左联史,左联史 第295页,D:\1大创\左联知识库项目\input_输入\raw_texts_原始文本\左联史.txt,,txt_local_evidence,local
SRC-0940,local_text_citation,左联词典,左联词典 第337页,D:\1大创\左联知识库项目\input_输入\raw_texts_原始文本\左联词典.txt,,txt_local_evidence,local
SRC-0941,local_text_citation,左联词典,左联词典 第370页,D:\1大创\左联知识库项目\input_输入\raw_texts_原始文本\左联词典.txt,,txt_local_evidence,local
SRC-0942,local_text_citation,左联史,左联史 第623页,D:\1大创\左联知识库项目\input_输入\raw_texts_原始文本\左联史.txt,,txt_local_evidence,local
SRC-0943,local_text_citation,左联史,左联史 第430页,D:\1大创\左联知识库项目\input_输入\raw_texts_原始文本\左联史.txt,,txt_local_evidence,local
SRC-0944,local_text_citation,左联词典,左联词典 第614页,D:\1大创\左联知识库项目\input_输入\raw_texts_原始文本\左联词典.txt,,txt_local_evidence,local
SRC-0945,local_text_citation,左联词典,左联词典 第235页,D:\1大创\左联知识库项目\input_输入\raw_texts_原始文本\左联词典.txt,,txt_local_evidence,local
SRC-0946,local_text_citation,左联词典,左联词典 第587页,D:\1大创\左联知识库项目\input_输入\raw_texts_原始文本\左联词典.txt,,txt_local_evidence,local
SRC-0947,local_text_citation,左联词典,左联词典 第333页,D:\1大创\左联知识库项目\input_输入\raw_texts_原始文本\左联词典.txt,,txt_local_evidence,local
SRC-0948,local_text_citation,左联词典,左联词典 第698页,D:\1大创\左联知识库项目\input_输入\raw_texts_原始文本\左联词典.txt,,txt_local_evidence,local
SRC-0949,local_text_citation,左联词典,左联词典 第591页,D:\1大创\左联知识库项目\input_输入\raw_texts_原始文本\左联词典.txt,,txt_local_evidence,local
SRC-0950,local_text_citation,左联词典,左联词典 第586页,D:\1大创\左联知识库项目\input_输入\raw_texts_原始文本\左联词典.txt,,txt_local_evidence,local
SRC-0951,local_text_citation,左联史,左联史 第732页,D:\1大创\左联知识库项目\input_输入\raw_texts_原始文本\左联史.txt,,txt_local_evidence,local
SRC-0952,local_text_citation,左联史,左联史 第542页,D:\1大创\左联知识库项目\input_输入\raw_texts_原始文本\左联史.txt,,txt_local_evidence,local
SRC-0953,local_text_citation,左联词典,左联词典 第442页,D:\1大创\左联知识库项目\input_输入\raw_texts_原始文本\左联词典.txt,,txt_local_evidence,local
SRC-0954,local_text_citation,左联史,左联史 第331页,D:\1大创\左联知识库项目\input_输入\raw_texts_原始文本\左联史.txt,,txt_local_evidence,local
SRC-0955,local_text_citation,左联史,左联史 第555页,D:\1大创\左联知识库项目\input_输入\raw_texts_原始文本\左联史.txt,,txt_local_evidence,local
SRC-0956,local_text_citation,左联史,左联史 第516页,D:\1大创\左联知识库项目\input_输入\raw_texts_原始文本\左联史.txt,,txt_local_evidence,local
SRC-0957,local_text_citation,左联史,左联史 第599页,D:\1大创\左联知识库项目\input_输入\raw_texts_原始文本\左联史.txt,,txt_local_evidence,local
SRC-0958,local_text_citation,左联词典,左联词典 第376页,D:\1大创\左联知识库项目\input_输入\raw_texts_原始文本\左联词典.txt,,txt_local_evidence,local
SRC-0959,local_text_citation,左联词典,左联词典 第582页,D:\1大创\左联知识库项目\input_输入\raw_texts_原始文本\左联词典.txt,,txt_local_evidence,local
SRC-0960,local_text_citation,左联词典,左联词典 第234页,D:\1大创\左联知识库项目\input_输入\raw_texts_原始文本\左联词典.txt,,txt_local_evidence,local
SRC-0961,local_text_citation,左联词典,左联词典 第248页,D:\1大创\左联知识库项目\input_输入\raw_texts_原始文本\左联词典.txt,,txt_local_evidence,local
SRC-0962,local_text_citation,左联词典,左联词典 第416页,D:\1大创\左联知识库项目\input_输入\raw_texts_原始文本\左联词典.txt,,txt_local_evidence,local
SRC-0963,local_text_citation,左联史,左联史 第554页,D:\1大创\左联知识库项目\input_输入\raw_texts_原始文本\左联史.txt,,txt_local_evidence,local
SRC-0964,local_text_citation,左联史,左联史 第52页,D:\1大创\左联知识库项目\input_输入\raw_texts_原始文本\左联史.txt,,txt_local_evidence,local
SRC-0965,local_text_citation,左联词典,左联词典 第185页,D:\1大创\左联知识库项目\input_输入\raw_texts_原始文本\左联词典.txt,,txt_local_evidence,local
SRC-0966,local_text_citation,左联史,左联史 第336页,D:\1大创\左联知识库项目\input_输入\raw_texts_原始文本\左联史.txt,,txt_local_evidence,local
SRC-0967,local_text_citation,左联词典,左联词典 第160页,D:\1大创\左联知识库项目\input_输入\raw_texts_原始文本\左联词典.txt,,txt_local_evidence,local
SRC-0968,local_text_citation,左联史,左联史 第439页,D:\1大创\左联知识库项目\input_输入\raw_texts_原始文本\左联史.txt,,txt_local_evidence,local
SRC-0969,local_text_citation,左联词典,左联词典 第68页,D:\1大创\左联知识库项目\input_输入\raw_texts_原始文本\左联词典.txt,,txt_local_evidence,local
SRC-0970,local_text_citation,左联词典,左联词典 第630页,D:\1大创\左联知识库项目\input_输入\raw_texts_原始文本\左联词典.txt,,txt_local_evidence,local
SRC-0971,local_text_citation,左联史,左联史 第321页,D:\1大创\左联知识库项目\input_输入\raw_texts_原始文本\左联史.txt,,txt_local_evidence,local
SRC-0972,local_text_citation,左联史,左联史 第306页,D:\1大创\左联知识库项目\input_输入\raw_texts_原始文本\左联史.txt,,txt_local_evidence,local
SRC-0973,local_text_citation,左联词典,左联词典 第69页,D:\1大创\左联知识库项目\input_输入\raw_texts_原始文本\左联词典.txt,,txt_local_evidence,local
SRC-0974,local_text_citation,左联词典,左联词典 第672页,D:\1大创\左联知识库项目\input_输入\raw_texts_原始文本\左联词典.txt,,txt_local_evidence,local
SRC-0975,local_text_citation,左联史,左联史 第478页,D:\1大创\左联知识库项目\input_输入\raw_texts_原始文本\左联史.txt,,txt_local_evidence,local
SRC-0976,local_text_citation,左联史,左联史 第495页,D:\1大创\左联知识库项目\input_输入\raw_texts_原始文本\左联史.txt,,txt_local_evidence,local
SRC-0977,local_text_citation,左联史,左联史 第497页,D:\1大创\左联知识库项目\input_输入\raw_texts_原始文本\左联史.txt,,txt_local_evidence,local
SRC-0978,local_text_citation,左联史,左联史 第610页,D:\1大创\左联知识库项目\input_输入\raw_texts_原始文本\左联史.txt,,txt_local_evidence,local
SRC-0979,local_text_citation,左联史,左联史 第582页,D:\1大创\左联知识库项目\input_输入\raw_texts_原始文本\左联史.txt,,txt_local_evidence,local
SRC-0980,local_text_citation,左联史,左联史 第718页,D:\1大创\左联知识库项目\input_输入\raw_texts_原始文本\左联史.txt,,txt_local_evidence,local
SRC-0981,local_text_citation,左联史,左联史 第601页,D:\1大创\左联知识库项目\input_输入\raw_texts_原始文本\左联史.txt,,txt_local_evidence,local
SRC-0982,local_text_citation,左联词典,左联词典 第264页,D:\1大创\左联知识库项目\input_输入\raw_texts_原始文本\左联词典.txt,,txt_local_evidence,local
SRC-0983,local_text_citation,左联史,左联史 第511页,D:\1大创\左联知识库项目\input_输入\raw_texts_原始文本\左联史.txt,,txt_local_evidence,local
SRC-0984,local_text_citation,左联史,左联史 第544页,D:\1大创\左联知识库项目\input_输入\raw_texts_原始文本\左联史.txt,,txt_local_evidence,local
SRC-0985,local_text_citation,左联词典,左联词典 第585页,D:\1大创\左联知识库项目\input_输入\raw_texts_原始文本\左联词典.txt,,txt_local_evidence,local
SRC-0986,local_text_citation,左联史,左联史 第317页,D:\1大创\左联知识库项目\input_输入\raw_texts_原始文本\左联史.txt,,txt_local_evidence,local
SRC-0987,local_text_citation,左联史,左联史 第609页,D:\1大创\左联知识库项目\input_输入\raw_texts_原始文本\左联史.txt,,txt_local_evidence,local
SRC-0988,local_text_citation,左联史,左联史 第492页,D:\1大创\左联知识库项目\input_输入\raw_texts_原始文本\左联史.txt,,txt_local_evidence,local
SRC-0989,local_text_citation,左联史,左联史 第73页,D:\1大创\左联知识库项目\input_输入\raw_texts_原始文本\左联史.txt,,txt_local_evidence,local
SRC-0990,local_text_citation,左联史,左联史 第316页,D:\1大创\左联知识库项目\input_输入\raw_texts_原始文本\左联史.txt,,txt_local_evidence,local
SRC-0991,local_text_citation,左联史,左联史 第448页,D:\1大创\左联知识库项目\input_输入\raw_texts_原始文本\左联史.txt,,txt_local_evidence,local
SRC-0992,local_text_citation,左联史,左联史 第570页,D:\1大创\左联知识库项目\input_输入\raw_texts_原始文本\左联史.txt,,txt_local_evidence,local
SRC-0993,local_text_citation,左联词典,左联词典 第305页,D:\1大创\左联知识库项目\input_输入\raw_texts_原始文本\左联词典.txt,,txt_local_evidence,local
SRC-0994,local_text_citation,左联词典,左联词典 第659页,D:\1大创\左联知识库项目\input_输入\raw_texts_原始文本\左联词典.txt,,txt_local_evidence,local
SRC-0995,local_text_citation,左联词典,左联词典 第273页,D:\1大创\左联知识库项目\input_输入\raw_texts_原始文本\左联词典.txt,,txt_local_evidence,local
SRC-0996,local_text_citation,左联词典,左联词典 第307页,D:\1大创\左联知识库项目\input_输入\raw_texts_原始文本\左联词典.txt,,txt_local_evidence,local
SRC-0997,local_text_citation,左联词典,左联词典 第315页,D:\1大创\左联知识库项目\input_输入\raw_texts_原始文本\左联词典.txt,,txt_local_evidence,local
SRC-0998,local_text_citation,左联史,左联史 第578页,D:\1大创\左联知识库项目\input_输入\raw_texts_原始文本\左联史.txt,,txt_local_evidence,local
SRC-0999,local_text_citation,左联词典,左联词典 第663页,D:\1大创\左联知识库项目\input_输入\raw_texts_原始文本\左联词典.txt,,txt_local_evidence,local
SRC-1000,local_text_citation,左联史,左联史 第165页,D:\1大创\左联知识库项目\input_输入\raw_texts_原始文本\左联史.txt,,txt_local_evidence,local
SRC-1001,local_text_citation,左联史,左联史 第198页,D:\1大创\左联知识库项目\input_输入\raw_texts_原始文本\左联史.txt,,txt_local_evidence,local
SRC-1002,local_text_citation,左联史,左联史 第272页,D:\1大创\左联知识库项目\input_输入\raw_texts_原始文本\左联史.txt,,txt_local_evidence,local
SRC-1003,local_text_citation,左联史,左联史 第294页,D:\1大创\左联知识库项目\input_输入\raw_texts_原始文本\左联史.txt,,txt_local_evidence,local
SRC-1004,local_text_citation,左联词典,左联词典 第83页,D:\1大创\左联知识库项目\input_输入\raw_texts_原始文本\左联词典.txt,,txt_local_evidence,local
SRC-1005,local_text_citation,左联词典,左联词典 第446页,D:\1大创\左联知识库项目\input_输入\raw_texts_原始文本\左联词典.txt,,txt_local_evidence,local
SRC-1006,local_text_citation,左联史,左联史 第28页,D:\1大创\左联知识库项目\input_输入\raw_texts_原始文本\左联史.txt,,txt_local_evidence,local
SRC-1007,local_text_citation,左联词典,左联词典 第355页,D:\1大创\左联知识库项目\input_输入\raw_texts_原始文本\左联词典.txt,,txt_local_evidence,local
SRC-1008,local_text_citation,左联史,左联史 第342页,D:\1大创\左联知识库项目\input_输入\raw_texts_原始文本\左联史.txt,,txt_local_evidence,local
SRC-1009,local_text_citation,左联史,左联史 第473页,D:\1大创\左联知识库项目\input_输入\raw_texts_原始文本\左联史.txt,,txt_local_evidence,local
SRC-1010,local_text_citation,左联史,左联史 第315页,D:\1大创\左联知识库项目\input_输入\raw_texts_原始文本\左联史.txt,,txt_local_evidence,local
SRC-1011,local_text_citation,左联史,左联史 第643页,D:\1大创\左联知识库项目\input_输入\raw_texts_原始文本\左联史.txt,,txt_local_evidence,local
SRC-1012,local_text_citation,左联史,左联史 第699页,D:\1大创\左联知识库项目\input_输入\raw_texts_原始文本\左联史.txt,,txt_local_evidence,local
SRC-1013,local_text_citation,左联史,左联史 第588页,D:\1大创\左联知识库项目\input_输入\raw_texts_原始文本\左联史.txt,,txt_local_evidence,local
SRC-1014,local_text_citation,左联史,左联史 第687页,D:\1大创\左联知识库项目\input_输入\raw_texts_原始文本\左联史.txt,,txt_local_evidence,local
SRC-1015,local_text_citation,左联史,左联史 第716页,D:\1大创\左联知识库项目\input_输入\raw_texts_原始文本\左联史.txt,,txt_local_evidence,local
SRC-1016,local_text_citation,左联史,左联史 第506页,D:\1大创\左联知识库项目\input_输入\raw_texts_原始文本\左联史.txt,,txt_local_evidence,local
SRC-1017,local_text_citation,左联史,左联史 第541页,D:\1大创\左联知识库项目\input_输入\raw_texts_原始文本\左联史.txt,,txt_local_evidence,local
SRC-1018,local_text_citation,左联史,左联史 第701页,D:\1大创\左联知识库项目\input_输入\raw_texts_原始文本\左联史.txt,,txt_local_evidence,local
SRC-1019,local_text_citation,左联史,左联史 第536页,D:\1大创\左联知识库项目\input_输入\raw_texts_原始文本\左联史.txt,,txt_local_evidence,local
SRC-1020,local_text_citation,左联史,左联史 第253页,D:\1大创\左联知识库项目\input_输入\raw_texts_原始文本\左联史.txt,,txt_local_evidence,local
SRC-1021,local_text_citation,左联史,左联史 第469页,D:\1大创\左联知识库项目\input_输入\raw_texts_原始文本\左联史.txt,,txt_local_evidence,local
SRC-1022,local_text_citation,左联史,左联史 第259页,D:\1大创\左联知识库项目\input_输入\raw_texts_原始文本\左联史.txt,,txt_local_evidence,local
SRC-1023,local_text_citation,左联词典,左联词典 第346页,D:\1大创\左联知识库项目\input_输入\raw_texts_原始文本\左联词典.txt,,txt_local_evidence,local
SRC-1024,local_text_citation,左联词典,左联词典 第463页,D:\1大创\左联知识库项目\input_输入\raw_texts_原始文本\左联词典.txt,,txt_local_evidence,local
SRC-1025,local_text_citation,左联史,左联史 第533页,D:\1大创\左联知识库项目\input_输入\raw_texts_原始文本\左联史.txt,,txt_local_evidence,local
SRC-1026,local_text_citation,左联史,左联史 第82页,D:\1大创\左联知识库项目\input_输入\raw_texts_原始文本\左联史.txt,,txt_local_evidence,local
SRC-1027,local_text_citation,左联史,左联史 第641页,D:\1大创\左联知识库项目\input_输入\raw_texts_原始文本\左联史.txt,,txt_local_evidence,local
SRC-1028,local_text_citation,左联词典,左联词典 第415页,D:\1大创\左联知识库项目\input_输入\raw_texts_原始文本\左联词典.txt,,txt_local_evidence,local
SRC-1029,local_text_citation,左联词典,左联词典 第424页,D:\1大创\左联知识库项目\input_输入\raw_texts_原始文本\左联词典.txt,,txt_local_evidence,local
SRC-1030,local_text_citation,左联词典,左联词典 第435页,D:\1大创\左联知识库项目\input_输入\raw_texts_原始文本\左联词典.txt,,txt_local_evidence,local
SRC-1031,local_text_citation,左联词典,左联词典 第425页,D:\1大创\左联知识库项目\input_输入\raw_texts_原始文本\左联词典.txt,,txt_local_evidence,local
SRC-1032,local_text_citation,左联史,左联史 第153页,D:\1大创\左联知识库项目\input_输入\raw_texts_原始文本\左联史.txt,,txt_local_evidence,local
SRC-1033,local_text_citation,左联史,左联史 第549页,D:\1大创\左联知识库项目\input_输入\raw_texts_原始文本\左联史.txt,,txt_local_evidence,local
SRC-1034,local_text_citation,左联词典,左联词典 第112页,D:\1大创\左联知识库项目\input_输入\raw_texts_原始文本\左联词典.txt,,txt_local_evidence,local
SRC-1035,local_text_citation,左联史,左联史 第551页,D:\1大创\左联知识库项目\input_输入\raw_texts_原始文本\左联史.txt,,txt_local_evidence,local
SRC-1036,local_text_citation,左联史,左联史 第547页,D:\1大创\左联知识库项目\input_输入\raw_texts_原始文本\左联史.txt,,txt_local_evidence,local
SRC-1037,local_text_citation,左联史,左联史 第697页,D:\1大创\左联知识库项目\input_输入\raw_texts_原始文本\左联史.txt,,txt_local_evidence,local
SRC-1038,local_text_citation,左联史,左联史 第329页,D:\1大创\左联知识库项目\input_输入\raw_texts_原始文本\左联史.txt,,txt_local_evidence,local
SRC-1039,local_text_citation,左联史,左联史 第630页,D:\1大创\左联知识库项目\input_输入\raw_texts_原始文本\左联史.txt,,txt_local_evidence,local
SRC-1040,local_text_citation,左联史,左联史 第675页,D:\1大创\左联知识库项目\input_输入\raw_texts_原始文本\左联史.txt,,txt_local_evidence,local
SRC-1041,local_text_citation,左联史,左联史 第714页,D:\1大创\左联知识库项目\input_输入\raw_texts_原始文本\左联史.txt,,txt_local_evidence,local
SRC-1042,local_text_citation,左联史,左联史 第454页,D:\1大创\左联知识库项目\input_输入\raw_texts_原始文本\左联史.txt,,txt_local_evidence,local
SRC-1043,local_text_citation,左联词典,左联词典 第421页,D:\1大创\左联知识库项目\input_输入\raw_texts_原始文本\左联词典.txt,,txt_local_evidence,local
SRC-1044,local_text_citation,左联词典,左联词典 第303页,D:\1大创\左联知识库项目\input_输入\raw_texts_原始文本\左联词典.txt,,txt_local_evidence,local
SRC-1045,local_text_citation,左联史,左联史 第672页,D:\1大创\左联知识库项目\input_输入\raw_texts_原始文本\左联史.txt,,txt_local_evidence,local
SRC-1046,local_text_citation,左联史,左联史 第625页,D:\1大创\左联知识库项目\input_输入\raw_texts_原始文本\左联史.txt,,txt_local_evidence,local
SRC-1047,local_text_citation,左联史,左联史 第673页,D:\1大创\左联知识库项目\input_输入\raw_texts_原始文本\左联史.txt,,txt_local_evidence,local
SRC-1048,local_text_citation,左联词典,左联词典 第568页,D:\1大创\左联知识库项目\input_输入\raw_texts_原始文本\左联词典.txt,,txt_local_evidence,local
SRC-1049,local_text_citation,左联史,左联史 第485页,D:\1大创\左联知识库项目\input_输入\raw_texts_原始文本\左联史.txt,,txt_local_evidence,local
SRC-1050,local_text_citation,左联词典,左联词典 第105页,D:\1大创\左联知识库项目\input_输入\raw_texts_原始文本\左联词典.txt,,txt_local_evidence,local
SRC-1051,local_text_citation,左联史,左联史 第522页,D:\1大创\左联知识库项目\input_输入\raw_texts_原始文本\左联史.txt,,txt_local_evidence,local
SRC-1052,local_text_citation,左联史,左联史 第322页,D:\1大创\左联知识库项目\input_输入\raw_texts_原始文本\左联史.txt,,txt_local_evidence,local
SRC-1053,local_text_citation,左联史,左联史 第428页,D:\1大创\左联知识库项目\input_输入\raw_texts_原始文本\左联史.txt,,txt_local_evidence,local
SRC-1054,local_text_citation,左联词典,左联词典 第397页,D:\1大创\左联知识库项目\input_输入\raw_texts_原始文本\左联词典.txt,,txt_local_evidence,local
SRC-1055,local_text_citation,左联史,左联史 第419页,D:\1大创\左联知识库项目\input_输入\raw_texts_原始文本\左联史.txt,,txt_local_evidence,local
SRC-1056,local_text_citation,左联史,左联史 第395页,D:\1大创\左联知识库项目\input_输入\raw_texts_原始文本\左联史.txt,,txt_local_evidence,local
SRC-1057,local_text_citation,左联词典,左联词典 第257页,D:\1大创\左联知识库项目\input_输入\raw_texts_原始文本\左联词典.txt,,txt_local_evidence,local
SRC-1058,local_text_citation,左联词典,左联词典 第569页,D:\1大创\左联知识库项目\input_输入\raw_texts_原始文本\左联词典.txt,,txt_local_evidence,local
SRC-1059,local_text_citation,左联词典,左联词典 第196页,D:\1大创\左联知识库项目\input_输入\raw_texts_原始文本\左联词典.txt,,txt_local_evidence,local
SRC-1060,local_text_citation,左联史,左联史 第220页,D:\1大创\左联知识库项目\input_输入\raw_texts_原始文本\左联史.txt,,txt_local_evidence,local
SRC-1061,local_text_citation,左联史,左联史 第221页,D:\1大创\左联知识库项目\input_输入\raw_texts_原始文本\左联史.txt,,txt_local_evidence,local
SRC-1062,local_text_citation,左联词典,左联词典 第356页,D:\1大创\左联知识库项目\input_输入\raw_texts_原始文本\左联词典.txt,,txt_local_evidence,local
SRC-1063,local_text_citation,左联词典,左联词典 第314页,D:\1大创\左联知识库项目\input_输入\raw_texts_原始文本\左联词典.txt,,txt_local_evidence,local
SRC-1064,local_text_citation,左联史,左联史 第462页,D:\1大创\左联知识库项目\input_输入\raw_texts_原始文本\左联史.txt,,txt_local_evidence,local
SRC-1065,local_text_citation,左联史,左联史 第465页,D:\1大创\左联知识库项目\input_输入\raw_texts_原始文本\左联史.txt,,txt_local_evidence,local
SRC-1066,local_text_citation,左联史,左联史 第236页,D:\1大创\左联知识库项目\input_输入\raw_texts_原始文本\左联史.txt,,txt_local_evidence,local
SRC-1067,local_text_citation,左联史,左联史 第261页,D:\1大创\左联知识库项目\input_输入\raw_texts_原始文本\左联史.txt,,txt_local_evidence,local
SRC-1068,local_text_citation,左联词典,左联词典 第389页,D:\1大创\左联知识库项目\input_输入\raw_texts_原始文本\左联词典.txt,,txt_local_evidence,local
SRC-1069,local_text_citation,左联词典,左联词典 第602页,D:\1大创\左联知识库项目\input_输入\raw_texts_原始文本\左联词典.txt,,txt_local_evidence,local
SRC-1070,local_text_citation,左联词典,左联词典 第182页,D:\1大创\左联知识库项目\input_输入\raw_texts_原始文本\左联词典.txt,,txt_local_evidence,local
SRC-1071,local_text_citation,左联词典,左联词典 第388页,D:\1大创\左联知识库项目\input_输入\raw_texts_原始文本\左联词典.txt,,txt_local_evidence,local
SRC-1072,local_text_citation,左联史,左联史 第471页,D:\1大创\左联知识库项目\input_输入\raw_texts_原始文本\左联史.txt,,txt_local_evidence,local
SRC-1073,local_text_citation,左联史,左联史 第626页,D:\1大创\左联知识库项目\input_输入\raw_texts_原始文本\左联史.txt,,txt_local_evidence,local
SRC-1074,local_text_citation,左联史,左联史 第489页,D:\1大创\左联知识库项目\input_输入\raw_texts_原始文本\左联史.txt,,txt_local_evidence,local
SRC-1075,local_text_citation,左联史,左联史 第661页,D:\1大创\左联知识库项目\input_输入\raw_texts_原始文本\左联史.txt,,txt_local_evidence,local
SRC-1076,local_text_citation,左联史,左联史 第83页,D:\1大创\左联知识库项目\input_输入\raw_texts_原始文本\左联史.txt,,txt_local_evidence,local
SRC-1077,local_text_citation,左联词典,左联词典 第22页,D:\1大创\左联知识库项目\input_输入\raw_texts_原始文本\左联词典.txt,,txt_local_evidence,local
SRC-1078,local_text_citation,左联史,左联史 第57页,D:\1大创\左联知识库项目\input_输入\raw_texts_原始文本\左联史.txt,,txt_local_evidence,local
SRC-1079,local_text_citation,左联史,左联史 第58页,D:\1大创\左联知识库项目\input_输入\raw_texts_原始文本\左联史.txt,,txt_local_evidence,local
SRC-1080,local_text_citation,左联词典,左联词典 第378页,D:\1大创\左联知识库项目\input_输入\raw_texts_原始文本\左联词典.txt,,txt_local_evidence,local
SRC-1081,local_text_citation,左联史,左联史 第461页,D:\1大创\左联知识库项目\input_输入\raw_texts_原始文本\左联史.txt,,txt_local_evidence,local
SRC-1082,local_text_citation,左联史,左联史 第47页,D:\1大创\左联知识库项目\input_输入\raw_texts_原始文本\左联史.txt,,txt_local_evidence,local
SRC-1083,local_text_citation,左联史,左联史 第540页,D:\1大创\左联知识库项目\input_输入\raw_texts_原始文本\左联史.txt,,txt_local_evidence,local
SRC-1084,local_text_citation,左联词典,左联词典 第422页,D:\1大创\左联知识库项目\input_输入\raw_texts_原始文本\左联词典.txt,,txt_local_evidence,local
SRC-1085,local_text_citation,左联史,左联史 第287页,D:\1大创\左联知识库项目\input_输入\raw_texts_原始文本\左联史.txt,,txt_local_evidence,local
SRC-1086,local_text_citation,左联史,左联史 第286页,D:\1大创\左联知识库项目\input_输入\raw_texts_原始文本\左联史.txt,,txt_local_evidence,local
SRC-1087,local_text_citation,左联史,左联史 第562页,D:\1大创\左联知识库项目\input_输入\raw_texts_原始文本\左联史.txt,,txt_local_evidence,local
SRC-1088,local_text_citation,左联史,左联史 第627页,D:\1大创\左联知识库项目\input_输入\raw_texts_原始文本\左联史.txt,,txt_local_evidence,local
SRC-1089,local_text_citation,左联词典,左联词典 第4页,D:\1大创\左联知识库项目\input_输入\raw_texts_原始文本\左联词典.txt,,txt_local_evidence,local
SRC-1090,local_text_citation,左联史,左联史 第363页,D:\1大创\左联知识库项目\input_输入\raw_texts_原始文本\左联史.txt,,txt_local_evidence,local
SRC-1091,local_text_citation,左联史,左联史 第396页,D:\1大创\左联知识库项目\input_输入\raw_texts_原始文本\左联史.txt,,txt_local_evidence,local
SRC-1092,local_text_citation,左联史,左联史 第483页,D:\1大创\左联知识库项目\input_输入\raw_texts_原始文本\左联史.txt,,txt_local_evidence,local
SRC-1093,local_text_citation,左联词典,左联词典 第23页,D:\1大创\左联知识库项目\input_输入\raw_texts_原始文本\左联词典.txt,,txt_local_evidence,local
SRC-1094,local_text_citation,左联词典,左联词典 第146页,D:\1大创\左联知识库项目\input_输入\raw_texts_原始文本\左联词典.txt,,txt_local_evidence,local
SRC-1095,local_text_citation,左联史,左联史 第539页,D:\1大创\左联知识库项目\input_输入\raw_texts_原始文本\左联史.txt,,txt_local_evidence,local
SRC-1096,local_text_citation,左联史,左联史 第66页,D:\1大创\左联知识库项目\input_输入\raw_texts_原始文本\左联史.txt,,txt_local_evidence,local
SRC-1097,local_text_citation,左联词典,左联词典 第606页,D:\1大创\左联知识库项目\input_输入\raw_texts_原始文本\左联词典.txt,,txt_local_evidence,local
SRC-1098,local_text_citation,左联词典,左联词典 第203页,D:\1大创\左联知识库项目\input_输入\raw_texts_原始文本\左联词典.txt,,txt_local_evidence,local
SRC-1099,local_text_citation,左联词典,左联词典 第406页,D:\1大创\左联知识库项目\input_输入\raw_texts_原始文本\左联词典.txt,,txt_local_evidence,local
SRC-1100,local_text_citation,左联词典,左联词典 第223页,D:\1大创\左联知识库项目\input_输入\raw_texts_原始文本\左联词典.txt,,txt_local_evidence,local
SRC-1101,local_text_citation,左联词典,左联词典 第75页,D:\1大创\左联知识库项目\input_输入\raw_texts_原始文本\左联词典.txt,,txt_local_evidence,local
SRC-1102,local_text_citation,左联史,左联史 第195页,D:\1大创\左联知识库项目\input_输入\raw_texts_原始文本\左联史.txt,,txt_local_evidence,local
SRC-1103,local_text_citation,左联史,左联史 第598页,D:\1大创\左联知识库项目\input_输入\raw_texts_原始文本\左联史.txt,,txt_local_evidence,local
SRC-1104,local_text_citation,左联史,左联史 第603页,D:\1大创\左联知识库项目\input_输入\raw_texts_原始文本\左联史.txt,,txt_local_evidence,local
SRC-1105,local_text_citation,左联词典,左联词典 第683页,D:\1大创\左联知识库项目\input_输入\raw_texts_原始文本\左联词典.txt,,txt_local_evidence,local
SRC-1106,local_text_citation,左联史,左联史 第567页,D:\1大创\左联知识库项目\input_输入\raw_texts_原始文本\左联史.txt,,txt_local_evidence,local
SRC-1107,local_text_citation,左联词典,左联词典 第244页,D:\1大创\左联知识库项目\input_输入\raw_texts_原始文本\左联词典.txt,,txt_local_evidence,local
SRC-1108,local_text_citation,左联词典,左联词典 第62页,D:\1大创\左联知识库项目\input_输入\raw_texts_原始文本\左联词典.txt,,txt_local_evidence,local
SRC-1109,local_text_citation,左联史,左联史 第247页,D:\1大创\左联知识库项目\input_输入\raw_texts_原始文本\左联史.txt,,txt_local_evidence,local
SRC-1110,local_text_citation,左联史,左联史 第248页,D:\1大创\左联知识库项目\input_输入\raw_texts_原始文本\左联史.txt,,txt_local_evidence,local
SRC-1111,local_text_citation,左联词典,左联词典 第221页,D:\1大创\左联知识库项目\input_输入\raw_texts_原始文本\左联词典.txt,,txt_local_evidence,local
SRC-1112,local_text_citation,左联史,左联史 第246页,D:\1大创\左联知识库项目\input_输入\raw_texts_原始文本\左联史.txt,,txt_local_evidence,local
SRC-1113,local_text_citation,左联词典,左联词典 第27页,D:\1大创\左联知识库项目\input_输入\raw_texts_原始文本\左联词典.txt,,txt_local_evidence,local
SRC-1114,local_text_citation,左联词典,左联词典 第84页,D:\1大创\左联知识库项目\input_输入\raw_texts_原始文本\左联词典.txt,,txt_local_evidence,local
SRC-1115,local_text_citation,左联词典,左联词典 第57页,D:\1大创\左联知识库项目\input_输入\raw_texts_原始文本\左联词典.txt,,txt_local_evidence,local
SRC-1116,local_text_citation,左联词典,左联词典 第72页,D:\1大创\左联知识库项目\input_输入\raw_texts_原始文本\左联词典.txt,,txt_local_evidence,local
SRC-1117,local_text_citation,左联词典,左联词典 第73页,D:\1大创\左联知识库项目\input_输入\raw_texts_原始文本\左联词典.txt,,txt_local_evidence,local
SRC-1118,web_url,左联会址纪念馆与成立大会旧址,,,https://www.shhk.gov.cn/xwzx/002008/002008040/20221031/bd8cb3ee-198a-431a-adf7-781e9fc5185d.html,web_crosscheck,web
SRC-1119,web_url,左联成立九十五周年主题活动,,,https://www.shhk.gov.cn/xwzx/002003/20250303/ec139c7d-8fa3-4970-a5dd-3248468989c8.html,web_crosscheck,web
SRC-1120,web_url,内山书店旧址说明,,,https://www.shhk.gov.cn/xwzx/002006/20210930/96ecb0ec-79e3-49ef-a097-a89c5a5dbc40.html,web_crosscheck,web
SRC-1121,web_url,内山书店今址活动页,,,https://www.shhk.gov.cn/xwzx/002008/002008040/20240425/3e9546e4-0e0f-409d-a0e2-91bc115f8f66.html,web_crosscheck,web
SRC-1122,web_url,鲁迅与柔石看屋转录材料,,,https://al3tai.nenzhu.com/news-id-2373.html,web_crosscheck,web
SRC-1123,web_url,左联五烈士专题纪念,,,https://www.shhk.gov.cn/slh/038001/20260302/5f983b4c-74f7-4a6a-a2b4-930dedf99970.html,web_crosscheck,web
SRC-1124,web_url,左联会址纪念馆五烈士介绍,,,https://www.shhk.gov.cn/xwzx/002006/20210722/07f62353-471f-40d9-880e-ea82be5da936.html,web_crosscheck,web
SRC-1125,web_url,龙华二十四烈士资料,,,https://cpc.people.com.cn/n1/2022/1209/c443712-32583679.html,web_crosscheck,web
